Timing Analyzer report for SYS80
Thu Sep 11 19:51:35 2025
Quartus Prime Version 22.1std.2 Build 922 07/20/2023 SC Lite Edition


---------------------
; Table of Contents ;
---------------------
  1. Legal Notice
  2. Timing Analyzer Summary
  3. Parallel Compilation
  4. SDC File List
  5. Clocks
  6. Slow 1200mV 85C Model Fmax Summary
  7. Timing Closure Recommendations
  8. Slow 1200mV 85C Model Setup Summary
  9. Slow 1200mV 85C Model Hold Summary
 10. Slow 1200mV 85C Model Recovery Summary
 11. Slow 1200mV 85C Model Removal Summary
 12. Slow 1200mV 85C Model Minimum Pulse Width Summary
 13. Slow 1200mV 85C Model Setup: 'clk_50'
 14. Slow 1200mV 85C Model Setup: 'cpu_clk_out'
 15. Slow 1200mV 85C Model Hold: 'clk_50'
 16. Slow 1200mV 85C Model Hold: 'cpu_clk_out'
 17. Slow 1200mV 85C Model Recovery: 'clk_50'
 18. Slow 1200mV 85C Model Recovery: 'cpu_clk_out'
 19. Slow 1200mV 85C Model Removal: 'cpu_clk_out'
 20. Slow 1200mV 85C Model Removal: 'clk_50'
 21. Slow 1200mV 85C Model Metastability Summary
 22. Slow 1200mV 0C Model Fmax Summary
 23. Slow 1200mV 0C Model Setup Summary
 24. Slow 1200mV 0C Model Hold Summary
 25. Slow 1200mV 0C Model Recovery Summary
 26. Slow 1200mV 0C Model Removal Summary
 27. Slow 1200mV 0C Model Minimum Pulse Width Summary
 28. Slow 1200mV 0C Model Setup: 'clk_50'
 29. Slow 1200mV 0C Model Setup: 'cpu_clk_out'
 30. Slow 1200mV 0C Model Hold: 'clk_50'
 31. Slow 1200mV 0C Model Hold: 'cpu_clk_out'
 32. Slow 1200mV 0C Model Recovery: 'clk_50'
 33. Slow 1200mV 0C Model Recovery: 'cpu_clk_out'
 34. Slow 1200mV 0C Model Removal: 'cpu_clk_out'
 35. Slow 1200mV 0C Model Removal: 'clk_50'
 36. Slow 1200mV 0C Model Metastability Summary
 37. Fast 1200mV 0C Model Setup Summary
 38. Fast 1200mV 0C Model Hold Summary
 39. Fast 1200mV 0C Model Recovery Summary
 40. Fast 1200mV 0C Model Removal Summary
 41. Fast 1200mV 0C Model Minimum Pulse Width Summary
 42. Fast 1200mV 0C Model Setup: 'clk_50'
 43. Fast 1200mV 0C Model Setup: 'cpu_clk_out'
 44. Fast 1200mV 0C Model Hold: 'clk_50'
 45. Fast 1200mV 0C Model Hold: 'cpu_clk_out'
 46. Fast 1200mV 0C Model Recovery: 'clk_50'
 47. Fast 1200mV 0C Model Recovery: 'cpu_clk_out'
 48. Fast 1200mV 0C Model Removal: 'cpu_clk_out'
 49. Fast 1200mV 0C Model Removal: 'clk_50'
 50. Fast 1200mV 0C Model Metastability Summary
 51. Multicorner Timing Analysis Summary
 52. Board Trace Model Assignments
 53. Input Transition Times
 54. Signal Integrity Metrics (Slow 1200mv 0c Model)
 55. Signal Integrity Metrics (Slow 1200mv 85c Model)
 56. Signal Integrity Metrics (Fast 1200mv 0c Model)
 57. Setup Transfers
 58. Hold Transfers
 59. Recovery Transfers
 60. Removal Transfers
 61. Report TCCS
 62. Report RSKM
 63. Unconstrained Paths Summary
 64. Clock Status Summary
 65. Unconstrained Input Ports
 66. Unconstrained Output Ports
 67. Unconstrained Input Ports
 68. Unconstrained Output Ports
 69. Timing Analyzer Messages



----------------
; Legal Notice ;
----------------
Copyright (C) 2023  Intel Corporation. All rights reserved.
Your use of Intel Corporation's design tools, logic functions 
and other software and tools, and any partner logic 
functions, and any output files from any of the foregoing 
(including device programming or simulation files), and any 
associated documentation or information are expressly subject 
to the terms and conditions of the Intel Program License 
Subscription Agreement, the Intel Quartus Prime License Agreement,
the Intel FPGA IP License Agreement, or other applicable license
agreement, including, without limitation, that your use is for
the sole purpose of programming logic devices manufactured by
Intel and sold by Intel or its authorized distributors.  Please
refer to the applicable agreement for further details, at
https://fpgasoftware.intel.com/eula.



+--------------------------------------------------------------------------------+
; Timing Analyzer Summary                                                        ;
+-----------------------+--------------------------------------------------------+
; Quartus Prime Version ; Version 22.1std.2 Build 922 07/20/2023 SC Lite Edition ;
; Timing Analyzer       ; Timing Analyzer                                        ;
; Revision Name         ; SYS80                                                  ;
; Device Family         ; Cyclone 10 LP                                          ;
; Device Name           ; 10CL006YE144C8G                                        ;
; Timing Models         ; Final                                                  ;
; Delay Model           ; Combined                                               ;
; Rise/Fall Delays      ; Enabled                                                ;
+-----------------------+--------------------------------------------------------+


+------------------------------------------+
; Parallel Compilation                     ;
+----------------------------+-------------+
; Processors                 ; Number      ;
+----------------------------+-------------+
; Number detected on machine ; 20          ;
; Maximum allowed            ; 14          ;
;                            ;             ;
; Average used               ; 1.73        ;
; Maximum used               ; 14          ;
;                            ;             ;
; Usage by Processor         ; % Time Used ;
;     Processor 1            ; 100.0%      ;
;     Processors 2-14        ;   5.6%      ;
+----------------------------+-------------+


+---------------------------------------------------+
; SDC File List                                     ;
+---------------+--------+--------------------------+
; SDC File Path ; Status ; Read at                  ;
+---------------+--------+--------------------------+
; SYS80.sdc     ; OK     ; Thu Sep 11 19:51:32 2025 ;
+---------------+--------+--------------------------+


+------------------------------------------------------------------------------------------------------------------------------------------------------------------------------------------------------------------------+
; Clocks                                                                                                                                                                                                                 ;
+-------------+-----------+----------+-----------+-------+---------+------------+-----------+-------------+-------+--------+-----------+------------+----------+--------+--------+---------------------------------------+
; Clock Name  ; Type      ; Period   ; Frequency ; Rise  ; Fall    ; Duty Cycle ; Divide by ; Multiply by ; Phase ; Offset ; Edge List ; Edge Shift ; Inverted ; Master ; Source ; Targets                               ;
+-------------+-----------+----------+-----------+-------+---------+------------+-----------+-------------+-------+--------+-----------+------------+----------+--------+--------+---------------------------------------+
; clk_50      ; Base      ; 20.000   ; 50.0 MHz  ; 0.000 ; 10.000  ;            ;           ;             ;       ;        ;           ;            ;          ;        ;        ; { clk_50 }                            ;
; cpu_clk_out ; Generated ; 1120.000 ; 0.89 MHz  ; 0.000 ; 560.000 ;            ; 56        ; 1           ;       ;        ;           ;            ; false    ; clk_50 ; clk_50 ; { cpu_clk_gen:clock_gen|cpu_clk_out } ;
+-------------+-----------+----------+-----------+-------+---------+------------+-----------+-------------+-------+--------+-----------+------------+----------+--------+--------+---------------------------------------+


+--------------------------------------------------+
; Slow 1200mV 85C Model Fmax Summary               ;
+-----------+-----------------+-------------+------+
; Fmax      ; Restricted Fmax ; Clock Name  ; Note ;
+-----------+-----------------+-------------+------+
; 30.53 MHz ; 30.53 MHz       ; cpu_clk_out ;      ;
; 75.43 MHz ; 75.43 MHz       ; clk_50      ;      ;
+-----------+-----------------+-------------+------+
This panel reports FMAX for every clock in the design, regardless of the user-specified clock periods.  FMAX is only computed for paths where the source and destination registers or ports are driven by the same clock.  Paths of different clocks, including generated clocks, are ignored.  For paths between a clock and its inversion, FMAX is computed as if the rising and falling edges are scaled along with FMAX, such that the duty cycle (in terms of a percentage) is maintained. Altera recommends that you always use clock constraints and other slack reports for sign-off analysis.


----------------------------------
; Timing Closure Recommendations ;
----------------------------------
HTML report is unavailable in plain text report export.


+-------------------------------------+
; Slow 1200mV 85C Model Setup Summary ;
+-------------+-------+---------------+
; Clock       ; Slack ; End Point TNS ;
+-------------+-------+---------------+
; clk_50      ; 4.822 ; 0.000         ;
; cpu_clk_out ; 9.663 ; 0.000         ;
+-------------+-------+---------------+


+-------------------------------------+
; Slow 1200mV 85C Model Hold Summary  ;
+-------------+-------+---------------+
; Clock       ; Slack ; End Point TNS ;
+-------------+-------+---------------+
; clk_50      ; 0.407 ; 0.000         ;
; cpu_clk_out ; 0.452 ; 0.000         ;
+-------------+-------+---------------+


+----------------------------------------+
; Slow 1200mV 85C Model Recovery Summary ;
+-------------+--------+-----------------+
; Clock       ; Slack  ; End Point TNS   ;
+-------------+--------+-----------------+
; clk_50      ; 15.213 ; 0.000           ;
; cpu_clk_out ; 16.968 ; 0.000           ;
+-------------+--------+-----------------+


+---------------------------------------+
; Slow 1200mV 85C Model Removal Summary ;
+-------------+-------+-----------------+
; Clock       ; Slack ; End Point TNS   ;
+-------------+-------+-----------------+
; cpu_clk_out ; 0.713 ; 0.000           ;
; clk_50      ; 2.049 ; 0.000           ;
+-------------+-------+-----------------+


+---------------------------------------------------+
; Slow 1200mV 85C Model Minimum Pulse Width Summary ;
+-------------+---------+---------------------------+
; Clock       ; Slack   ; End Point TNS             ;
+-------------+---------+---------------------------+
; clk_50      ; 9.547   ; 0.000                     ;
; cpu_clk_out ; 559.524 ; 0.000                     ;
+-------------+---------+---------------------------+


+----------------------------------------------------------------------------------------------------------------------------------------------------------------------------------------------------------------+
; Slow 1200mV 85C Model Setup: 'clk_50'                                                                                                                                                                          ;
+-------+------------------------------------------------------+---------------------------------------------------------------------------+--------------+-------------+--------------+------------+------------+
; Slack ; From Node                                            ; To Node                                                                   ; Launch Clock ; Latch Clock ; Relationship ; Clock Skew ; Data Delay ;
+-------+------------------------------------------------------+---------------------------------------------------------------------------+--------------+-------------+--------------+------------+------------+
; 4.822 ; read_the_dips:RDIPS|game_select[5]                   ; gosof80:SOUNDBOARD|DFPlayer_Mini_CMD:DFP_send|\DFPLAYR_Mini:bitcounter[6] ; cpu_clk_out  ; clk_50      ; 20.000       ; -3.322     ; 11.857     ;
; 4.822 ; read_the_dips:RDIPS|game_select[5]                   ; gosof80:SOUNDBOARD|DFPlayer_Mini_CMD:DFP_send|\DFPLAYR_Mini:bitcounter[0] ; cpu_clk_out  ; clk_50      ; 20.000       ; -3.322     ; 11.857     ;
; 4.822 ; read_the_dips:RDIPS|game_select[5]                   ; gosof80:SOUNDBOARD|DFPlayer_Mini_CMD:DFP_send|\DFPLAYR_Mini:bitcounter[1] ; cpu_clk_out  ; clk_50      ; 20.000       ; -3.322     ; 11.857     ;
; 4.822 ; read_the_dips:RDIPS|game_select[5]                   ; gosof80:SOUNDBOARD|DFPlayer_Mini_CMD:DFP_send|\DFPLAYR_Mini:bitcounter[5] ; cpu_clk_out  ; clk_50      ; 20.000       ; -3.322     ; 11.857     ;
; 4.822 ; read_the_dips:RDIPS|game_select[5]                   ; gosof80:SOUNDBOARD|DFPlayer_Mini_CMD:DFP_send|\DFPLAYR_Mini:bitcounter[2] ; cpu_clk_out  ; clk_50      ; 20.000       ; -3.322     ; 11.857     ;
; 4.822 ; read_the_dips:RDIPS|game_select[5]                   ; gosof80:SOUNDBOARD|DFPlayer_Mini_CMD:DFP_send|\DFPLAYR_Mini:bitcounter[3] ; cpu_clk_out  ; clk_50      ; 20.000       ; -3.322     ; 11.857     ;
; 4.822 ; read_the_dips:RDIPS|game_select[5]                   ; gosof80:SOUNDBOARD|DFPlayer_Mini_CMD:DFP_send|\DFPLAYR_Mini:bitcounter[4] ; cpu_clk_out  ; clk_50      ; 20.000       ; -3.322     ; 11.857     ;
; 4.857 ; read_the_dips:RDIPS|game_select[4]                   ; gosof80:SOUNDBOARD|DFPlayer_Mini_CMD:DFP_send|\DFPLAYR_Mini:bitcounter[5] ; cpu_clk_out  ; clk_50      ; 20.000       ; -3.322     ; 11.822     ;
; 4.857 ; read_the_dips:RDIPS|game_select[4]                   ; gosof80:SOUNDBOARD|DFPlayer_Mini_CMD:DFP_send|\DFPLAYR_Mini:bitcounter[2] ; cpu_clk_out  ; clk_50      ; 20.000       ; -3.322     ; 11.822     ;
; 4.857 ; read_the_dips:RDIPS|game_select[4]                   ; gosof80:SOUNDBOARD|DFPlayer_Mini_CMD:DFP_send|\DFPLAYR_Mini:bitcounter[3] ; cpu_clk_out  ; clk_50      ; 20.000       ; -3.322     ; 11.822     ;
; 4.857 ; read_the_dips:RDIPS|game_select[4]                   ; gosof80:SOUNDBOARD|DFPlayer_Mini_CMD:DFP_send|\DFPLAYR_Mini:bitcounter[4] ; cpu_clk_out  ; clk_50      ; 20.000       ; -3.322     ; 11.822     ;
; 4.857 ; read_the_dips:RDIPS|game_select[4]                   ; gosof80:SOUNDBOARD|DFPlayer_Mini_CMD:DFP_send|\DFPLAYR_Mini:bitcounter[6] ; cpu_clk_out  ; clk_50      ; 20.000       ; -3.322     ; 11.822     ;
; 4.857 ; read_the_dips:RDIPS|game_select[4]                   ; gosof80:SOUNDBOARD|DFPlayer_Mini_CMD:DFP_send|\DFPLAYR_Mini:bitcounter[0] ; cpu_clk_out  ; clk_50      ; 20.000       ; -3.322     ; 11.822     ;
; 4.857 ; read_the_dips:RDIPS|game_select[4]                   ; gosof80:SOUNDBOARD|DFPlayer_Mini_CMD:DFP_send|\DFPLAYR_Mini:bitcounter[1] ; cpu_clk_out  ; clk_50      ; 20.000       ; -3.322     ; 11.822     ;
; 5.038 ; read_the_dips:RDIPS|game_select[3]                   ; gosof80:SOUNDBOARD|DFPlayer_Mini_CMD:DFP_send|\DFPLAYR_Mini:bitcounter[2] ; cpu_clk_out  ; clk_50      ; 20.000       ; -3.272     ; 11.691     ;
; 5.038 ; read_the_dips:RDIPS|game_select[3]                   ; gosof80:SOUNDBOARD|DFPlayer_Mini_CMD:DFP_send|\DFPLAYR_Mini:bitcounter[3] ; cpu_clk_out  ; clk_50      ; 20.000       ; -3.272     ; 11.691     ;
; 5.038 ; read_the_dips:RDIPS|game_select[3]                   ; gosof80:SOUNDBOARD|DFPlayer_Mini_CMD:DFP_send|\DFPLAYR_Mini:bitcounter[4] ; cpu_clk_out  ; clk_50      ; 20.000       ; -3.272     ; 11.691     ;
; 5.038 ; read_the_dips:RDIPS|game_select[3]                   ; gosof80:SOUNDBOARD|DFPlayer_Mini_CMD:DFP_send|\DFPLAYR_Mini:bitcounter[1] ; cpu_clk_out  ; clk_50      ; 20.000       ; -3.272     ; 11.691     ;
; 5.038 ; read_the_dips:RDIPS|game_select[3]                   ; gosof80:SOUNDBOARD|DFPlayer_Mini_CMD:DFP_send|\DFPLAYR_Mini:bitcounter[5] ; cpu_clk_out  ; clk_50      ; 20.000       ; -3.272     ; 11.691     ;
; 5.038 ; read_the_dips:RDIPS|game_select[3]                   ; gosof80:SOUNDBOARD|DFPlayer_Mini_CMD:DFP_send|\DFPLAYR_Mini:bitcounter[6] ; cpu_clk_out  ; clk_50      ; 20.000       ; -3.272     ; 11.691     ;
; 5.038 ; read_the_dips:RDIPS|game_select[3]                   ; gosof80:SOUNDBOARD|DFPlayer_Mini_CMD:DFP_send|\DFPLAYR_Mini:bitcounter[0] ; cpu_clk_out  ; clk_50      ; 20.000       ; -3.272     ; 11.691     ;
; 5.094 ; R6532:U6_IO|pa_out[4]                                ; gosof80:SOUNDBOARD|DFPlayer_Mini_CMD:DFP_send|\DFPLAYR_Mini:bitcounter[2] ; cpu_clk_out  ; clk_50      ; 20.000       ; -3.304     ; 11.603     ;
; 5.094 ; R6532:U6_IO|pa_out[4]                                ; gosof80:SOUNDBOARD|DFPlayer_Mini_CMD:DFP_send|\DFPLAYR_Mini:bitcounter[3] ; cpu_clk_out  ; clk_50      ; 20.000       ; -3.304     ; 11.603     ;
; 5.094 ; R6532:U6_IO|pa_out[4]                                ; gosof80:SOUNDBOARD|DFPlayer_Mini_CMD:DFP_send|\DFPLAYR_Mini:bitcounter[4] ; cpu_clk_out  ; clk_50      ; 20.000       ; -3.304     ; 11.603     ;
; 5.094 ; R6532:U6_IO|pa_out[4]                                ; gosof80:SOUNDBOARD|DFPlayer_Mini_CMD:DFP_send|\DFPLAYR_Mini:bitcounter[5] ; cpu_clk_out  ; clk_50      ; 20.000       ; -3.304     ; 11.603     ;
; 5.094 ; R6532:U6_IO|pa_out[4]                                ; gosof80:SOUNDBOARD|DFPlayer_Mini_CMD:DFP_send|\DFPLAYR_Mini:bitcounter[1] ; cpu_clk_out  ; clk_50      ; 20.000       ; -3.304     ; 11.603     ;
; 5.094 ; R6532:U6_IO|pa_out[4]                                ; gosof80:SOUNDBOARD|DFPlayer_Mini_CMD:DFP_send|\DFPLAYR_Mini:bitcounter[0] ; cpu_clk_out  ; clk_50      ; 20.000       ; -3.304     ; 11.603     ;
; 5.094 ; R6532:U6_IO|pa_out[4]                                ; gosof80:SOUNDBOARD|DFPlayer_Mini_CMD:DFP_send|\DFPLAYR_Mini:bitcounter[6] ; cpu_clk_out  ; clk_50      ; 20.000       ; -3.304     ; 11.603     ;
; 5.111 ; read_the_dips:RDIPS|game_select[5]                   ; gosof80:SOUNDBOARD|DFPlayer_Mini_CMD:DFP_send|command[27]                 ; cpu_clk_out  ; clk_50      ; 20.000       ; -3.325     ; 11.565     ;
; 5.146 ; read_the_dips:RDIPS|game_select[4]                   ; gosof80:SOUNDBOARD|DFPlayer_Mini_CMD:DFP_send|command[27]                 ; cpu_clk_out  ; clk_50      ; 20.000       ; -3.325     ; 11.530     ;
; 5.170 ; read_the_dips:RDIPS|game_select[5]                   ; gosof80:SOUNDBOARD|DFPlayer_Mini_CMD:DFP_send|command[17]                 ; cpu_clk_out  ; clk_50      ; 20.000       ; -3.322     ; 11.509     ;
; 5.172 ; read_the_dips:RDIPS|game_select[5]                   ; gosof80:SOUNDBOARD|DFPlayer_Mini_CMD:DFP_send|command[12]                 ; cpu_clk_out  ; clk_50      ; 20.000       ; -3.322     ; 11.507     ;
; 5.172 ; read_the_dips:RDIPS|game_select[5]                   ; gosof80:SOUNDBOARD|DFPlayer_Mini_CMD:DFP_send|command[14]                 ; cpu_clk_out  ; clk_50      ; 20.000       ; -3.322     ; 11.507     ;
; 5.172 ; read_the_dips:RDIPS|game_select[5]                   ; gosof80:SOUNDBOARD|DFPlayer_Mini_CMD:DFP_send|command[13]                 ; cpu_clk_out  ; clk_50      ; 20.000       ; -3.322     ; 11.507     ;
; 5.172 ; read_the_dips:RDIPS|game_select[5]                   ; gosof80:SOUNDBOARD|DFPlayer_Mini_CMD:DFP_send|command[18]                 ; cpu_clk_out  ; clk_50      ; 20.000       ; -3.322     ; 11.507     ;
; 5.205 ; read_the_dips:RDIPS|game_select[4]                   ; gosof80:SOUNDBOARD|DFPlayer_Mini_CMD:DFP_send|command[17]                 ; cpu_clk_out  ; clk_50      ; 20.000       ; -3.322     ; 11.474     ;
; 5.207 ; read_the_dips:RDIPS|game_select[4]                   ; gosof80:SOUNDBOARD|DFPlayer_Mini_CMD:DFP_send|command[12]                 ; cpu_clk_out  ; clk_50      ; 20.000       ; -3.322     ; 11.472     ;
; 5.207 ; read_the_dips:RDIPS|game_select[4]                   ; gosof80:SOUNDBOARD|DFPlayer_Mini_CMD:DFP_send|command[14]                 ; cpu_clk_out  ; clk_50      ; 20.000       ; -3.322     ; 11.472     ;
; 5.207 ; read_the_dips:RDIPS|game_select[4]                   ; gosof80:SOUNDBOARD|DFPlayer_Mini_CMD:DFP_send|command[13]                 ; cpu_clk_out  ; clk_50      ; 20.000       ; -3.322     ; 11.472     ;
; 5.207 ; read_the_dips:RDIPS|game_select[4]                   ; gosof80:SOUNDBOARD|DFPlayer_Mini_CMD:DFP_send|command[18]                 ; cpu_clk_out  ; clk_50      ; 20.000       ; -3.322     ; 11.472     ;
; 5.240 ; read_the_dips:RDIPS|game_select[2]                   ; gosof80:SOUNDBOARD|DFPlayer_Mini_CMD:DFP_send|\DFPLAYR_Mini:bitcounter[4] ; cpu_clk_out  ; clk_50      ; 20.000       ; -3.272     ; 11.489     ;
; 5.240 ; read_the_dips:RDIPS|game_select[2]                   ; gosof80:SOUNDBOARD|DFPlayer_Mini_CMD:DFP_send|\DFPLAYR_Mini:bitcounter[1] ; cpu_clk_out  ; clk_50      ; 20.000       ; -3.272     ; 11.489     ;
; 5.240 ; read_the_dips:RDIPS|game_select[2]                   ; gosof80:SOUNDBOARD|DFPlayer_Mini_CMD:DFP_send|\DFPLAYR_Mini:bitcounter[5] ; cpu_clk_out  ; clk_50      ; 20.000       ; -3.272     ; 11.489     ;
; 5.240 ; read_the_dips:RDIPS|game_select[2]                   ; gosof80:SOUNDBOARD|DFPlayer_Mini_CMD:DFP_send|\DFPLAYR_Mini:bitcounter[0] ; cpu_clk_out  ; clk_50      ; 20.000       ; -3.272     ; 11.489     ;
; 5.240 ; read_the_dips:RDIPS|game_select[2]                   ; gosof80:SOUNDBOARD|DFPlayer_Mini_CMD:DFP_send|\DFPLAYR_Mini:bitcounter[6] ; cpu_clk_out  ; clk_50      ; 20.000       ; -3.272     ; 11.489     ;
; 5.240 ; read_the_dips:RDIPS|game_select[2]                   ; gosof80:SOUNDBOARD|DFPlayer_Mini_CMD:DFP_send|\DFPLAYR_Mini:bitcounter[2] ; cpu_clk_out  ; clk_50      ; 20.000       ; -3.272     ; 11.489     ;
; 5.240 ; read_the_dips:RDIPS|game_select[2]                   ; gosof80:SOUNDBOARD|DFPlayer_Mini_CMD:DFP_send|\DFPLAYR_Mini:bitcounter[3] ; cpu_clk_out  ; clk_50      ; 20.000       ; -3.272     ; 11.489     ;
; 5.322 ; read_the_dips:RDIPS|game_select[0]                   ; gosof80:SOUNDBOARD|DFPlayer_Mini_CMD:DFP_send|\DFPLAYR_Mini:bitcounter[4] ; cpu_clk_out  ; clk_50      ; 20.000       ; -3.272     ; 11.407     ;
; 5.322 ; read_the_dips:RDIPS|game_select[0]                   ; gosof80:SOUNDBOARD|DFPlayer_Mini_CMD:DFP_send|\DFPLAYR_Mini:bitcounter[3] ; cpu_clk_out  ; clk_50      ; 20.000       ; -3.272     ; 11.407     ;
; 5.322 ; read_the_dips:RDIPS|game_select[0]                   ; gosof80:SOUNDBOARD|DFPlayer_Mini_CMD:DFP_send|\DFPLAYR_Mini:bitcounter[2] ; cpu_clk_out  ; clk_50      ; 20.000       ; -3.272     ; 11.407     ;
; 5.322 ; read_the_dips:RDIPS|game_select[0]                   ; gosof80:SOUNDBOARD|DFPlayer_Mini_CMD:DFP_send|\DFPLAYR_Mini:bitcounter[5] ; cpu_clk_out  ; clk_50      ; 20.000       ; -3.272     ; 11.407     ;
; 5.322 ; read_the_dips:RDIPS|game_select[0]                   ; gosof80:SOUNDBOARD|DFPlayer_Mini_CMD:DFP_send|\DFPLAYR_Mini:bitcounter[1] ; cpu_clk_out  ; clk_50      ; 20.000       ; -3.272     ; 11.407     ;
; 5.322 ; read_the_dips:RDIPS|game_select[0]                   ; gosof80:SOUNDBOARD|DFPlayer_Mini_CMD:DFP_send|\DFPLAYR_Mini:bitcounter[0] ; cpu_clk_out  ; clk_50      ; 20.000       ; -3.272     ; 11.407     ;
; 5.322 ; read_the_dips:RDIPS|game_select[0]                   ; gosof80:SOUNDBOARD|DFPlayer_Mini_CMD:DFP_send|\DFPLAYR_Mini:bitcounter[6] ; cpu_clk_out  ; clk_50      ; 20.000       ; -3.272     ; 11.407     ;
; 5.327 ; read_the_dips:RDIPS|game_select[3]                   ; gosof80:SOUNDBOARD|DFPlayer_Mini_CMD:DFP_send|command[27]                 ; cpu_clk_out  ; clk_50      ; 20.000       ; -3.275     ; 11.399     ;
; 5.350 ; read_the_dips:RDIPS|game_select[1]                   ; gosof80:SOUNDBOARD|DFPlayer_Mini_CMD:DFP_send|\DFPLAYR_Mini:bitcounter[3] ; cpu_clk_out  ; clk_50      ; 20.000       ; -3.272     ; 11.379     ;
; 5.350 ; read_the_dips:RDIPS|game_select[1]                   ; gosof80:SOUNDBOARD|DFPlayer_Mini_CMD:DFP_send|\DFPLAYR_Mini:bitcounter[2] ; cpu_clk_out  ; clk_50      ; 20.000       ; -3.272     ; 11.379     ;
; 5.350 ; read_the_dips:RDIPS|game_select[1]                   ; gosof80:SOUNDBOARD|DFPlayer_Mini_CMD:DFP_send|\DFPLAYR_Mini:bitcounter[5] ; cpu_clk_out  ; clk_50      ; 20.000       ; -3.272     ; 11.379     ;
; 5.350 ; read_the_dips:RDIPS|game_select[1]                   ; gosof80:SOUNDBOARD|DFPlayer_Mini_CMD:DFP_send|\DFPLAYR_Mini:bitcounter[4] ; cpu_clk_out  ; clk_50      ; 20.000       ; -3.272     ; 11.379     ;
; 5.350 ; read_the_dips:RDIPS|game_select[1]                   ; gosof80:SOUNDBOARD|DFPlayer_Mini_CMD:DFP_send|\DFPLAYR_Mini:bitcounter[1] ; cpu_clk_out  ; clk_50      ; 20.000       ; -3.272     ; 11.379     ;
; 5.350 ; read_the_dips:RDIPS|game_select[1]                   ; gosof80:SOUNDBOARD|DFPlayer_Mini_CMD:DFP_send|\DFPLAYR_Mini:bitcounter[0] ; cpu_clk_out  ; clk_50      ; 20.000       ; -3.272     ; 11.379     ;
; 5.350 ; read_the_dips:RDIPS|game_select[1]                   ; gosof80:SOUNDBOARD|DFPlayer_Mini_CMD:DFP_send|\DFPLAYR_Mini:bitcounter[6] ; cpu_clk_out  ; clk_50      ; 20.000       ; -3.272     ; 11.379     ;
; 5.383 ; R6532:U6_IO|pa_out[4]                                ; gosof80:SOUNDBOARD|DFPlayer_Mini_CMD:DFP_send|command[27]                 ; cpu_clk_out  ; clk_50      ; 20.000       ; -3.307     ; 11.311     ;
; 5.386 ; read_the_dips:RDIPS|game_select[3]                   ; gosof80:SOUNDBOARD|DFPlayer_Mini_CMD:DFP_send|command[17]                 ; cpu_clk_out  ; clk_50      ; 20.000       ; -3.272     ; 11.343     ;
; 5.388 ; read_the_dips:RDIPS|game_select[3]                   ; gosof80:SOUNDBOARD|DFPlayer_Mini_CMD:DFP_send|command[12]                 ; cpu_clk_out  ; clk_50      ; 20.000       ; -3.272     ; 11.341     ;
; 5.388 ; read_the_dips:RDIPS|game_select[3]                   ; gosof80:SOUNDBOARD|DFPlayer_Mini_CMD:DFP_send|command[18]                 ; cpu_clk_out  ; clk_50      ; 20.000       ; -3.272     ; 11.341     ;
; 5.388 ; read_the_dips:RDIPS|game_select[3]                   ; gosof80:SOUNDBOARD|DFPlayer_Mini_CMD:DFP_send|command[14]                 ; cpu_clk_out  ; clk_50      ; 20.000       ; -3.272     ; 11.341     ;
; 5.388 ; read_the_dips:RDIPS|game_select[3]                   ; gosof80:SOUNDBOARD|DFPlayer_Mini_CMD:DFP_send|command[13]                 ; cpu_clk_out  ; clk_50      ; 20.000       ; -3.272     ; 11.341     ;
; 5.442 ; R6532:U6_IO|pa_out[4]                                ; gosof80:SOUNDBOARD|DFPlayer_Mini_CMD:DFP_send|command[17]                 ; cpu_clk_out  ; clk_50      ; 20.000       ; -3.304     ; 11.255     ;
; 5.444 ; R6532:U6_IO|pa_out[4]                                ; gosof80:SOUNDBOARD|DFPlayer_Mini_CMD:DFP_send|command[18]                 ; cpu_clk_out  ; clk_50      ; 20.000       ; -3.304     ; 11.253     ;
; 5.444 ; R6532:U6_IO|pa_out[4]                                ; gosof80:SOUNDBOARD|DFPlayer_Mini_CMD:DFP_send|command[12]                 ; cpu_clk_out  ; clk_50      ; 20.000       ; -3.304     ; 11.253     ;
; 5.444 ; R6532:U6_IO|pa_out[4]                                ; gosof80:SOUNDBOARD|DFPlayer_Mini_CMD:DFP_send|command[13]                 ; cpu_clk_out  ; clk_50      ; 20.000       ; -3.304     ; 11.253     ;
; 5.444 ; R6532:U6_IO|pa_out[4]                                ; gosof80:SOUNDBOARD|DFPlayer_Mini_CMD:DFP_send|command[14]                 ; cpu_clk_out  ; clk_50      ; 20.000       ; -3.304     ; 11.253     ;
; 5.458 ; read_the_dips:RDIPS|game_select[5]                   ; gosof80:SOUNDBOARD|DFPlayer_Mini_CMD:DFP_send|command[28]                 ; cpu_clk_out  ; clk_50      ; 20.000       ; -3.322     ; 11.221     ;
; 5.458 ; read_the_dips:RDIPS|game_select[5]                   ; gosof80:SOUNDBOARD|DFPlayer_Mini_CMD:DFP_send|command[11]                 ; cpu_clk_out  ; clk_50      ; 20.000       ; -3.322     ; 11.221     ;
; 5.458 ; read_the_dips:RDIPS|game_select[5]                   ; gosof80:SOUNDBOARD|DFPlayer_Mini_CMD:DFP_send|command[25]                 ; cpu_clk_out  ; clk_50      ; 20.000       ; -3.322     ; 11.221     ;
; 5.458 ; read_the_dips:RDIPS|game_select[5]                   ; gosof80:SOUNDBOARD|DFPlayer_Mini_CMD:DFP_send|command[26]                 ; cpu_clk_out  ; clk_50      ; 20.000       ; -3.322     ; 11.221     ;
; 5.458 ; read_the_dips:RDIPS|game_select[5]                   ; gosof80:SOUNDBOARD|DFPlayer_Mini_CMD:DFP_send|command[24]                 ; cpu_clk_out  ; clk_50      ; 20.000       ; -3.322     ; 11.221     ;
; 5.458 ; read_the_dips:RDIPS|game_select[5]                   ; gosof80:SOUNDBOARD|DFPlayer_Mini_CMD:DFP_send|command[16]                 ; cpu_clk_out  ; clk_50      ; 20.000       ; -3.322     ; 11.221     ;
; 5.458 ; read_the_dips:RDIPS|game_select[5]                   ; gosof80:SOUNDBOARD|DFPlayer_Mini_CMD:DFP_send|command[23]                 ; cpu_clk_out  ; clk_50      ; 20.000       ; -3.322     ; 11.221     ;
; 5.493 ; read_the_dips:RDIPS|game_select[4]                   ; gosof80:SOUNDBOARD|DFPlayer_Mini_CMD:DFP_send|command[28]                 ; cpu_clk_out  ; clk_50      ; 20.000       ; -3.322     ; 11.186     ;
; 5.493 ; read_the_dips:RDIPS|game_select[4]                   ; gosof80:SOUNDBOARD|DFPlayer_Mini_CMD:DFP_send|command[11]                 ; cpu_clk_out  ; clk_50      ; 20.000       ; -3.322     ; 11.186     ;
; 5.493 ; read_the_dips:RDIPS|game_select[4]                   ; gosof80:SOUNDBOARD|DFPlayer_Mini_CMD:DFP_send|command[24]                 ; cpu_clk_out  ; clk_50      ; 20.000       ; -3.322     ; 11.186     ;
; 5.493 ; read_the_dips:RDIPS|game_select[4]                   ; gosof80:SOUNDBOARD|DFPlayer_Mini_CMD:DFP_send|command[16]                 ; cpu_clk_out  ; clk_50      ; 20.000       ; -3.322     ; 11.186     ;
; 5.493 ; read_the_dips:RDIPS|game_select[4]                   ; gosof80:SOUNDBOARD|DFPlayer_Mini_CMD:DFP_send|command[23]                 ; cpu_clk_out  ; clk_50      ; 20.000       ; -3.322     ; 11.186     ;
; 5.493 ; read_the_dips:RDIPS|game_select[4]                   ; gosof80:SOUNDBOARD|DFPlayer_Mini_CMD:DFP_send|command[25]                 ; cpu_clk_out  ; clk_50      ; 20.000       ; -3.322     ; 11.186     ;
; 5.493 ; read_the_dips:RDIPS|game_select[4]                   ; gosof80:SOUNDBOARD|DFPlayer_Mini_CMD:DFP_send|command[26]                 ; cpu_clk_out  ; clk_50      ; 20.000       ; -3.322     ; 11.186     ;
; 5.529 ; read_the_dips:RDIPS|game_select[2]                   ; gosof80:SOUNDBOARD|DFPlayer_Mini_CMD:DFP_send|command[27]                 ; cpu_clk_out  ; clk_50      ; 20.000       ; -3.275     ; 11.197     ;
; 5.544 ; gosof80:SOUNDBOARD|T65:CPU|Write_Data_r.Write_Data_P ; gosof80:SOUNDBOARD|SC01:SC01_Simu|\SC01:duration[23]                      ; cpu_clk_out  ; clk_50      ; 20.000       ; -3.452     ; 11.005     ;
; 5.588 ; read_the_dips:RDIPS|game_select[2]                   ; gosof80:SOUNDBOARD|DFPlayer_Mini_CMD:DFP_send|command[17]                 ; cpu_clk_out  ; clk_50      ; 20.000       ; -3.272     ; 11.141     ;
; 5.590 ; read_the_dips:RDIPS|game_select[2]                   ; gosof80:SOUNDBOARD|DFPlayer_Mini_CMD:DFP_send|command[18]                 ; cpu_clk_out  ; clk_50      ; 20.000       ; -3.272     ; 11.139     ;
; 5.590 ; read_the_dips:RDIPS|game_select[2]                   ; gosof80:SOUNDBOARD|DFPlayer_Mini_CMD:DFP_send|command[14]                 ; cpu_clk_out  ; clk_50      ; 20.000       ; -3.272     ; 11.139     ;
; 5.590 ; read_the_dips:RDIPS|game_select[2]                   ; gosof80:SOUNDBOARD|DFPlayer_Mini_CMD:DFP_send|command[13]                 ; cpu_clk_out  ; clk_50      ; 20.000       ; -3.272     ; 11.139     ;
; 5.590 ; read_the_dips:RDIPS|game_select[2]                   ; gosof80:SOUNDBOARD|DFPlayer_Mini_CMD:DFP_send|command[12]                 ; cpu_clk_out  ; clk_50      ; 20.000       ; -3.272     ; 11.139     ;
; 5.611 ; read_the_dips:RDIPS|game_select[0]                   ; gosof80:SOUNDBOARD|DFPlayer_Mini_CMD:DFP_send|command[27]                 ; cpu_clk_out  ; clk_50      ; 20.000       ; -3.275     ; 11.115     ;
; 5.639 ; read_the_dips:RDIPS|game_select[1]                   ; gosof80:SOUNDBOARD|DFPlayer_Mini_CMD:DFP_send|command[27]                 ; cpu_clk_out  ; clk_50      ; 20.000       ; -3.275     ; 11.087     ;
; 5.668 ; read_the_dips:RDIPS|game_select[5]                   ; gosof80:SOUNDBOARD|DFPlayer_Mini_CMD:DFP_send|command[15]                 ; cpu_clk_out  ; clk_50      ; 20.000       ; -3.323     ; 11.010     ;
; 5.670 ; read_the_dips:RDIPS|game_select[0]                   ; gosof80:SOUNDBOARD|DFPlayer_Mini_CMD:DFP_send|command[17]                 ; cpu_clk_out  ; clk_50      ; 20.000       ; -3.272     ; 11.059     ;
; 5.672 ; read_the_dips:RDIPS|game_select[0]                   ; gosof80:SOUNDBOARD|DFPlayer_Mini_CMD:DFP_send|command[18]                 ; cpu_clk_out  ; clk_50      ; 20.000       ; -3.272     ; 11.057     ;
; 5.672 ; read_the_dips:RDIPS|game_select[0]                   ; gosof80:SOUNDBOARD|DFPlayer_Mini_CMD:DFP_send|command[13]                 ; cpu_clk_out  ; clk_50      ; 20.000       ; -3.272     ; 11.057     ;
+-------+------------------------------------------------------+---------------------------------------------------------------------------+--------------+-------------+--------------+------------+------------+


+--------------------------------------------------------------------------------------------------------------------------------------------------------------------------------------------------------------------------------+
; Slow 1200mV 85C Model Setup: 'cpu_clk_out'                                                                                                                                                                                     ;
+--------+-------------------------------------------------------------------------------------------------------------+-----------------------------------+--------------+-------------+--------------+------------+------------+
; Slack  ; From Node                                                                                                   ; To Node                           ; Launch Clock ; Latch Clock ; Relationship ; Clock Skew ; Data Delay ;
+--------+-------------------------------------------------------------------------------------------------------------+-----------------------------------+--------------+-------------+--------------+------------+------------+
; 9.663  ; GAME_ROM:GAME|altsyncram:altsyncram_component|altsyncram_k1q3:auto_generated|ram_block1a0~porta_we_reg      ; T65:U1|BAL[8]                     ; clk_50       ; cpu_clk_out ; 20.000       ; 2.739      ; 13.077     ;
; 9.874  ; GAME_ROM:GAME|altsyncram:altsyncram_component|altsyncram_k1q3:auto_generated|ram_block1a2~porta_we_reg      ; T65:U1|BAL[8]                     ; clk_50       ; cpu_clk_out ; 20.000       ; 2.739      ; 12.866     ;
; 10.092 ; GAME_ROM:GAME|altsyncram:altsyncram_component|altsyncram_k1q3:auto_generated|ram_block1a0~porta_we_reg      ; T65:U1|BAL[7]                     ; clk_50       ; cpu_clk_out ; 20.000       ; 2.740      ; 12.649     ;
; 10.218 ; GAME_ROM:GAME|altsyncram:altsyncram_component|altsyncram_k1q3:auto_generated|ram_block1a0~porta_we_reg      ; T65:U1|BAL[5]                     ; clk_50       ; cpu_clk_out ; 20.000       ; 2.739      ; 12.522     ;
; 10.271 ; GAME_ROM:GAME|altsyncram:altsyncram_component|altsyncram_k1q3:auto_generated|ram_block1a0~porta_we_reg      ; T65:U1|BAL[2]                     ; clk_50       ; cpu_clk_out ; 20.000       ; 2.739      ; 12.469     ;
; 10.303 ; GAME_ROM:GAME|altsyncram:altsyncram_component|altsyncram_k1q3:auto_generated|ram_block1a2~porta_we_reg      ; T65:U1|BAL[7]                     ; clk_50       ; cpu_clk_out ; 20.000       ; 2.740      ; 12.438     ;
; 10.429 ; GAME_ROM:GAME|altsyncram:altsyncram_component|altsyncram_k1q3:auto_generated|ram_block1a2~porta_we_reg      ; T65:U1|BAL[5]                     ; clk_50       ; cpu_clk_out ; 20.000       ; 2.739      ; 12.311     ;
; 10.532 ; GAME_ROM:GAME|altsyncram:altsyncram_component|altsyncram_k1q3:auto_generated|ram_block1a0~porta_we_reg      ; T65:U1|BAL[4]                     ; clk_50       ; cpu_clk_out ; 20.000       ; 2.738      ; 12.207     ;
; 10.550 ; GAME_ROM:GAME|altsyncram:altsyncram_component|altsyncram_k1q3:auto_generated|ram_block1a0~porta_we_reg      ; T65:U1|BAL[6]                     ; clk_50       ; cpu_clk_out ; 20.000       ; 2.740      ; 12.191     ;
; 10.587 ; RIOT_RAM:U6_RAM|altsyncram:altsyncram_component|altsyncram_48p3:auto_generated|q_a[4]                       ; T65:U1|BAL[8]                     ; clk_50       ; cpu_clk_out ; 20.000       ; 2.801      ; 12.215     ;
; 10.628 ; GAME_ROM:GAME|altsyncram:altsyncram_component|altsyncram_k1q3:auto_generated|ram_block1a2~porta_we_reg      ; T65:U1|BAL[4]                     ; clk_50       ; cpu_clk_out ; 20.000       ; 2.738      ; 12.111     ;
; 10.761 ; GAME_ROM:GAME|altsyncram:altsyncram_component|altsyncram_k1q3:auto_generated|ram_block1a2~porta_we_reg      ; T65:U1|BAL[6]                     ; clk_50       ; cpu_clk_out ; 20.000       ; 2.740      ; 11.980     ;
; 10.800 ; GAME_ROM:GAME|altsyncram:altsyncram_component|altsyncram_k1q3:auto_generated|ram_block1a2~porta_we_reg      ; T65:U1|BAL[2]                     ; clk_50       ; cpu_clk_out ; 20.000       ; 2.739      ; 11.940     ;
; 10.839 ; GAME_ROM:SOUNDROM1|altsyncram:altsyncram_component|altsyncram_k1q3:auto_generated|ram_block1a4~porta_we_reg ; gosof80:SOUNDBOARD|T65:CPU|BAL[7] ; clk_50       ; cpu_clk_out ; 20.000       ; 2.733      ; 11.895     ;
; 10.847 ; GAME_ROM:GAME|altsyncram:altsyncram_component|altsyncram_k1q3:auto_generated|ram_block1a2~porta_we_reg      ; T65:U1|BAL[3]                     ; clk_50       ; cpu_clk_out ; 20.000       ; 2.738      ; 11.892     ;
; 10.872 ; GAME_ROM:GAME|altsyncram:altsyncram_component|altsyncram_k1q3:auto_generated|ram_block1a0~porta_we_reg      ; T65:U1|BAL[1]                     ; clk_50       ; cpu_clk_out ; 20.000       ; 2.740      ; 11.869     ;
; 10.873 ; GAME_ROM:GAME|altsyncram:altsyncram_component|altsyncram_k1q3:auto_generated|ram_block1a0~porta_we_reg      ; T65:U1|BAL[3]                     ; clk_50       ; cpu_clk_out ; 20.000       ; 2.738      ; 11.866     ;
; 10.931 ; GAME_ROM:SOUNDROM1|altsyncram:altsyncram_component|altsyncram_k1q3:auto_generated|ram_block1a4~porta_we_reg ; gosof80:SOUNDBOARD|T65:CPU|BAL[8] ; clk_50       ; cpu_clk_out ; 20.000       ; 2.733      ; 11.803     ;
; 10.967 ; gosof80:SOUNDBOARD|SB_RAM:RIOT_RAM|altsyncram:altsyncram_component|altsyncram_18p3:auto_generated|q_a[5]    ; gosof80:SOUNDBOARD|T65:CPU|BAL[7] ; clk_50       ; cpu_clk_out ; 20.000       ; 2.781      ; 11.815     ;
; 10.981 ; GAME_ROM:SOUNDROM1|altsyncram:altsyncram_component|altsyncram_k1q3:auto_generated|ram_block1a4~porta_we_reg ; gosof80:SOUNDBOARD|T65:CPU|BAL[6] ; clk_50       ; cpu_clk_out ; 20.000       ; 2.733      ; 11.753     ;
; 10.997 ; SYSTEM_ROM:SYSTEM|altsyncram:altsyncram_component|altsyncram_s1q3:auto_generated|ram_block1a7~porta_we_reg  ; T65:U1|BAL[8]                     ; clk_50       ; cpu_clk_out ; 20.000       ; 2.756      ; 11.760     ;
; 11.016 ; RIOT_RAM:U6_RAM|altsyncram:altsyncram_component|altsyncram_48p3:auto_generated|q_a[4]                       ; T65:U1|BAL[7]                     ; clk_50       ; cpu_clk_out ; 20.000       ; 2.802      ; 11.787     ;
; 11.055 ; GAME_ROM:SOUNDROM1|altsyncram:altsyncram_component|altsyncram_k1q3:auto_generated|ram_block1a0~porta_we_reg ; gosof80:SOUNDBOARD|T65:CPU|BAL[2] ; clk_50       ; cpu_clk_out ; 20.000       ; 2.734      ; 11.680     ;
; 11.059 ; gosof80:SOUNDBOARD|SB_RAM:RIOT_RAM|altsyncram:altsyncram_component|altsyncram_18p3:auto_generated|q_a[5]    ; gosof80:SOUNDBOARD|T65:CPU|BAL[8] ; clk_50       ; cpu_clk_out ; 20.000       ; 2.781      ; 11.723     ;
; 11.080 ; RIOT_RAM:U4_RAM|altsyncram:altsyncram_component|altsyncram_48p3:auto_generated|q_a[2]                       ; T65:U1|BAL[8]                     ; clk_50       ; cpu_clk_out ; 20.000       ; 2.802      ; 11.723     ;
; 11.104 ; gosof80:SOUNDBOARD|SB_RAM:RIOT_RAM|altsyncram:altsyncram_component|altsyncram_18p3:auto_generated|q_a[5]    ; gosof80:SOUNDBOARD|T65:CPU|BAL[6] ; clk_50       ; cpu_clk_out ; 20.000       ; 2.781      ; 11.678     ;
; 11.142 ; RIOT_RAM:U6_RAM|altsyncram:altsyncram_component|altsyncram_48p3:auto_generated|q_a[4]                       ; T65:U1|BAL[5]                     ; clk_50       ; cpu_clk_out ; 20.000       ; 2.801      ; 11.660     ;
; 11.199 ; RIOT_RAM:U6_RAM|altsyncram:altsyncram_component|altsyncram_48p3:auto_generated|q_a[7]                       ; T65:U1|BAL[8]                     ; clk_50       ; cpu_clk_out ; 20.000       ; 2.801      ; 11.603     ;
; 11.240 ; RIOT_RAM:U6_RAM|altsyncram:altsyncram_component|altsyncram_48p3:auto_generated|q_a[6]                       ; T65:U1|BAL[8]                     ; clk_50       ; cpu_clk_out ; 20.000       ; 2.801      ; 11.562     ;
; 11.263 ; SYSTEM_ROM:SYSTEM|altsyncram:altsyncram_component|altsyncram_s1q3:auto_generated|ram_block1a4~porta_we_reg  ; T65:U1|BAL[8]                     ; clk_50       ; cpu_clk_out ; 20.000       ; 2.751      ; 11.489     ;
; 11.279 ; RIOT_RAM:U6_RAM|altsyncram:altsyncram_component|altsyncram_48p3:auto_generated|q_a[2]                       ; T65:U1|BAL[8]                     ; clk_50       ; cpu_clk_out ; 20.000       ; 2.801      ; 11.523     ;
; 11.285 ; RIOT_RAM:U6_RAM|altsyncram:altsyncram_component|altsyncram_48p3:auto_generated|q_a[5]                       ; T65:U1|BAL[8]                     ; clk_50       ; cpu_clk_out ; 20.000       ; 2.801      ; 11.517     ;
; 11.287 ; R5101:Z5|altsyncram:altsyncram_component|altsyncram_jpq3:auto_generated|ram_block1a0~porta_we_reg           ; T65:U1|BAL[8]                     ; clk_50       ; cpu_clk_out ; 20.000       ; 2.744      ; 11.458     ;
; 11.292 ; GAME_ROM:SOUNDROM2|altsyncram:altsyncram_component|altsyncram_k1q3:auto_generated|ram_block1a4~porta_we_reg ; gosof80:SOUNDBOARD|T65:CPU|BAL[7] ; clk_50       ; cpu_clk_out ; 20.000       ; 2.733      ; 11.442     ;
; 11.344 ; SYSTEM_ROM:SYSTEM|altsyncram:altsyncram_component|altsyncram_s1q3:auto_generated|ram_block1a5~porta_we_reg  ; T65:U1|BAL[8]                     ; clk_50       ; cpu_clk_out ; 20.000       ; 2.755      ; 11.412     ;
; 11.384 ; GAME_ROM:SOUNDROM2|altsyncram:altsyncram_component|altsyncram_k1q3:auto_generated|ram_block1a4~porta_we_reg ; gosof80:SOUNDBOARD|T65:CPU|BAL[8] ; clk_50       ; cpu_clk_out ; 20.000       ; 2.733      ; 11.350     ;
; 11.409 ; gosof80:SOUNDBOARD|SB_RAM:RIOT_RAM|altsyncram:altsyncram_component|altsyncram_18p3:auto_generated|q_a[2]    ; gosof80:SOUNDBOARD|T65:CPU|BAL[2] ; clk_50       ; cpu_clk_out ; 20.000       ; 2.782      ; 11.374     ;
; 11.413 ; gosof80:SOUNDBOARD|SB_RAM:RIOT_RAM|altsyncram:altsyncram_component|altsyncram_18p3:auto_generated|q_a[1]    ; gosof80:SOUNDBOARD|T65:CPU|BAL[2] ; clk_50       ; cpu_clk_out ; 20.000       ; 2.782      ; 11.370     ;
; 11.434 ; GAME_ROM:SOUNDROM2|altsyncram:altsyncram_component|altsyncram_k1q3:auto_generated|ram_block1a4~porta_we_reg ; gosof80:SOUNDBOARD|T65:CPU|BAL[6] ; clk_50       ; cpu_clk_out ; 20.000       ; 2.733      ; 11.300     ;
; 11.442 ; GAME_ROM:SOUNDROM2|altsyncram:altsyncram_component|altsyncram_k1q3:auto_generated|ram_block1a0~porta_we_reg ; gosof80:SOUNDBOARD|T65:CPU|BAL[2] ; clk_50       ; cpu_clk_out ; 20.000       ; 2.733      ; 11.292     ;
; 11.449 ; GAME_ROM:GAME|altsyncram:altsyncram_component|altsyncram_k1q3:auto_generated|ram_block1a0~porta_we_reg      ; T65:U1|BAL[0]                     ; clk_50       ; cpu_clk_out ; 20.000       ; 2.740      ; 11.292     ;
; 11.452 ; SYSTEM_ROM:SYSTEM|altsyncram:altsyncram_component|altsyncram_s1q3:auto_generated|ram_block1a1~porta_we_reg  ; T65:U1|BAL[8]                     ; clk_50       ; cpu_clk_out ; 20.000       ; 2.755      ; 11.304     ;
; 11.464 ; RIOT_RAM:U6_RAM|altsyncram:altsyncram_component|altsyncram_48p3:auto_generated|q_a[1]                       ; T65:U1|BAL[8]                     ; clk_50       ; cpu_clk_out ; 20.000       ; 2.801      ; 11.338     ;
; 11.474 ; RIOT_RAM:U6_RAM|altsyncram:altsyncram_component|altsyncram_48p3:auto_generated|q_a[4]                       ; T65:U1|BAL[6]                     ; clk_50       ; cpu_clk_out ; 20.000       ; 2.802      ; 11.329     ;
; 11.494 ; SYSTEM_ROM:SYSTEM|altsyncram:altsyncram_component|altsyncram_s1q3:auto_generated|ram_block1a0~porta_we_reg  ; T65:U1|BAL[8]                     ; clk_50       ; cpu_clk_out ; 20.000       ; 2.735      ; 11.242     ;
; 11.509 ; RIOT_RAM:U4_RAM|altsyncram:altsyncram_component|altsyncram_48p3:auto_generated|q_a[2]                       ; T65:U1|BAL[7]                     ; clk_50       ; cpu_clk_out ; 20.000       ; 2.803      ; 11.295     ;
; 11.518 ; gosof80:SOUNDBOARD|SB_RAM:RIOT_RAM|altsyncram:altsyncram_component|altsyncram_18p3:auto_generated|q_a[7]    ; gosof80:SOUNDBOARD|T65:CPU|BAL[8] ; clk_50       ; cpu_clk_out ; 20.000       ; 2.781      ; 11.264     ;
; 11.569 ; gosof80:SOUNDBOARD|SB_RAM:RIOT_RAM|altsyncram:altsyncram_component|altsyncram_18p3:auto_generated|q_a[2]    ; gosof80:SOUNDBOARD|T65:CPU|BAL[7] ; clk_50       ; cpu_clk_out ; 20.000       ; 2.781      ; 11.213     ;
; 11.588 ; GAME_ROM:GAME|altsyncram:altsyncram_component|altsyncram_k1q3:auto_generated|ram_block1a0~porta_we_reg      ; T65:U1|PC[12]                     ; clk_50       ; cpu_clk_out ; 20.000       ; 2.736      ; 11.149     ;
; 11.590 ; GAME_ROM:GAME2|altsyncram:altsyncram_component|altsyncram_k1q3:auto_generated|ram_block1a0~porta_we_reg     ; T65:U1|BAL[8]                     ; clk_50       ; cpu_clk_out ; 20.000       ; 2.742      ; 11.153     ;
; 11.590 ; GAME_ROM:GAME2|altsyncram:altsyncram_component|altsyncram_k1q3:auto_generated|ram_block1a2~porta_we_reg     ; T65:U1|BAL[8]                     ; clk_50       ; cpu_clk_out ; 20.000       ; 2.743      ; 11.154     ;
; 11.635 ; RIOT_RAM:U4_RAM|altsyncram:altsyncram_component|altsyncram_48p3:auto_generated|q_a[2]                       ; T65:U1|BAL[5]                     ; clk_50       ; cpu_clk_out ; 20.000       ; 2.802      ; 11.168     ;
; 11.640 ; RIOT_RAM:U4_RAM|altsyncram:altsyncram_component|altsyncram_48p3:auto_generated|q_a[1]                       ; T65:U1|BAL[8]                     ; clk_50       ; cpu_clk_out ; 20.000       ; 2.802      ; 11.163     ;
; 11.646 ; RIOT_RAM:U6_RAM|altsyncram:altsyncram_component|altsyncram_48p3:auto_generated|q_a[0]                       ; T65:U1|BAL[8]                     ; clk_50       ; cpu_clk_out ; 20.000       ; 2.801      ; 11.156     ;
; 11.656 ; gosof80:SOUNDBOARD|SB_RAM:RIOT_RAM|altsyncram:altsyncram_component|altsyncram_18p3:auto_generated|q_a[0]    ; gosof80:SOUNDBOARD|T65:CPU|BAL[2] ; clk_50       ; cpu_clk_out ; 20.000       ; 2.782      ; 11.127     ;
; 11.660 ; SYSTEM_ROM:SYSTEM|altsyncram:altsyncram_component|altsyncram_s1q3:auto_generated|ram_block1a6~porta_we_reg  ; T65:U1|BAL[8]                     ; clk_50       ; cpu_clk_out ; 20.000       ; 2.737      ; 11.078     ;
; 11.661 ; gosof80:SOUNDBOARD|SB_RAM:RIOT_RAM|altsyncram:altsyncram_component|altsyncram_18p3:auto_generated|q_a[2]    ; gosof80:SOUNDBOARD|T65:CPU|BAL[8] ; clk_50       ; cpu_clk_out ; 20.000       ; 2.781      ; 11.121     ;
; 11.669 ; RIOT_RAM:U6_RAM|altsyncram:altsyncram_component|altsyncram_48p3:auto_generated|q_a[6]                       ; T65:U1|BAL[7]                     ; clk_50       ; cpu_clk_out ; 20.000       ; 2.802      ; 11.134     ;
; 11.672 ; GAME_ROM:GAME|altsyncram:altsyncram_component|altsyncram_k1q3:auto_generated|ram_block1a0~porta_we_reg      ; T65:U1|BusB_r[6]                  ; clk_50       ; cpu_clk_out ; 20.000       ; 2.740      ; 11.069     ;
; 11.692 ; SYSTEM_ROM:SYSTEM|altsyncram:altsyncram_component|altsyncram_s1q3:auto_generated|ram_block1a4~porta_we_reg  ; T65:U1|BAL[7]                     ; clk_50       ; cpu_clk_out ; 20.000       ; 2.752      ; 11.061     ;
; 11.702 ; GAME_ROM:GAME|altsyncram:altsyncram_component|altsyncram_k1q3:auto_generated|ram_block1a0~porta_we_reg      ; T65:U1|BusB_r[7]                  ; clk_50       ; cpu_clk_out ; 20.000       ; 2.740      ; 11.039     ;
; 11.703 ; RIOT_RAM:U4_RAM|altsyncram:altsyncram_component|altsyncram_48p3:auto_generated|q_a[7]                       ; T65:U1|BAL[8]                     ; clk_50       ; cpu_clk_out ; 20.000       ; 2.802      ; 11.100     ;
; 11.708 ; RIOT_RAM:U6_RAM|altsyncram:altsyncram_component|altsyncram_48p3:auto_generated|q_a[2]                       ; T65:U1|BAL[7]                     ; clk_50       ; cpu_clk_out ; 20.000       ; 2.802      ; 11.095     ;
; 11.711 ; gosof80:SOUNDBOARD|SB_RAM:RIOT_RAM|altsyncram:altsyncram_component|altsyncram_18p3:auto_generated|q_a[2]    ; gosof80:SOUNDBOARD|T65:CPU|BAL[6] ; clk_50       ; cpu_clk_out ; 20.000       ; 2.781      ; 11.071     ;
; 11.714 ; RIOT_RAM:U6_RAM|altsyncram:altsyncram_component|altsyncram_48p3:auto_generated|q_a[5]                       ; T65:U1|BAL[7]                     ; clk_50       ; cpu_clk_out ; 20.000       ; 2.802      ; 11.089     ;
; 11.716 ; R5101:Z5|altsyncram:altsyncram_component|altsyncram_jpq3:auto_generated|ram_block1a0~porta_we_reg           ; T65:U1|BAL[7]                     ; clk_50       ; cpu_clk_out ; 20.000       ; 2.745      ; 11.030     ;
; 11.719 ; RIOT_RAM:U4_RAM|altsyncram:altsyncram_component|altsyncram_48p3:auto_generated|q_a[4]                       ; T65:U1|BAL[8]                     ; clk_50       ; cpu_clk_out ; 20.000       ; 2.802      ; 11.084     ;
; 11.725 ; GAME_ROM:SOUNDROM1|altsyncram:altsyncram_component|altsyncram_k1q3:auto_generated|ram_block1a0~porta_we_reg ; gosof80:SOUNDBOARD|T65:CPU|BAL[7] ; clk_50       ; cpu_clk_out ; 20.000       ; 2.733      ; 11.009     ;
; 11.733 ; GAME_ROM:SOUNDROM1|altsyncram:altsyncram_component|altsyncram_k1q3:auto_generated|ram_block1a4~porta_we_reg ; gosof80:SOUNDBOARD|T65:CPU|BAL[5] ; clk_50       ; cpu_clk_out ; 20.000       ; 2.733      ; 11.001     ;
; 11.735 ; SYSTEM_ROM:SYSTEM|altsyncram:altsyncram_component|altsyncram_s1q3:auto_generated|ram_block1a3~porta_we_reg  ; T65:U1|BAL[8]                     ; clk_50       ; cpu_clk_out ; 20.000       ; 2.750      ; 11.016     ;
; 11.772 ; gosof80:SOUNDBOARD|SB_RAM:RIOT_RAM|altsyncram:altsyncram_component|altsyncram_18p3:auto_generated|q_a[2]    ; gosof80:SOUNDBOARD|T65:CPU|BAL[3] ; clk_50       ; cpu_clk_out ; 20.000       ; 2.781      ; 11.010     ;
; 11.773 ; SYSTEM_ROM:SYSTEM|altsyncram:altsyncram_component|altsyncram_s1q3:auto_generated|ram_block1a5~porta_we_reg  ; T65:U1|BAL[7]                     ; clk_50       ; cpu_clk_out ; 20.000       ; 2.756      ; 10.984     ;
; 11.774 ; RIOT_RAM:U6_RAM|altsyncram:altsyncram_component|altsyncram_48p3:auto_generated|q_a[4]                       ; T65:U1|BAL[4]                     ; clk_50       ; cpu_clk_out ; 20.000       ; 2.800      ; 11.027     ;
; 11.778 ; GAME_ROM:SOUNDROM1|altsyncram:altsyncram_component|altsyncram_k1q3:auto_generated|ram_block1a0~porta_we_reg ; gosof80:SOUNDBOARD|T65:CPU|BAL[8] ; clk_50       ; cpu_clk_out ; 20.000       ; 2.733      ; 10.956     ;
; 11.780 ; R5101:Z5|altsyncram:altsyncram_component|altsyncram_jpq3:auto_generated|ram_block1a0~porta_we_reg           ; T65:U1|BAL[2]                     ; clk_50       ; cpu_clk_out ; 20.000       ; 2.744      ; 10.965     ;
; 11.793 ; SYSTEM_ROM:SYSTEM|altsyncram:altsyncram_component|altsyncram_s1q3:auto_generated|ram_block1a1~porta_we_reg  ; T65:U1|BAL[2]                     ; clk_50       ; cpu_clk_out ; 20.000       ; 2.755      ; 10.963     ;
; 11.795 ; GAME_ROM:SOUNDROM1|altsyncram:altsyncram_component|altsyncram_k1q3:auto_generated|ram_block1a0~porta_we_reg ; gosof80:SOUNDBOARD|T65:CPU|BAL[6] ; clk_50       ; cpu_clk_out ; 20.000       ; 2.733      ; 10.939     ;
; 11.805 ; RIOT_RAM:U6_RAM|altsyncram:altsyncram_component|altsyncram_48p3:auto_generated|q_a[1]                       ; T65:U1|BAL[2]                     ; clk_50       ; cpu_clk_out ; 20.000       ; 2.801      ; 10.997     ;
; 11.818 ; SYSTEM_ROM:SYSTEM|altsyncram:altsyncram_component|altsyncram_s1q3:auto_generated|ram_block1a4~porta_we_reg  ; T65:U1|BAL[5]                     ; clk_50       ; cpu_clk_out ; 20.000       ; 2.751      ; 10.934     ;
; 11.818 ; GAME_ROM:GAME|altsyncram:altsyncram_component|altsyncram_k1q3:auto_generated|ram_block1a0~porta_we_reg      ; T65:U1|BusB_r[4]                  ; clk_50       ; cpu_clk_out ; 20.000       ; 2.740      ; 10.923     ;
; 11.834 ; RIOT_RAM:U4_RAM|altsyncram:altsyncram_component|altsyncram_48p3:auto_generated|q_a[5]                       ; T65:U1|BAL[8]                     ; clk_50       ; cpu_clk_out ; 20.000       ; 2.802      ; 10.969     ;
; 11.834 ; RIOT_RAM:U6_RAM|altsyncram:altsyncram_component|altsyncram_48p3:auto_generated|q_a[2]                       ; T65:U1|BAL[5]                     ; clk_50       ; cpu_clk_out ; 20.000       ; 2.801      ; 10.968     ;
; 11.834 ; RIOT_RAM:U4_RAM|altsyncram:altsyncram_component|altsyncram_48p3:auto_generated|q_a[2]                       ; T65:U1|BAL[4]                     ; clk_50       ; cpu_clk_out ; 20.000       ; 2.801      ; 10.968     ;
; 11.842 ; R5101:Z5|altsyncram:altsyncram_component|altsyncram_jpq3:auto_generated|ram_block1a0~porta_we_reg           ; T65:U1|BAL[5]                     ; clk_50       ; cpu_clk_out ; 20.000       ; 2.744      ; 10.903     ;
; 11.848 ; GAME_ROM:GAME|altsyncram:altsyncram_component|altsyncram_k1q3:auto_generated|ram_block1a0~porta_we_reg      ; T65:U1|BusB_r[5]                  ; clk_50       ; cpu_clk_out ; 20.000       ; 2.740      ; 10.893     ;
; 11.861 ; gosof80:SOUNDBOARD|SB_RAM:RIOT_RAM|altsyncram:altsyncram_component|altsyncram_18p3:auto_generated|q_a[5]    ; gosof80:SOUNDBOARD|T65:CPU|BAL[5] ; clk_50       ; cpu_clk_out ; 20.000       ; 2.781      ; 10.921     ;
; 11.898 ; SYSTEM_ROM:SYSTEM|altsyncram:altsyncram_component|altsyncram_s1q3:auto_generated|ram_block1a1~porta_we_reg  ; T65:U1|BAL[7]                     ; clk_50       ; cpu_clk_out ; 20.000       ; 2.756      ; 10.859     ;
; 11.919 ; gosof80:SOUNDBOARD|SB_RAM:RIOT_RAM|altsyncram:altsyncram_component|altsyncram_18p3:auto_generated|q_a[2]    ; gosof80:SOUNDBOARD|T65:CPU|BAL[5] ; clk_50       ; cpu_clk_out ; 20.000       ; 2.781      ; 10.863     ;
; 11.923 ; SYSTEM_ROM:SYSTEM|altsyncram:altsyncram_component|altsyncram_s1q3:auto_generated|ram_block1a0~porta_we_reg  ; T65:U1|BAL[7]                     ; clk_50       ; cpu_clk_out ; 20.000       ; 2.736      ; 10.814     ;
; 11.928 ; GAME_ROM:SOUNDROM1|altsyncram:altsyncram_component|altsyncram_k1q3:auto_generated|ram_block1a0~porta_we_reg ; gosof80:SOUNDBOARD|T65:CPU|BAL[3] ; clk_50       ; cpu_clk_out ; 20.000       ; 2.733      ; 10.806     ;
; 11.934 ; GAME_ROM:GAME|altsyncram:altsyncram_component|altsyncram_k1q3:auto_generated|ram_block1a0~porta_we_reg      ; T65:U1|DL[4]                      ; clk_50       ; cpu_clk_out ; 20.000       ; 2.746      ; 10.813     ;
; 11.940 ; GAME_ROM:GAME|altsyncram:altsyncram_component|altsyncram_k1q3:auto_generated|ram_block1a2~porta_we_reg      ; T65:U1|BusB_r[7]                  ; clk_50       ; cpu_clk_out ; 20.000       ; 2.740      ; 10.801     ;
; 11.950 ; gosof80:SOUNDBOARD|SB_RAM:RIOT_RAM|altsyncram:altsyncram_component|altsyncram_18p3:auto_generated|q_a[7]    ; gosof80:SOUNDBOARD|T65:CPU|BAL[7] ; clk_50       ; cpu_clk_out ; 20.000       ; 2.781      ; 10.832     ;
; 11.952 ; RIOT_RAM:U6_RAM|altsyncram:altsyncram_component|altsyncram_48p3:auto_generated|q_a[1]                       ; T65:U1|BAL[7]                     ; clk_50       ; cpu_clk_out ; 20.000       ; 2.802      ; 10.851     ;
; 11.952 ; GAME_ROM:GAME|altsyncram:altsyncram_component|altsyncram_k1q3:auto_generated|ram_block1a2~porta_we_reg      ; T65:U1|BusB_r[6]                  ; clk_50       ; cpu_clk_out ; 20.000       ; 2.740      ; 10.789     ;
; 11.964 ; GAME_ROM:GAME|altsyncram:altsyncram_component|altsyncram_k1q3:auto_generated|ram_block1a0~porta_we_reg      ; T65:U1|BusB_r[2]                  ; clk_50       ; cpu_clk_out ; 20.000       ; 2.740      ; 10.777     ;
; 11.967 ; RIOT_RAM:U4_RAM|altsyncram:altsyncram_component|altsyncram_48p3:auto_generated|q_a[2]                       ; T65:U1|BAL[6]                     ; clk_50       ; cpu_clk_out ; 20.000       ; 2.803      ; 10.837     ;
; 11.972 ; SYSTEM_ROM:SYSTEM|altsyncram:altsyncram_component|altsyncram_s1q3:auto_generated|ram_block1a7~porta_we_reg  ; T65:U1|BAL[7]                     ; clk_50       ; cpu_clk_out ; 20.000       ; 2.757      ; 10.786     ;
; 11.973 ; GAME_ROM:GAME|altsyncram:altsyncram_component|altsyncram_k1q3:auto_generated|ram_block1a0~porta_we_reg      ; T65:U1|IR[4]                      ; clk_50       ; cpu_clk_out ; 20.000       ; 2.746      ; 10.774     ;
; 11.981 ; RIOT_RAM:U4_RAM|altsyncram:altsyncram_component|altsyncram_48p3:auto_generated|q_a[1]                       ; T65:U1|BAL[2]                     ; clk_50       ; cpu_clk_out ; 20.000       ; 2.802      ; 10.822     ;
+--------+-------------------------------------------------------------------------------------------------------------+-----------------------------------+--------------+-------------+--------------+------------+------------+


+---------------------------------------------------------------------------------------------------------------------------------------------------------------------------------------------------------------------------------------------------------------+
; Slow 1200mV 85C Model Hold: 'clk_50'                                                                                                                                                                                                                          ;
+-------+-------------------------------------------------------------------+-------------------------------------------------------------------------------------------------------------+--------------+-------------+--------------+------------+------------+
; Slack ; From Node                                                         ; To Node                                                                                                     ; Launch Clock ; Latch Clock ; Relationship ; Clock Skew ; Data Delay ;
+-------+-------------------------------------------------------------------+-------------------------------------------------------------------------------------------------------------+--------------+-------------+--------------+------------+------------+
; 0.407 ; EEprom:EEprom|data_eeprom[0]                                      ; R5101:Z5|altsyncram:altsyncram_component|altsyncram_jpq3:auto_generated|ram_block1a0~portb_datain_reg0      ; clk_50       ; clk_50      ; 0.000        ; 0.483      ; 1.144      ;
; 0.441 ; SD_Card:SD_CARD|data_sd_card[0]                                   ; GAME_ROM:GAME|altsyncram:altsyncram_component|altsyncram_k1q3:auto_generated|ram_block1a0~porta_datain_reg0 ; clk_50       ; clk_50      ; 0.000        ; 0.486      ; 1.181      ;
; 0.452 ; SD_Card:SD_CARD|SPI_Master:SD_CARD_ACCESS|spitxstate.spi_txactive ; SD_Card:SD_CARD|SPI_Master:SD_CARD_ACCESS|spitxstate.spi_txactive                                           ; clk_50       ; clk_50      ; 0.000        ; 0.082      ; 0.746      ;
; 0.452 ; gosof80:SOUNDBOARD|DFPlayer_Mini_CMD:DFP_send|txd                 ; gosof80:SOUNDBOARD|DFPlayer_Mini_CMD:DFP_send|txd                                                           ; clk_50       ; clk_50      ; 0.000        ; 0.082      ; 0.746      ;
; 0.452 ; count_to_zero:COUNT_INTS|int_count[0]                             ; count_to_zero:COUNT_INTS|int_count[0]                                                                       ; clk_50       ; clk_50      ; 0.000        ; 0.082      ; 0.746      ;
; 0.452 ; EEprom:EEprom|SPI_Master:EEPROM_WRITE|tx_reg[0]                   ; EEprom:EEprom|SPI_Master:EEPROM_WRITE|tx_reg[0]                                                             ; clk_50       ; clk_50      ; 0.000        ; 0.082      ; 0.746      ;
; 0.452 ; byte_to_ascii:CONVO|bytetoconvert[1]                              ; byte_to_ascii:CONVO|bytetoconvert[1]                                                                        ; clk_50       ; clk_50      ; 0.000        ; 0.082      ; 0.746      ;
; 0.452 ; SD_Card:SD_CARD|SPI_Master:SD_CARD_ACCESS|spitxstate.spi_etx      ; SD_Card:SD_CARD|SPI_Master:SD_CARD_ACCESS|spitxstate.spi_etx                                                ; clk_50       ; clk_50      ; 0.000        ; 0.082      ; 0.746      ;
; 0.452 ; byte_to_ascii:CONVS|bytetoconvert[1]                              ; byte_to_ascii:CONVS|bytetoconvert[1]                                                                        ; clk_50       ; clk_50      ; 0.000        ; 0.082      ; 0.746      ;
; 0.452 ; SD_Card:SD_CARD|SPI_Master:SD_CARD_ACCESS|spitxstate.spi_stx      ; SD_Card:SD_CARD|SPI_Master:SD_CARD_ACCESS|spitxstate.spi_stx                                                ; clk_50       ; clk_50      ; 0.000        ; 0.082      ; 0.746      ;
; 0.453 ; SD_Card:SD_CARD|SPI_Master:SD_CARD_READ|spitxstate.spi_stx        ; SD_Card:SD_CARD|SPI_Master:SD_CARD_READ|spitxstate.spi_stx                                                  ; clk_50       ; clk_50      ; 0.000        ; 0.081      ; 0.746      ;
; 0.453 ; SD_Card:SD_CARD|SPI_Master:SD_CARD_READ|spitxstate.spi_etx        ; SD_Card:SD_CARD|SPI_Master:SD_CARD_READ|spitxstate.spi_etx                                                  ; clk_50       ; clk_50      ; 0.000        ; 0.081      ; 0.746      ;
; 0.453 ; SD_Card:SD_CARD|state_A.check_sector_byte                         ; SD_Card:SD_CARD|state_A.check_sector_byte                                                                   ; clk_50       ; clk_50      ; 0.000        ; 0.081      ; 0.746      ;
; 0.453 ; SD_Card:SD_CARD|state_A.all_done                                  ; SD_Card:SD_CARD|state_A.all_done                                                                            ; clk_50       ; clk_50      ; 0.000        ; 0.081      ; 0.746      ;
; 0.453 ; EEprom:EEprom|SPI_Master:EEPROM_CMD|TX_Done                       ; EEprom:EEprom|SPI_Master:EEPROM_CMD|TX_Done                                                                 ; clk_50       ; clk_50      ; 0.000        ; 0.081      ; 0.746      ;
; 0.453 ; SD_Card:SD_CARD|SPI_Master:SD_CARD_READ|TX_Done                   ; SD_Card:SD_CARD|SPI_Master:SD_CARD_READ|TX_Done                                                             ; clk_50       ; clk_50      ; 0.000        ; 0.081      ; 0.746      ;
; 0.453 ; EEprom:EEprom|SPI_Master:EEPROM_CMD|spitxstate.spi_etx            ; EEprom:EEprom|SPI_Master:EEPROM_CMD|spitxstate.spi_etx                                                      ; clk_50       ; clk_50      ; 0.000        ; 0.081      ; 0.746      ;
; 0.453 ; SD_Card:SD_CARD|active_master[0]                                  ; SD_Card:SD_CARD|active_master[0]                                                                            ; clk_50       ; clk_50      ; 0.000        ; 0.081      ; 0.746      ;
; 0.453 ; SD_Card:SD_CARD|state_A.stop                                      ; SD_Card:SD_CARD|state_A.stop                                                                                ; clk_50       ; clk_50      ; 0.000        ; 0.081      ; 0.746      ;
; 0.453 ; SD_Card:SD_CARD|state_A.stop_read                                 ; SD_Card:SD_CARD|state_A.stop_read                                                                           ; clk_50       ; clk_50      ; 0.000        ; 0.081      ; 0.746      ;
; 0.453 ; EEprom:EEprom|SPI_Master:EEPROM_READ|TX_Done                      ; EEprom:EEprom|SPI_Master:EEPROM_READ|TX_Done                                                                ; clk_50       ; clk_50      ; 0.000        ; 0.081      ; 0.746      ;
; 0.453 ; SD_Card:SD_CARD|TX_Start_R                                        ; SD_Card:SD_CARD|TX_Start_R                                                                                  ; clk_50       ; clk_50      ; 0.000        ; 0.081      ; 0.746      ;
; 0.453 ; EEprom:EEprom|SPI_Master:EEPROM_WRITE|TX_Done                     ; EEprom:EEprom|SPI_Master:EEPROM_WRITE|TX_Done                                                               ; clk_50       ; clk_50      ; 0.000        ; 0.081      ; 0.746      ;
; 0.453 ; byte_to_ascii:CONVG|bytetoconvert[1]                              ; byte_to_ascii:CONVG|bytetoconvert[1]                                                                        ; clk_50       ; clk_50      ; 0.000        ; 0.081      ; 0.746      ;
; 0.453 ; EEprom:EEprom|SPI_Master:EEPROM_CMD|spitxstate.spi_stx            ; EEprom:EEprom|SPI_Master:EEPROM_CMD|spitxstate.spi_stx                                                      ; clk_50       ; clk_50      ; 0.000        ; 0.081      ; 0.746      ;
; 0.453 ; SD_Card:SD_CARD|SPI_Master:SD_CARD_READ|spitxstate.spi_txactive   ; SD_Card:SD_CARD|SPI_Master:SD_CARD_READ|spitxstate.spi_txactive                                             ; clk_50       ; clk_50      ; 0.000        ; 0.081      ; 0.746      ;
; 0.453 ; SD_Card:SD_CARD|state_A.wait_for_begin_of_data                    ; SD_Card:SD_CARD|state_A.wait_for_begin_of_data                                                              ; clk_50       ; clk_50      ; 0.000        ; 0.081      ; 0.746      ;
; 0.453 ; SD_Card:SD_CARD|state_A.continue                                  ; SD_Card:SD_CARD|state_A.continue                                                                            ; clk_50       ; clk_50      ; 0.000        ; 0.081      ; 0.746      ;
; 0.453 ; SD_Card:SD_CARD|state_A.wait_for_byte_read                        ; SD_Card:SD_CARD|state_A.wait_for_byte_read                                                                  ; clk_50       ; clk_50      ; 0.000        ; 0.081      ; 0.746      ;
; 0.453 ; sn74175:sn74175_Sound16|Q[1]                                      ; sn74175:sn74175_Sound16|Q[1]                                                                                ; clk_50       ; clk_50      ; 0.000        ; 0.081      ; 0.746      ;
; 0.453 ; SD_Card:SD_CARD|active_master[1]                                  ; SD_Card:SD_CARD|active_master[1]                                                                            ; clk_50       ; clk_50      ; 0.000        ; 0.081      ; 0.746      ;
; 0.453 ; SD_Card:SD_CARD|do_not_disable_SS                                 ; SD_Card:SD_CARD|do_not_disable_SS                                                                           ; clk_50       ; clk_50      ; 0.000        ; 0.081      ; 0.746      ;
; 0.453 ; SD_Card:SD_CARD|do_not_enable_SS                                  ; SD_Card:SD_CARD|do_not_enable_SS                                                                            ; clk_50       ; clk_50      ; 0.000        ; 0.081      ; 0.746      ;
; 0.453 ; byte_to_ascii:CONVG|bytetoconvert[7]                              ; byte_to_ascii:CONVG|bytetoconvert[7]                                                                        ; clk_50       ; clk_50      ; 0.000        ; 0.081      ; 0.746      ;
; 0.453 ; SD_Card:SD_CARD|SPI_Master:SD_CARD_ACCESS|tx_reg[0]               ; SD_Card:SD_CARD|SPI_Master:SD_CARD_ACCESS|tx_reg[0]                                                         ; clk_50       ; clk_50      ; 0.000        ; 0.081      ; 0.746      ;
; 0.453 ; SD_Card:SD_CARD|SPI_Master:SD_CARD_ACCESS|spiclk                  ; SD_Card:SD_CARD|SPI_Master:SD_CARD_ACCESS|spiclk                                                            ; clk_50       ; clk_50      ; 0.000        ; 0.081      ; 0.746      ;
; 0.453 ; EEprom:EEprom|SPI_Master:EEPROM_READ|bitcounter[5]                ; EEprom:EEprom|SPI_Master:EEPROM_READ|bitcounter[5]                                                          ; clk_50       ; clk_50      ; 0.000        ; 0.081      ; 0.746      ;
; 0.453 ; EEprom:EEprom|SPI_Master:EEPROM_READ|bitcounter[3]                ; EEprom:EEprom|SPI_Master:EEPROM_READ|bitcounter[3]                                                          ; clk_50       ; clk_50      ; 0.000        ; 0.081      ; 0.746      ;
; 0.453 ; EEprom:EEprom|SPI_Master:EEPROM_READ|bitcounter[2]                ; EEprom:EEprom|SPI_Master:EEPROM_READ|bitcounter[2]                                                          ; clk_50       ; clk_50      ; 0.000        ; 0.081      ; 0.746      ;
; 0.453 ; SD_Card:SD_CARD|SPI_Master:SD_CARD_READ|tx_reg[0]                 ; SD_Card:SD_CARD|SPI_Master:SD_CARD_READ|tx_reg[0]                                                           ; clk_50       ; clk_50      ; 0.000        ; 0.081      ; 0.746      ;
; 0.453 ; EEprom:EEprom|SPI_Master:EEPROM_READ|bitcounter[1]                ; EEprom:EEprom|SPI_Master:EEPROM_READ|bitcounter[1]                                                          ; clk_50       ; clk_50      ; 0.000        ; 0.081      ; 0.746      ;
; 0.453 ; EEprom:EEprom|SPI_Master:EEPROM_READ|bitcounter[0]                ; EEprom:EEprom|SPI_Master:EEPROM_READ|bitcounter[0]                                                          ; clk_50       ; clk_50      ; 0.000        ; 0.081      ; 0.746      ;
; 0.453 ; EEprom:EEprom|SPI_Master:EEPROM_READ|spiclk                       ; EEprom:EEprom|SPI_Master:EEPROM_READ|spiclk                                                                 ; clk_50       ; clk_50      ; 0.000        ; 0.081      ; 0.746      ;
; 0.453 ; EEprom:EEprom|SPI_Master:EEPROM_READ|bitcounter[4]                ; EEprom:EEprom|SPI_Master:EEPROM_READ|bitcounter[4]                                                          ; clk_50       ; clk_50      ; 0.000        ; 0.081      ; 0.746      ;
; 0.453 ; EEprom:EEprom|SPI_Master:EEPROM_STAT|rx_reg[0]                    ; EEprom:EEprom|SPI_Master:EEPROM_STAT|rx_reg[0]                                                              ; clk_50       ; clk_50      ; 0.000        ; 0.081      ; 0.746      ;
; 0.453 ; EEprom:EEprom|SPI_Master:EEPROM_WRITE|bitcounter[4]               ; EEprom:EEprom|SPI_Master:EEPROM_WRITE|bitcounter[4]                                                         ; clk_50       ; clk_50      ; 0.000        ; 0.081      ; 0.746      ;
; 0.453 ; EEprom:EEprom|SPI_Master:EEPROM_READ|tx_reg[8]                    ; EEprom:EEprom|SPI_Master:EEPROM_READ|tx_reg[8]                                                              ; clk_50       ; clk_50      ; 0.000        ; 0.081      ; 0.746      ;
; 0.453 ; EEprom:EEprom|SPI_Master:EEPROM_WRITE|bitcounter[5]               ; EEprom:EEprom|SPI_Master:EEPROM_WRITE|bitcounter[5]                                                         ; clk_50       ; clk_50      ; 0.000        ; 0.081      ; 0.746      ;
; 0.453 ; EEprom:EEprom|SPI_Master:EEPROM_WRITE|bitcounter[3]               ; EEprom:EEprom|SPI_Master:EEPROM_WRITE|bitcounter[3]                                                         ; clk_50       ; clk_50      ; 0.000        ; 0.081      ; 0.746      ;
; 0.453 ; EEprom:EEprom|SPI_Master:EEPROM_WRITE|bitcounter[1]               ; EEprom:EEprom|SPI_Master:EEPROM_WRITE|bitcounter[1]                                                         ; clk_50       ; clk_50      ; 0.000        ; 0.081      ; 0.746      ;
; 0.453 ; EEprom:EEprom|SPI_Master:EEPROM_WRITE|bitcounter[0]               ; EEprom:EEprom|SPI_Master:EEPROM_WRITE|bitcounter[0]                                                         ; clk_50       ; clk_50      ; 0.000        ; 0.081      ; 0.746      ;
; 0.453 ; EEprom:EEprom|SPI_Master:EEPROM_WRITE|spiclk                      ; EEprom:EEprom|SPI_Master:EEPROM_WRITE|spiclk                                                                ; clk_50       ; clk_50      ; 0.000        ; 0.081      ; 0.746      ;
; 0.453 ; EEprom:EEprom|SPI_Master:EEPROM_WRITE|bitcounter[2]               ; EEprom:EEprom|SPI_Master:EEPROM_WRITE|bitcounter[2]                                                         ; clk_50       ; clk_50      ; 0.000        ; 0.081      ; 0.746      ;
; 0.453 ; EEprom:EEprom|SPI_Master:EEPROM_CMD|bitcounter[1]                 ; EEprom:EEprom|SPI_Master:EEPROM_CMD|bitcounter[1]                                                           ; clk_50       ; clk_50      ; 0.000        ; 0.081      ; 0.746      ;
; 0.453 ; EEprom:EEprom|SPI_Master:EEPROM_CMD|bitcounter[2]                 ; EEprom:EEprom|SPI_Master:EEPROM_CMD|bitcounter[2]                                                           ; clk_50       ; clk_50      ; 0.000        ; 0.081      ; 0.746      ;
; 0.453 ; EEprom:EEprom|SPI_Master:EEPROM_CMD|spiclk                        ; EEprom:EEprom|SPI_Master:EEPROM_CMD|spiclk                                                                  ; clk_50       ; clk_50      ; 0.000        ; 0.081      ; 0.746      ;
; 0.453 ; EEprom:EEprom|SPI_Master:EEPROM_CMD|bitcounter[0]                 ; EEprom:EEprom|SPI_Master:EEPROM_CMD|bitcounter[0]                                                           ; clk_50       ; clk_50      ; 0.000        ; 0.081      ; 0.746      ;
; 0.453 ; EEprom:EEprom|SPI_Master:EEPROM_CMD|bitcounter[3]                 ; EEprom:EEprom|SPI_Master:EEPROM_CMD|bitcounter[3]                                                           ; clk_50       ; clk_50      ; 0.000        ; 0.081      ; 0.746      ;
; 0.453 ; EEprom:EEprom|SPI_Master:EEPROM_CMD|spitxstate.spi_txactive       ; EEprom:EEprom|SPI_Master:EEPROM_CMD|spitxstate.spi_txactive                                                 ; clk_50       ; clk_50      ; 0.000        ; 0.081      ; 0.746      ;
; 0.453 ; sn74175:sn74175_Game_O|Qn[0]                                      ; sn74175:sn74175_Game_O|Qn[0]                                                                                ; clk_50       ; clk_50      ; 0.000        ; 0.081      ; 0.746      ;
; 0.453 ; EEprom:EEprom|SPI_Master:EEPROM_STAT|tx_reg[8]                    ; EEprom:EEprom|SPI_Master:EEPROM_STAT|tx_reg[8]                                                              ; clk_50       ; clk_50      ; 0.000        ; 0.081      ; 0.746      ;
; 0.453 ; EEprom:EEprom|SPI_Master:EEPROM_CMD|tx_reg[1]                     ; EEprom:EEprom|SPI_Master:EEPROM_CMD|tx_reg[1]                                                               ; clk_50       ; clk_50      ; 0.000        ; 0.081      ; 0.746      ;
; 0.453 ; EEprom:EEprom|SPI_Master:EEPROM_CMD|SS                            ; EEprom:EEprom|SPI_Master:EEPROM_CMD|SS                                                                      ; clk_50       ; clk_50      ; 0.000        ; 0.081      ; 0.746      ;
; 0.453 ; SD_Card:SD_CARD|SPI_Master:SD_CARD_ACCESS|bitcounter[3]           ; SD_Card:SD_CARD|SPI_Master:SD_CARD_ACCESS|bitcounter[3]                                                     ; clk_50       ; clk_50      ; 0.000        ; 0.081      ; 0.746      ;
; 0.453 ; SD_Card:SD_CARD|SPI_Master:SD_CARD_ACCESS|SS                      ; SD_Card:SD_CARD|SPI_Master:SD_CARD_ACCESS|SS                                                                ; clk_50       ; clk_50      ; 0.000        ; 0.081      ; 0.746      ;
; 0.453 ; SD_Card:SD_CARD|SPI_Master:SD_CARD_ACCESS|bitcounter[2]           ; SD_Card:SD_CARD|SPI_Master:SD_CARD_ACCESS|bitcounter[2]                                                     ; clk_50       ; clk_50      ; 0.000        ; 0.081      ; 0.746      ;
; 0.453 ; SD_Card:SD_CARD|SPI_Master:SD_CARD_ACCESS|bitcounter[1]           ; SD_Card:SD_CARD|SPI_Master:SD_CARD_ACCESS|bitcounter[1]                                                     ; clk_50       ; clk_50      ; 0.000        ; 0.081      ; 0.746      ;
; 0.453 ; SD_Card:SD_CARD|SPI_Master:SD_CARD_ACCESS|bitcounter[0]           ; SD_Card:SD_CARD|SPI_Master:SD_CARD_ACCESS|bitcounter[0]                                                     ; clk_50       ; clk_50      ; 0.000        ; 0.081      ; 0.746      ;
; 0.453 ; SD_Card:SD_CARD|state_A.wait_for_read                             ; SD_Card:SD_CARD|state_A.wait_for_read                                                                       ; clk_50       ; clk_50      ; 0.000        ; 0.081      ; 0.746      ;
; 0.453 ; SD_Card:SD_CARD|TX_Start_A                                        ; SD_Card:SD_CARD|TX_Start_A                                                                                  ; clk_50       ; clk_50      ; 0.000        ; 0.081      ; 0.746      ;
; 0.453 ; SD_Card:SD_CARD|state_A.Startdelay                                ; SD_Card:SD_CARD|state_A.Startdelay                                                                          ; clk_50       ; clk_50      ; 0.000        ; 0.081      ; 0.746      ;
; 0.453 ; SD_Card:SD_CARD|state_A.delay_and_repeat                          ; SD_Card:SD_CARD|state_A.delay_and_repeat                                                                    ; clk_50       ; clk_50      ; 0.000        ; 0.081      ; 0.746      ;
; 0.453 ; SD_Card:SD_CARD|state_A.check_for_FE_flag                         ; SD_Card:SD_CARD|state_A.check_for_FE_flag                                                                   ; clk_50       ; clk_50      ; 0.000        ; 0.081      ; 0.746      ;
; 0.453 ; SD_Card:SD_CARD|SPI_Master:SD_CARD_ACCESS|TX_Done                 ; SD_Card:SD_CARD|SPI_Master:SD_CARD_ACCESS|TX_Done                                                           ; clk_50       ; clk_50      ; 0.000        ; 0.081      ; 0.746      ;
; 0.453 ; SD_Card:SD_CARD|state_A.error                                     ; SD_Card:SD_CARD|state_A.error                                                                               ; clk_50       ; clk_50      ; 0.000        ; 0.081      ; 0.746      ;
; 0.453 ; SD_Card:SD_CARD|SPI_Master:SD_CARD_READ|bitcounter[1]             ; SD_Card:SD_CARD|SPI_Master:SD_CARD_READ|bitcounter[1]                                                       ; clk_50       ; clk_50      ; 0.000        ; 0.081      ; 0.746      ;
; 0.453 ; gosof80:SOUNDBOARD|DFPlayer_Mini_CMD:DFP_send|state.Check         ; gosof80:SOUNDBOARD|DFPlayer_Mini_CMD:DFP_send|state.Check                                                   ; clk_50       ; clk_50      ; 0.000        ; 0.081      ; 0.746      ;
; 0.453 ; SD_Card:SD_CARD|SPI_Master:SD_CARD_READ|bitcounter[0]             ; SD_Card:SD_CARD|SPI_Master:SD_CARD_READ|bitcounter[0]                                                       ; clk_50       ; clk_50      ; 0.000        ; 0.081      ; 0.746      ;
; 0.453 ; SD_Card:SD_CARD|SPI_Master:SD_CARD_READ|bitcounter[2]             ; SD_Card:SD_CARD|SPI_Master:SD_CARD_READ|bitcounter[2]                                                       ; clk_50       ; clk_50      ; 0.000        ; 0.081      ; 0.746      ;
; 0.453 ; SD_Card:SD_CARD|SPI_Master:SD_CARD_READ|bitcounter[3]             ; SD_Card:SD_CARD|SPI_Master:SD_CARD_READ|bitcounter[3]                                                       ; clk_50       ; clk_50      ; 0.000        ; 0.081      ; 0.746      ;
; 0.453 ; gosof80:SOUNDBOARD|DFPlayer_Mini_CMD:DFP_send|state.Idle          ; gosof80:SOUNDBOARD|DFPlayer_Mini_CMD:DFP_send|state.Idle                                                    ; clk_50       ; clk_50      ; 0.000        ; 0.081      ; 0.746      ;
; 0.453 ; SD_Card:SD_CARD|SPI_Master:SD_CARD_READ|spiclk                    ; SD_Card:SD_CARD|SPI_Master:SD_CARD_READ|spiclk                                                              ; clk_50       ; clk_50      ; 0.000        ; 0.081      ; 0.746      ;
; 0.454 ; EEprom:EEprom|TX_Start_W                                          ; EEprom:EEprom|TX_Start_W                                                                                    ; clk_50       ; clk_50      ; 0.000        ; 0.080      ; 0.746      ;
; 0.454 ; EEprom:EEprom|WIP_bit                                             ; EEprom:EEprom|WIP_bit                                                                                       ; clk_50       ; clk_50      ; 0.000        ; 0.080      ; 0.746      ;
; 0.454 ; EEprom:EEprom|state.wait_for_Master_III                           ; EEprom:EEprom|state.wait_for_Master_III                                                                     ; clk_50       ; clk_50      ; 0.000        ; 0.080      ; 0.746      ;
; 0.454 ; EEprom:EEprom|SPI_Master:EEPROM_STAT|spitxstate.spi_etx           ; EEprom:EEprom|SPI_Master:EEPROM_STAT|spitxstate.spi_etx                                                     ; clk_50       ; clk_50      ; 0.000        ; 0.080      ; 0.746      ;
; 0.454 ; EEprom:EEprom|SPI_Master:EEPROM_READ|spitxstate.spi_etx           ; EEprom:EEprom|SPI_Master:EEPROM_READ|spitxstate.spi_etx                                                     ; clk_50       ; clk_50      ; 0.000        ; 0.080      ; 0.746      ;
; 0.454 ; EEprom:EEprom|SPI_Master:EEPROM_READ|spitxstate.spi_stx           ; EEprom:EEprom|SPI_Master:EEPROM_READ|spitxstate.spi_stx                                                     ; clk_50       ; clk_50      ; 0.000        ; 0.080      ; 0.746      ;
; 0.454 ; gosof80:SOUNDBOARD|SC01:SC01_Simu|AR                              ; gosof80:SOUNDBOARD|SC01:SC01_Simu|AR                                                                        ; clk_50       ; clk_50      ; 0.000        ; 0.080      ; 0.746      ;
; 0.454 ; EEprom:EEprom|state.Delay                                         ; EEprom:EEprom|state.Delay                                                                                   ; clk_50       ; clk_50      ; 0.000        ; 0.080      ; 0.746      ;
; 0.454 ; EEprom:EEprom|TX_Start_R                                          ; EEprom:EEprom|TX_Start_R                                                                                    ; clk_50       ; clk_50      ; 0.000        ; 0.080      ; 0.746      ;
; 0.454 ; EEprom:EEprom|state.wait_for_read                                 ; EEprom:EEprom|state.wait_for_read                                                                           ; clk_50       ; clk_50      ; 0.000        ; 0.080      ; 0.746      ;
; 0.454 ; EEprom:EEprom|state.wait_for_Master                               ; EEprom:EEprom|state.wait_for_Master                                                                         ; clk_50       ; clk_50      ; 0.000        ; 0.080      ; 0.746      ;
; 0.454 ; EEprom:EEprom|state.Delay2                                        ; EEprom:EEprom|state.Delay2                                                                                  ; clk_50       ; clk_50      ; 0.000        ; 0.080      ; 0.746      ;
; 0.454 ; EEprom:EEprom|state.wait_for_get_status_reg                       ; EEprom:EEprom|state.wait_for_get_status_reg                                                                 ; clk_50       ; clk_50      ; 0.000        ; 0.080      ; 0.746      ;
; 0.454 ; EEprom:EEprom|SPI_Master:EEPROM_STAT|TX_Done                      ; EEprom:EEprom|SPI_Master:EEPROM_STAT|TX_Done                                                                ; clk_50       ; clk_50      ; 0.000        ; 0.080      ; 0.746      ;
; 0.454 ; EEprom:EEprom|SPI_Master:EEPROM_STAT|spitxstate.spi_stx           ; EEprom:EEprom|SPI_Master:EEPROM_STAT|spitxstate.spi_stx                                                     ; clk_50       ; clk_50      ; 0.000        ; 0.080      ; 0.746      ;
; 0.454 ; EEprom:EEprom|TX_Start_Cmd                                        ; EEprom:EEprom|TX_Start_Cmd                                                                                  ; clk_50       ; clk_50      ; 0.000        ; 0.080      ; 0.746      ;
; 0.454 ; EEprom:EEprom|state.wait_for_Cmd_done                             ; EEprom:EEprom|state.wait_for_Cmd_done                                                                       ; clk_50       ; clk_50      ; 0.000        ; 0.080      ; 0.746      ;
; 0.454 ; gosof80:SOUNDBOARD|SC01:SC01_Simu|state.Speech                    ; gosof80:SOUNDBOARD|SC01:SC01_Simu|state.Speech                                                              ; clk_50       ; clk_50      ; 0.000        ; 0.080      ; 0.746      ;
+-------+-------------------------------------------------------------------+-------------------------------------------------------------------------------------------------------------+--------------+-------------+--------------+------------+------------+


+-------------------------------------------------------------------------------------------------------------------------------------------------------------------------------------------------------+
; Slow 1200mV 85C Model Hold: 'cpu_clk_out'                                                                                                                                                             ;
+-------+------------------------------------------------------------+------------------------------------------------------------+--------------+-------------+--------------+------------+------------+
; Slack ; From Node                                                  ; To Node                                                    ; Launch Clock ; Latch Clock ; Relationship ; Clock Skew ; Data Delay ;
+-------+------------------------------------------------------------+------------------------------------------------------------+--------------+-------------+--------------+------------+------------+
; 0.452 ; boot_message:BM|Din_Seg_B[4]                               ; boot_message:BM|Din_Seg_B[4]                               ; cpu_clk_out  ; cpu_clk_out ; 0.000        ; 0.082      ; 0.746      ;
; 0.452 ; T65:U1|P[7]                                                ; T65:U1|P[7]                                                ; cpu_clk_out  ; cpu_clk_out ; 0.000        ; 0.082      ; 0.746      ;
; 0.452 ; gosof80:SOUNDBOARD|T65:CPU|P[7]                            ; gosof80:SOUNDBOARD|T65:CPU|P[7]                            ; cpu_clk_out  ; cpu_clk_out ; 0.000        ; 0.082      ; 0.746      ;
; 0.452 ; T65:U1|BAL[8]                                              ; T65:U1|BAL[8]                                              ; cpu_clk_out  ; cpu_clk_out ; 0.000        ; 0.082      ; 0.746      ;
; 0.452 ; gosof80:SOUNDBOARD|T65:CPU|P[1]                            ; gosof80:SOUNDBOARD|T65:CPU|P[1]                            ; cpu_clk_out  ; cpu_clk_out ; 0.000        ; 0.082      ; 0.746      ;
; 0.452 ; T65:U1|MCycle[2]                                           ; T65:U1|MCycle[2]                                           ; cpu_clk_out  ; cpu_clk_out ; 0.000        ; 0.082      ; 0.746      ;
; 0.452 ; T65:U1|MCycle[1]                                           ; T65:U1|MCycle[1]                                           ; cpu_clk_out  ; cpu_clk_out ; 0.000        ; 0.082      ; 0.746      ;
; 0.452 ; T65:U1|IRQ_n_o                                             ; T65:U1|IRQ_n_o                                             ; cpu_clk_out  ; cpu_clk_out ; 0.000        ; 0.082      ; 0.746      ;
; 0.452 ; gosof80:SOUNDBOARD|T65:CPU|MCycle[2]                       ; gosof80:SOUNDBOARD|T65:CPU|MCycle[2]                       ; cpu_clk_out  ; cpu_clk_out ; 0.000        ; 0.082      ; 0.746      ;
; 0.452 ; read_the_dips:RDIPS|state.Idle                             ; read_the_dips:RDIPS|state.Idle                             ; cpu_clk_out  ; cpu_clk_out ; 0.000        ; 0.082      ; 0.746      ;
; 0.452 ; gosof80:SOUNDBOARD|T65:CPU|MCycle[1]                       ; gosof80:SOUNDBOARD|T65:CPU|MCycle[1]                       ; cpu_clk_out  ; cpu_clk_out ; 0.000        ; 0.082      ; 0.746      ;
; 0.452 ; T65:U1|P[1]                                                ; T65:U1|P[1]                                                ; cpu_clk_out  ; cpu_clk_out ; 0.000        ; 0.082      ; 0.746      ;
; 0.452 ; T65:U1|BusB_r[0]                                           ; T65:U1|BusB_r[0]                                           ; cpu_clk_out  ; cpu_clk_out ; 0.000        ; 0.082      ; 0.746      ;
; 0.452 ; boot_message:BM|bm_digit_strobe[3]                         ; boot_message:BM|bm_digit_strobe[3]                         ; cpu_clk_out  ; cpu_clk_out ; 0.000        ; 0.082      ; 0.746      ;
; 0.452 ; boot_message:BM|bm_digit_strobe[1]                         ; boot_message:BM|bm_digit_strobe[1]                         ; cpu_clk_out  ; cpu_clk_out ; 0.000        ; 0.082      ; 0.746      ;
; 0.452 ; boot_message:BM|Din_Seg_B[5]                               ; boot_message:BM|Din_Seg_B[5]                               ; cpu_clk_out  ; cpu_clk_out ; 0.000        ; 0.082      ; 0.746      ;
; 0.453 ; detect_sw:detect_test_sw|state.Idle                        ; detect_sw:detect_test_sw|state.Idle                        ; cpu_clk_out  ; cpu_clk_out ; 0.000        ; 0.081      ; 0.746      ;
; 0.453 ; detect_sw_trigger:detect_credit_sw_trigger|state.wait_open ; detect_sw_trigger:detect_credit_sw_trigger|state.wait_open ; cpu_clk_out  ; cpu_clk_out ; 0.000        ; 0.081      ; 0.746      ;
; 0.453 ; detect_sw_trigger:detect_credit_sw_trigger|state.Idle      ; detect_sw_trigger:detect_credit_sw_trigger|state.Idle      ; cpu_clk_out  ; cpu_clk_out ; 0.000        ; 0.081      ; 0.746      ;
; 0.453 ; detect_sw:detect_credit_sw|long_push                       ; detect_sw:detect_credit_sw|long_push                       ; cpu_clk_out  ; cpu_clk_out ; 0.000        ; 0.081      ; 0.746      ;
; 0.453 ; detect_sw:detect_credit_sw|state.Idle                      ; detect_sw:detect_credit_sw|state.Idle                      ; cpu_clk_out  ; cpu_clk_out ; 0.000        ; 0.081      ; 0.746      ;
; 0.453 ; detect_sw:detect_credit_sw|state.counting                  ; detect_sw:detect_credit_sw|state.counting                  ; cpu_clk_out  ; cpu_clk_out ; 0.000        ; 0.081      ; 0.746      ;
; 0.453 ; gosof80:SOUNDBOARD|T65:CPU|BusB_r[0]                       ; gosof80:SOUNDBOARD|T65:CPU|BusB_r[0]                       ; cpu_clk_out  ; cpu_clk_out ; 0.000        ; 0.081      ; 0.746      ;
; 0.453 ; detect_sw:detect_test_sw|state.counting                    ; detect_sw:detect_test_sw|state.counting                    ; cpu_clk_out  ; cpu_clk_out ; 0.000        ; 0.081      ; 0.746      ;
; 0.453 ; detect_sw_trigger:detect_credit_sw_trigger|state.counting  ; detect_sw_trigger:detect_credit_sw_trigger|state.counting  ; cpu_clk_out  ; cpu_clk_out ; 0.000        ; 0.081      ; 0.746      ;
; 0.453 ; detect_sw:detect_test_sw|state.delay                       ; detect_sw:detect_test_sw|state.delay                       ; cpu_clk_out  ; cpu_clk_out ; 0.000        ; 0.081      ; 0.746      ;
; 0.453 ; anti_thunk:AT|count_ds[3]                                  ; anti_thunk:AT|count_ds[3]                                  ; cpu_clk_out  ; cpu_clk_out ; 0.000        ; 0.081      ; 0.746      ;
; 0.453 ; anti_thunk:AT|count_ds[2]                                  ; anti_thunk:AT|count_ds[2]                                  ; cpu_clk_out  ; cpu_clk_out ; 0.000        ; 0.081      ; 0.746      ;
; 0.453 ; anti_thunk:AT|count_ds[1]                                  ; anti_thunk:AT|count_ds[1]                                  ; cpu_clk_out  ; cpu_clk_out ; 0.000        ; 0.081      ; 0.746      ;
; 0.453 ; boot_message:BM|bm_digit_strobe[0]                         ; boot_message:BM|bm_digit_strobe[0]                         ; cpu_clk_out  ; cpu_clk_out ; 0.000        ; 0.081      ; 0.746      ;
; 0.453 ; detect_sw:detect_credit_sw|state.delay                     ; detect_sw:detect_credit_sw|state.delay                     ; cpu_clk_out  ; cpu_clk_out ; 0.000        ; 0.081      ; 0.746      ;
; 0.454 ; gosof80:SOUNDBOARD|R6532:RIOT|s_irq_timer_en               ; gosof80:SOUNDBOARD|R6532:RIOT|s_irq_timer_en               ; cpu_clk_out  ; cpu_clk_out ; 0.000        ; 0.080      ; 0.746      ;
; 0.454 ; gosof80:SOUNDBOARD|R6532:RIOT|s_irq_timer                  ; gosof80:SOUNDBOARD|R6532:RIOT|s_irq_timer                  ; cpu_clk_out  ; cpu_clk_out ; 0.000        ; 0.080      ; 0.746      ;
; 0.454 ; R6532:U4_IO|s_irq_timer_en                                 ; R6532:U4_IO|s_irq_timer_en                                 ; cpu_clk_out  ; cpu_clk_out ; 0.000        ; 0.080      ; 0.746      ;
; 0.454 ; R6532:U5_IO|s_irq_timer_en                                 ; R6532:U5_IO|s_irq_timer_en                                 ; cpu_clk_out  ; cpu_clk_out ; 0.000        ; 0.080      ; 0.746      ;
; 0.454 ; R6532:U6_IO|s_irq_timer_en                                 ; R6532:U6_IO|s_irq_timer_en                                 ; cpu_clk_out  ; cpu_clk_out ; 0.000        ; 0.080      ; 0.746      ;
; 0.454 ; R6532:U5_IO|s_irq_timer                                    ; R6532:U5_IO|s_irq_timer                                    ; cpu_clk_out  ; cpu_clk_out ; 0.000        ; 0.080      ; 0.746      ;
; 0.454 ; R6532:U4_IO|s_irq_timer                                    ; R6532:U4_IO|s_irq_timer                                    ; cpu_clk_out  ; cpu_clk_out ; 0.000        ; 0.080      ; 0.746      ;
; 0.454 ; R6532:U6_IO|s_dout[7]                                      ; R6532:U6_IO|s_dout[7]                                      ; cpu_clk_out  ; cpu_clk_out ; 0.000        ; 0.080      ; 0.746      ;
; 0.454 ; R6532:U6_IO|s_irq_timer                                    ; R6532:U6_IO|s_irq_timer                                    ; cpu_clk_out  ; cpu_clk_out ; 0.000        ; 0.080      ; 0.746      ;
; 0.464 ; T65:U1|MCycle[0]                                           ; T65:U1|MCycle[0]                                           ; cpu_clk_out  ; cpu_clk_out ; 0.000        ; 0.082      ; 0.758      ;
; 0.464 ; gosof80:SOUNDBOARD|T65:CPU|MCycle[0]                       ; gosof80:SOUNDBOARD|T65:CPU|MCycle[0]                       ; cpu_clk_out  ; cpu_clk_out ; 0.000        ; 0.082      ; 0.758      ;
; 0.491 ; gosof80:SOUNDBOARD|T65:CPU|NMI_entered                     ; gosof80:SOUNDBOARD|T65:CPU|NMIAct                          ; cpu_clk_out  ; cpu_clk_out ; 0.000        ; 0.082      ; 0.785      ;
; 0.495 ; R6532:U6_IO|s_irq_timer                                    ; R6532:U6_IO|irq_n                                          ; cpu_clk_out  ; cpu_clk_out ; 0.000        ; 0.080      ; 0.787      ;
; 0.499 ; Cross_Slow_To_Fast_Clock_Bus:META2|r1_Data[6]              ; Cross_Slow_To_Fast_Clock_Bus:META2|r2_Data[6]              ; cpu_clk_out  ; cpu_clk_out ; 0.000        ; 0.082      ; 0.793      ;
; 0.501 ; Cross_Slow_To_Fast_Clock_Bus:META2|r1_Data[7]              ; Cross_Slow_To_Fast_Clock_Bus:META2|r2_Data[7]              ; cpu_clk_out  ; cpu_clk_out ; 0.000        ; 0.081      ; 0.794      ;
; 0.501 ; Cross_Slow_To_Fast_Clock_Bus:META2|r1_Data[4]              ; Cross_Slow_To_Fast_Clock_Bus:META2|r2_Data[4]              ; cpu_clk_out  ; cpu_clk_out ; 0.000        ; 0.082      ; 0.795      ;
; 0.501 ; Cross_Slow_To_Fast_Clock_Bus:META2|r1_Data[2]              ; Cross_Slow_To_Fast_Clock_Bus:META2|r2_Data[2]              ; cpu_clk_out  ; cpu_clk_out ; 0.000        ; 0.081      ; 0.794      ;
; 0.501 ; Cross_Slow_To_Fast_Clock_Bus:META2|r1_Data[0]              ; Cross_Slow_To_Fast_Clock_Bus:META2|r2_Data[0]              ; cpu_clk_out  ; cpu_clk_out ; 0.000        ; 0.082      ; 0.795      ;
; 0.502 ; Cross_Slow_To_Fast_Clock:META1|r1_Data                     ; Cross_Slow_To_Fast_Clock:META1|r2_Data                     ; cpu_clk_out  ; cpu_clk_out ; 0.000        ; 0.082      ; 0.796      ;
; 0.502 ; Cross_Slow_To_Fast_Clock_Bus:META2|r1_Data[1]              ; Cross_Slow_To_Fast_Clock_Bus:META2|r2_Data[1]              ; cpu_clk_out  ; cpu_clk_out ; 0.000        ; 0.081      ; 0.795      ;
; 0.502 ; Cross_Slow_To_Fast_Clock_Bus:META2|r2_Data[7]              ; Cross_Slow_To_Fast_Clock_Bus:META2|o_Q[7]                  ; cpu_clk_out  ; cpu_clk_out ; 0.000        ; 0.081      ; 0.795      ;
; 0.510 ; R6532:U5_IO|s_irq_timer                                    ; R6532:U5_IO|irq_n                                          ; cpu_clk_out  ; cpu_clk_out ; 0.000        ; 0.080      ; 0.802      ;
; 0.518 ; detect_sw:detect_credit_sw|state.Idle                      ; detect_sw:detect_credit_sw|long_push                       ; cpu_clk_out  ; cpu_clk_out ; 0.000        ; 0.081      ; 0.811      ;
; 0.518 ; anti_thunk:AT|count_ds[1]                                  ; anti_thunk:AT|count_ds[3]                                  ; cpu_clk_out  ; cpu_clk_out ; 0.000        ; 0.081      ; 0.811      ;
; 0.531 ; anti_thunk:AT|count_ds[0]                                  ; anti_thunk:AT|count_ds[1]                                  ; cpu_clk_out  ; cpu_clk_out ; 0.000        ; 0.081      ; 0.824      ;
; 0.533 ; anti_thunk:AT|count_ds[0]                                  ; anti_thunk:AT|count_ds[2]                                  ; cpu_clk_out  ; cpu_clk_out ; 0.000        ; 0.081      ; 0.826      ;
; 0.625 ; gosof80:SOUNDBOARD|R6532:RIOT|s_irq_timer_en               ; gosof80:SOUNDBOARD|R6532:RIOT|irq_n                        ; cpu_clk_out  ; cpu_clk_out ; 0.000        ; 0.080      ; 0.917      ;
; 0.630 ; read_the_dips:RDIPS|state.Read3                            ; read_the_dips:RDIPS|strobes[3]                             ; cpu_clk_out  ; cpu_clk_out ; 0.000        ; 0.082      ; 0.924      ;
; 0.633 ; read_the_dips:RDIPS|state.Read2                            ; read_the_dips:RDIPS|strobes[2]                             ; cpu_clk_out  ; cpu_clk_out ; 0.000        ; 0.082      ; 0.927      ;
; 0.646 ; read_the_dips:RDIPS|state.Read3                            ; read_the_dips:RDIPS|state.Read4                            ; cpu_clk_out  ; cpu_clk_out ; 0.000        ; 0.082      ; 0.940      ;
; 0.648 ; read_the_dips:RDIPS|state.Read2                            ; read_the_dips:RDIPS|state.Read3                            ; cpu_clk_out  ; cpu_clk_out ; 0.000        ; 0.082      ; 0.942      ;
; 0.657 ; read_the_dips:RDIPS|state.Start                            ; read_the_dips:RDIPS|state.Read1                            ; cpu_clk_out  ; cpu_clk_out ; 0.000        ; 0.082      ; 0.951      ;
; 0.665 ; gosof80:SOUNDBOARD|T65:CPU|RstCycle                        ; gosof80:SOUNDBOARD|T65:CPU|P[2]                            ; cpu_clk_out  ; cpu_clk_out ; 0.000        ; 0.082      ; 0.959      ;
; 0.689 ; Cross_Slow_To_Fast_Clock:META1|o_Q                         ; read_the_dips:RDIPS|state.Read2                            ; cpu_clk_out  ; cpu_clk_out ; 0.000        ; 0.082      ; 0.983      ;
; 0.692 ; read_the_dips:RDIPS|state.Read1                            ; read_the_dips:RDIPS|state.Read2                            ; cpu_clk_out  ; cpu_clk_out ; 0.000        ; 0.082      ; 0.986      ;
; 0.697 ; T65:U1|Res_n_d                                             ; T65:U1|Res_n_i                                             ; cpu_clk_out  ; cpu_clk_out ; 0.000        ; 0.082      ; 0.991      ;
; 0.698 ; Cross_Slow_To_Fast_Clock_Bus:META2|r2_Data[0]              ; Cross_Slow_To_Fast_Clock_Bus:META2|o_Q[0]                  ; cpu_clk_out  ; cpu_clk_out ; 0.000        ; 0.082      ; 0.992      ;
; 0.699 ; Cross_Slow_To_Fast_Clock_Bus:META2|r2_Data[1]              ; Cross_Slow_To_Fast_Clock_Bus:META2|o_Q[1]                  ; cpu_clk_out  ; cpu_clk_out ; 0.000        ; 0.081      ; 0.992      ;
; 0.699 ; Cross_Slow_To_Fast_Clock_Bus:META2|r2_Data[4]              ; Cross_Slow_To_Fast_Clock_Bus:META2|o_Q[4]                  ; cpu_clk_out  ; cpu_clk_out ; 0.000        ; 0.082      ; 0.993      ;
; 0.699 ; Cross_Slow_To_Fast_Clock:META1|r2_Data                     ; Cross_Slow_To_Fast_Clock:META1|o_Q                         ; cpu_clk_out  ; cpu_clk_out ; 0.000        ; 0.082      ; 0.993      ;
; 0.699 ; Cross_Slow_To_Fast_Clock_Bus:META2|r2_Data[3]              ; Cross_Slow_To_Fast_Clock_Bus:META2|o_Q[3]                  ; cpu_clk_out  ; cpu_clk_out ; 0.000        ; 0.082      ; 0.993      ;
; 0.699 ; Cross_Slow_To_Fast_Clock_Bus:META2|r2_Data[6]              ; Cross_Slow_To_Fast_Clock_Bus:META2|o_Q[6]                  ; cpu_clk_out  ; cpu_clk_out ; 0.000        ; 0.082      ; 0.993      ;
; 0.699 ; read_the_dips:RDIPS|state.Read1                            ; read_the_dips:RDIPS|strobes[1]                             ; cpu_clk_out  ; cpu_clk_out ; 0.000        ; 0.082      ; 0.993      ;
; 0.701 ; Cross_Slow_To_Fast_Clock_Bus:META2|r2_Data[5]              ; Cross_Slow_To_Fast_Clock_Bus:META2|o_Q[5]                  ; cpu_clk_out  ; cpu_clk_out ; 0.000        ; 0.081      ; 0.994      ;
; 0.702 ; Cross_Slow_To_Fast_Clock_Bus:META2|r2_Data[2]              ; Cross_Slow_To_Fast_Clock_Bus:META2|o_Q[2]                  ; cpu_clk_out  ; cpu_clk_out ; 0.000        ; 0.081      ; 0.995      ;
; 0.704 ; anti_thunk:AT|count[14]                                    ; anti_thunk:AT|count[14]                                    ; cpu_clk_out  ; cpu_clk_out ; 0.000        ; 0.080      ; 0.996      ;
; 0.718 ; gosof80:SOUNDBOARD|T65:CPU|IR[6]                           ; gosof80:SOUNDBOARD|T65:CPU|ALU_Op_r.ALU_OP_OR              ; cpu_clk_out  ; cpu_clk_out ; 0.000        ; 0.082      ; 1.012      ;
; 0.722 ; R6532:U4_IO|s_irq_pa7_en                                   ; R6532:U4_IO|irq_n                                          ; cpu_clk_out  ; cpu_clk_out ; 0.000        ; 0.079      ; 1.013      ;
; 0.723 ; gosof80:SOUNDBOARD|T65:CPU|IR[6]                           ; gosof80:SOUNDBOARD|T65:CPU|ALU_Op_r.ALU_OP_ASL             ; cpu_clk_out  ; cpu_clk_out ; 0.000        ; 0.082      ; 1.017      ;
; 0.725 ; gosof80:SOUNDBOARD|T65:CPU|IR[6]                           ; gosof80:SOUNDBOARD|T65:CPU|ALU_Op_r.ALU_OP_ROL             ; cpu_clk_out  ; cpu_clk_out ; 0.000        ; 0.082      ; 1.019      ;
; 0.731 ; gosof80:SOUNDBOARD|T65:CPU|IR[6]                           ; gosof80:SOUNDBOARD|T65:CPU|ALU_Op_r.ALU_OP_LSR             ; cpu_clk_out  ; cpu_clk_out ; 0.000        ; 0.082      ; 1.025      ;
; 0.732 ; gosof80:SOUNDBOARD|T65:CPU|MCycle[0]                       ; gosof80:SOUNDBOARD|T65:CPU|MCycle[1]                       ; cpu_clk_out  ; cpu_clk_out ; 0.000        ; 0.082      ; 1.026      ;
; 0.733 ; read_the_dips:RDIPS|state.Start                            ; read_the_dips:RDIPS|strobes[0]                             ; cpu_clk_out  ; cpu_clk_out ; 0.000        ; 0.082      ; 1.027      ;
; 0.735 ; gosof80:SOUNDBOARD|T65:CPU|MCycle[0]                       ; gosof80:SOUNDBOARD|T65:CPU|MCycle[2]                       ; cpu_clk_out  ; cpu_clk_out ; 0.000        ; 0.082      ; 1.029      ;
; 0.738 ; gosof80:SOUNDBOARD|T65:CPU|IR[6]                           ; gosof80:SOUNDBOARD|T65:CPU|ALU_Op_r.ALU_OP_ROR             ; cpu_clk_out  ; cpu_clk_out ; 0.000        ; 0.082      ; 1.032      ;
; 0.739 ; gosof80:SOUNDBOARD|T65:CPU|IR[6]                           ; gosof80:SOUNDBOARD|T65:CPU|ALU_Op_r.ALU_OP_EOR             ; cpu_clk_out  ; cpu_clk_out ; 0.000        ; 0.082      ; 1.033      ;
; 0.741 ; detect_sw:detect_credit_sw|check_counter[9]                ; detect_sw:detect_credit_sw|check_counter[9]                ; cpu_clk_out  ; cpu_clk_out ; 0.000        ; 0.082      ; 1.035      ;
; 0.741 ; detect_sw:detect_test_sw|closed_counter[9]                 ; detect_sw:detect_test_sw|closed_counter[9]                 ; cpu_clk_out  ; cpu_clk_out ; 0.000        ; 0.082      ; 1.035      ;
; 0.741 ; detect_sw:detect_credit_sw|closed_counter[9]               ; detect_sw:detect_credit_sw|closed_counter[9]               ; cpu_clk_out  ; cpu_clk_out ; 0.000        ; 0.082      ; 1.035      ;
; 0.742 ; detect_sw:detect_credit_sw|check_counter[7]                ; detect_sw:detect_credit_sw|check_counter[7]                ; cpu_clk_out  ; cpu_clk_out ; 0.000        ; 0.082      ; 1.036      ;
; 0.742 ; detect_sw:detect_test_sw|closed_counter[7]                 ; detect_sw:detect_test_sw|closed_counter[7]                 ; cpu_clk_out  ; cpu_clk_out ; 0.000        ; 0.082      ; 1.036      ;
; 0.742 ; detect_sw:detect_credit_sw|closed_counter[7]               ; detect_sw:detect_credit_sw|closed_counter[7]               ; cpu_clk_out  ; cpu_clk_out ; 0.000        ; 0.082      ; 1.036      ;
; 0.743 ; detect_sw:detect_credit_sw|check_counter[1]                ; detect_sw:detect_credit_sw|check_counter[1]                ; cpu_clk_out  ; cpu_clk_out ; 0.000        ; 0.082      ; 1.037      ;
; 0.743 ; detect_sw:detect_test_sw|closed_counter[17]                ; detect_sw:detect_test_sw|closed_counter[17]                ; cpu_clk_out  ; cpu_clk_out ; 0.000        ; 0.082      ; 1.037      ;
; 0.743 ; detect_sw:detect_test_sw|closed_counter[15]                ; detect_sw:detect_test_sw|closed_counter[15]                ; cpu_clk_out  ; cpu_clk_out ; 0.000        ; 0.082      ; 1.037      ;
; 0.743 ; detect_sw:detect_test_sw|closed_counter[1]                 ; detect_sw:detect_test_sw|closed_counter[1]                 ; cpu_clk_out  ; cpu_clk_out ; 0.000        ; 0.082      ; 1.037      ;
; 0.743 ; detect_sw:detect_test_sw|check_counter[9]                  ; detect_sw:detect_test_sw|check_counter[9]                  ; cpu_clk_out  ; cpu_clk_out ; 0.000        ; 0.080      ; 1.035      ;
; 0.743 ; detect_sw:detect_credit_sw|closed_counter[15]              ; detect_sw:detect_credit_sw|closed_counter[15]              ; cpu_clk_out  ; cpu_clk_out ; 0.000        ; 0.082      ; 1.037      ;
; 0.743 ; detect_sw:detect_credit_sw|closed_counter[1]               ; detect_sw:detect_credit_sw|closed_counter[1]               ; cpu_clk_out  ; cpu_clk_out ; 0.000        ; 0.082      ; 1.037      ;
+-------+------------------------------------------------------------+------------------------------------------------------------+--------------+-------------+--------------+------------+------------+


+-------------------------------------------------------------------------------------------------------------------------------------------------------------------------------+
; Slow 1200mV 85C Model Recovery: 'clk_50'                                                                                                                                      ;
+--------+--------------------------------+---------------------------------------------------------------+--------------+-------------+--------------+------------+------------+
; Slack  ; From Node                      ; To Node                                                       ; Launch Clock ; Latch Clock ; Relationship ; Clock Skew ; Data Delay ;
+--------+--------------------------------+---------------------------------------------------------------+--------------+-------------+--------------+------------+------------+
; 15.213 ; count_to_zero:COUNT_INTS|d_out ; gosof80:SOUNDBOARD|DFPlayer_Mini_CMD:DFP_send|txd             ; clk_50       ; clk_50      ; 20.000       ; -0.108     ; 4.680      ;
; 15.214 ; count_to_zero:COUNT_INTS|d_out ; gosof80:SOUNDBOARD|DFPlayer_Mini_CMD:DFP_send|state.Delay     ; clk_50       ; clk_50      ; 20.000       ; -0.109     ; 4.678      ;
; 15.214 ; count_to_zero:COUNT_INTS|d_out ; gosof80:SOUNDBOARD|DFPlayer_Mini_CMD:DFP_send|state.Idle      ; clk_50       ; clk_50      ; 20.000       ; -0.109     ; 4.678      ;
; 15.214 ; count_to_zero:COUNT_INTS|d_out ; gosof80:SOUNDBOARD|DFPlayer_Mini_CMD:DFP_send|state.Check     ; clk_50       ; clk_50      ; 20.000       ; -0.109     ; 4.678      ;
; 15.214 ; count_to_zero:COUNT_INTS|d_out ; gosof80:SOUNDBOARD|DFPlayer_Mini_CMD:DFP_send|state.Send      ; clk_50       ; clk_50      ; 20.000       ; -0.109     ; 4.678      ;
; 15.220 ; count_to_zero:COUNT_INTS|d_out ; gosof80:SOUNDBOARD|DFPlayer_Mini_CMD:DFP_send|r_Clk_Count[3]  ; clk_50       ; clk_50      ; 20.000       ; -0.096     ; 4.685      ;
; 15.220 ; count_to_zero:COUNT_INTS|d_out ; gosof80:SOUNDBOARD|DFPlayer_Mini_CMD:DFP_send|r_Clk_Count[7]  ; clk_50       ; clk_50      ; 20.000       ; -0.096     ; 4.685      ;
; 15.220 ; count_to_zero:COUNT_INTS|d_out ; gosof80:SOUNDBOARD|DFPlayer_Mini_CMD:DFP_send|r_Clk_Count[4]  ; clk_50       ; clk_50      ; 20.000       ; -0.096     ; 4.685      ;
; 15.220 ; count_to_zero:COUNT_INTS|d_out ; gosof80:SOUNDBOARD|DFPlayer_Mini_CMD:DFP_send|r_Clk_Count[1]  ; clk_50       ; clk_50      ; 20.000       ; -0.096     ; 4.685      ;
; 15.220 ; count_to_zero:COUNT_INTS|d_out ; gosof80:SOUNDBOARD|DFPlayer_Mini_CMD:DFP_send|r_Clk_Count[2]  ; clk_50       ; clk_50      ; 20.000       ; -0.096     ; 4.685      ;
; 15.220 ; count_to_zero:COUNT_INTS|d_out ; gosof80:SOUNDBOARD|DFPlayer_Mini_CMD:DFP_send|r_Clk_Count[5]  ; clk_50       ; clk_50      ; 20.000       ; -0.096     ; 4.685      ;
; 15.220 ; count_to_zero:COUNT_INTS|d_out ; gosof80:SOUNDBOARD|DFPlayer_Mini_CMD:DFP_send|r_Clk_Count[11] ; clk_50       ; clk_50      ; 20.000       ; -0.096     ; 4.685      ;
; 15.220 ; count_to_zero:COUNT_INTS|d_out ; gosof80:SOUNDBOARD|DFPlayer_Mini_CMD:DFP_send|r_Clk_Count[12] ; clk_50       ; clk_50      ; 20.000       ; -0.096     ; 4.685      ;
; 15.220 ; count_to_zero:COUNT_INTS|d_out ; gosof80:SOUNDBOARD|DFPlayer_Mini_CMD:DFP_send|r_Clk_Count[0]  ; clk_50       ; clk_50      ; 20.000       ; -0.096     ; 4.685      ;
; 15.220 ; count_to_zero:COUNT_INTS|d_out ; gosof80:SOUNDBOARD|DFPlayer_Mini_CMD:DFP_send|r_Clk_Count[10] ; clk_50       ; clk_50      ; 20.000       ; -0.096     ; 4.685      ;
; 15.220 ; count_to_zero:COUNT_INTS|d_out ; gosof80:SOUNDBOARD|DFPlayer_Mini_CMD:DFP_send|r_Clk_Count[6]  ; clk_50       ; clk_50      ; 20.000       ; -0.096     ; 4.685      ;
; 15.220 ; count_to_zero:COUNT_INTS|d_out ; gosof80:SOUNDBOARD|DFPlayer_Mini_CMD:DFP_send|r_Clk_Count[9]  ; clk_50       ; clk_50      ; 20.000       ; -0.096     ; 4.685      ;
; 15.220 ; count_to_zero:COUNT_INTS|d_out ; gosof80:SOUNDBOARD|DFPlayer_Mini_CMD:DFP_send|r_Clk_Count[8]  ; clk_50       ; clk_50      ; 20.000       ; -0.096     ; 4.685      ;
; 15.677 ; SD_Card:SD_CARD|cpu_reset_l    ; sn74175:sn74175_80B_1|Qn[3]                                   ; clk_50       ; clk_50      ; 20.000       ; -0.090     ; 4.234      ;
; 15.677 ; SD_Card:SD_CARD|cpu_reset_l    ; sn74175:sn74175_80B_1|Qn[2]                                   ; clk_50       ; clk_50      ; 20.000       ; -0.090     ; 4.234      ;
; 15.677 ; SD_Card:SD_CARD|cpu_reset_l    ; sn74175:sn74175_80B_1|Qn[1]                                   ; clk_50       ; clk_50      ; 20.000       ; -0.090     ; 4.234      ;
; 15.677 ; SD_Card:SD_CARD|cpu_reset_l    ; sn74175:sn74175_80B_1|Qn[0]                                   ; clk_50       ; clk_50      ; 20.000       ; -0.090     ; 4.234      ;
; 16.202 ; SD_Card:SD_CARD|cpu_reset_l    ; EEprom:EEprom|c_count[7]                                      ; clk_50       ; clk_50      ; 20.000       ; -0.106     ; 3.693      ;
; 16.202 ; SD_Card:SD_CARD|cpu_reset_l    ; EEprom:EEprom|c_count[11]                                     ; clk_50       ; clk_50      ; 20.000       ; -0.106     ; 3.693      ;
; 16.202 ; SD_Card:SD_CARD|cpu_reset_l    ; EEprom:EEprom|c_count[6]                                      ; clk_50       ; clk_50      ; 20.000       ; -0.106     ; 3.693      ;
; 16.202 ; SD_Card:SD_CARD|cpu_reset_l    ; EEprom:EEprom|c_count[10]                                     ; clk_50       ; clk_50      ; 20.000       ; -0.106     ; 3.693      ;
; 16.202 ; SD_Card:SD_CARD|cpu_reset_l    ; EEprom:EEprom|c_count[5]                                      ; clk_50       ; clk_50      ; 20.000       ; -0.106     ; 3.693      ;
; 16.202 ; SD_Card:SD_CARD|cpu_reset_l    ; EEprom:EEprom|c_count[4]                                      ; clk_50       ; clk_50      ; 20.000       ; -0.106     ; 3.693      ;
; 16.202 ; SD_Card:SD_CARD|cpu_reset_l    ; EEprom:EEprom|c_count[3]                                      ; clk_50       ; clk_50      ; 20.000       ; -0.106     ; 3.693      ;
; 16.202 ; SD_Card:SD_CARD|cpu_reset_l    ; EEprom:EEprom|c_count[2]                                      ; clk_50       ; clk_50      ; 20.000       ; -0.106     ; 3.693      ;
; 16.202 ; SD_Card:SD_CARD|cpu_reset_l    ; EEprom:EEprom|c_count[1]                                      ; clk_50       ; clk_50      ; 20.000       ; -0.106     ; 3.693      ;
; 16.202 ; SD_Card:SD_CARD|cpu_reset_l    ; EEprom:EEprom|c_count[0]                                      ; clk_50       ; clk_50      ; 20.000       ; -0.106     ; 3.693      ;
; 16.202 ; SD_Card:SD_CARD|cpu_reset_l    ; EEprom:EEprom|c_count[13]                                     ; clk_50       ; clk_50      ; 20.000       ; -0.106     ; 3.693      ;
; 16.202 ; SD_Card:SD_CARD|cpu_reset_l    ; EEprom:EEprom|c_count[12]                                     ; clk_50       ; clk_50      ; 20.000       ; -0.106     ; 3.693      ;
; 16.202 ; SD_Card:SD_CARD|cpu_reset_l    ; EEprom:EEprom|c_count[9]                                      ; clk_50       ; clk_50      ; 20.000       ; -0.106     ; 3.693      ;
; 16.202 ; SD_Card:SD_CARD|cpu_reset_l    ; EEprom:EEprom|c_count[8]                                      ; clk_50       ; clk_50      ; 20.000       ; -0.106     ; 3.693      ;
; 16.229 ; SD_Card:SD_CARD|cpu_reset_l    ; EEprom:EEprom|c_count[27]                                     ; clk_50       ; clk_50      ; 20.000       ; -0.105     ; 3.667      ;
; 16.229 ; SD_Card:SD_CARD|cpu_reset_l    ; EEprom:EEprom|c_count[28]                                     ; clk_50       ; clk_50      ; 20.000       ; -0.105     ; 3.667      ;
; 16.229 ; SD_Card:SD_CARD|cpu_reset_l    ; EEprom:EEprom|c_count[26]                                     ; clk_50       ; clk_50      ; 20.000       ; -0.105     ; 3.667      ;
; 16.229 ; SD_Card:SD_CARD|cpu_reset_l    ; EEprom:EEprom|c_count[24]                                     ; clk_50       ; clk_50      ; 20.000       ; -0.105     ; 3.667      ;
; 16.229 ; SD_Card:SD_CARD|cpu_reset_l    ; EEprom:EEprom|c_count[23]                                     ; clk_50       ; clk_50      ; 20.000       ; -0.105     ; 3.667      ;
; 16.229 ; SD_Card:SD_CARD|cpu_reset_l    ; EEprom:EEprom|c_count[22]                                     ; clk_50       ; clk_50      ; 20.000       ; -0.105     ; 3.667      ;
; 16.229 ; SD_Card:SD_CARD|cpu_reset_l    ; EEprom:EEprom|c_count[21]                                     ; clk_50       ; clk_50      ; 20.000       ; -0.105     ; 3.667      ;
; 16.229 ; SD_Card:SD_CARD|cpu_reset_l    ; EEprom:EEprom|c_count[25]                                     ; clk_50       ; clk_50      ; 20.000       ; -0.105     ; 3.667      ;
; 16.229 ; SD_Card:SD_CARD|cpu_reset_l    ; EEprom:EEprom|c_count[20]                                     ; clk_50       ; clk_50      ; 20.000       ; -0.105     ; 3.667      ;
; 16.229 ; SD_Card:SD_CARD|cpu_reset_l    ; EEprom:EEprom|c_count[19]                                     ; clk_50       ; clk_50      ; 20.000       ; -0.105     ; 3.667      ;
; 16.229 ; SD_Card:SD_CARD|cpu_reset_l    ; EEprom:EEprom|c_count[18]                                     ; clk_50       ; clk_50      ; 20.000       ; -0.105     ; 3.667      ;
; 16.229 ; SD_Card:SD_CARD|cpu_reset_l    ; EEprom:EEprom|c_count[17]                                     ; clk_50       ; clk_50      ; 20.000       ; -0.105     ; 3.667      ;
; 16.229 ; SD_Card:SD_CARD|cpu_reset_l    ; EEprom:EEprom|c_count[16]                                     ; clk_50       ; clk_50      ; 20.000       ; -0.105     ; 3.667      ;
; 16.229 ; SD_Card:SD_CARD|cpu_reset_l    ; EEprom:EEprom|c_count[15]                                     ; clk_50       ; clk_50      ; 20.000       ; -0.105     ; 3.667      ;
; 16.229 ; SD_Card:SD_CARD|cpu_reset_l    ; EEprom:EEprom|c_count[14]                                     ; clk_50       ; clk_50      ; 20.000       ; -0.105     ; 3.667      ;
; 16.374 ; SD_Card:SD_CARD|cpu_reset_l    ; sn74175:sn74175_80B_2|Qn[0]                                   ; clk_50       ; clk_50      ; 20.000       ; -0.091     ; 3.536      ;
; 16.374 ; SD_Card:SD_CARD|cpu_reset_l    ; sn74175:sn74175_80B_2|Qn[3]                                   ; clk_50       ; clk_50      ; 20.000       ; -0.091     ; 3.536      ;
; 16.374 ; SD_Card:SD_CARD|cpu_reset_l    ; sn74175:sn74175_80B_2|Qn[1]                                   ; clk_50       ; clk_50      ; 20.000       ; -0.091     ; 3.536      ;
; 16.374 ; SD_Card:SD_CARD|cpu_reset_l    ; sn74175:sn74175_80B_2|Qn[2]                                   ; clk_50       ; clk_50      ; 20.000       ; -0.091     ; 3.536      ;
; 16.583 ; SD_Card:SD_CARD|cpu_reset_l    ; gosof80:SOUNDBOARD|SC01:SC01_Simu|\SC01:counter[17]           ; clk_50       ; clk_50      ; 20.000       ; -0.093     ; 3.325      ;
; 16.583 ; SD_Card:SD_CARD|cpu_reset_l    ; gosof80:SOUNDBOARD|SC01:SC01_Simu|\SC01:counter[23]           ; clk_50       ; clk_50      ; 20.000       ; -0.093     ; 3.325      ;
; 16.583 ; SD_Card:SD_CARD|cpu_reset_l    ; gosof80:SOUNDBOARD|SC01:SC01_Simu|\SC01:counter[22]           ; clk_50       ; clk_50      ; 20.000       ; -0.093     ; 3.325      ;
; 16.583 ; SD_Card:SD_CARD|cpu_reset_l    ; gosof80:SOUNDBOARD|SC01:SC01_Simu|\SC01:counter[20]           ; clk_50       ; clk_50      ; 20.000       ; -0.093     ; 3.325      ;
; 16.583 ; SD_Card:SD_CARD|cpu_reset_l    ; gosof80:SOUNDBOARD|SC01:SC01_Simu|\SC01:counter[21]           ; clk_50       ; clk_50      ; 20.000       ; -0.093     ; 3.325      ;
; 16.583 ; SD_Card:SD_CARD|cpu_reset_l    ; gosof80:SOUNDBOARD|SC01:SC01_Simu|\SC01:counter[13]           ; clk_50       ; clk_50      ; 20.000       ; -0.093     ; 3.325      ;
; 16.583 ; SD_Card:SD_CARD|cpu_reset_l    ; gosof80:SOUNDBOARD|SC01:SC01_Simu|\SC01:counter[14]           ; clk_50       ; clk_50      ; 20.000       ; -0.093     ; 3.325      ;
; 16.583 ; SD_Card:SD_CARD|cpu_reset_l    ; gosof80:SOUNDBOARD|SC01:SC01_Simu|\SC01:counter[0]            ; clk_50       ; clk_50      ; 20.000       ; -0.093     ; 3.325      ;
; 16.592 ; SD_Card:SD_CARD|cpu_reset_l    ; count_to_zero:COUNT_STROBES|int_count[0]                      ; clk_50       ; clk_50      ; 20.000       ; -0.108     ; 3.301      ;
; 16.592 ; SD_Card:SD_CARD|cpu_reset_l    ; count_to_zero:COUNT_STROBES|d_out                             ; clk_50       ; clk_50      ; 20.000       ; -0.108     ; 3.301      ;
; 16.614 ; SD_Card:SD_CARD|cpu_reset_l    ; gosof80:SOUNDBOARD|SC01:SC01_Simu|\SC01:counter[9]            ; clk_50       ; clk_50      ; 20.000       ; -0.108     ; 3.279      ;
; 16.614 ; SD_Card:SD_CARD|cpu_reset_l    ; gosof80:SOUNDBOARD|SC01:SC01_Simu|\SC01:counter[10]           ; clk_50       ; clk_50      ; 20.000       ; -0.108     ; 3.279      ;
; 16.614 ; SD_Card:SD_CARD|cpu_reset_l    ; gosof80:SOUNDBOARD|SC01:SC01_Simu|\SC01:counter[8]            ; clk_50       ; clk_50      ; 20.000       ; -0.108     ; 3.279      ;
; 16.614 ; SD_Card:SD_CARD|cpu_reset_l    ; gosof80:SOUNDBOARD|SC01:SC01_Simu|\SC01:counter[7]            ; clk_50       ; clk_50      ; 20.000       ; -0.108     ; 3.279      ;
; 16.614 ; SD_Card:SD_CARD|cpu_reset_l    ; gosof80:SOUNDBOARD|SC01:SC01_Simu|\SC01:counter[12]           ; clk_50       ; clk_50      ; 20.000       ; -0.108     ; 3.279      ;
; 16.614 ; SD_Card:SD_CARD|cpu_reset_l    ; gosof80:SOUNDBOARD|SC01:SC01_Simu|\SC01:counter[18]           ; clk_50       ; clk_50      ; 20.000       ; -0.108     ; 3.279      ;
; 16.614 ; SD_Card:SD_CARD|cpu_reset_l    ; gosof80:SOUNDBOARD|SC01:SC01_Simu|\SC01:counter[11]           ; clk_50       ; clk_50      ; 20.000       ; -0.108     ; 3.279      ;
; 16.614 ; SD_Card:SD_CARD|cpu_reset_l    ; gosof80:SOUNDBOARD|SC01:SC01_Simu|state.Calc                  ; clk_50       ; clk_50      ; 20.000       ; -0.108     ; 3.279      ;
; 16.614 ; SD_Card:SD_CARD|cpu_reset_l    ; gosof80:SOUNDBOARD|SC01:SC01_Simu|\SC01:counter[6]            ; clk_50       ; clk_50      ; 20.000       ; -0.108     ; 3.279      ;
; 16.632 ; SD_Card:SD_CARD|cpu_reset_l    ; count_to_zero:COUNT_STROBES|int_count[3]                      ; clk_50       ; clk_50      ; 20.000       ; -0.105     ; 3.264      ;
; 16.632 ; SD_Card:SD_CARD|cpu_reset_l    ; count_to_zero:COUNT_STROBES|int_count[4]                      ; clk_50       ; clk_50      ; 20.000       ; -0.105     ; 3.264      ;
; 16.632 ; SD_Card:SD_CARD|cpu_reset_l    ; count_to_zero:COUNT_STROBES|int_count[2]                      ; clk_50       ; clk_50      ; 20.000       ; -0.105     ; 3.264      ;
; 16.632 ; SD_Card:SD_CARD|cpu_reset_l    ; count_to_zero:COUNT_STROBES|int_count[1]                      ; clk_50       ; clk_50      ; 20.000       ; -0.105     ; 3.264      ;
; 16.632 ; SD_Card:SD_CARD|cpu_reset_l    ; count_to_zero:COUNT_STROBES|int_count[7]                      ; clk_50       ; clk_50      ; 20.000       ; -0.105     ; 3.264      ;
; 16.632 ; SD_Card:SD_CARD|cpu_reset_l    ; count_to_zero:COUNT_STROBES|int_count[5]                      ; clk_50       ; clk_50      ; 20.000       ; -0.105     ; 3.264      ;
; 16.632 ; SD_Card:SD_CARD|cpu_reset_l    ; count_to_zero:COUNT_STROBES|int_count[6]                      ; clk_50       ; clk_50      ; 20.000       ; -0.105     ; 3.264      ;
; 16.636 ; SD_Card:SD_CARD|cpu_reset_l    ; gosof80:SOUNDBOARD|SC01:SC01_Simu|\SC01:counter[16]           ; clk_50       ; clk_50      ; 20.000       ; -0.110     ; 3.255      ;
; 16.636 ; SD_Card:SD_CARD|cpu_reset_l    ; gosof80:SOUNDBOARD|SC01:SC01_Simu|state.Idle                  ; clk_50       ; clk_50      ; 20.000       ; -0.110     ; 3.255      ;
; 16.636 ; SD_Card:SD_CARD|cpu_reset_l    ; gosof80:SOUNDBOARD|SC01:SC01_Simu|state.Speech                ; clk_50       ; clk_50      ; 20.000       ; -0.110     ; 3.255      ;
; 16.636 ; SD_Card:SD_CARD|cpu_reset_l    ; gosof80:SOUNDBOARD|SC01:SC01_Simu|\SC01:counter[2]            ; clk_50       ; clk_50      ; 20.000       ; -0.110     ; 3.255      ;
; 16.636 ; SD_Card:SD_CARD|cpu_reset_l    ; gosof80:SOUNDBOARD|SC01:SC01_Simu|AR                          ; clk_50       ; clk_50      ; 20.000       ; -0.110     ; 3.255      ;
; 16.636 ; SD_Card:SD_CARD|cpu_reset_l    ; gosof80:SOUNDBOARD|SC01:SC01_Simu|\SC01:counter[19]           ; clk_50       ; clk_50      ; 20.000       ; -0.110     ; 3.255      ;
; 16.636 ; SD_Card:SD_CARD|cpu_reset_l    ; gosof80:SOUNDBOARD|SC01:SC01_Simu|\SC01:counter[5]            ; clk_50       ; clk_50      ; 20.000       ; -0.110     ; 3.255      ;
; 16.636 ; SD_Card:SD_CARD|cpu_reset_l    ; gosof80:SOUNDBOARD|SC01:SC01_Simu|\SC01:counter[3]            ; clk_50       ; clk_50      ; 20.000       ; -0.110     ; 3.255      ;
; 16.636 ; SD_Card:SD_CARD|cpu_reset_l    ; gosof80:SOUNDBOARD|SC01:SC01_Simu|\SC01:counter[4]            ; clk_50       ; clk_50      ; 20.000       ; -0.110     ; 3.255      ;
; 16.636 ; SD_Card:SD_CARD|cpu_reset_l    ; gosof80:SOUNDBOARD|SC01:SC01_Simu|\SC01:counter[1]            ; clk_50       ; clk_50      ; 20.000       ; -0.110     ; 3.255      ;
; 16.763 ; SD_Card:SD_CARD|cpu_reset_l    ; count_to_zero:COUNT_INTS|int_count[0]                         ; clk_50       ; clk_50      ; 20.000       ; -0.063     ; 3.175      ;
; 16.763 ; SD_Card:SD_CARD|cpu_reset_l    ; count_to_zero:COUNT_INTS|d_out                                ; clk_50       ; clk_50      ; 20.000       ; -0.063     ; 3.175      ;
; 16.933 ; SD_Card:SD_CARD|cpu_reset_l    ; gosof80:SOUNDBOARD|SC01:SC01_Simu|\SC01:counter[15]           ; clk_50       ; clk_50      ; 20.000       ; -0.094     ; 2.974      ;
; 16.944 ; SD_Card:SD_CARD|cpu_reset_l    ; EEprom:EEprom|address_eeprom[0]                               ; clk_50       ; clk_50      ; 20.000       ; -0.100     ; 2.957      ;
; 16.944 ; SD_Card:SD_CARD|cpu_reset_l    ; EEprom:EEprom|address_eeprom[1]                               ; clk_50       ; clk_50      ; 20.000       ; -0.100     ; 2.957      ;
; 16.944 ; SD_Card:SD_CARD|cpu_reset_l    ; EEprom:EEprom|address_eeprom[6]                               ; clk_50       ; clk_50      ; 20.000       ; -0.100     ; 2.957      ;
; 16.944 ; SD_Card:SD_CARD|cpu_reset_l    ; EEprom:EEprom|address_eeprom[4]                               ; clk_50       ; clk_50      ; 20.000       ; -0.100     ; 2.957      ;
; 16.944 ; SD_Card:SD_CARD|cpu_reset_l    ; EEprom:EEprom|address_eeprom[2]                               ; clk_50       ; clk_50      ; 20.000       ; -0.100     ; 2.957      ;
; 16.944 ; SD_Card:SD_CARD|cpu_reset_l    ; EEprom:EEprom|state.Write_enable                              ; clk_50       ; clk_50      ; 20.000       ; -0.100     ; 2.957      ;
+--------+--------------------------------+---------------------------------------------------------------+--------------+-------------+--------------+------------+------------+


+-----------------------------------------------------------------------------------------------------------------------------------------------------------------------+
; Slow 1200mV 85C Model Recovery: 'cpu_clk_out'                                                                                                                         ;
+--------+--------------------------------+-------------------------------------------------------+--------------+-------------+--------------+------------+------------+
; Slack  ; From Node                      ; To Node                                               ; Launch Clock ; Latch Clock ; Relationship ; Clock Skew ; Data Delay ;
+--------+--------------------------------+-------------------------------------------------------+--------------+-------------+--------------+------------+------------+
; 16.968 ; SD_Card:SD_CARD|cpu_reset_l    ; T65:U1|Res_n_d                                        ; clk_50       ; cpu_clk_out ; 20.000       ; 3.150      ; 6.183      ;
; 16.968 ; SD_Card:SD_CARD|cpu_reset_l    ; T65:U1|Res_n_i                                        ; clk_50       ; cpu_clk_out ; 20.000       ; 3.150      ; 6.183      ;
; 18.416 ; count_to_zero:COUNT_INTS|d_out ; detect_sw:detect_credit_sw|closed_counter[2]          ; clk_50       ; cpu_clk_out ; 20.000       ; 3.127      ; 4.712      ;
; 18.416 ; count_to_zero:COUNT_INTS|d_out ; detect_sw:detect_credit_sw|closed_counter[22]         ; clk_50       ; cpu_clk_out ; 20.000       ; 3.127      ; 4.712      ;
; 18.416 ; count_to_zero:COUNT_INTS|d_out ; detect_sw:detect_credit_sw|check_counter[20]          ; clk_50       ; cpu_clk_out ; 20.000       ; 3.130      ; 4.715      ;
; 18.416 ; count_to_zero:COUNT_INTS|d_out ; detect_sw:detect_credit_sw|check_counter[19]          ; clk_50       ; cpu_clk_out ; 20.000       ; 3.130      ; 4.715      ;
; 18.416 ; count_to_zero:COUNT_INTS|d_out ; detect_sw:detect_credit_sw|state.delay                ; clk_50       ; cpu_clk_out ; 20.000       ; 3.128      ; 4.713      ;
; 18.416 ; count_to_zero:COUNT_INTS|d_out ; detect_sw:detect_credit_sw|check_counter[22]          ; clk_50       ; cpu_clk_out ; 20.000       ; 3.130      ; 4.715      ;
; 18.416 ; count_to_zero:COUNT_INTS|d_out ; detect_sw:detect_credit_sw|check_counter[15]          ; clk_50       ; cpu_clk_out ; 20.000       ; 3.130      ; 4.715      ;
; 18.416 ; count_to_zero:COUNT_INTS|d_out ; detect_sw:detect_credit_sw|check_counter[9]           ; clk_50       ; cpu_clk_out ; 20.000       ; 3.130      ; 4.715      ;
; 18.416 ; count_to_zero:COUNT_INTS|d_out ; detect_sw:detect_credit_sw|check_counter[13]          ; clk_50       ; cpu_clk_out ; 20.000       ; 3.130      ; 4.715      ;
; 18.416 ; count_to_zero:COUNT_INTS|d_out ; detect_sw:detect_credit_sw|closed_counter[0]          ; clk_50       ; cpu_clk_out ; 20.000       ; 3.127      ; 4.712      ;
; 18.416 ; count_to_zero:COUNT_INTS|d_out ; detect_sw:detect_credit_sw|check_counter[8]           ; clk_50       ; cpu_clk_out ; 20.000       ; 3.130      ; 4.715      ;
; 18.416 ; count_to_zero:COUNT_INTS|d_out ; detect_sw:detect_credit_sw|check_counter[11]          ; clk_50       ; cpu_clk_out ; 20.000       ; 3.130      ; 4.715      ;
; 18.416 ; count_to_zero:COUNT_INTS|d_out ; detect_sw:detect_credit_sw|check_counter[4]           ; clk_50       ; cpu_clk_out ; 20.000       ; 3.130      ; 4.715      ;
; 18.416 ; count_to_zero:COUNT_INTS|d_out ; detect_sw:detect_credit_sw|check_counter[7]           ; clk_50       ; cpu_clk_out ; 20.000       ; 3.130      ; 4.715      ;
; 18.416 ; count_to_zero:COUNT_INTS|d_out ; detect_sw:detect_credit_sw|check_counter[6]           ; clk_50       ; cpu_clk_out ; 20.000       ; 3.130      ; 4.715      ;
; 18.416 ; count_to_zero:COUNT_INTS|d_out ; detect_sw:detect_credit_sw|check_counter[5]           ; clk_50       ; cpu_clk_out ; 20.000       ; 3.130      ; 4.715      ;
; 18.416 ; count_to_zero:COUNT_INTS|d_out ; detect_sw:detect_credit_sw|state.counting             ; clk_50       ; cpu_clk_out ; 20.000       ; 3.128      ; 4.713      ;
; 18.416 ; count_to_zero:COUNT_INTS|d_out ; detect_sw:detect_credit_sw|closed_counter[3]          ; clk_50       ; cpu_clk_out ; 20.000       ; 3.127      ; 4.712      ;
; 18.416 ; count_to_zero:COUNT_INTS|d_out ; detect_sw:detect_credit_sw|closed_counter[4]          ; clk_50       ; cpu_clk_out ; 20.000       ; 3.127      ; 4.712      ;
; 18.416 ; count_to_zero:COUNT_INTS|d_out ; detect_sw:detect_credit_sw|check_counter[1]           ; clk_50       ; cpu_clk_out ; 20.000       ; 3.130      ; 4.715      ;
; 18.416 ; count_to_zero:COUNT_INTS|d_out ; detect_sw:detect_credit_sw|check_counter[24]          ; clk_50       ; cpu_clk_out ; 20.000       ; 3.130      ; 4.715      ;
; 18.416 ; count_to_zero:COUNT_INTS|d_out ; detect_sw:detect_credit_sw|check_counter[12]          ; clk_50       ; cpu_clk_out ; 20.000       ; 3.130      ; 4.715      ;
; 18.416 ; count_to_zero:COUNT_INTS|d_out ; detect_sw:detect_credit_sw|check_counter[18]          ; clk_50       ; cpu_clk_out ; 20.000       ; 3.130      ; 4.715      ;
; 18.416 ; count_to_zero:COUNT_INTS|d_out ; detect_sw:detect_credit_sw|check_counter[16]          ; clk_50       ; cpu_clk_out ; 20.000       ; 3.130      ; 4.715      ;
; 18.416 ; count_to_zero:COUNT_INTS|d_out ; detect_sw:detect_credit_sw|state.Idle                 ; clk_50       ; cpu_clk_out ; 20.000       ; 3.128      ; 4.713      ;
; 18.416 ; count_to_zero:COUNT_INTS|d_out ; detect_sw:detect_credit_sw|check_counter[14]          ; clk_50       ; cpu_clk_out ; 20.000       ; 3.130      ; 4.715      ;
; 18.416 ; count_to_zero:COUNT_INTS|d_out ; detect_sw:detect_credit_sw|check_counter[23]          ; clk_50       ; cpu_clk_out ; 20.000       ; 3.130      ; 4.715      ;
; 18.416 ; count_to_zero:COUNT_INTS|d_out ; detect_sw:detect_credit_sw|check_counter[0]           ; clk_50       ; cpu_clk_out ; 20.000       ; 3.130      ; 4.715      ;
; 18.416 ; count_to_zero:COUNT_INTS|d_out ; detect_sw:detect_credit_sw|check_counter[10]          ; clk_50       ; cpu_clk_out ; 20.000       ; 3.130      ; 4.715      ;
; 18.416 ; count_to_zero:COUNT_INTS|d_out ; detect_sw:detect_test_sw|closed_counter[23]           ; clk_50       ; cpu_clk_out ; 20.000       ; 3.118      ; 4.703      ;
; 18.416 ; count_to_zero:COUNT_INTS|d_out ; detect_sw:detect_credit_sw|long_push                  ; clk_50       ; cpu_clk_out ; 20.000       ; 3.128      ; 4.713      ;
; 18.416 ; count_to_zero:COUNT_INTS|d_out ; detect_sw:detect_test_sw|closed_counter[24]           ; clk_50       ; cpu_clk_out ; 20.000       ; 3.118      ; 4.703      ;
; 18.416 ; count_to_zero:COUNT_INTS|d_out ; detect_sw:detect_test_sw|closed_counter[22]           ; clk_50       ; cpu_clk_out ; 20.000       ; 3.118      ; 4.703      ;
; 18.416 ; count_to_zero:COUNT_INTS|d_out ; detect_sw:detect_test_sw|closed_counter[21]           ; clk_50       ; cpu_clk_out ; 20.000       ; 3.118      ; 4.703      ;
; 18.416 ; count_to_zero:COUNT_INTS|d_out ; detect_sw:detect_credit_sw|check_counter[21]          ; clk_50       ; cpu_clk_out ; 20.000       ; 3.130      ; 4.715      ;
; 18.416 ; count_to_zero:COUNT_INTS|d_out ; detect_sw:detect_credit_sw|closed_counter[1]          ; clk_50       ; cpu_clk_out ; 20.000       ; 3.127      ; 4.712      ;
; 18.416 ; count_to_zero:COUNT_INTS|d_out ; detect_sw:detect_credit_sw|check_counter[2]           ; clk_50       ; cpu_clk_out ; 20.000       ; 3.130      ; 4.715      ;
; 18.416 ; count_to_zero:COUNT_INTS|d_out ; detect_sw:detect_credit_sw|check_counter[17]          ; clk_50       ; cpu_clk_out ; 20.000       ; 3.130      ; 4.715      ;
; 18.416 ; count_to_zero:COUNT_INTS|d_out ; detect_sw:detect_credit_sw|check_counter[3]           ; clk_50       ; cpu_clk_out ; 20.000       ; 3.130      ; 4.715      ;
; 18.416 ; count_to_zero:COUNT_INTS|d_out ; detect_sw:detect_test_sw|closed_counter[19]           ; clk_50       ; cpu_clk_out ; 20.000       ; 3.118      ; 4.703      ;
; 18.416 ; count_to_zero:COUNT_INTS|d_out ; detect_sw:detect_test_sw|closed_counter[18]           ; clk_50       ; cpu_clk_out ; 20.000       ; 3.118      ; 4.703      ;
; 18.416 ; count_to_zero:COUNT_INTS|d_out ; detect_sw:detect_test_sw|closed_counter[17]           ; clk_50       ; cpu_clk_out ; 20.000       ; 3.118      ; 4.703      ;
; 18.416 ; count_to_zero:COUNT_INTS|d_out ; detect_sw:detect_test_sw|closed_counter[16]           ; clk_50       ; cpu_clk_out ; 20.000       ; 3.118      ; 4.703      ;
; 18.416 ; count_to_zero:COUNT_INTS|d_out ; detect_sw:detect_test_sw|closed_counter[15]           ; clk_50       ; cpu_clk_out ; 20.000       ; 3.118      ; 4.703      ;
; 18.416 ; count_to_zero:COUNT_INTS|d_out ; detect_sw:detect_test_sw|closed_counter[14]           ; clk_50       ; cpu_clk_out ; 20.000       ; 3.118      ; 4.703      ;
; 18.416 ; count_to_zero:COUNT_INTS|d_out ; detect_sw:detect_test_sw|closed_counter[13]           ; clk_50       ; cpu_clk_out ; 20.000       ; 3.118      ; 4.703      ;
; 18.416 ; count_to_zero:COUNT_INTS|d_out ; detect_sw:detect_test_sw|closed_counter[12]           ; clk_50       ; cpu_clk_out ; 20.000       ; 3.118      ; 4.703      ;
; 18.416 ; count_to_zero:COUNT_INTS|d_out ; detect_sw:detect_test_sw|closed_counter[11]           ; clk_50       ; cpu_clk_out ; 20.000       ; 3.118      ; 4.703      ;
; 18.416 ; count_to_zero:COUNT_INTS|d_out ; detect_sw:detect_test_sw|closed_counter[10]           ; clk_50       ; cpu_clk_out ; 20.000       ; 3.118      ; 4.703      ;
; 18.416 ; count_to_zero:COUNT_INTS|d_out ; detect_sw:detect_test_sw|closed_counter[9]            ; clk_50       ; cpu_clk_out ; 20.000       ; 3.118      ; 4.703      ;
; 18.416 ; count_to_zero:COUNT_INTS|d_out ; detect_sw:detect_test_sw|closed_counter[8]            ; clk_50       ; cpu_clk_out ; 20.000       ; 3.118      ; 4.703      ;
; 18.416 ; count_to_zero:COUNT_INTS|d_out ; detect_sw:detect_test_sw|closed_counter[7]            ; clk_50       ; cpu_clk_out ; 20.000       ; 3.118      ; 4.703      ;
; 18.416 ; count_to_zero:COUNT_INTS|d_out ; detect_sw:detect_test_sw|closed_counter[6]            ; clk_50       ; cpu_clk_out ; 20.000       ; 3.118      ; 4.703      ;
; 18.416 ; count_to_zero:COUNT_INTS|d_out ; detect_sw:detect_test_sw|closed_counter[5]            ; clk_50       ; cpu_clk_out ; 20.000       ; 3.118      ; 4.703      ;
; 18.416 ; count_to_zero:COUNT_INTS|d_out ; detect_sw:detect_test_sw|closed_counter[4]            ; clk_50       ; cpu_clk_out ; 20.000       ; 3.118      ; 4.703      ;
; 18.416 ; count_to_zero:COUNT_INTS|d_out ; detect_sw:detect_test_sw|closed_counter[3]            ; clk_50       ; cpu_clk_out ; 20.000       ; 3.118      ; 4.703      ;
; 18.416 ; count_to_zero:COUNT_INTS|d_out ; detect_sw:detect_test_sw|closed_counter[2]            ; clk_50       ; cpu_clk_out ; 20.000       ; 3.118      ; 4.703      ;
; 18.416 ; count_to_zero:COUNT_INTS|d_out ; detect_sw:detect_test_sw|closed_counter[1]            ; clk_50       ; cpu_clk_out ; 20.000       ; 3.118      ; 4.703      ;
; 18.416 ; count_to_zero:COUNT_INTS|d_out ; detect_sw:detect_test_sw|closed_counter[0]            ; clk_50       ; cpu_clk_out ; 20.000       ; 3.118      ; 4.703      ;
; 18.416 ; count_to_zero:COUNT_INTS|d_out ; detect_sw:detect_credit_sw|closed_counter[24]         ; clk_50       ; cpu_clk_out ; 20.000       ; 3.127      ; 4.712      ;
; 18.416 ; count_to_zero:COUNT_INTS|d_out ; detect_sw:detect_credit_sw|closed_counter[23]         ; clk_50       ; cpu_clk_out ; 20.000       ; 3.127      ; 4.712      ;
; 18.416 ; count_to_zero:COUNT_INTS|d_out ; detect_sw:detect_credit_sw|closed_counter[21]         ; clk_50       ; cpu_clk_out ; 20.000       ; 3.127      ; 4.712      ;
; 18.416 ; count_to_zero:COUNT_INTS|d_out ; detect_sw:detect_test_sw|closed_counter[20]           ; clk_50       ; cpu_clk_out ; 20.000       ; 3.118      ; 4.703      ;
; 18.416 ; count_to_zero:COUNT_INTS|d_out ; detect_sw:detect_credit_sw|closed_counter[20]         ; clk_50       ; cpu_clk_out ; 20.000       ; 3.127      ; 4.712      ;
; 18.416 ; count_to_zero:COUNT_INTS|d_out ; detect_sw:detect_credit_sw|closed_counter[19]         ; clk_50       ; cpu_clk_out ; 20.000       ; 3.127      ; 4.712      ;
; 18.416 ; count_to_zero:COUNT_INTS|d_out ; detect_sw:detect_credit_sw|closed_counter[18]         ; clk_50       ; cpu_clk_out ; 20.000       ; 3.127      ; 4.712      ;
; 18.416 ; count_to_zero:COUNT_INTS|d_out ; detect_sw:detect_credit_sw|closed_counter[17]         ; clk_50       ; cpu_clk_out ; 20.000       ; 3.127      ; 4.712      ;
; 18.416 ; count_to_zero:COUNT_INTS|d_out ; detect_sw:detect_credit_sw|closed_counter[16]         ; clk_50       ; cpu_clk_out ; 20.000       ; 3.127      ; 4.712      ;
; 18.416 ; count_to_zero:COUNT_INTS|d_out ; detect_sw:detect_credit_sw|closed_counter[15]         ; clk_50       ; cpu_clk_out ; 20.000       ; 3.127      ; 4.712      ;
; 18.416 ; count_to_zero:COUNT_INTS|d_out ; detect_sw:detect_credit_sw|closed_counter[14]         ; clk_50       ; cpu_clk_out ; 20.000       ; 3.127      ; 4.712      ;
; 18.416 ; count_to_zero:COUNT_INTS|d_out ; detect_sw:detect_credit_sw|closed_counter[13]         ; clk_50       ; cpu_clk_out ; 20.000       ; 3.127      ; 4.712      ;
; 18.416 ; count_to_zero:COUNT_INTS|d_out ; detect_sw:detect_credit_sw|closed_counter[12]         ; clk_50       ; cpu_clk_out ; 20.000       ; 3.127      ; 4.712      ;
; 18.416 ; count_to_zero:COUNT_INTS|d_out ; detect_sw:detect_credit_sw|closed_counter[11]         ; clk_50       ; cpu_clk_out ; 20.000       ; 3.127      ; 4.712      ;
; 18.416 ; count_to_zero:COUNT_INTS|d_out ; detect_sw:detect_credit_sw|closed_counter[10]         ; clk_50       ; cpu_clk_out ; 20.000       ; 3.127      ; 4.712      ;
; 18.416 ; count_to_zero:COUNT_INTS|d_out ; detect_sw:detect_credit_sw|closed_counter[9]          ; clk_50       ; cpu_clk_out ; 20.000       ; 3.127      ; 4.712      ;
; 18.416 ; count_to_zero:COUNT_INTS|d_out ; detect_sw:detect_credit_sw|closed_counter[8]          ; clk_50       ; cpu_clk_out ; 20.000       ; 3.127      ; 4.712      ;
; 18.416 ; count_to_zero:COUNT_INTS|d_out ; detect_sw:detect_credit_sw|closed_counter[7]          ; clk_50       ; cpu_clk_out ; 20.000       ; 3.127      ; 4.712      ;
; 18.416 ; count_to_zero:COUNT_INTS|d_out ; detect_sw:detect_credit_sw|closed_counter[6]          ; clk_50       ; cpu_clk_out ; 20.000       ; 3.127      ; 4.712      ;
; 18.416 ; count_to_zero:COUNT_INTS|d_out ; detect_sw:detect_credit_sw|closed_counter[5]          ; clk_50       ; cpu_clk_out ; 20.000       ; 3.127      ; 4.712      ;
; 18.417 ; count_to_zero:COUNT_INTS|d_out ; detect_sw:detect_test_sw|state.Idle                   ; clk_50       ; cpu_clk_out ; 20.000       ; 3.095      ; 4.679      ;
; 18.417 ; count_to_zero:COUNT_INTS|d_out ; detect_sw:detect_test_sw|state.delay                  ; clk_50       ; cpu_clk_out ; 20.000       ; 3.095      ; 4.679      ;
; 18.417 ; count_to_zero:COUNT_INTS|d_out ; detect_sw:detect_test_sw|check_counter[11]            ; clk_50       ; cpu_clk_out ; 20.000       ; 3.097      ; 4.681      ;
; 18.417 ; count_to_zero:COUNT_INTS|d_out ; detect_sw:detect_test_sw|check_counter[10]            ; clk_50       ; cpu_clk_out ; 20.000       ; 3.097      ; 4.681      ;
; 18.417 ; count_to_zero:COUNT_INTS|d_out ; detect_sw:detect_test_sw|check_counter[9]             ; clk_50       ; cpu_clk_out ; 20.000       ; 3.097      ; 4.681      ;
; 18.417 ; count_to_zero:COUNT_INTS|d_out ; detect_sw:detect_test_sw|state.counting               ; clk_50       ; cpu_clk_out ; 20.000       ; 3.095      ; 4.679      ;
; 18.417 ; count_to_zero:COUNT_INTS|d_out ; detect_sw:detect_test_sw|check_counter[8]             ; clk_50       ; cpu_clk_out ; 20.000       ; 3.097      ; 4.681      ;
; 18.417 ; count_to_zero:COUNT_INTS|d_out ; detect_sw:detect_test_sw|check_counter[7]             ; clk_50       ; cpu_clk_out ; 20.000       ; 3.097      ; 4.681      ;
; 18.417 ; count_to_zero:COUNT_INTS|d_out ; detect_sw:detect_test_sw|check_counter[6]             ; clk_50       ; cpu_clk_out ; 20.000       ; 3.097      ; 4.681      ;
; 18.417 ; count_to_zero:COUNT_INTS|d_out ; detect_sw:detect_test_sw|check_counter[5]             ; clk_50       ; cpu_clk_out ; 20.000       ; 3.097      ; 4.681      ;
; 18.417 ; count_to_zero:COUNT_INTS|d_out ; detect_sw:detect_test_sw|check_counter[4]             ; clk_50       ; cpu_clk_out ; 20.000       ; 3.097      ; 4.681      ;
; 18.417 ; count_to_zero:COUNT_INTS|d_out ; detect_sw:detect_test_sw|check_counter[3]             ; clk_50       ; cpu_clk_out ; 20.000       ; 3.097      ; 4.681      ;
; 18.417 ; count_to_zero:COUNT_INTS|d_out ; detect_sw:detect_test_sw|check_counter[2]             ; clk_50       ; cpu_clk_out ; 20.000       ; 3.097      ; 4.681      ;
; 18.417 ; count_to_zero:COUNT_INTS|d_out ; detect_sw:detect_test_sw|check_counter[1]             ; clk_50       ; cpu_clk_out ; 20.000       ; 3.097      ; 4.681      ;
; 18.417 ; count_to_zero:COUNT_INTS|d_out ; detect_sw:detect_test_sw|check_counter[0]             ; clk_50       ; cpu_clk_out ; 20.000       ; 3.097      ; 4.681      ;
; 18.417 ; count_to_zero:COUNT_INTS|d_out ; detect_sw:detect_test_sw|short_push                   ; clk_50       ; cpu_clk_out ; 20.000       ; 3.095      ; 4.679      ;
; 18.418 ; count_to_zero:COUNT_INTS|d_out ; detect_sw_trigger:detect_credit_sw_trigger|counter[8] ; clk_50       ; cpu_clk_out ; 20.000       ; 3.103      ; 4.686      ;
; 18.418 ; count_to_zero:COUNT_INTS|d_out ; detect_sw:detect_test_sw|check_counter[22]            ; clk_50       ; cpu_clk_out ; 20.000       ; 3.097      ; 4.680      ;
; 18.418 ; count_to_zero:COUNT_INTS|d_out ; detect_sw_trigger:detect_credit_sw_trigger|counter[3] ; clk_50       ; cpu_clk_out ; 20.000       ; 3.103      ; 4.686      ;
+--------+--------------------------------+-------------------------------------------------------+--------------+-------------+--------------+------------+------------+


+---------------------------------------------------------------------------------------------------------------------------------------------------------------------------+
; Slow 1200mV 85C Model Removal: 'cpu_clk_out'                                                                                                                              ;
+-------+--------------------------------+------------------------------------------------------------+--------------+-------------+--------------+------------+------------+
; Slack ; From Node                      ; To Node                                                    ; Launch Clock ; Latch Clock ; Relationship ; Clock Skew ; Data Delay ;
+-------+--------------------------------+------------------------------------------------------------+--------------+-------------+--------------+------------+------------+
; 0.713 ; count_to_zero:COUNT_INTS|d_out ; detect_sw_trigger:detect_credit_sw_trigger|counter[25]     ; clk_50       ; cpu_clk_out ; 0.000        ; 3.413      ; 4.358      ;
; 0.713 ; count_to_zero:COUNT_INTS|d_out ; detect_sw_trigger:detect_credit_sw_trigger|counter[23]     ; clk_50       ; cpu_clk_out ; 0.000        ; 3.413      ; 4.358      ;
; 0.713 ; count_to_zero:COUNT_INTS|d_out ; detect_sw_trigger:detect_credit_sw_trigger|counter[22]     ; clk_50       ; cpu_clk_out ; 0.000        ; 3.413      ; 4.358      ;
; 0.713 ; count_to_zero:COUNT_INTS|d_out ; detect_sw_trigger:detect_credit_sw_trigger|counter[17]     ; clk_50       ; cpu_clk_out ; 0.000        ; 3.413      ; 4.358      ;
; 0.713 ; count_to_zero:COUNT_INTS|d_out ; detect_sw_trigger:detect_credit_sw_trigger|counter[14]     ; clk_50       ; cpu_clk_out ; 0.000        ; 3.413      ; 4.358      ;
; 0.713 ; count_to_zero:COUNT_INTS|d_out ; detect_sw_trigger:detect_credit_sw_trigger|counter[13]     ; clk_50       ; cpu_clk_out ; 0.000        ; 3.413      ; 4.358      ;
; 0.713 ; count_to_zero:COUNT_INTS|d_out ; detect_sw_trigger:detect_credit_sw_trigger|counter[16]     ; clk_50       ; cpu_clk_out ; 0.000        ; 3.413      ; 4.358      ;
; 0.713 ; count_to_zero:COUNT_INTS|d_out ; detect_sw_trigger:detect_credit_sw_trigger|counter[15]     ; clk_50       ; cpu_clk_out ; 0.000        ; 3.413      ; 4.358      ;
; 0.713 ; count_to_zero:COUNT_INTS|d_out ; detect_sw_trigger:detect_credit_sw_trigger|counter[20]     ; clk_50       ; cpu_clk_out ; 0.000        ; 3.413      ; 4.358      ;
; 0.713 ; count_to_zero:COUNT_INTS|d_out ; detect_sw_trigger:detect_credit_sw_trigger|counter[19]     ; clk_50       ; cpu_clk_out ; 0.000        ; 3.413      ; 4.358      ;
; 0.713 ; count_to_zero:COUNT_INTS|d_out ; detect_sw_trigger:detect_credit_sw_trigger|counter[21]     ; clk_50       ; cpu_clk_out ; 0.000        ; 3.413      ; 4.358      ;
; 0.713 ; count_to_zero:COUNT_INTS|d_out ; detect_sw_trigger:detect_credit_sw_trigger|counter[18]     ; clk_50       ; cpu_clk_out ; 0.000        ; 3.413      ; 4.358      ;
; 0.713 ; count_to_zero:COUNT_INTS|d_out ; detect_sw_trigger:detect_credit_sw_trigger|counter[24]     ; clk_50       ; cpu_clk_out ; 0.000        ; 3.413      ; 4.358      ;
; 0.715 ; count_to_zero:COUNT_INTS|d_out ; detect_sw_trigger:detect_credit_sw_trigger|state.wait_open ; clk_50       ; cpu_clk_out ; 0.000        ; 3.410      ; 4.357      ;
; 0.715 ; count_to_zero:COUNT_INTS|d_out ; detect_sw_trigger:detect_credit_sw_trigger|state.Idle      ; clk_50       ; cpu_clk_out ; 0.000        ; 3.410      ; 4.357      ;
; 0.715 ; count_to_zero:COUNT_INTS|d_out ; detect_sw_trigger:detect_credit_sw_trigger|state.counting  ; clk_50       ; cpu_clk_out ; 0.000        ; 3.410      ; 4.357      ;
; 0.715 ; count_to_zero:COUNT_INTS|d_out ; detect_sw_trigger:detect_credit_sw_trigger|old_trigger     ; clk_50       ; cpu_clk_out ; 0.000        ; 3.410      ; 4.357      ;
; 0.726 ; count_to_zero:COUNT_INTS|d_out ; detect_sw:detect_credit_sw|check_counter[11]               ; clk_50       ; cpu_clk_out ; 0.000        ; 3.440      ; 4.398      ;
; 0.726 ; count_to_zero:COUNT_INTS|d_out ; detect_sw:detect_credit_sw|check_counter[5]                ; clk_50       ; cpu_clk_out ; 0.000        ; 3.440      ; 4.398      ;
; 0.726 ; count_to_zero:COUNT_INTS|d_out ; detect_sw:detect_credit_sw|check_counter[2]                ; clk_50       ; cpu_clk_out ; 0.000        ; 3.440      ; 4.398      ;
; 0.726 ; count_to_zero:COUNT_INTS|d_out ; detect_sw:detect_credit_sw|check_counter[3]                ; clk_50       ; cpu_clk_out ; 0.000        ; 3.440      ; 4.398      ;
; 0.726 ; count_to_zero:COUNT_INTS|d_out ; detect_sw:detect_credit_sw|check_counter[4]                ; clk_50       ; cpu_clk_out ; 0.000        ; 3.440      ; 4.398      ;
; 0.726 ; count_to_zero:COUNT_INTS|d_out ; detect_sw:detect_credit_sw|check_counter[6]                ; clk_50       ; cpu_clk_out ; 0.000        ; 3.440      ; 4.398      ;
; 0.726 ; count_to_zero:COUNT_INTS|d_out ; detect_sw:detect_credit_sw|check_counter[9]                ; clk_50       ; cpu_clk_out ; 0.000        ; 3.440      ; 4.398      ;
; 0.726 ; count_to_zero:COUNT_INTS|d_out ; detect_sw:detect_credit_sw|check_counter[0]                ; clk_50       ; cpu_clk_out ; 0.000        ; 3.440      ; 4.398      ;
; 0.726 ; count_to_zero:COUNT_INTS|d_out ; detect_sw:detect_credit_sw|check_counter[8]                ; clk_50       ; cpu_clk_out ; 0.000        ; 3.440      ; 4.398      ;
; 0.726 ; count_to_zero:COUNT_INTS|d_out ; detect_sw:detect_credit_sw|check_counter[7]                ; clk_50       ; cpu_clk_out ; 0.000        ; 3.440      ; 4.398      ;
; 0.726 ; count_to_zero:COUNT_INTS|d_out ; detect_sw:detect_credit_sw|check_counter[1]                ; clk_50       ; cpu_clk_out ; 0.000        ; 3.440      ; 4.398      ;
; 0.726 ; count_to_zero:COUNT_INTS|d_out ; detect_sw:detect_credit_sw|check_counter[10]               ; clk_50       ; cpu_clk_out ; 0.000        ; 3.440      ; 4.398      ;
; 0.727 ; count_to_zero:COUNT_INTS|d_out ; detect_sw:detect_credit_sw|check_counter[18]               ; clk_50       ; cpu_clk_out ; 0.000        ; 3.439      ; 4.398      ;
; 0.727 ; count_to_zero:COUNT_INTS|d_out ; detect_sw:detect_credit_sw|check_counter[22]               ; clk_50       ; cpu_clk_out ; 0.000        ; 3.439      ; 4.398      ;
; 0.727 ; count_to_zero:COUNT_INTS|d_out ; detect_sw:detect_credit_sw|check_counter[16]               ; clk_50       ; cpu_clk_out ; 0.000        ; 3.439      ; 4.398      ;
; 0.727 ; count_to_zero:COUNT_INTS|d_out ; detect_sw:detect_test_sw|closed_counter[23]                ; clk_50       ; cpu_clk_out ; 0.000        ; 3.428      ; 4.387      ;
; 0.727 ; count_to_zero:COUNT_INTS|d_out ; detect_sw:detect_credit_sw|check_counter[17]               ; clk_50       ; cpu_clk_out ; 0.000        ; 3.439      ; 4.398      ;
; 0.727 ; count_to_zero:COUNT_INTS|d_out ; detect_sw:detect_test_sw|closed_counter[22]                ; clk_50       ; cpu_clk_out ; 0.000        ; 3.428      ; 4.387      ;
; 0.727 ; count_to_zero:COUNT_INTS|d_out ; detect_sw:detect_test_sw|closed_counter[24]                ; clk_50       ; cpu_clk_out ; 0.000        ; 3.428      ; 4.387      ;
; 0.727 ; count_to_zero:COUNT_INTS|d_out ; detect_sw:detect_credit_sw|check_counter[19]               ; clk_50       ; cpu_clk_out ; 0.000        ; 3.439      ; 4.398      ;
; 0.727 ; count_to_zero:COUNT_INTS|d_out ; detect_sw:detect_credit_sw|check_counter[15]               ; clk_50       ; cpu_clk_out ; 0.000        ; 3.439      ; 4.398      ;
; 0.727 ; count_to_zero:COUNT_INTS|d_out ; detect_sw:detect_credit_sw|check_counter[14]               ; clk_50       ; cpu_clk_out ; 0.000        ; 3.439      ; 4.398      ;
; 0.727 ; count_to_zero:COUNT_INTS|d_out ; detect_sw:detect_test_sw|closed_counter[21]                ; clk_50       ; cpu_clk_out ; 0.000        ; 3.428      ; 4.387      ;
; 0.727 ; count_to_zero:COUNT_INTS|d_out ; detect_sw:detect_credit_sw|check_counter[24]               ; clk_50       ; cpu_clk_out ; 0.000        ; 3.439      ; 4.398      ;
; 0.727 ; count_to_zero:COUNT_INTS|d_out ; detect_sw:detect_credit_sw|check_counter[23]               ; clk_50       ; cpu_clk_out ; 0.000        ; 3.439      ; 4.398      ;
; 0.727 ; count_to_zero:COUNT_INTS|d_out ; detect_sw:detect_test_sw|closed_counter[19]                ; clk_50       ; cpu_clk_out ; 0.000        ; 3.428      ; 4.387      ;
; 0.727 ; count_to_zero:COUNT_INTS|d_out ; detect_sw:detect_credit_sw|check_counter[21]               ; clk_50       ; cpu_clk_out ; 0.000        ; 3.439      ; 4.398      ;
; 0.727 ; count_to_zero:COUNT_INTS|d_out ; detect_sw:detect_credit_sw|check_counter[13]               ; clk_50       ; cpu_clk_out ; 0.000        ; 3.439      ; 4.398      ;
; 0.727 ; count_to_zero:COUNT_INTS|d_out ; detect_sw:detect_credit_sw|check_counter[20]               ; clk_50       ; cpu_clk_out ; 0.000        ; 3.439      ; 4.398      ;
; 0.727 ; count_to_zero:COUNT_INTS|d_out ; detect_sw:detect_credit_sw|check_counter[12]               ; clk_50       ; cpu_clk_out ; 0.000        ; 3.439      ; 4.398      ;
; 0.727 ; count_to_zero:COUNT_INTS|d_out ; detect_sw:detect_test_sw|closed_counter[18]                ; clk_50       ; cpu_clk_out ; 0.000        ; 3.428      ; 4.387      ;
; 0.727 ; count_to_zero:COUNT_INTS|d_out ; detect_sw:detect_test_sw|closed_counter[17]                ; clk_50       ; cpu_clk_out ; 0.000        ; 3.428      ; 4.387      ;
; 0.727 ; count_to_zero:COUNT_INTS|d_out ; detect_sw:detect_test_sw|closed_counter[16]                ; clk_50       ; cpu_clk_out ; 0.000        ; 3.428      ; 4.387      ;
; 0.727 ; count_to_zero:COUNT_INTS|d_out ; detect_sw:detect_test_sw|closed_counter[15]                ; clk_50       ; cpu_clk_out ; 0.000        ; 3.428      ; 4.387      ;
; 0.727 ; count_to_zero:COUNT_INTS|d_out ; detect_sw:detect_test_sw|closed_counter[14]                ; clk_50       ; cpu_clk_out ; 0.000        ; 3.428      ; 4.387      ;
; 0.727 ; count_to_zero:COUNT_INTS|d_out ; detect_sw:detect_test_sw|closed_counter[13]                ; clk_50       ; cpu_clk_out ; 0.000        ; 3.428      ; 4.387      ;
; 0.727 ; count_to_zero:COUNT_INTS|d_out ; detect_sw:detect_test_sw|closed_counter[12]                ; clk_50       ; cpu_clk_out ; 0.000        ; 3.428      ; 4.387      ;
; 0.727 ; count_to_zero:COUNT_INTS|d_out ; detect_sw:detect_test_sw|closed_counter[11]                ; clk_50       ; cpu_clk_out ; 0.000        ; 3.428      ; 4.387      ;
; 0.727 ; count_to_zero:COUNT_INTS|d_out ; detect_sw:detect_test_sw|closed_counter[10]                ; clk_50       ; cpu_clk_out ; 0.000        ; 3.428      ; 4.387      ;
; 0.727 ; count_to_zero:COUNT_INTS|d_out ; detect_sw:detect_test_sw|closed_counter[9]                 ; clk_50       ; cpu_clk_out ; 0.000        ; 3.428      ; 4.387      ;
; 0.727 ; count_to_zero:COUNT_INTS|d_out ; detect_sw:detect_test_sw|closed_counter[8]                 ; clk_50       ; cpu_clk_out ; 0.000        ; 3.428      ; 4.387      ;
; 0.727 ; count_to_zero:COUNT_INTS|d_out ; detect_sw:detect_test_sw|closed_counter[7]                 ; clk_50       ; cpu_clk_out ; 0.000        ; 3.428      ; 4.387      ;
; 0.727 ; count_to_zero:COUNT_INTS|d_out ; detect_sw:detect_test_sw|closed_counter[6]                 ; clk_50       ; cpu_clk_out ; 0.000        ; 3.428      ; 4.387      ;
; 0.727 ; count_to_zero:COUNT_INTS|d_out ; detect_sw:detect_test_sw|closed_counter[5]                 ; clk_50       ; cpu_clk_out ; 0.000        ; 3.428      ; 4.387      ;
; 0.727 ; count_to_zero:COUNT_INTS|d_out ; detect_sw:detect_test_sw|closed_counter[4]                 ; clk_50       ; cpu_clk_out ; 0.000        ; 3.428      ; 4.387      ;
; 0.727 ; count_to_zero:COUNT_INTS|d_out ; detect_sw:detect_test_sw|closed_counter[3]                 ; clk_50       ; cpu_clk_out ; 0.000        ; 3.428      ; 4.387      ;
; 0.727 ; count_to_zero:COUNT_INTS|d_out ; detect_sw:detect_test_sw|closed_counter[2]                 ; clk_50       ; cpu_clk_out ; 0.000        ; 3.428      ; 4.387      ;
; 0.727 ; count_to_zero:COUNT_INTS|d_out ; detect_sw:detect_test_sw|closed_counter[1]                 ; clk_50       ; cpu_clk_out ; 0.000        ; 3.428      ; 4.387      ;
; 0.727 ; count_to_zero:COUNT_INTS|d_out ; detect_sw:detect_test_sw|closed_counter[0]                 ; clk_50       ; cpu_clk_out ; 0.000        ; 3.428      ; 4.387      ;
; 0.727 ; count_to_zero:COUNT_INTS|d_out ; detect_sw:detect_test_sw|closed_counter[20]                ; clk_50       ; cpu_clk_out ; 0.000        ; 3.428      ; 4.387      ;
; 0.728 ; count_to_zero:COUNT_INTS|d_out ; detect_sw:detect_credit_sw|long_push                       ; clk_50       ; cpu_clk_out ; 0.000        ; 3.437      ; 4.397      ;
; 0.728 ; count_to_zero:COUNT_INTS|d_out ; detect_sw:detect_credit_sw|state.counting                  ; clk_50       ; cpu_clk_out ; 0.000        ; 3.437      ; 4.397      ;
; 0.728 ; count_to_zero:COUNT_INTS|d_out ; detect_sw:detect_credit_sw|closed_counter[1]               ; clk_50       ; cpu_clk_out ; 0.000        ; 3.437      ; 4.397      ;
; 0.728 ; count_to_zero:COUNT_INTS|d_out ; detect_sw:detect_credit_sw|closed_counter[0]               ; clk_50       ; cpu_clk_out ; 0.000        ; 3.437      ; 4.397      ;
; 0.728 ; count_to_zero:COUNT_INTS|d_out ; detect_sw:detect_credit_sw|closed_counter[2]               ; clk_50       ; cpu_clk_out ; 0.000        ; 3.437      ; 4.397      ;
; 0.728 ; count_to_zero:COUNT_INTS|d_out ; detect_sw:detect_credit_sw|closed_counter[3]               ; clk_50       ; cpu_clk_out ; 0.000        ; 3.437      ; 4.397      ;
; 0.728 ; count_to_zero:COUNT_INTS|d_out ; detect_sw:detect_credit_sw|closed_counter[4]               ; clk_50       ; cpu_clk_out ; 0.000        ; 3.437      ; 4.397      ;
; 0.728 ; count_to_zero:COUNT_INTS|d_out ; detect_sw:detect_credit_sw|closed_counter[22]              ; clk_50       ; cpu_clk_out ; 0.000        ; 3.437      ; 4.397      ;
; 0.728 ; count_to_zero:COUNT_INTS|d_out ; detect_sw:detect_credit_sw|state.delay                     ; clk_50       ; cpu_clk_out ; 0.000        ; 3.437      ; 4.397      ;
; 0.728 ; count_to_zero:COUNT_INTS|d_out ; detect_sw:detect_credit_sw|state.Idle                      ; clk_50       ; cpu_clk_out ; 0.000        ; 3.437      ; 4.397      ;
; 0.728 ; count_to_zero:COUNT_INTS|d_out ; detect_sw:detect_credit_sw|closed_counter[24]              ; clk_50       ; cpu_clk_out ; 0.000        ; 3.437      ; 4.397      ;
; 0.728 ; count_to_zero:COUNT_INTS|d_out ; detect_sw:detect_credit_sw|closed_counter[23]              ; clk_50       ; cpu_clk_out ; 0.000        ; 3.437      ; 4.397      ;
; 0.728 ; count_to_zero:COUNT_INTS|d_out ; detect_sw:detect_credit_sw|closed_counter[21]              ; clk_50       ; cpu_clk_out ; 0.000        ; 3.437      ; 4.397      ;
; 0.728 ; count_to_zero:COUNT_INTS|d_out ; detect_sw:detect_credit_sw|closed_counter[20]              ; clk_50       ; cpu_clk_out ; 0.000        ; 3.437      ; 4.397      ;
; 0.728 ; count_to_zero:COUNT_INTS|d_out ; detect_sw:detect_credit_sw|closed_counter[19]              ; clk_50       ; cpu_clk_out ; 0.000        ; 3.437      ; 4.397      ;
; 0.728 ; count_to_zero:COUNT_INTS|d_out ; detect_sw:detect_credit_sw|closed_counter[18]              ; clk_50       ; cpu_clk_out ; 0.000        ; 3.437      ; 4.397      ;
; 0.728 ; count_to_zero:COUNT_INTS|d_out ; detect_sw:detect_credit_sw|closed_counter[17]              ; clk_50       ; cpu_clk_out ; 0.000        ; 3.437      ; 4.397      ;
; 0.728 ; count_to_zero:COUNT_INTS|d_out ; detect_sw:detect_credit_sw|closed_counter[16]              ; clk_50       ; cpu_clk_out ; 0.000        ; 3.437      ; 4.397      ;
; 0.728 ; count_to_zero:COUNT_INTS|d_out ; detect_sw:detect_credit_sw|closed_counter[15]              ; clk_50       ; cpu_clk_out ; 0.000        ; 3.437      ; 4.397      ;
; 0.728 ; count_to_zero:COUNT_INTS|d_out ; detect_sw:detect_credit_sw|closed_counter[14]              ; clk_50       ; cpu_clk_out ; 0.000        ; 3.437      ; 4.397      ;
; 0.728 ; count_to_zero:COUNT_INTS|d_out ; detect_sw:detect_credit_sw|closed_counter[13]              ; clk_50       ; cpu_clk_out ; 0.000        ; 3.437      ; 4.397      ;
; 0.728 ; count_to_zero:COUNT_INTS|d_out ; detect_sw:detect_credit_sw|closed_counter[12]              ; clk_50       ; cpu_clk_out ; 0.000        ; 3.437      ; 4.397      ;
; 0.728 ; count_to_zero:COUNT_INTS|d_out ; detect_sw:detect_credit_sw|closed_counter[11]              ; clk_50       ; cpu_clk_out ; 0.000        ; 3.437      ; 4.397      ;
; 0.728 ; count_to_zero:COUNT_INTS|d_out ; detect_sw:detect_credit_sw|closed_counter[10]              ; clk_50       ; cpu_clk_out ; 0.000        ; 3.437      ; 4.397      ;
; 0.728 ; count_to_zero:COUNT_INTS|d_out ; detect_sw:detect_credit_sw|closed_counter[9]               ; clk_50       ; cpu_clk_out ; 0.000        ; 3.437      ; 4.397      ;
; 0.728 ; count_to_zero:COUNT_INTS|d_out ; detect_sw:detect_credit_sw|closed_counter[8]               ; clk_50       ; cpu_clk_out ; 0.000        ; 3.437      ; 4.397      ;
; 0.728 ; count_to_zero:COUNT_INTS|d_out ; detect_sw:detect_credit_sw|closed_counter[7]               ; clk_50       ; cpu_clk_out ; 0.000        ; 3.437      ; 4.397      ;
; 0.728 ; count_to_zero:COUNT_INTS|d_out ; detect_sw:detect_credit_sw|closed_counter[6]               ; clk_50       ; cpu_clk_out ; 0.000        ; 3.437      ; 4.397      ;
; 0.728 ; count_to_zero:COUNT_INTS|d_out ; detect_sw:detect_credit_sw|closed_counter[5]               ; clk_50       ; cpu_clk_out ; 0.000        ; 3.437      ; 4.397      ;
; 0.732 ; count_to_zero:COUNT_INTS|d_out ; detect_sw_trigger:detect_credit_sw_trigger|counter[4]      ; clk_50       ; cpu_clk_out ; 0.000        ; 3.411      ; 4.375      ;
; 0.732 ; count_to_zero:COUNT_INTS|d_out ; detect_sw:detect_test_sw|state.Idle                        ; clk_50       ; cpu_clk_out ; 0.000        ; 3.404      ; 4.368      ;
; 0.732 ; count_to_zero:COUNT_INTS|d_out ; detect_sw_trigger:detect_credit_sw_trigger|counter[7]      ; clk_50       ; cpu_clk_out ; 0.000        ; 3.411      ; 4.375      ;
; 0.732 ; count_to_zero:COUNT_INTS|d_out ; detect_sw:detect_test_sw|state.delay                       ; clk_50       ; cpu_clk_out ; 0.000        ; 3.404      ; 4.368      ;
+-------+--------------------------------+------------------------------------------------------------+--------------+-------------+--------------+------------+------------+


+-----------------------------------------------------------------------------------------------------------------------------------------------------------------+
; Slow 1200mV 85C Model Removal: 'clk_50'                                                                                                                         ;
+-------+-----------------------------+-----------------------------------------------------+--------------+-------------+--------------+------------+------------+
; Slack ; From Node                   ; To Node                                             ; Launch Clock ; Latch Clock ; Relationship ; Clock Skew ; Data Delay ;
+-------+-----------------------------+-----------------------------------------------------+--------------+-------------+--------------+------------+------------+
; 2.049 ; SD_Card:SD_CARD|cpu_reset_l ; gosof80:SOUNDBOARD|dac:Audio_DAC|SigmaLatch_q[8]    ; clk_50       ; clk_50      ; 0.000        ; 0.093      ; 2.354      ;
; 2.049 ; SD_Card:SD_CARD|cpu_reset_l ; gosof80:SOUNDBOARD|dac:Audio_DAC|SigmaLatch_q[5]    ; clk_50       ; clk_50      ; 0.000        ; 0.093      ; 2.354      ;
; 2.049 ; SD_Card:SD_CARD|cpu_reset_l ; gosof80:SOUNDBOARD|dac:Audio_DAC|SigmaLatch_q[2]    ; clk_50       ; clk_50      ; 0.000        ; 0.093      ; 2.354      ;
; 2.049 ; SD_Card:SD_CARD|cpu_reset_l ; gosof80:SOUNDBOARD|dac:Audio_DAC|SigmaLatch_q[9]    ; clk_50       ; clk_50      ; 0.000        ; 0.093      ; 2.354      ;
; 2.049 ; SD_Card:SD_CARD|cpu_reset_l ; gosof80:SOUNDBOARD|dac:Audio_DAC|DACout_q           ; clk_50       ; clk_50      ; 0.000        ; 0.093      ; 2.354      ;
; 2.049 ; SD_Card:SD_CARD|cpu_reset_l ; gosof80:SOUNDBOARD|dac:Audio_DAC|SigmaLatch_q[0]    ; clk_50       ; clk_50      ; 0.000        ; 0.093      ; 2.354      ;
; 2.049 ; SD_Card:SD_CARD|cpu_reset_l ; gosof80:SOUNDBOARD|dac:Audio_DAC|SigmaLatch_q[1]    ; clk_50       ; clk_50      ; 0.000        ; 0.093      ; 2.354      ;
; 2.049 ; SD_Card:SD_CARD|cpu_reset_l ; gosof80:SOUNDBOARD|dac:Audio_DAC|SigmaLatch_q[3]    ; clk_50       ; clk_50      ; 0.000        ; 0.093      ; 2.354      ;
; 2.049 ; SD_Card:SD_CARD|cpu_reset_l ; gosof80:SOUNDBOARD|dac:Audio_DAC|SigmaLatch_q[7]    ; clk_50       ; clk_50      ; 0.000        ; 0.093      ; 2.354      ;
; 2.049 ; SD_Card:SD_CARD|cpu_reset_l ; gosof80:SOUNDBOARD|dac:Audio_DAC|SigmaLatch_q[6]    ; clk_50       ; clk_50      ; 0.000        ; 0.093      ; 2.354      ;
; 2.049 ; SD_Card:SD_CARD|cpu_reset_l ; gosof80:SOUNDBOARD|dac:Audio_DAC|SigmaLatch_q[4]    ; clk_50       ; clk_50      ; 0.000        ; 0.093      ; 2.354      ;
; 2.373 ; SD_Card:SD_CARD|cpu_reset_l ; EEprom:EEprom|state.wait_for_Master_I               ; clk_50       ; clk_50      ; 0.000        ; 0.065      ; 2.650      ;
; 2.373 ; SD_Card:SD_CARD|cpu_reset_l ; EEprom:EEprom|state.wait_for_get_status_reg         ; clk_50       ; clk_50      ; 0.000        ; 0.065      ; 2.650      ;
; 2.373 ; SD_Card:SD_CARD|cpu_reset_l ; EEprom:EEprom|TX_Start_Stat                         ; clk_50       ; clk_50      ; 0.000        ; 0.065      ; 2.650      ;
; 2.373 ; SD_Card:SD_CARD|cpu_reset_l ; EEprom:EEprom|state.get_status_reg                  ; clk_50       ; clk_50      ; 0.000        ; 0.065      ; 2.650      ;
; 2.373 ; SD_Card:SD_CARD|cpu_reset_l ; EEprom:EEprom|state.wait_for_Master_II              ; clk_50       ; clk_50      ; 0.000        ; 0.065      ; 2.650      ;
; 2.373 ; SD_Card:SD_CARD|cpu_reset_l ; EEprom:EEprom|state.check_WP_bit                    ; clk_50       ; clk_50      ; 0.000        ; 0.065      ; 2.650      ;
; 2.373 ; SD_Card:SD_CARD|cpu_reset_l ; EEprom:EEprom|state.next_write                      ; clk_50       ; clk_50      ; 0.000        ; 0.065      ; 2.650      ;
; 2.373 ; SD_Card:SD_CARD|cpu_reset_l ; EEprom:EEprom|state.wait_for_Master_III             ; clk_50       ; clk_50      ; 0.000        ; 0.065      ; 2.650      ;
; 2.382 ; SD_Card:SD_CARD|cpu_reset_l ; EEprom:EEprom|state.wait_for_Write_done             ; clk_50       ; clk_50      ; 0.000        ; 0.077      ; 2.671      ;
; 2.382 ; SD_Card:SD_CARD|cpu_reset_l ; EEprom:EEprom|TX_Start_W                            ; clk_50       ; clk_50      ; 0.000        ; 0.077      ; 2.671      ;
; 2.382 ; SD_Card:SD_CARD|cpu_reset_l ; EEprom:EEprom|state.Check_dip                       ; clk_50       ; clk_50      ; 0.000        ; 0.077      ; 2.671      ;
; 2.382 ; SD_Card:SD_CARD|cpu_reset_l ; EEprom:EEprom|state.send_read_request               ; clk_50       ; clk_50      ; 0.000        ; 0.077      ; 2.671      ;
; 2.382 ; SD_Card:SD_CARD|cpu_reset_l ; EEprom:EEprom|state.send_write_request              ; clk_50       ; clk_50      ; 0.000        ; 0.077      ; 2.671      ;
; 2.382 ; SD_Card:SD_CARD|cpu_reset_l ; EEprom:EEprom|state.Delay                           ; clk_50       ; clk_50      ; 0.000        ; 0.077      ; 2.671      ;
; 2.382 ; SD_Card:SD_CARD|cpu_reset_l ; EEprom:EEprom|state.wait_for_Cmd_done               ; clk_50       ; clk_50      ; 0.000        ; 0.077      ; 2.671      ;
; 2.382 ; SD_Card:SD_CARD|cpu_reset_l ; EEprom:EEprom|TX_Start_Cmd                          ; clk_50       ; clk_50      ; 0.000        ; 0.077      ; 2.671      ;
; 2.383 ; SD_Card:SD_CARD|cpu_reset_l ; EEprom:EEprom|wr_ram                                ; clk_50       ; clk_50      ; 0.000        ; 0.064      ; 2.659      ;
; 2.383 ; SD_Card:SD_CARD|cpu_reset_l ; EEprom:EEprom|state.wait_for_Master                 ; clk_50       ; clk_50      ; 0.000        ; 0.064      ; 2.659      ;
; 2.383 ; SD_Card:SD_CARD|cpu_reset_l ; EEprom:EEprom|state.wait_for_read                   ; clk_50       ; clk_50      ; 0.000        ; 0.064      ; 2.659      ;
; 2.383 ; SD_Card:SD_CARD|cpu_reset_l ; EEprom:EEprom|state.Delay2                          ; clk_50       ; clk_50      ; 0.000        ; 0.064      ; 2.659      ;
; 2.383 ; SD_Card:SD_CARD|cpu_reset_l ; EEprom:EEprom|TX_Start_R                            ; clk_50       ; clk_50      ; 0.000        ; 0.064      ; 2.659      ;
; 2.426 ; SD_Card:SD_CARD|cpu_reset_l ; count_to_zero:COUNT_INTS|int_count[3]               ; clk_50       ; clk_50      ; 0.000        ; 0.099      ; 2.737      ;
; 2.426 ; SD_Card:SD_CARD|cpu_reset_l ; count_to_zero:COUNT_INTS|int_count[5]               ; clk_50       ; clk_50      ; 0.000        ; 0.099      ; 2.737      ;
; 2.426 ; SD_Card:SD_CARD|cpu_reset_l ; count_to_zero:COUNT_INTS|int_count[2]               ; clk_50       ; clk_50      ; 0.000        ; 0.099      ; 2.737      ;
; 2.426 ; SD_Card:SD_CARD|cpu_reset_l ; count_to_zero:COUNT_INTS|int_count[7]               ; clk_50       ; clk_50      ; 0.000        ; 0.099      ; 2.737      ;
; 2.426 ; SD_Card:SD_CARD|cpu_reset_l ; count_to_zero:COUNT_INTS|int_count[6]               ; clk_50       ; clk_50      ; 0.000        ; 0.099      ; 2.737      ;
; 2.426 ; SD_Card:SD_CARD|cpu_reset_l ; count_to_zero:COUNT_INTS|int_count[4]               ; clk_50       ; clk_50      ; 0.000        ; 0.099      ; 2.737      ;
; 2.426 ; SD_Card:SD_CARD|cpu_reset_l ; count_to_zero:COUNT_INTS|int_count[1]               ; clk_50       ; clk_50      ; 0.000        ; 0.099      ; 2.737      ;
; 2.428 ; SD_Card:SD_CARD|cpu_reset_l ; EEprom:EEprom|address_eeprom[4]                     ; clk_50       ; clk_50      ; 0.000        ; 0.074      ; 2.714      ;
; 2.428 ; SD_Card:SD_CARD|cpu_reset_l ; EEprom:EEprom|address_eeprom[6]                     ; clk_50       ; clk_50      ; 0.000        ; 0.074      ; 2.714      ;
; 2.428 ; SD_Card:SD_CARD|cpu_reset_l ; EEprom:EEprom|address_eeprom[3]                     ; clk_50       ; clk_50      ; 0.000        ; 0.074      ; 2.714      ;
; 2.428 ; SD_Card:SD_CARD|cpu_reset_l ; EEprom:EEprom|address_eeprom[1]                     ; clk_50       ; clk_50      ; 0.000        ; 0.074      ; 2.714      ;
; 2.428 ; SD_Card:SD_CARD|cpu_reset_l ; EEprom:EEprom|address_eeprom[5]                     ; clk_50       ; clk_50      ; 0.000        ; 0.074      ; 2.714      ;
; 2.428 ; SD_Card:SD_CARD|cpu_reset_l ; EEprom:EEprom|address_eeprom[0]                     ; clk_50       ; clk_50      ; 0.000        ; 0.074      ; 2.714      ;
; 2.428 ; SD_Card:SD_CARD|cpu_reset_l ; EEprom:EEprom|address_eeprom[2]                     ; clk_50       ; clk_50      ; 0.000        ; 0.074      ; 2.714      ;
; 2.428 ; SD_Card:SD_CARD|cpu_reset_l ; EEprom:EEprom|state.Write_enable                    ; clk_50       ; clk_50      ; 0.000        ; 0.074      ; 2.714      ;
; 2.428 ; SD_Card:SD_CARD|cpu_reset_l ; EEprom:EEprom|state.Idle                            ; clk_50       ; clk_50      ; 0.000        ; 0.074      ; 2.714      ;
; 2.445 ; SD_Card:SD_CARD|cpu_reset_l ; gosof80:SOUNDBOARD|SC01:SC01_Simu|\SC01:counter[15] ; clk_50       ; clk_50      ; 0.000        ; 0.079      ; 2.736      ;
; 2.591 ; SD_Card:SD_CARD|cpu_reset_l ; count_to_zero:COUNT_INTS|int_count[0]               ; clk_50       ; clk_50      ; 0.000        ; 0.100      ; 2.903      ;
; 2.591 ; SD_Card:SD_CARD|cpu_reset_l ; count_to_zero:COUNT_INTS|d_out                      ; clk_50       ; clk_50      ; 0.000        ; 0.100      ; 2.903      ;
; 2.695 ; SD_Card:SD_CARD|cpu_reset_l ; gosof80:SOUNDBOARD|SC01:SC01_Simu|AR                ; clk_50       ; clk_50      ; 0.000        ; 0.063      ; 2.970      ;
; 2.695 ; SD_Card:SD_CARD|cpu_reset_l ; gosof80:SOUNDBOARD|SC01:SC01_Simu|\SC01:counter[16] ; clk_50       ; clk_50      ; 0.000        ; 0.063      ; 2.970      ;
; 2.695 ; SD_Card:SD_CARD|cpu_reset_l ; gosof80:SOUNDBOARD|SC01:SC01_Simu|\SC01:counter[19] ; clk_50       ; clk_50      ; 0.000        ; 0.063      ; 2.970      ;
; 2.695 ; SD_Card:SD_CARD|cpu_reset_l ; gosof80:SOUNDBOARD|SC01:SC01_Simu|\SC01:counter[5]  ; clk_50       ; clk_50      ; 0.000        ; 0.063      ; 2.970      ;
; 2.695 ; SD_Card:SD_CARD|cpu_reset_l ; gosof80:SOUNDBOARD|SC01:SC01_Simu|\SC01:counter[1]  ; clk_50       ; clk_50      ; 0.000        ; 0.063      ; 2.970      ;
; 2.695 ; SD_Card:SD_CARD|cpu_reset_l ; gosof80:SOUNDBOARD|SC01:SC01_Simu|\SC01:counter[3]  ; clk_50       ; clk_50      ; 0.000        ; 0.063      ; 2.970      ;
; 2.695 ; SD_Card:SD_CARD|cpu_reset_l ; gosof80:SOUNDBOARD|SC01:SC01_Simu|\SC01:counter[2]  ; clk_50       ; clk_50      ; 0.000        ; 0.063      ; 2.970      ;
; 2.695 ; SD_Card:SD_CARD|cpu_reset_l ; gosof80:SOUNDBOARD|SC01:SC01_Simu|state.Idle        ; clk_50       ; clk_50      ; 0.000        ; 0.063      ; 2.970      ;
; 2.695 ; SD_Card:SD_CARD|cpu_reset_l ; gosof80:SOUNDBOARD|SC01:SC01_Simu|\SC01:counter[4]  ; clk_50       ; clk_50      ; 0.000        ; 0.063      ; 2.970      ;
; 2.695 ; SD_Card:SD_CARD|cpu_reset_l ; gosof80:SOUNDBOARD|SC01:SC01_Simu|state.Speech      ; clk_50       ; clk_50      ; 0.000        ; 0.063      ; 2.970      ;
; 2.699 ; SD_Card:SD_CARD|cpu_reset_l ; count_to_zero:COUNT_STROBES|int_count[5]            ; clk_50       ; clk_50      ; 0.000        ; 0.068      ; 2.979      ;
; 2.699 ; SD_Card:SD_CARD|cpu_reset_l ; count_to_zero:COUNT_STROBES|int_count[3]            ; clk_50       ; clk_50      ; 0.000        ; 0.068      ; 2.979      ;
; 2.699 ; SD_Card:SD_CARD|cpu_reset_l ; count_to_zero:COUNT_STROBES|int_count[1]            ; clk_50       ; clk_50      ; 0.000        ; 0.068      ; 2.979      ;
; 2.699 ; SD_Card:SD_CARD|cpu_reset_l ; count_to_zero:COUNT_STROBES|int_count[2]            ; clk_50       ; clk_50      ; 0.000        ; 0.068      ; 2.979      ;
; 2.699 ; SD_Card:SD_CARD|cpu_reset_l ; count_to_zero:COUNT_STROBES|int_count[7]            ; clk_50       ; clk_50      ; 0.000        ; 0.068      ; 2.979      ;
; 2.699 ; SD_Card:SD_CARD|cpu_reset_l ; count_to_zero:COUNT_STROBES|int_count[6]            ; clk_50       ; clk_50      ; 0.000        ; 0.068      ; 2.979      ;
; 2.699 ; SD_Card:SD_CARD|cpu_reset_l ; count_to_zero:COUNT_STROBES|int_count[4]            ; clk_50       ; clk_50      ; 0.000        ; 0.068      ; 2.979      ;
; 2.704 ; SD_Card:SD_CARD|cpu_reset_l ; gosof80:SOUNDBOARD|SC01:SC01_Simu|\SC01:counter[12] ; clk_50       ; clk_50      ; 0.000        ; 0.065      ; 2.981      ;
; 2.704 ; SD_Card:SD_CARD|cpu_reset_l ; gosof80:SOUNDBOARD|SC01:SC01_Simu|\SC01:counter[6]  ; clk_50       ; clk_50      ; 0.000        ; 0.065      ; 2.981      ;
; 2.704 ; SD_Card:SD_CARD|cpu_reset_l ; gosof80:SOUNDBOARD|SC01:SC01_Simu|\SC01:counter[8]  ; clk_50       ; clk_50      ; 0.000        ; 0.065      ; 2.981      ;
; 2.704 ; SD_Card:SD_CARD|cpu_reset_l ; gosof80:SOUNDBOARD|SC01:SC01_Simu|\SC01:counter[18] ; clk_50       ; clk_50      ; 0.000        ; 0.065      ; 2.981      ;
; 2.704 ; SD_Card:SD_CARD|cpu_reset_l ; gosof80:SOUNDBOARD|SC01:SC01_Simu|state.Calc        ; clk_50       ; clk_50      ; 0.000        ; 0.065      ; 2.981      ;
; 2.704 ; SD_Card:SD_CARD|cpu_reset_l ; gosof80:SOUNDBOARD|SC01:SC01_Simu|\SC01:counter[10] ; clk_50       ; clk_50      ; 0.000        ; 0.065      ; 2.981      ;
; 2.704 ; SD_Card:SD_CARD|cpu_reset_l ; gosof80:SOUNDBOARD|SC01:SC01_Simu|\SC01:counter[7]  ; clk_50       ; clk_50      ; 0.000        ; 0.065      ; 2.981      ;
; 2.704 ; SD_Card:SD_CARD|cpu_reset_l ; gosof80:SOUNDBOARD|SC01:SC01_Simu|\SC01:counter[11] ; clk_50       ; clk_50      ; 0.000        ; 0.065      ; 2.981      ;
; 2.704 ; SD_Card:SD_CARD|cpu_reset_l ; gosof80:SOUNDBOARD|SC01:SC01_Simu|\SC01:counter[9]  ; clk_50       ; clk_50      ; 0.000        ; 0.065      ; 2.981      ;
; 2.725 ; SD_Card:SD_CARD|cpu_reset_l ; count_to_zero:COUNT_STROBES|int_count[0]            ; clk_50       ; clk_50      ; 0.000        ; 0.065      ; 3.002      ;
; 2.725 ; SD_Card:SD_CARD|cpu_reset_l ; count_to_zero:COUNT_STROBES|d_out                   ; clk_50       ; clk_50      ; 0.000        ; 0.065      ; 3.002      ;
; 2.742 ; SD_Card:SD_CARD|cpu_reset_l ; gosof80:SOUNDBOARD|SC01:SC01_Simu|\SC01:counter[0]  ; clk_50       ; clk_50      ; 0.000        ; 0.080      ; 3.034      ;
; 2.742 ; SD_Card:SD_CARD|cpu_reset_l ; gosof80:SOUNDBOARD|SC01:SC01_Simu|\SC01:counter[13] ; clk_50       ; clk_50      ; 0.000        ; 0.080      ; 3.034      ;
; 2.742 ; SD_Card:SD_CARD|cpu_reset_l ; gosof80:SOUNDBOARD|SC01:SC01_Simu|\SC01:counter[17] ; clk_50       ; clk_50      ; 0.000        ; 0.080      ; 3.034      ;
; 2.742 ; SD_Card:SD_CARD|cpu_reset_l ; gosof80:SOUNDBOARD|SC01:SC01_Simu|\SC01:counter[20] ; clk_50       ; clk_50      ; 0.000        ; 0.080      ; 3.034      ;
; 2.742 ; SD_Card:SD_CARD|cpu_reset_l ; gosof80:SOUNDBOARD|SC01:SC01_Simu|\SC01:counter[22] ; clk_50       ; clk_50      ; 0.000        ; 0.080      ; 3.034      ;
; 2.742 ; SD_Card:SD_CARD|cpu_reset_l ; gosof80:SOUNDBOARD|SC01:SC01_Simu|\SC01:counter[21] ; clk_50       ; clk_50      ; 0.000        ; 0.080      ; 3.034      ;
; 2.742 ; SD_Card:SD_CARD|cpu_reset_l ; gosof80:SOUNDBOARD|SC01:SC01_Simu|\SC01:counter[14] ; clk_50       ; clk_50      ; 0.000        ; 0.080      ; 3.034      ;
; 2.742 ; SD_Card:SD_CARD|cpu_reset_l ; gosof80:SOUNDBOARD|SC01:SC01_Simu|\SC01:counter[23] ; clk_50       ; clk_50      ; 0.000        ; 0.080      ; 3.034      ;
; 2.891 ; SD_Card:SD_CARD|cpu_reset_l ; sn74175:sn74175_80B_2|Qn[1]                         ; clk_50       ; clk_50      ; 0.000        ; 0.082      ; 3.185      ;
; 2.891 ; SD_Card:SD_CARD|cpu_reset_l ; sn74175:sn74175_80B_2|Qn[3]                         ; clk_50       ; clk_50      ; 0.000        ; 0.082      ; 3.185      ;
; 2.891 ; SD_Card:SD_CARD|cpu_reset_l ; sn74175:sn74175_80B_2|Qn[2]                         ; clk_50       ; clk_50      ; 0.000        ; 0.082      ; 3.185      ;
; 2.891 ; SD_Card:SD_CARD|cpu_reset_l ; sn74175:sn74175_80B_2|Qn[0]                         ; clk_50       ; clk_50      ; 0.000        ; 0.082      ; 3.185      ;
; 3.025 ; SD_Card:SD_CARD|cpu_reset_l ; EEprom:EEprom|c_count[16]                           ; clk_50       ; clk_50      ; 0.000        ; 0.069      ; 3.306      ;
; 3.025 ; SD_Card:SD_CARD|cpu_reset_l ; EEprom:EEprom|c_count[27]                           ; clk_50       ; clk_50      ; 0.000        ; 0.069      ; 3.306      ;
; 3.025 ; SD_Card:SD_CARD|cpu_reset_l ; EEprom:EEprom|c_count[28]                           ; clk_50       ; clk_50      ; 0.000        ; 0.069      ; 3.306      ;
; 3.025 ; SD_Card:SD_CARD|cpu_reset_l ; EEprom:EEprom|c_count[26]                           ; clk_50       ; clk_50      ; 0.000        ; 0.069      ; 3.306      ;
; 3.025 ; SD_Card:SD_CARD|cpu_reset_l ; EEprom:EEprom|c_count[24]                           ; clk_50       ; clk_50      ; 0.000        ; 0.069      ; 3.306      ;
; 3.025 ; SD_Card:SD_CARD|cpu_reset_l ; EEprom:EEprom|c_count[23]                           ; clk_50       ; clk_50      ; 0.000        ; 0.069      ; 3.306      ;
; 3.025 ; SD_Card:SD_CARD|cpu_reset_l ; EEprom:EEprom|c_count[19]                           ; clk_50       ; clk_50      ; 0.000        ; 0.069      ; 3.306      ;
; 3.025 ; SD_Card:SD_CARD|cpu_reset_l ; EEprom:EEprom|c_count[25]                           ; clk_50       ; clk_50      ; 0.000        ; 0.069      ; 3.306      ;
; 3.025 ; SD_Card:SD_CARD|cpu_reset_l ; EEprom:EEprom|c_count[20]                           ; clk_50       ; clk_50      ; 0.000        ; 0.069      ; 3.306      ;
+-------+-----------------------------+-----------------------------------------------------+--------------+-------------+--------------+------------+------------+


-----------------------------------------------
; Slow 1200mV 85C Model Metastability Summary ;
-----------------------------------------------
The design MTBF is not calculated because there are no specified synchronizers in the design.
Number of Synchronizer Chains Found: 11
Shortest Synchronizer Chain: 2 Registers
Fraction of Chains for which MTBFs Could Not be Calculated: 1.000
Worst Case Available Settling Time: 170.086 ns




+--------------------------------------------------+
; Slow 1200mV 0C Model Fmax Summary                ;
+-----------+-----------------+-------------+------+
; Fmax      ; Restricted Fmax ; Clock Name  ; Note ;
+-----------+-----------------+-------------+------+
; 32.01 MHz ; 32.01 MHz       ; cpu_clk_out ;      ;
; 82.43 MHz ; 82.43 MHz       ; clk_50      ;      ;
+-----------+-----------------+-------------+------+
This panel reports FMAX for every clock in the design, regardless of the user-specified clock periods.  FMAX is only computed for paths where the source and destination registers or ports are driven by the same clock.  Paths of different clocks, including generated clocks, are ignored.  For paths between a clock and its inversion, FMAX is computed as if the rising and falling edges are scaled along with FMAX, such that the duty cycle (in terms of a percentage) is maintained. Altera recommends that you always use clock constraints and other slack reports for sign-off analysis.


+--------------------------------------+
; Slow 1200mV 0C Model Setup Summary   ;
+-------------+--------+---------------+
; Clock       ; Slack  ; End Point TNS ;
+-------------+--------+---------------+
; clk_50      ; 5.701  ; 0.000         ;
; cpu_clk_out ; 10.243 ; 0.000         ;
+-------------+--------+---------------+


+-------------------------------------+
; Slow 1200mV 0C Model Hold Summary   ;
+-------------+-------+---------------+
; Clock       ; Slack ; End Point TNS ;
+-------------+-------+---------------+
; clk_50      ; 0.391 ; 0.000         ;
; cpu_clk_out ; 0.400 ; 0.000         ;
+-------------+-------+---------------+


+---------------------------------------+
; Slow 1200mV 0C Model Recovery Summary ;
+-------------+--------+----------------+
; Clock       ; Slack  ; End Point TNS  ;
+-------------+--------+----------------+
; clk_50      ; 15.542 ; 0.000          ;
; cpu_clk_out ; 17.001 ; 0.000          ;
+-------------+--------+----------------+


+--------------------------------------+
; Slow 1200mV 0C Model Removal Summary ;
+-------------+-------+----------------+
; Clock       ; Slack ; End Point TNS  ;
+-------------+-------+----------------+
; cpu_clk_out ; 0.572 ; 0.000          ;
; clk_50      ; 1.834 ; 0.000          ;
+-------------+-------+----------------+


+--------------------------------------------------+
; Slow 1200mV 0C Model Minimum Pulse Width Summary ;
+-------------+---------+--------------------------+
; Clock       ; Slack   ; End Point TNS            ;
+-------------+---------+--------------------------+
; clk_50      ; 9.556   ; 0.000                    ;
; cpu_clk_out ; 559.378 ; 0.000                    ;
+-------------+---------+--------------------------+


+----------------------------------------------------------------------------------------------------------------------------------------------------------------------------------------------+
; Slow 1200mV 0C Model Setup: 'clk_50'                                                                                                                                                         ;
+-------+------------------------------------+---------------------------------------------------------------------------+--------------+-------------+--------------+------------+------------+
; Slack ; From Node                          ; To Node                                                                   ; Launch Clock ; Latch Clock ; Relationship ; Clock Skew ; Data Delay ;
+-------+------------------------------------+---------------------------------------------------------------------------+--------------+-------------+--------------+------------+------------+
; 5.701 ; read_the_dips:RDIPS|game_select[5] ; gosof80:SOUNDBOARD|DFPlayer_Mini_CMD:DFP_send|\DFPLAYR_Mini:bitcounter[6] ; cpu_clk_out  ; clk_50      ; 20.000       ; -3.161     ; 11.140     ;
; 5.701 ; read_the_dips:RDIPS|game_select[5] ; gosof80:SOUNDBOARD|DFPlayer_Mini_CMD:DFP_send|\DFPLAYR_Mini:bitcounter[0] ; cpu_clk_out  ; clk_50      ; 20.000       ; -3.161     ; 11.140     ;
; 5.701 ; read_the_dips:RDIPS|game_select[5] ; gosof80:SOUNDBOARD|DFPlayer_Mini_CMD:DFP_send|\DFPLAYR_Mini:bitcounter[1] ; cpu_clk_out  ; clk_50      ; 20.000       ; -3.161     ; 11.140     ;
; 5.701 ; read_the_dips:RDIPS|game_select[5] ; gosof80:SOUNDBOARD|DFPlayer_Mini_CMD:DFP_send|\DFPLAYR_Mini:bitcounter[5] ; cpu_clk_out  ; clk_50      ; 20.000       ; -3.161     ; 11.140     ;
; 5.701 ; read_the_dips:RDIPS|game_select[5] ; gosof80:SOUNDBOARD|DFPlayer_Mini_CMD:DFP_send|\DFPLAYR_Mini:bitcounter[2] ; cpu_clk_out  ; clk_50      ; 20.000       ; -3.161     ; 11.140     ;
; 5.701 ; read_the_dips:RDIPS|game_select[5] ; gosof80:SOUNDBOARD|DFPlayer_Mini_CMD:DFP_send|\DFPLAYR_Mini:bitcounter[3] ; cpu_clk_out  ; clk_50      ; 20.000       ; -3.161     ; 11.140     ;
; 5.701 ; read_the_dips:RDIPS|game_select[5] ; gosof80:SOUNDBOARD|DFPlayer_Mini_CMD:DFP_send|\DFPLAYR_Mini:bitcounter[4] ; cpu_clk_out  ; clk_50      ; 20.000       ; -3.161     ; 11.140     ;
; 5.707 ; read_the_dips:RDIPS|game_select[4] ; gosof80:SOUNDBOARD|DFPlayer_Mini_CMD:DFP_send|\DFPLAYR_Mini:bitcounter[5] ; cpu_clk_out  ; clk_50      ; 20.000       ; -3.161     ; 11.134     ;
; 5.707 ; read_the_dips:RDIPS|game_select[4] ; gosof80:SOUNDBOARD|DFPlayer_Mini_CMD:DFP_send|\DFPLAYR_Mini:bitcounter[2] ; cpu_clk_out  ; clk_50      ; 20.000       ; -3.161     ; 11.134     ;
; 5.707 ; read_the_dips:RDIPS|game_select[4] ; gosof80:SOUNDBOARD|DFPlayer_Mini_CMD:DFP_send|\DFPLAYR_Mini:bitcounter[3] ; cpu_clk_out  ; clk_50      ; 20.000       ; -3.161     ; 11.134     ;
; 5.707 ; read_the_dips:RDIPS|game_select[4] ; gosof80:SOUNDBOARD|DFPlayer_Mini_CMD:DFP_send|\DFPLAYR_Mini:bitcounter[4] ; cpu_clk_out  ; clk_50      ; 20.000       ; -3.161     ; 11.134     ;
; 5.707 ; read_the_dips:RDIPS|game_select[4] ; gosof80:SOUNDBOARD|DFPlayer_Mini_CMD:DFP_send|\DFPLAYR_Mini:bitcounter[6] ; cpu_clk_out  ; clk_50      ; 20.000       ; -3.161     ; 11.134     ;
; 5.707 ; read_the_dips:RDIPS|game_select[4] ; gosof80:SOUNDBOARD|DFPlayer_Mini_CMD:DFP_send|\DFPLAYR_Mini:bitcounter[0] ; cpu_clk_out  ; clk_50      ; 20.000       ; -3.161     ; 11.134     ;
; 5.707 ; read_the_dips:RDIPS|game_select[4] ; gosof80:SOUNDBOARD|DFPlayer_Mini_CMD:DFP_send|\DFPLAYR_Mini:bitcounter[1] ; cpu_clk_out  ; clk_50      ; 20.000       ; -3.161     ; 11.134     ;
; 5.869 ; R6532:U6_IO|pa_out[4]              ; gosof80:SOUNDBOARD|DFPlayer_Mini_CMD:DFP_send|\DFPLAYR_Mini:bitcounter[5] ; cpu_clk_out  ; clk_50      ; 20.000       ; -3.144     ; 10.989     ;
; 5.869 ; R6532:U6_IO|pa_out[4]              ; gosof80:SOUNDBOARD|DFPlayer_Mini_CMD:DFP_send|\DFPLAYR_Mini:bitcounter[2] ; cpu_clk_out  ; clk_50      ; 20.000       ; -3.144     ; 10.989     ;
; 5.869 ; R6532:U6_IO|pa_out[4]              ; gosof80:SOUNDBOARD|DFPlayer_Mini_CMD:DFP_send|\DFPLAYR_Mini:bitcounter[3] ; cpu_clk_out  ; clk_50      ; 20.000       ; -3.144     ; 10.989     ;
; 5.869 ; R6532:U6_IO|pa_out[4]              ; gosof80:SOUNDBOARD|DFPlayer_Mini_CMD:DFP_send|\DFPLAYR_Mini:bitcounter[4] ; cpu_clk_out  ; clk_50      ; 20.000       ; -3.144     ; 10.989     ;
; 5.869 ; R6532:U6_IO|pa_out[4]              ; gosof80:SOUNDBOARD|DFPlayer_Mini_CMD:DFP_send|\DFPLAYR_Mini:bitcounter[1] ; cpu_clk_out  ; clk_50      ; 20.000       ; -3.144     ; 10.989     ;
; 5.869 ; R6532:U6_IO|pa_out[4]              ; gosof80:SOUNDBOARD|DFPlayer_Mini_CMD:DFP_send|\DFPLAYR_Mini:bitcounter[6] ; cpu_clk_out  ; clk_50      ; 20.000       ; -3.144     ; 10.989     ;
; 5.869 ; R6532:U6_IO|pa_out[4]              ; gosof80:SOUNDBOARD|DFPlayer_Mini_CMD:DFP_send|\DFPLAYR_Mini:bitcounter[0] ; cpu_clk_out  ; clk_50      ; 20.000       ; -3.144     ; 10.989     ;
; 5.914 ; read_the_dips:RDIPS|game_select[3] ; gosof80:SOUNDBOARD|DFPlayer_Mini_CMD:DFP_send|\DFPLAYR_Mini:bitcounter[2] ; cpu_clk_out  ; clk_50      ; 20.000       ; -3.108     ; 10.980     ;
; 5.914 ; read_the_dips:RDIPS|game_select[3] ; gosof80:SOUNDBOARD|DFPlayer_Mini_CMD:DFP_send|\DFPLAYR_Mini:bitcounter[4] ; cpu_clk_out  ; clk_50      ; 20.000       ; -3.108     ; 10.980     ;
; 5.914 ; read_the_dips:RDIPS|game_select[3] ; gosof80:SOUNDBOARD|DFPlayer_Mini_CMD:DFP_send|\DFPLAYR_Mini:bitcounter[3] ; cpu_clk_out  ; clk_50      ; 20.000       ; -3.108     ; 10.980     ;
; 5.914 ; read_the_dips:RDIPS|game_select[3] ; gosof80:SOUNDBOARD|DFPlayer_Mini_CMD:DFP_send|\DFPLAYR_Mini:bitcounter[5] ; cpu_clk_out  ; clk_50      ; 20.000       ; -3.108     ; 10.980     ;
; 5.914 ; read_the_dips:RDIPS|game_select[3] ; gosof80:SOUNDBOARD|DFPlayer_Mini_CMD:DFP_send|\DFPLAYR_Mini:bitcounter[1] ; cpu_clk_out  ; clk_50      ; 20.000       ; -3.108     ; 10.980     ;
; 5.914 ; read_the_dips:RDIPS|game_select[3] ; gosof80:SOUNDBOARD|DFPlayer_Mini_CMD:DFP_send|\DFPLAYR_Mini:bitcounter[6] ; cpu_clk_out  ; clk_50      ; 20.000       ; -3.108     ; 10.980     ;
; 5.914 ; read_the_dips:RDIPS|game_select[3] ; gosof80:SOUNDBOARD|DFPlayer_Mini_CMD:DFP_send|\DFPLAYR_Mini:bitcounter[0] ; cpu_clk_out  ; clk_50      ; 20.000       ; -3.108     ; 10.980     ;
; 5.987 ; read_the_dips:RDIPS|game_select[5] ; gosof80:SOUNDBOARD|DFPlayer_Mini_CMD:DFP_send|command[27]                 ; cpu_clk_out  ; clk_50      ; 20.000       ; -3.166     ; 10.849     ;
; 5.993 ; read_the_dips:RDIPS|game_select[4] ; gosof80:SOUNDBOARD|DFPlayer_Mini_CMD:DFP_send|command[27]                 ; cpu_clk_out  ; clk_50      ; 20.000       ; -3.166     ; 10.843     ;
; 5.994 ; read_the_dips:RDIPS|game_select[2] ; gosof80:SOUNDBOARD|DFPlayer_Mini_CMD:DFP_send|\DFPLAYR_Mini:bitcounter[2] ; cpu_clk_out  ; clk_50      ; 20.000       ; -3.108     ; 10.900     ;
; 5.994 ; read_the_dips:RDIPS|game_select[2] ; gosof80:SOUNDBOARD|DFPlayer_Mini_CMD:DFP_send|\DFPLAYR_Mini:bitcounter[5] ; cpu_clk_out  ; clk_50      ; 20.000       ; -3.108     ; 10.900     ;
; 5.994 ; read_the_dips:RDIPS|game_select[2] ; gosof80:SOUNDBOARD|DFPlayer_Mini_CMD:DFP_send|\DFPLAYR_Mini:bitcounter[0] ; cpu_clk_out  ; clk_50      ; 20.000       ; -3.108     ; 10.900     ;
; 5.994 ; read_the_dips:RDIPS|game_select[2] ; gosof80:SOUNDBOARD|DFPlayer_Mini_CMD:DFP_send|\DFPLAYR_Mini:bitcounter[1] ; cpu_clk_out  ; clk_50      ; 20.000       ; -3.108     ; 10.900     ;
; 5.994 ; read_the_dips:RDIPS|game_select[2] ; gosof80:SOUNDBOARD|DFPlayer_Mini_CMD:DFP_send|\DFPLAYR_Mini:bitcounter[6] ; cpu_clk_out  ; clk_50      ; 20.000       ; -3.108     ; 10.900     ;
; 5.994 ; read_the_dips:RDIPS|game_select[2] ; gosof80:SOUNDBOARD|DFPlayer_Mini_CMD:DFP_send|\DFPLAYR_Mini:bitcounter[4] ; cpu_clk_out  ; clk_50      ; 20.000       ; -3.108     ; 10.900     ;
; 5.994 ; read_the_dips:RDIPS|game_select[2] ; gosof80:SOUNDBOARD|DFPlayer_Mini_CMD:DFP_send|\DFPLAYR_Mini:bitcounter[3] ; cpu_clk_out  ; clk_50      ; 20.000       ; -3.108     ; 10.900     ;
; 6.050 ; read_the_dips:RDIPS|game_select[1] ; gosof80:SOUNDBOARD|DFPlayer_Mini_CMD:DFP_send|\DFPLAYR_Mini:bitcounter[4] ; cpu_clk_out  ; clk_50      ; 20.000       ; -3.108     ; 10.844     ;
; 6.050 ; read_the_dips:RDIPS|game_select[1] ; gosof80:SOUNDBOARD|DFPlayer_Mini_CMD:DFP_send|\DFPLAYR_Mini:bitcounter[3] ; cpu_clk_out  ; clk_50      ; 20.000       ; -3.108     ; 10.844     ;
; 6.050 ; read_the_dips:RDIPS|game_select[1] ; gosof80:SOUNDBOARD|DFPlayer_Mini_CMD:DFP_send|\DFPLAYR_Mini:bitcounter[2] ; cpu_clk_out  ; clk_50      ; 20.000       ; -3.108     ; 10.844     ;
; 6.050 ; read_the_dips:RDIPS|game_select[1] ; gosof80:SOUNDBOARD|DFPlayer_Mini_CMD:DFP_send|\DFPLAYR_Mini:bitcounter[5] ; cpu_clk_out  ; clk_50      ; 20.000       ; -3.108     ; 10.844     ;
; 6.050 ; read_the_dips:RDIPS|game_select[1] ; gosof80:SOUNDBOARD|DFPlayer_Mini_CMD:DFP_send|\DFPLAYR_Mini:bitcounter[1] ; cpu_clk_out  ; clk_50      ; 20.000       ; -3.108     ; 10.844     ;
; 6.050 ; read_the_dips:RDIPS|game_select[1] ; gosof80:SOUNDBOARD|DFPlayer_Mini_CMD:DFP_send|\DFPLAYR_Mini:bitcounter[0] ; cpu_clk_out  ; clk_50      ; 20.000       ; -3.108     ; 10.844     ;
; 6.050 ; read_the_dips:RDIPS|game_select[1] ; gosof80:SOUNDBOARD|DFPlayer_Mini_CMD:DFP_send|\DFPLAYR_Mini:bitcounter[6] ; cpu_clk_out  ; clk_50      ; 20.000       ; -3.108     ; 10.844     ;
; 6.051 ; read_the_dips:RDIPS|game_select[5] ; gosof80:SOUNDBOARD|DFPlayer_Mini_CMD:DFP_send|command[17]                 ; cpu_clk_out  ; clk_50      ; 20.000       ; -3.161     ; 10.790     ;
; 6.053 ; read_the_dips:RDIPS|game_select[5] ; gosof80:SOUNDBOARD|DFPlayer_Mini_CMD:DFP_send|command[12]                 ; cpu_clk_out  ; clk_50      ; 20.000       ; -3.161     ; 10.788     ;
; 6.053 ; read_the_dips:RDIPS|game_select[5] ; gosof80:SOUNDBOARD|DFPlayer_Mini_CMD:DFP_send|command[14]                 ; cpu_clk_out  ; clk_50      ; 20.000       ; -3.161     ; 10.788     ;
; 6.053 ; read_the_dips:RDIPS|game_select[5] ; gosof80:SOUNDBOARD|DFPlayer_Mini_CMD:DFP_send|command[13]                 ; cpu_clk_out  ; clk_50      ; 20.000       ; -3.161     ; 10.788     ;
; 6.053 ; read_the_dips:RDIPS|game_select[5] ; gosof80:SOUNDBOARD|DFPlayer_Mini_CMD:DFP_send|command[18]                 ; cpu_clk_out  ; clk_50      ; 20.000       ; -3.161     ; 10.788     ;
; 6.057 ; read_the_dips:RDIPS|game_select[4] ; gosof80:SOUNDBOARD|DFPlayer_Mini_CMD:DFP_send|command[17]                 ; cpu_clk_out  ; clk_50      ; 20.000       ; -3.161     ; 10.784     ;
; 6.059 ; read_the_dips:RDIPS|game_select[4] ; gosof80:SOUNDBOARD|DFPlayer_Mini_CMD:DFP_send|command[14]                 ; cpu_clk_out  ; clk_50      ; 20.000       ; -3.161     ; 10.782     ;
; 6.059 ; read_the_dips:RDIPS|game_select[4] ; gosof80:SOUNDBOARD|DFPlayer_Mini_CMD:DFP_send|command[13]                 ; cpu_clk_out  ; clk_50      ; 20.000       ; -3.161     ; 10.782     ;
; 6.059 ; read_the_dips:RDIPS|game_select[4] ; gosof80:SOUNDBOARD|DFPlayer_Mini_CMD:DFP_send|command[18]                 ; cpu_clk_out  ; clk_50      ; 20.000       ; -3.161     ; 10.782     ;
; 6.059 ; read_the_dips:RDIPS|game_select[4] ; gosof80:SOUNDBOARD|DFPlayer_Mini_CMD:DFP_send|command[12]                 ; cpu_clk_out  ; clk_50      ; 20.000       ; -3.161     ; 10.782     ;
; 6.155 ; R6532:U6_IO|pa_out[4]              ; gosof80:SOUNDBOARD|DFPlayer_Mini_CMD:DFP_send|command[27]                 ; cpu_clk_out  ; clk_50      ; 20.000       ; -3.149     ; 10.698     ;
; 6.162 ; read_the_dips:RDIPS|game_select[0] ; gosof80:SOUNDBOARD|DFPlayer_Mini_CMD:DFP_send|\DFPLAYR_Mini:bitcounter[3] ; cpu_clk_out  ; clk_50      ; 20.000       ; -3.108     ; 10.732     ;
; 6.162 ; read_the_dips:RDIPS|game_select[0] ; gosof80:SOUNDBOARD|DFPlayer_Mini_CMD:DFP_send|\DFPLAYR_Mini:bitcounter[2] ; cpu_clk_out  ; clk_50      ; 20.000       ; -3.108     ; 10.732     ;
; 6.162 ; read_the_dips:RDIPS|game_select[0] ; gosof80:SOUNDBOARD|DFPlayer_Mini_CMD:DFP_send|\DFPLAYR_Mini:bitcounter[5] ; cpu_clk_out  ; clk_50      ; 20.000       ; -3.108     ; 10.732     ;
; 6.162 ; read_the_dips:RDIPS|game_select[0] ; gosof80:SOUNDBOARD|DFPlayer_Mini_CMD:DFP_send|\DFPLAYR_Mini:bitcounter[4] ; cpu_clk_out  ; clk_50      ; 20.000       ; -3.108     ; 10.732     ;
; 6.162 ; read_the_dips:RDIPS|game_select[0] ; gosof80:SOUNDBOARD|DFPlayer_Mini_CMD:DFP_send|\DFPLAYR_Mini:bitcounter[1] ; cpu_clk_out  ; clk_50      ; 20.000       ; -3.108     ; 10.732     ;
; 6.162 ; read_the_dips:RDIPS|game_select[0] ; gosof80:SOUNDBOARD|DFPlayer_Mini_CMD:DFP_send|\DFPLAYR_Mini:bitcounter[0] ; cpu_clk_out  ; clk_50      ; 20.000       ; -3.108     ; 10.732     ;
; 6.162 ; read_the_dips:RDIPS|game_select[0] ; gosof80:SOUNDBOARD|DFPlayer_Mini_CMD:DFP_send|\DFPLAYR_Mini:bitcounter[6] ; cpu_clk_out  ; clk_50      ; 20.000       ; -3.108     ; 10.732     ;
; 6.200 ; read_the_dips:RDIPS|game_select[3] ; gosof80:SOUNDBOARD|DFPlayer_Mini_CMD:DFP_send|command[27]                 ; cpu_clk_out  ; clk_50      ; 20.000       ; -3.113     ; 10.689     ;
; 6.219 ; R6532:U6_IO|pa_out[4]              ; gosof80:SOUNDBOARD|DFPlayer_Mini_CMD:DFP_send|command[17]                 ; cpu_clk_out  ; clk_50      ; 20.000       ; -3.144     ; 10.639     ;
; 6.221 ; R6532:U6_IO|pa_out[4]              ; gosof80:SOUNDBOARD|DFPlayer_Mini_CMD:DFP_send|command[14]                 ; cpu_clk_out  ; clk_50      ; 20.000       ; -3.144     ; 10.637     ;
; 6.221 ; R6532:U6_IO|pa_out[4]              ; gosof80:SOUNDBOARD|DFPlayer_Mini_CMD:DFP_send|command[13]                 ; cpu_clk_out  ; clk_50      ; 20.000       ; -3.144     ; 10.637     ;
; 6.221 ; R6532:U6_IO|pa_out[4]              ; gosof80:SOUNDBOARD|DFPlayer_Mini_CMD:DFP_send|command[18]                 ; cpu_clk_out  ; clk_50      ; 20.000       ; -3.144     ; 10.637     ;
; 6.221 ; R6532:U6_IO|pa_out[4]              ; gosof80:SOUNDBOARD|DFPlayer_Mini_CMD:DFP_send|command[12]                 ; cpu_clk_out  ; clk_50      ; 20.000       ; -3.144     ; 10.637     ;
; 6.264 ; read_the_dips:RDIPS|game_select[3] ; gosof80:SOUNDBOARD|DFPlayer_Mini_CMD:DFP_send|command[17]                 ; cpu_clk_out  ; clk_50      ; 20.000       ; -3.108     ; 10.630     ;
; 6.266 ; read_the_dips:RDIPS|game_select[3] ; gosof80:SOUNDBOARD|DFPlayer_Mini_CMD:DFP_send|command[14]                 ; cpu_clk_out  ; clk_50      ; 20.000       ; -3.108     ; 10.628     ;
; 6.266 ; read_the_dips:RDIPS|game_select[3] ; gosof80:SOUNDBOARD|DFPlayer_Mini_CMD:DFP_send|command[13]                 ; cpu_clk_out  ; clk_50      ; 20.000       ; -3.108     ; 10.628     ;
; 6.266 ; read_the_dips:RDIPS|game_select[3] ; gosof80:SOUNDBOARD|DFPlayer_Mini_CMD:DFP_send|command[18]                 ; cpu_clk_out  ; clk_50      ; 20.000       ; -3.108     ; 10.628     ;
; 6.266 ; read_the_dips:RDIPS|game_select[3] ; gosof80:SOUNDBOARD|DFPlayer_Mini_CMD:DFP_send|command[12]                 ; cpu_clk_out  ; clk_50      ; 20.000       ; -3.108     ; 10.628     ;
; 6.280 ; read_the_dips:RDIPS|game_select[2] ; gosof80:SOUNDBOARD|DFPlayer_Mini_CMD:DFP_send|command[27]                 ; cpu_clk_out  ; clk_50      ; 20.000       ; -3.113     ; 10.609     ;
; 6.325 ; read_the_dips:RDIPS|game_select[5] ; gosof80:SOUNDBOARD|DFPlayer_Mini_CMD:DFP_send|command[28]                 ; cpu_clk_out  ; clk_50      ; 20.000       ; -3.162     ; 10.515     ;
; 6.325 ; read_the_dips:RDIPS|game_select[5] ; gosof80:SOUNDBOARD|DFPlayer_Mini_CMD:DFP_send|command[11]                 ; cpu_clk_out  ; clk_50      ; 20.000       ; -3.162     ; 10.515     ;
; 6.325 ; read_the_dips:RDIPS|game_select[5] ; gosof80:SOUNDBOARD|DFPlayer_Mini_CMD:DFP_send|command[25]                 ; cpu_clk_out  ; clk_50      ; 20.000       ; -3.162     ; 10.515     ;
; 6.325 ; read_the_dips:RDIPS|game_select[5] ; gosof80:SOUNDBOARD|DFPlayer_Mini_CMD:DFP_send|command[26]                 ; cpu_clk_out  ; clk_50      ; 20.000       ; -3.162     ; 10.515     ;
; 6.325 ; read_the_dips:RDIPS|game_select[5] ; gosof80:SOUNDBOARD|DFPlayer_Mini_CMD:DFP_send|command[24]                 ; cpu_clk_out  ; clk_50      ; 20.000       ; -3.162     ; 10.515     ;
; 6.325 ; read_the_dips:RDIPS|game_select[5] ; gosof80:SOUNDBOARD|DFPlayer_Mini_CMD:DFP_send|command[16]                 ; cpu_clk_out  ; clk_50      ; 20.000       ; -3.162     ; 10.515     ;
; 6.325 ; read_the_dips:RDIPS|game_select[5] ; gosof80:SOUNDBOARD|DFPlayer_Mini_CMD:DFP_send|command[23]                 ; cpu_clk_out  ; clk_50      ; 20.000       ; -3.162     ; 10.515     ;
; 6.331 ; read_the_dips:RDIPS|game_select[4] ; gosof80:SOUNDBOARD|DFPlayer_Mini_CMD:DFP_send|command[16]                 ; cpu_clk_out  ; clk_50      ; 20.000       ; -3.162     ; 10.509     ;
; 6.331 ; read_the_dips:RDIPS|game_select[4] ; gosof80:SOUNDBOARD|DFPlayer_Mini_CMD:DFP_send|command[23]                 ; cpu_clk_out  ; clk_50      ; 20.000       ; -3.162     ; 10.509     ;
; 6.331 ; read_the_dips:RDIPS|game_select[4] ; gosof80:SOUNDBOARD|DFPlayer_Mini_CMD:DFP_send|command[28]                 ; cpu_clk_out  ; clk_50      ; 20.000       ; -3.162     ; 10.509     ;
; 6.331 ; read_the_dips:RDIPS|game_select[4] ; gosof80:SOUNDBOARD|DFPlayer_Mini_CMD:DFP_send|command[11]                 ; cpu_clk_out  ; clk_50      ; 20.000       ; -3.162     ; 10.509     ;
; 6.331 ; read_the_dips:RDIPS|game_select[4] ; gosof80:SOUNDBOARD|DFPlayer_Mini_CMD:DFP_send|command[25]                 ; cpu_clk_out  ; clk_50      ; 20.000       ; -3.162     ; 10.509     ;
; 6.331 ; read_the_dips:RDIPS|game_select[4] ; gosof80:SOUNDBOARD|DFPlayer_Mini_CMD:DFP_send|command[26]                 ; cpu_clk_out  ; clk_50      ; 20.000       ; -3.162     ; 10.509     ;
; 6.331 ; read_the_dips:RDIPS|game_select[4] ; gosof80:SOUNDBOARD|DFPlayer_Mini_CMD:DFP_send|command[24]                 ; cpu_clk_out  ; clk_50      ; 20.000       ; -3.162     ; 10.509     ;
; 6.336 ; read_the_dips:RDIPS|game_select[1] ; gosof80:SOUNDBOARD|DFPlayer_Mini_CMD:DFP_send|command[27]                 ; cpu_clk_out  ; clk_50      ; 20.000       ; -3.113     ; 10.553     ;
; 6.344 ; read_the_dips:RDIPS|game_select[2] ; gosof80:SOUNDBOARD|DFPlayer_Mini_CMD:DFP_send|command[17]                 ; cpu_clk_out  ; clk_50      ; 20.000       ; -3.108     ; 10.550     ;
; 6.346 ; read_the_dips:RDIPS|game_select[2] ; gosof80:SOUNDBOARD|DFPlayer_Mini_CMD:DFP_send|command[14]                 ; cpu_clk_out  ; clk_50      ; 20.000       ; -3.108     ; 10.548     ;
; 6.346 ; read_the_dips:RDIPS|game_select[2] ; gosof80:SOUNDBOARD|DFPlayer_Mini_CMD:DFP_send|command[12]                 ; cpu_clk_out  ; clk_50      ; 20.000       ; -3.108     ; 10.548     ;
; 6.346 ; read_the_dips:RDIPS|game_select[2] ; gosof80:SOUNDBOARD|DFPlayer_Mini_CMD:DFP_send|command[13]                 ; cpu_clk_out  ; clk_50      ; 20.000       ; -3.108     ; 10.548     ;
; 6.346 ; read_the_dips:RDIPS|game_select[2] ; gosof80:SOUNDBOARD|DFPlayer_Mini_CMD:DFP_send|command[18]                 ; cpu_clk_out  ; clk_50      ; 20.000       ; -3.108     ; 10.548     ;
; 6.400 ; read_the_dips:RDIPS|game_select[1] ; gosof80:SOUNDBOARD|DFPlayer_Mini_CMD:DFP_send|command[17]                 ; cpu_clk_out  ; clk_50      ; 20.000       ; -3.108     ; 10.494     ;
; 6.402 ; read_the_dips:RDIPS|game_select[1] ; gosof80:SOUNDBOARD|DFPlayer_Mini_CMD:DFP_send|command[18]                 ; cpu_clk_out  ; clk_50      ; 20.000       ; -3.108     ; 10.492     ;
; 6.402 ; read_the_dips:RDIPS|game_select[1] ; gosof80:SOUNDBOARD|DFPlayer_Mini_CMD:DFP_send|command[13]                 ; cpu_clk_out  ; clk_50      ; 20.000       ; -3.108     ; 10.492     ;
; 6.402 ; read_the_dips:RDIPS|game_select[1] ; gosof80:SOUNDBOARD|DFPlayer_Mini_CMD:DFP_send|command[14]                 ; cpu_clk_out  ; clk_50      ; 20.000       ; -3.108     ; 10.492     ;
; 6.402 ; read_the_dips:RDIPS|game_select[1] ; gosof80:SOUNDBOARD|DFPlayer_Mini_CMD:DFP_send|command[12]                 ; cpu_clk_out  ; clk_50      ; 20.000       ; -3.108     ; 10.492     ;
; 6.448 ; read_the_dips:RDIPS|game_select[0] ; gosof80:SOUNDBOARD|DFPlayer_Mini_CMD:DFP_send|command[27]                 ; cpu_clk_out  ; clk_50      ; 20.000       ; -3.113     ; 10.441     ;
+-------+------------------------------------+---------------------------------------------------------------------------+--------------+-------------+--------------+------------+------------+


+--------------------------------------------------------------------------------------------------------------------------------------------------------------------------------------------------------------------------------+
; Slow 1200mV 0C Model Setup: 'cpu_clk_out'                                                                                                                                                                                      ;
+--------+-------------------------------------------------------------------------------------------------------------+-----------------------------------+--------------+-------------+--------------+------------+------------+
; Slack  ; From Node                                                                                                   ; To Node                           ; Launch Clock ; Latch Clock ; Relationship ; Clock Skew ; Data Delay ;
+--------+-------------------------------------------------------------------------------------------------------------+-----------------------------------+--------------+-------------+--------------+------------+------------+
; 10.243 ; GAME_ROM:GAME|altsyncram:altsyncram_component|altsyncram_k1q3:auto_generated|ram_block1a0~porta_we_reg      ; T65:U1|BAL[8]                     ; clk_50       ; cpu_clk_out ; 20.000       ; 2.528      ; 12.287     ;
; 10.425 ; GAME_ROM:GAME|altsyncram:altsyncram_component|altsyncram_k1q3:auto_generated|ram_block1a2~porta_we_reg      ; T65:U1|BAL[8]                     ; clk_50       ; cpu_clk_out ; 20.000       ; 2.528      ; 12.105     ;
; 10.654 ; GAME_ROM:GAME|altsyncram:altsyncram_component|altsyncram_k1q3:auto_generated|ram_block1a0~porta_we_reg      ; T65:U1|BAL[7]                     ; clk_50       ; cpu_clk_out ; 20.000       ; 2.529      ; 11.877     ;
; 10.791 ; GAME_ROM:GAME|altsyncram:altsyncram_component|altsyncram_k1q3:auto_generated|ram_block1a0~porta_we_reg      ; T65:U1|BAL[5]                     ; clk_50       ; cpu_clk_out ; 20.000       ; 2.528      ; 11.739     ;
; 10.836 ; GAME_ROM:GAME|altsyncram:altsyncram_component|altsyncram_k1q3:auto_generated|ram_block1a2~porta_we_reg      ; T65:U1|BAL[7]                     ; clk_50       ; cpu_clk_out ; 20.000       ; 2.529      ; 11.695     ;
; 10.940 ; RIOT_RAM:U6_RAM|altsyncram:altsyncram_component|altsyncram_48p3:auto_generated|q_a[4]                       ; T65:U1|BAL[8]                     ; clk_50       ; cpu_clk_out ; 20.000       ; 2.582      ; 11.644     ;
; 10.947 ; GAME_ROM:GAME|altsyncram:altsyncram_component|altsyncram_k1q3:auto_generated|ram_block1a0~porta_we_reg      ; T65:U1|BAL[2]                     ; clk_50       ; cpu_clk_out ; 20.000       ; 2.528      ; 11.583     ;
; 10.973 ; GAME_ROM:GAME|altsyncram:altsyncram_component|altsyncram_k1q3:auto_generated|ram_block1a2~porta_we_reg      ; T65:U1|BAL[5]                     ; clk_50       ; cpu_clk_out ; 20.000       ; 2.528      ; 11.557     ;
; 11.089 ; GAME_ROM:GAME|altsyncram:altsyncram_component|altsyncram_k1q3:auto_generated|ram_block1a0~porta_we_reg      ; T65:U1|BAL[6]                     ; clk_50       ; cpu_clk_out ; 20.000       ; 2.529      ; 11.442     ;
; 11.143 ; GAME_ROM:GAME|altsyncram:altsyncram_component|altsyncram_k1q3:auto_generated|ram_block1a2~porta_we_reg      ; T65:U1|BAL[4]                     ; clk_50       ; cpu_clk_out ; 20.000       ; 2.527      ; 11.386     ;
; 11.205 ; GAME_ROM:GAME|altsyncram:altsyncram_component|altsyncram_k1q3:auto_generated|ram_block1a0~porta_we_reg      ; T65:U1|BAL[4]                     ; clk_50       ; cpu_clk_out ; 20.000       ; 2.527      ; 11.324     ;
; 11.266 ; GAME_ROM:GAME|altsyncram:altsyncram_component|altsyncram_k1q3:auto_generated|ram_block1a2~porta_we_reg      ; T65:U1|BAL[2]                     ; clk_50       ; cpu_clk_out ; 20.000       ; 2.528      ; 11.264     ;
; 11.271 ; GAME_ROM:GAME|altsyncram:altsyncram_component|altsyncram_k1q3:auto_generated|ram_block1a2~porta_we_reg      ; T65:U1|BAL[6]                     ; clk_50       ; cpu_clk_out ; 20.000       ; 2.529      ; 11.260     ;
; 11.313 ; gosof80:SOUNDBOARD|SB_RAM:RIOT_RAM|altsyncram:altsyncram_component|altsyncram_18p3:auto_generated|q_a[5]    ; gosof80:SOUNDBOARD|T65:CPU|BAL[7] ; clk_50       ; cpu_clk_out ; 20.000       ; 2.567      ; 11.256     ;
; 11.339 ; GAME_ROM:GAME|altsyncram:altsyncram_component|altsyncram_k1q3:auto_generated|ram_block1a2~porta_we_reg      ; T65:U1|BAL[3]                     ; clk_50       ; cpu_clk_out ; 20.000       ; 2.527      ; 11.190     ;
; 11.341 ; GAME_ROM:SOUNDROM1|altsyncram:altsyncram_component|altsyncram_k1q3:auto_generated|ram_block1a4~porta_we_reg ; gosof80:SOUNDBOARD|T65:CPU|BAL[7] ; clk_50       ; cpu_clk_out ; 20.000       ; 2.523      ; 11.184     ;
; 11.351 ; RIOT_RAM:U6_RAM|altsyncram:altsyncram_component|altsyncram_48p3:auto_generated|q_a[4]                       ; T65:U1|BAL[7]                     ; clk_50       ; cpu_clk_out ; 20.000       ; 2.583      ; 11.234     ;
; 11.393 ; GAME_ROM:GAME|altsyncram:altsyncram_component|altsyncram_k1q3:auto_generated|ram_block1a0~porta_we_reg      ; T65:U1|BAL[1]                     ; clk_50       ; cpu_clk_out ; 20.000       ; 2.529      ; 11.138     ;
; 11.401 ; GAME_ROM:GAME|altsyncram:altsyncram_component|altsyncram_k1q3:auto_generated|ram_block1a0~porta_we_reg      ; T65:U1|BAL[3]                     ; clk_50       ; cpu_clk_out ; 20.000       ; 2.527      ; 11.128     ;
; 11.404 ; gosof80:SOUNDBOARD|SB_RAM:RIOT_RAM|altsyncram:altsyncram_component|altsyncram_18p3:auto_generated|q_a[5]    ; gosof80:SOUNDBOARD|T65:CPU|BAL[8] ; clk_50       ; cpu_clk_out ; 20.000       ; 2.567      ; 11.165     ;
; 11.412 ; SYSTEM_ROM:SYSTEM|altsyncram:altsyncram_component|altsyncram_s1q3:auto_generated|ram_block1a7~porta_we_reg  ; T65:U1|BAL[8]                     ; clk_50       ; cpu_clk_out ; 20.000       ; 2.539      ; 11.129     ;
; 11.416 ; gosof80:SOUNDBOARD|SB_RAM:RIOT_RAM|altsyncram:altsyncram_component|altsyncram_18p3:auto_generated|q_a[5]    ; gosof80:SOUNDBOARD|T65:CPU|BAL[6] ; clk_50       ; cpu_clk_out ; 20.000       ; 2.567      ; 11.153     ;
; 11.417 ; RIOT_RAM:U4_RAM|altsyncram:altsyncram_component|altsyncram_48p3:auto_generated|q_a[2]                       ; T65:U1|BAL[8]                     ; clk_50       ; cpu_clk_out ; 20.000       ; 2.580      ; 11.165     ;
; 11.432 ; GAME_ROM:SOUNDROM1|altsyncram:altsyncram_component|altsyncram_k1q3:auto_generated|ram_block1a4~porta_we_reg ; gosof80:SOUNDBOARD|T65:CPU|BAL[8] ; clk_50       ; cpu_clk_out ; 20.000       ; 2.523      ; 11.093     ;
; 11.441 ; RIOT_RAM:U6_RAM|altsyncram:altsyncram_component|altsyncram_48p3:auto_generated|q_a[7]                       ; T65:U1|BAL[8]                     ; clk_50       ; cpu_clk_out ; 20.000       ; 2.582      ; 11.143     ;
; 11.444 ; GAME_ROM:SOUNDROM1|altsyncram:altsyncram_component|altsyncram_k1q3:auto_generated|ram_block1a4~porta_we_reg ; gosof80:SOUNDBOARD|T65:CPU|BAL[6] ; clk_50       ; cpu_clk_out ; 20.000       ; 2.523      ; 11.081     ;
; 11.488 ; RIOT_RAM:U6_RAM|altsyncram:altsyncram_component|altsyncram_48p3:auto_generated|q_a[4]                       ; T65:U1|BAL[5]                     ; clk_50       ; cpu_clk_out ; 20.000       ; 2.582      ; 11.096     ;
; 11.526 ; RIOT_RAM:U6_RAM|altsyncram:altsyncram_component|altsyncram_48p3:auto_generated|q_a[6]                       ; T65:U1|BAL[8]                     ; clk_50       ; cpu_clk_out ; 20.000       ; 2.582      ; 11.058     ;
; 11.571 ; GAME_ROM:SOUNDROM1|altsyncram:altsyncram_component|altsyncram_k1q3:auto_generated|ram_block1a0~porta_we_reg ; gosof80:SOUNDBOARD|T65:CPU|BAL[2] ; clk_50       ; cpu_clk_out ; 20.000       ; 2.524      ; 10.955     ;
; 11.582 ; RIOT_RAM:U6_RAM|altsyncram:altsyncram_component|altsyncram_48p3:auto_generated|q_a[5]                       ; T65:U1|BAL[8]                     ; clk_50       ; cpu_clk_out ; 20.000       ; 2.582      ; 11.002     ;
; 11.618 ; RIOT_RAM:U6_RAM|altsyncram:altsyncram_component|altsyncram_48p3:auto_generated|q_a[2]                       ; T65:U1|BAL[8]                     ; clk_50       ; cpu_clk_out ; 20.000       ; 2.582      ; 10.966     ;
; 11.662 ; gosof80:SOUNDBOARD|SB_RAM:RIOT_RAM|altsyncram:altsyncram_component|altsyncram_18p3:auto_generated|q_a[2]    ; gosof80:SOUNDBOARD|T65:CPU|BAL[2] ; clk_50       ; cpu_clk_out ; 20.000       ; 2.568      ; 10.908     ;
; 11.665 ; gosof80:SOUNDBOARD|SB_RAM:RIOT_RAM|altsyncram:altsyncram_component|altsyncram_18p3:auto_generated|q_a[1]    ; gosof80:SOUNDBOARD|T65:CPU|BAL[2] ; clk_50       ; cpu_clk_out ; 20.000       ; 2.568      ; 10.905     ;
; 11.687 ; SYSTEM_ROM:SYSTEM|altsyncram:altsyncram_component|altsyncram_s1q3:auto_generated|ram_block1a4~porta_we_reg  ; T65:U1|BAL[8]                     ; clk_50       ; cpu_clk_out ; 20.000       ; 2.537      ; 10.852     ;
; 11.753 ; GAME_ROM:SOUNDROM2|altsyncram:altsyncram_component|altsyncram_k1q3:auto_generated|ram_block1a4~porta_we_reg ; gosof80:SOUNDBOARD|T65:CPU|BAL[7] ; clk_50       ; cpu_clk_out ; 20.000       ; 2.524      ; 10.773     ;
; 11.757 ; SYSTEM_ROM:SYSTEM|altsyncram:altsyncram_component|altsyncram_s1q3:auto_generated|ram_block1a5~porta_we_reg  ; T65:U1|BAL[8]                     ; clk_50       ; cpu_clk_out ; 20.000       ; 2.538      ; 10.783     ;
; 11.786 ; RIOT_RAM:U6_RAM|altsyncram:altsyncram_component|altsyncram_48p3:auto_generated|q_a[4]                       ; T65:U1|BAL[6]                     ; clk_50       ; cpu_clk_out ; 20.000       ; 2.583      ; 10.799     ;
; 11.789 ; R5101:Z5|altsyncram:altsyncram_component|altsyncram_jpq3:auto_generated|ram_block1a0~porta_we_reg           ; T65:U1|BAL[8]                     ; clk_50       ; cpu_clk_out ; 20.000       ; 2.531      ; 10.744     ;
; 11.803 ; gosof80:SOUNDBOARD|SB_RAM:RIOT_RAM|altsyncram:altsyncram_component|altsyncram_18p3:auto_generated|q_a[7]    ; gosof80:SOUNDBOARD|T65:CPU|BAL[8] ; clk_50       ; cpu_clk_out ; 20.000       ; 2.567      ; 10.766     ;
; 11.828 ; RIOT_RAM:U4_RAM|altsyncram:altsyncram_component|altsyncram_48p3:auto_generated|q_a[2]                       ; T65:U1|BAL[7]                     ; clk_50       ; cpu_clk_out ; 20.000       ; 2.581      ; 10.755     ;
; 11.844 ; GAME_ROM:SOUNDROM2|altsyncram:altsyncram_component|altsyncram_k1q3:auto_generated|ram_block1a4~porta_we_reg ; gosof80:SOUNDBOARD|T65:CPU|BAL[8] ; clk_50       ; cpu_clk_out ; 20.000       ; 2.524      ; 10.682     ;
; 11.856 ; GAME_ROM:SOUNDROM2|altsyncram:altsyncram_component|altsyncram_k1q3:auto_generated|ram_block1a4~porta_we_reg ; gosof80:SOUNDBOARD|T65:CPU|BAL[6] ; clk_50       ; cpu_clk_out ; 20.000       ; 2.524      ; 10.670     ;
; 11.871 ; GAME_ROM:SOUNDROM2|altsyncram:altsyncram_component|altsyncram_k1q3:auto_generated|ram_block1a0~porta_we_reg ; gosof80:SOUNDBOARD|T65:CPU|BAL[2] ; clk_50       ; cpu_clk_out ; 20.000       ; 2.524      ; 10.655     ;
; 11.900 ; RIOT_RAM:U6_RAM|altsyncram:altsyncram_component|altsyncram_48p3:auto_generated|q_a[1]                       ; T65:U1|BAL[8]                     ; clk_50       ; cpu_clk_out ; 20.000       ; 2.582      ; 10.684     ;
; 11.906 ; GAME_ROM:GAME|altsyncram:altsyncram_component|altsyncram_k1q3:auto_generated|ram_block1a0~porta_we_reg      ; T65:U1|BAL[0]                     ; clk_50       ; cpu_clk_out ; 20.000       ; 2.529      ; 10.625     ;
; 11.924 ; gosof80:SOUNDBOARD|SB_RAM:RIOT_RAM|altsyncram:altsyncram_component|altsyncram_18p3:auto_generated|q_a[2]    ; gosof80:SOUNDBOARD|T65:CPU|BAL[7] ; clk_50       ; cpu_clk_out ; 20.000       ; 2.567      ; 10.645     ;
; 11.927 ; RIOT_RAM:U4_RAM|altsyncram:altsyncram_component|altsyncram_48p3:auto_generated|q_a[7]                       ; T65:U1|BAL[8]                     ; clk_50       ; cpu_clk_out ; 20.000       ; 2.580      ; 10.655     ;
; 11.929 ; SYSTEM_ROM:SYSTEM|altsyncram:altsyncram_component|altsyncram_s1q3:auto_generated|ram_block1a1~porta_we_reg  ; T65:U1|BAL[8]                     ; clk_50       ; cpu_clk_out ; 20.000       ; 2.538      ; 10.611     ;
; 11.937 ; RIOT_RAM:U6_RAM|altsyncram:altsyncram_component|altsyncram_48p3:auto_generated|q_a[6]                       ; T65:U1|BAL[7]                     ; clk_50       ; cpu_clk_out ; 20.000       ; 2.583      ; 10.648     ;
; 11.944 ; gosof80:SOUNDBOARD|SB_RAM:RIOT_RAM|altsyncram:altsyncram_component|altsyncram_18p3:auto_generated|q_a[0]    ; gosof80:SOUNDBOARD|T65:CPU|BAL[2] ; clk_50       ; cpu_clk_out ; 20.000       ; 2.568      ; 10.626     ;
; 11.965 ; RIOT_RAM:U4_RAM|altsyncram:altsyncram_component|altsyncram_48p3:auto_generated|q_a[2]                       ; T65:U1|BAL[5]                     ; clk_50       ; cpu_clk_out ; 20.000       ; 2.580      ; 10.617     ;
; 11.973 ; RIOT_RAM:U6_RAM|altsyncram:altsyncram_component|altsyncram_48p3:auto_generated|q_a[0]                       ; T65:U1|BAL[8]                     ; clk_50       ; cpu_clk_out ; 20.000       ; 2.582      ; 10.611     ;
; 11.993 ; RIOT_RAM:U6_RAM|altsyncram:altsyncram_component|altsyncram_48p3:auto_generated|q_a[5]                       ; T65:U1|BAL[7]                     ; clk_50       ; cpu_clk_out ; 20.000       ; 2.583      ; 10.592     ;
; 11.998 ; SYSTEM_ROM:SYSTEM|altsyncram:altsyncram_component|altsyncram_s1q3:auto_generated|ram_block1a0~porta_we_reg  ; T65:U1|BAL[8]                     ; clk_50       ; cpu_clk_out ; 20.000       ; 2.522      ; 10.526     ;
; 12.001 ; GAME_ROM:GAME2|altsyncram:altsyncram_component|altsyncram_k1q3:auto_generated|ram_block1a2~porta_we_reg     ; T65:U1|BAL[8]                     ; clk_50       ; cpu_clk_out ; 20.000       ; 2.529      ; 10.530     ;
; 12.015 ; gosof80:SOUNDBOARD|SB_RAM:RIOT_RAM|altsyncram:altsyncram_component|altsyncram_18p3:auto_generated|q_a[2]    ; gosof80:SOUNDBOARD|T65:CPU|BAL[8] ; clk_50       ; cpu_clk_out ; 20.000       ; 2.567      ; 10.554     ;
; 12.027 ; gosof80:SOUNDBOARD|SB_RAM:RIOT_RAM|altsyncram:altsyncram_component|altsyncram_18p3:auto_generated|q_a[2]    ; gosof80:SOUNDBOARD|T65:CPU|BAL[6] ; clk_50       ; cpu_clk_out ; 20.000       ; 2.567      ; 10.542     ;
; 12.029 ; RIOT_RAM:U6_RAM|altsyncram:altsyncram_component|altsyncram_48p3:auto_generated|q_a[2]                       ; T65:U1|BAL[7]                     ; clk_50       ; cpu_clk_out ; 20.000       ; 2.583      ; 10.556     ;
; 12.034 ; RIOT_RAM:U4_RAM|altsyncram:altsyncram_component|altsyncram_48p3:auto_generated|q_a[4]                       ; T65:U1|BAL[8]                     ; clk_50       ; cpu_clk_out ; 20.000       ; 2.580      ; 10.548     ;
; 12.039 ; RIOT_RAM:U6_RAM|altsyncram:altsyncram_component|altsyncram_48p3:auto_generated|q_a[4]                       ; T65:U1|BAL[4]                     ; clk_50       ; cpu_clk_out ; 20.000       ; 2.581      ; 10.544     ;
; 12.049 ; RIOT_RAM:U4_RAM|altsyncram:altsyncram_component|altsyncram_48p3:auto_generated|q_a[1]                       ; T65:U1|BAL[8]                     ; clk_50       ; cpu_clk_out ; 20.000       ; 2.580      ; 10.533     ;
; 12.052 ; GAME_ROM:GAME|altsyncram:altsyncram_component|altsyncram_k1q3:auto_generated|ram_block1a0~porta_we_reg      ; T65:U1|PC[12]                     ; clk_50       ; cpu_clk_out ; 20.000       ; 2.526      ; 10.476     ;
; 12.078 ; GAME_ROM:GAME2|altsyncram:altsyncram_component|altsyncram_k1q3:auto_generated|ram_block1a0~porta_we_reg     ; T65:U1|BAL[8]                     ; clk_50       ; cpu_clk_out ; 20.000       ; 2.528      ; 10.452     ;
; 12.082 ; gosof80:SOUNDBOARD|SB_RAM:RIOT_RAM|altsyncram:altsyncram_component|altsyncram_18p3:auto_generated|q_a[2]    ; gosof80:SOUNDBOARD|T65:CPU|BAL[3] ; clk_50       ; cpu_clk_out ; 20.000       ; 2.567      ; 10.487     ;
; 12.098 ; SYSTEM_ROM:SYSTEM|altsyncram:altsyncram_component|altsyncram_s1q3:auto_generated|ram_block1a4~porta_we_reg  ; T65:U1|BAL[7]                     ; clk_50       ; cpu_clk_out ; 20.000       ; 2.538      ; 10.442     ;
; 12.099 ; RIOT_RAM:U4_RAM|altsyncram:altsyncram_component|altsyncram_48p3:auto_generated|q_a[5]                       ; T65:U1|BAL[8]                     ; clk_50       ; cpu_clk_out ; 20.000       ; 2.580      ; 10.483     ;
; 12.109 ; gosof80:SOUNDBOARD|SB_RAM:RIOT_RAM|altsyncram:altsyncram_component|altsyncram_18p3:auto_generated|q_a[5]    ; gosof80:SOUNDBOARD|T65:CPU|BAL[5] ; clk_50       ; cpu_clk_out ; 20.000       ; 2.567      ; 10.460     ;
; 12.130 ; SYSTEM_ROM:SYSTEM|altsyncram:altsyncram_component|altsyncram_s1q3:auto_generated|ram_block1a6~porta_we_reg  ; T65:U1|BAL[8]                     ; clk_50       ; cpu_clk_out ; 20.000       ; 2.525      ; 10.397     ;
; 12.135 ; RIOT_RAM:U4_RAM|altsyncram:altsyncram_component|altsyncram_48p3:auto_generated|q_a[2]                       ; T65:U1|BAL[4]                     ; clk_50       ; cpu_clk_out ; 20.000       ; 2.579      ; 10.446     ;
; 12.137 ; GAME_ROM:SOUNDROM1|altsyncram:altsyncram_component|altsyncram_k1q3:auto_generated|ram_block1a4~porta_we_reg ; gosof80:SOUNDBOARD|T65:CPU|BAL[5] ; clk_50       ; cpu_clk_out ; 20.000       ; 2.523      ; 10.388     ;
; 12.166 ; RIOT_RAM:U6_RAM|altsyncram:altsyncram_component|altsyncram_48p3:auto_generated|q_a[2]                       ; T65:U1|BAL[5]                     ; clk_50       ; cpu_clk_out ; 20.000       ; 2.582      ; 10.418     ;
; 12.168 ; SYSTEM_ROM:SYSTEM|altsyncram:altsyncram_component|altsyncram_s1q3:auto_generated|ram_block1a5~porta_we_reg  ; T65:U1|BAL[7]                     ; clk_50       ; cpu_clk_out ; 20.000       ; 2.539      ; 10.373     ;
; 12.198 ; GAME_ROM:GAME|altsyncram:altsyncram_component|altsyncram_k1q3:auto_generated|ram_block1a0~porta_we_reg      ; T65:U1|BusB_r[6]                  ; clk_50       ; cpu_clk_out ; 20.000       ; 2.530      ; 10.334     ;
; 12.200 ; R5101:Z5|altsyncram:altsyncram_component|altsyncram_jpq3:auto_generated|ram_block1a0~porta_we_reg           ; T65:U1|BAL[7]                     ; clk_50       ; cpu_clk_out ; 20.000       ; 2.532      ; 10.334     ;
; 12.202 ; gosof80:SOUNDBOARD|SB_RAM:RIOT_RAM|altsyncram:altsyncram_component|altsyncram_18p3:auto_generated|q_a[7]    ; gosof80:SOUNDBOARD|T65:CPU|BAL[7] ; clk_50       ; cpu_clk_out ; 20.000       ; 2.567      ; 10.367     ;
; 12.218 ; GAME_ROM:SOUNDROM1|altsyncram:altsyncram_component|altsyncram_k1q3:auto_generated|ram_block1a0~porta_we_reg ; gosof80:SOUNDBOARD|T65:CPU|BAL[7] ; clk_50       ; cpu_clk_out ; 20.000       ; 2.523      ; 10.307     ;
; 12.230 ; gosof80:SOUNDBOARD|SB_RAM:RIOT_RAM|altsyncram:altsyncram_component|altsyncram_18p3:auto_generated|q_a[2]    ; gosof80:SOUNDBOARD|T65:CPU|BAL[5] ; clk_50       ; cpu_clk_out ; 20.000       ; 2.567      ; 10.339     ;
; 12.235 ; SYSTEM_ROM:SYSTEM|altsyncram:altsyncram_component|altsyncram_s1q3:auto_generated|ram_block1a4~porta_we_reg  ; T65:U1|BAL[5]                     ; clk_50       ; cpu_clk_out ; 20.000       ; 2.537      ; 10.304     ;
; 12.237 ; GAME_ROM:GAME|altsyncram:altsyncram_component|altsyncram_k1q3:auto_generated|ram_block1a0~porta_we_reg      ; T65:U1|BusB_r[7]                  ; clk_50       ; cpu_clk_out ; 20.000       ; 2.530      ; 10.295     ;
; 12.249 ; R5101:Z5|altsyncram:altsyncram_component|altsyncram_jpq3:auto_generated|ram_block1a0~porta_we_reg           ; T65:U1|BAL[2]                     ; clk_50       ; cpu_clk_out ; 20.000       ; 2.531      ; 10.284     ;
; 12.252 ; SYSTEM_ROM:SYSTEM|altsyncram:altsyncram_component|altsyncram_s1q3:auto_generated|ram_block1a3~porta_we_reg  ; T65:U1|BAL[8]                     ; clk_50       ; cpu_clk_out ; 20.000       ; 2.536      ; 10.286     ;
; 12.258 ; RIOT_RAM:U4_RAM|altsyncram:altsyncram_component|altsyncram_48p3:auto_generated|q_a[2]                       ; T65:U1|BAL[2]                     ; clk_50       ; cpu_clk_out ; 20.000       ; 2.580      ; 10.324     ;
; 12.263 ; RIOT_RAM:U4_RAM|altsyncram:altsyncram_component|altsyncram_48p3:auto_generated|q_a[2]                       ; T65:U1|BAL[6]                     ; clk_50       ; cpu_clk_out ; 20.000       ; 2.581      ; 10.320     ;
; 12.284 ; RIOT_RAM:U4_RAM|altsyncram:altsyncram_component|altsyncram_48p3:auto_generated|q_a[6]                       ; T65:U1|BAL[8]                     ; clk_50       ; cpu_clk_out ; 20.000       ; 2.580      ; 10.298     ;
; 12.309 ; GAME_ROM:SOUNDROM1|altsyncram:altsyncram_component|altsyncram_k1q3:auto_generated|ram_block1a0~porta_we_reg ; gosof80:SOUNDBOARD|T65:CPU|BAL[8] ; clk_50       ; cpu_clk_out ; 20.000       ; 2.523      ; 10.216     ;
; 12.309 ; SYSTEM_ROM:SYSTEM|altsyncram:altsyncram_component|altsyncram_s1q3:auto_generated|ram_block1a7~porta_we_reg  ; T65:U1|BAL[7]                     ; clk_50       ; cpu_clk_out ; 20.000       ; 2.540      ; 10.233     ;
; 12.311 ; RIOT_RAM:U6_RAM|altsyncram:altsyncram_component|altsyncram_48p3:auto_generated|q_a[1]                       ; T65:U1|BAL[7]                     ; clk_50       ; cpu_clk_out ; 20.000       ; 2.583      ; 10.274     ;
; 12.313 ; gosof80:SOUNDBOARD|SB_RAM:RIOT_RAM|altsyncram:altsyncram_component|altsyncram_18p3:auto_generated|q_a[1]    ; gosof80:SOUNDBOARD|T65:CPU|BAL[7] ; clk_50       ; cpu_clk_out ; 20.000       ; 2.567      ; 10.256     ;
; 12.317 ; gosof80:SOUNDBOARD|SB_RAM:RIOT_RAM|altsyncram:altsyncram_component|altsyncram_18p3:auto_generated|q_a[2]    ; gosof80:SOUNDBOARD|T65:CPU|BAL[4] ; clk_50       ; cpu_clk_out ; 20.000       ; 2.567      ; 10.252     ;
; 12.321 ; GAME_ROM:SOUNDROM1|altsyncram:altsyncram_component|altsyncram_k1q3:auto_generated|ram_block1a0~porta_we_reg ; gosof80:SOUNDBOARD|T65:CPU|BAL[6] ; clk_50       ; cpu_clk_out ; 20.000       ; 2.523      ; 10.204     ;
; 12.324 ; GAME_ROM:GAME|altsyncram:altsyncram_component|altsyncram_k1q3:auto_generated|ram_block1a0~porta_we_reg      ; T65:U1|BusB_r[4]                  ; clk_50       ; cpu_clk_out ; 20.000       ; 2.530      ; 10.208     ;
; 12.331 ; RIOT_RAM:U4_RAM|altsyncram:altsyncram_component|altsyncram_48p3:auto_generated|q_a[2]                       ; T65:U1|BAL[3]                     ; clk_50       ; cpu_clk_out ; 20.000       ; 2.579      ; 10.250     ;
; 12.336 ; RIOT_RAM:U6_RAM|altsyncram:altsyncram_component|altsyncram_48p3:auto_generated|q_a[2]                       ; T65:U1|BAL[4]                     ; clk_50       ; cpu_clk_out ; 20.000       ; 2.581      ; 10.247     ;
; 12.337 ; R5101:Z5|altsyncram:altsyncram_component|altsyncram_jpq3:auto_generated|ram_block1a0~porta_we_reg           ; T65:U1|BAL[5]                     ; clk_50       ; cpu_clk_out ; 20.000       ; 2.531      ; 10.196     ;
; 12.338 ; RIOT_RAM:U6_RAM|altsyncram:altsyncram_component|altsyncram_48p3:auto_generated|q_a[7]                       ; T65:U1|BAL[7]                     ; clk_50       ; cpu_clk_out ; 20.000       ; 2.583      ; 10.247     ;
; 12.340 ; SYSTEM_ROM:SYSTEM|altsyncram:altsyncram_component|altsyncram_s1q3:auto_generated|ram_block1a1~porta_we_reg  ; T65:U1|BAL[7]                     ; clk_50       ; cpu_clk_out ; 20.000       ; 2.539      ; 10.201     ;
; 12.345 ; SYSTEM_ROM:SYSTEM|altsyncram:altsyncram_component|altsyncram_s1q3:auto_generated|ram_block1a1~porta_we_reg  ; T65:U1|BAL[2]                     ; clk_50       ; cpu_clk_out ; 20.000       ; 2.538      ; 10.195     ;
; 12.360 ; RIOT_RAM:U6_RAM|altsyncram:altsyncram_component|altsyncram_48p3:auto_generated|q_a[1]                       ; T65:U1|BAL[2]                     ; clk_50       ; cpu_clk_out ; 20.000       ; 2.582      ; 10.224     ;
; 12.363 ; GAME_ROM:GAME|altsyncram:altsyncram_component|altsyncram_k1q3:auto_generated|ram_block1a0~porta_we_reg      ; T65:U1|BusB_r[5]                  ; clk_50       ; cpu_clk_out ; 20.000       ; 2.530      ; 10.169     ;
; 12.377 ; GAME_ROM:SOUNDROM1|altsyncram:altsyncram_component|altsyncram_k1q3:auto_generated|ram_block1a0~porta_we_reg ; gosof80:SOUNDBOARD|T65:CPU|BAL[3] ; clk_50       ; cpu_clk_out ; 20.000       ; 2.523      ; 10.148     ;
+--------+-------------------------------------------------------------------------------------------------------------+-----------------------------------+--------------+-------------+--------------+------------+------------+


+----------------------------------------------------------------------------------------------------------------------------------------------------------------------------------------------------------------------------------------------------------+
; Slow 1200mV 0C Model Hold: 'clk_50'                                                                                                                                                                                                                      ;
+-------+-------------------------------------------------------------------+--------------------------------------------------------------------------------------------------------+--------------+-------------+--------------+------------+------------+
; Slack ; From Node                                                         ; To Node                                                                                                ; Launch Clock ; Latch Clock ; Relationship ; Clock Skew ; Data Delay ;
+-------+-------------------------------------------------------------------+--------------------------------------------------------------------------------------------------------+--------------+-------------+--------------+------------+------------+
; 0.391 ; EEprom:EEprom|data_eeprom[0]                                      ; R5101:Z5|altsyncram:altsyncram_component|altsyncram_jpq3:auto_generated|ram_block1a0~portb_datain_reg0 ; clk_50       ; clk_50      ; 0.000        ; 0.427      ; 1.048      ;
; 0.400 ; count_to_zero:COUNT_INTS|int_count[0]                             ; count_to_zero:COUNT_INTS|int_count[0]                                                                  ; clk_50       ; clk_50      ; 0.000        ; 0.074      ; 0.669      ;
; 0.401 ; SD_Card:SD_CARD|state_A.wait_for_begin_of_data                    ; SD_Card:SD_CARD|state_A.wait_for_begin_of_data                                                         ; clk_50       ; clk_50      ; 0.000        ; 0.073      ; 0.669      ;
; 0.401 ; SD_Card:SD_CARD|SPI_Master:SD_CARD_READ|spitxstate.spi_txactive   ; SD_Card:SD_CARD|SPI_Master:SD_CARD_READ|spitxstate.spi_txactive                                        ; clk_50       ; clk_50      ; 0.000        ; 0.073      ; 0.669      ;
; 0.401 ; EEprom:EEprom|TX_Start_Cmd                                        ; EEprom:EEprom|TX_Start_Cmd                                                                             ; clk_50       ; clk_50      ; 0.000        ; 0.073      ; 0.669      ;
; 0.401 ; SD_Card:SD_CARD|state_A.all_done                                  ; SD_Card:SD_CARD|state_A.all_done                                                                       ; clk_50       ; clk_50      ; 0.000        ; 0.073      ; 0.669      ;
; 0.401 ; SD_Card:SD_CARD|SPI_Master:SD_CARD_ACCESS|spitxstate.spi_txactive ; SD_Card:SD_CARD|SPI_Master:SD_CARD_ACCESS|spitxstate.spi_txactive                                      ; clk_50       ; clk_50      ; 0.000        ; 0.073      ; 0.669      ;
; 0.401 ; SD_Card:SD_CARD|do_not_enable_SS                                  ; SD_Card:SD_CARD|do_not_enable_SS                                                                       ; clk_50       ; clk_50      ; 0.000        ; 0.073      ; 0.669      ;
; 0.401 ; SD_Card:SD_CARD|SPI_Master:SD_CARD_READ|spitxstate.spi_etx        ; SD_Card:SD_CARD|SPI_Master:SD_CARD_READ|spitxstate.spi_etx                                             ; clk_50       ; clk_50      ; 0.000        ; 0.073      ; 0.669      ;
; 0.401 ; SD_Card:SD_CARD|active_master[0]                                  ; SD_Card:SD_CARD|active_master[0]                                                                       ; clk_50       ; clk_50      ; 0.000        ; 0.073      ; 0.669      ;
; 0.401 ; SD_Card:SD_CARD|active_master[1]                                  ; SD_Card:SD_CARD|active_master[1]                                                                       ; clk_50       ; clk_50      ; 0.000        ; 0.073      ; 0.669      ;
; 0.401 ; SD_Card:SD_CARD|do_not_disable_SS                                 ; SD_Card:SD_CARD|do_not_disable_SS                                                                      ; clk_50       ; clk_50      ; 0.000        ; 0.073      ; 0.669      ;
; 0.401 ; SD_Card:SD_CARD|state_A.wait_for_byte_read                        ; SD_Card:SD_CARD|state_A.wait_for_byte_read                                                             ; clk_50       ; clk_50      ; 0.000        ; 0.073      ; 0.669      ;
; 0.401 ; SD_Card:SD_CARD|SDcard_error                                      ; SD_Card:SD_CARD|SDcard_error                                                                           ; clk_50       ; clk_50      ; 0.000        ; 0.073      ; 0.669      ;
; 0.401 ; SD_Card:SD_CARD|state_A.check_sector_byte                         ; SD_Card:SD_CARD|state_A.check_sector_byte                                                              ; clk_50       ; clk_50      ; 0.000        ; 0.073      ; 0.669      ;
; 0.401 ; EEprom:EEprom|state.wait_for_Cmd_done                             ; EEprom:EEprom|state.wait_for_Cmd_done                                                                  ; clk_50       ; clk_50      ; 0.000        ; 0.073      ; 0.669      ;
; 0.401 ; EEprom:EEprom|state.Delay                                         ; EEprom:EEprom|state.Delay                                                                              ; clk_50       ; clk_50      ; 0.000        ; 0.073      ; 0.669      ;
; 0.401 ; SD_Card:SD_CARD|SPI_Master:SD_CARD_READ|TX_Done                   ; SD_Card:SD_CARD|SPI_Master:SD_CARD_READ|TX_Done                                                        ; clk_50       ; clk_50      ; 0.000        ; 0.073      ; 0.669      ;
; 0.401 ; SD_Card:SD_CARD|SPI_Master:SD_CARD_ACCESS|TX_Done                 ; SD_Card:SD_CARD|SPI_Master:SD_CARD_ACCESS|TX_Done                                                      ; clk_50       ; clk_50      ; 0.000        ; 0.073      ; 0.669      ;
; 0.401 ; SD_Card:SD_CARD|SPI_Master:SD_CARD_READ|spitxstate.spi_stx        ; SD_Card:SD_CARD|SPI_Master:SD_CARD_READ|spitxstate.spi_stx                                             ; clk_50       ; clk_50      ; 0.000        ; 0.073      ; 0.669      ;
; 0.401 ; SD_Card:SD_CARD|TX_Start_R                                        ; SD_Card:SD_CARD|TX_Start_R                                                                             ; clk_50       ; clk_50      ; 0.000        ; 0.073      ; 0.669      ;
; 0.401 ; EEprom:EEprom|TX_Start_W                                          ; EEprom:EEprom|TX_Start_W                                                                               ; clk_50       ; clk_50      ; 0.000        ; 0.073      ; 0.669      ;
; 0.401 ; SD_Card:SD_CARD|state_A.stop_read                                 ; SD_Card:SD_CARD|state_A.stop_read                                                                      ; clk_50       ; clk_50      ; 0.000        ; 0.073      ; 0.669      ;
; 0.401 ; byte_to_ascii:CONVG|bytetoconvert[1]                              ; byte_to_ascii:CONVG|bytetoconvert[1]                                                                   ; clk_50       ; clk_50      ; 0.000        ; 0.073      ; 0.669      ;
; 0.401 ; byte_to_ascii:CONVG|bytetoconvert[7]                              ; byte_to_ascii:CONVG|bytetoconvert[7]                                                                   ; clk_50       ; clk_50      ; 0.000        ; 0.073      ; 0.669      ;
; 0.401 ; gosof80:SOUNDBOARD|DFPlayer_Mini_CMD:DFP_send|txd                 ; gosof80:SOUNDBOARD|DFPlayer_Mini_CMD:DFP_send|txd                                                      ; clk_50       ; clk_50      ; 0.000        ; 0.073      ; 0.669      ;
; 0.401 ; SD_Card:SD_CARD|SPI_Master:SD_CARD_ACCESS|tx_reg[0]               ; SD_Card:SD_CARD|SPI_Master:SD_CARD_ACCESS|tx_reg[0]                                                    ; clk_50       ; clk_50      ; 0.000        ; 0.073      ; 0.669      ;
; 0.401 ; SD_Card:SD_CARD|SPI_Master:SD_CARD_ACCESS|spiclk                  ; SD_Card:SD_CARD|SPI_Master:SD_CARD_ACCESS|spiclk                                                       ; clk_50       ; clk_50      ; 0.000        ; 0.073      ; 0.669      ;
; 0.401 ; SD_Card:SD_CARD|SPI_Master:SD_CARD_READ|tx_reg[0]                 ; SD_Card:SD_CARD|SPI_Master:SD_CARD_READ|tx_reg[0]                                                      ; clk_50       ; clk_50      ; 0.000        ; 0.073      ; 0.669      ;
; 0.401 ; EEprom:EEprom|SPI_Master:EEPROM_WRITE|spiclk                      ; EEprom:EEprom|SPI_Master:EEPROM_WRITE|spiclk                                                           ; clk_50       ; clk_50      ; 0.000        ; 0.073      ; 0.669      ;
; 0.401 ; EEprom:EEprom|state.wait_for_Write_done                           ; EEprom:EEprom|state.wait_for_Write_done                                                                ; clk_50       ; clk_50      ; 0.000        ; 0.073      ; 0.669      ;
; 0.401 ; EEprom:EEprom|SPI_Master:EEPROM_WRITE|tx_reg[0]                   ; EEprom:EEprom|SPI_Master:EEPROM_WRITE|tx_reg[0]                                                        ; clk_50       ; clk_50      ; 0.000        ; 0.073      ; 0.669      ;
; 0.401 ; SD_Card:SD_CARD|SPI_Master:SD_CARD_ACCESS|bitcounter[3]           ; SD_Card:SD_CARD|SPI_Master:SD_CARD_ACCESS|bitcounter[3]                                                ; clk_50       ; clk_50      ; 0.000        ; 0.073      ; 0.669      ;
; 0.401 ; SD_Card:SD_CARD|SPI_Master:SD_CARD_ACCESS|SS                      ; SD_Card:SD_CARD|SPI_Master:SD_CARD_ACCESS|SS                                                           ; clk_50       ; clk_50      ; 0.000        ; 0.073      ; 0.669      ;
; 0.401 ; SD_Card:SD_CARD|SPI_Master:SD_CARD_ACCESS|bitcounter[2]           ; SD_Card:SD_CARD|SPI_Master:SD_CARD_ACCESS|bitcounter[2]                                                ; clk_50       ; clk_50      ; 0.000        ; 0.073      ; 0.669      ;
; 0.401 ; SD_Card:SD_CARD|SPI_Master:SD_CARD_ACCESS|bitcounter[1]           ; SD_Card:SD_CARD|SPI_Master:SD_CARD_ACCESS|bitcounter[1]                                                ; clk_50       ; clk_50      ; 0.000        ; 0.073      ; 0.669      ;
; 0.401 ; SD_Card:SD_CARD|SPI_Master:SD_CARD_ACCESS|bitcounter[0]           ; SD_Card:SD_CARD|SPI_Master:SD_CARD_ACCESS|bitcounter[0]                                                ; clk_50       ; clk_50      ; 0.000        ; 0.073      ; 0.669      ;
; 0.401 ; byte_to_ascii:CONVO|bytetoconvert[1]                              ; byte_to_ascii:CONVO|bytetoconvert[1]                                                                   ; clk_50       ; clk_50      ; 0.000        ; 0.073      ; 0.669      ;
; 0.401 ; SD_Card:SD_CARD|SPI_Master:SD_CARD_ACCESS|spitxstate.spi_etx      ; SD_Card:SD_CARD|SPI_Master:SD_CARD_ACCESS|spitxstate.spi_etx                                           ; clk_50       ; clk_50      ; 0.000        ; 0.073      ; 0.669      ;
; 0.401 ; byte_to_ascii:CONVS|bytetoconvert[1]                              ; byte_to_ascii:CONVS|bytetoconvert[1]                                                                   ; clk_50       ; clk_50      ; 0.000        ; 0.073      ; 0.669      ;
; 0.401 ; SD_Card:SD_CARD|state_A.check_for_FE_flag                         ; SD_Card:SD_CARD|state_A.check_for_FE_flag                                                              ; clk_50       ; clk_50      ; 0.000        ; 0.073      ; 0.669      ;
; 0.401 ; SD_Card:SD_CARD|SPI_Master:SD_CARD_ACCESS|spitxstate.spi_stx      ; SD_Card:SD_CARD|SPI_Master:SD_CARD_ACCESS|spitxstate.spi_stx                                           ; clk_50       ; clk_50      ; 0.000        ; 0.073      ; 0.669      ;
; 0.401 ; SD_Card:SD_CARD|SPI_Master:SD_CARD_READ|bitcounter[1]             ; SD_Card:SD_CARD|SPI_Master:SD_CARD_READ|bitcounter[1]                                                  ; clk_50       ; clk_50      ; 0.000        ; 0.073      ; 0.669      ;
; 0.401 ; SD_Card:SD_CARD|SPI_Master:SD_CARD_READ|bitcounter[0]             ; SD_Card:SD_CARD|SPI_Master:SD_CARD_READ|bitcounter[0]                                                  ; clk_50       ; clk_50      ; 0.000        ; 0.073      ; 0.669      ;
; 0.401 ; SD_Card:SD_CARD|SPI_Master:SD_CARD_READ|bitcounter[2]             ; SD_Card:SD_CARD|SPI_Master:SD_CARD_READ|bitcounter[2]                                                  ; clk_50       ; clk_50      ; 0.000        ; 0.073      ; 0.669      ;
; 0.402 ; SD_Card:SD_CARD|state_A.stop                                      ; SD_Card:SD_CARD|state_A.stop                                                                           ; clk_50       ; clk_50      ; 0.000        ; 0.072      ; 0.669      ;
; 0.402 ; EEprom:EEprom|state.Delay2                                        ; EEprom:EEprom|state.Delay2                                                                             ; clk_50       ; clk_50      ; 0.000        ; 0.072      ; 0.669      ;
; 0.402 ; gosof80:SOUNDBOARD|SC01:SC01_Simu|state.Idle                      ; gosof80:SOUNDBOARD|SC01:SC01_Simu|state.Idle                                                           ; clk_50       ; clk_50      ; 0.000        ; 0.072      ; 0.669      ;
; 0.402 ; gosof80:SOUNDBOARD|SC01:SC01_Simu|state.Speech                    ; gosof80:SOUNDBOARD|SC01:SC01_Simu|state.Speech                                                         ; clk_50       ; clk_50      ; 0.000        ; 0.072      ; 0.669      ;
; 0.402 ; EEprom:EEprom|SPI_Master:EEPROM_STAT|TX_Done                      ; EEprom:EEprom|SPI_Master:EEPROM_STAT|TX_Done                                                           ; clk_50       ; clk_50      ; 0.000        ; 0.072      ; 0.669      ;
; 0.402 ; EEprom:EEprom|SPI_Master:EEPROM_READ|TX_Done                      ; EEprom:EEprom|SPI_Master:EEPROM_READ|TX_Done                                                           ; clk_50       ; clk_50      ; 0.000        ; 0.072      ; 0.669      ;
; 0.402 ; EEprom:EEprom|SPI_Master:EEPROM_READ|spitxstate.spi_etx           ; EEprom:EEprom|SPI_Master:EEPROM_READ|spitxstate.spi_etx                                                ; clk_50       ; clk_50      ; 0.000        ; 0.072      ; 0.669      ;
; 0.402 ; EEprom:EEprom|state.wait_for_read                                 ; EEprom:EEprom|state.wait_for_read                                                                      ; clk_50       ; clk_50      ; 0.000        ; 0.072      ; 0.669      ;
; 0.402 ; EEprom:EEprom|state.wait_for_Master_III                           ; EEprom:EEprom|state.wait_for_Master_III                                                                ; clk_50       ; clk_50      ; 0.000        ; 0.072      ; 0.669      ;
; 0.402 ; EEprom:EEprom|SPI_Master:EEPROM_READ|spitxstate.spi_stx           ; EEprom:EEprom|SPI_Master:EEPROM_READ|spitxstate.spi_stx                                                ; clk_50       ; clk_50      ; 0.000        ; 0.072      ; 0.669      ;
; 0.402 ; EEprom:EEprom|SPI_Master:EEPROM_CMD|TX_Done                       ; EEprom:EEprom|SPI_Master:EEPROM_CMD|TX_Done                                                            ; clk_50       ; clk_50      ; 0.000        ; 0.072      ; 0.669      ;
; 0.402 ; EEprom:EEprom|TX_Start_R                                          ; EEprom:EEprom|TX_Start_R                                                                               ; clk_50       ; clk_50      ; 0.000        ; 0.072      ; 0.669      ;
; 0.402 ; EEprom:EEprom|SPI_Master:EEPROM_WRITE|spitxstate.spi_etx          ; EEprom:EEprom|SPI_Master:EEPROM_WRITE|spitxstate.spi_etx                                               ; clk_50       ; clk_50      ; 0.000        ; 0.072      ; 0.669      ;
; 0.402 ; EEprom:EEprom|TX_Start_Stat                                       ; EEprom:EEprom|TX_Start_Stat                                                                            ; clk_50       ; clk_50      ; 0.000        ; 0.072      ; 0.669      ;
; 0.402 ; EEprom:EEprom|state.wait_for_get_status_reg                       ; EEprom:EEprom|state.wait_for_get_status_reg                                                            ; clk_50       ; clk_50      ; 0.000        ; 0.072      ; 0.669      ;
; 0.402 ; SD_Card:SD_CARD|state_A.continue                                  ; SD_Card:SD_CARD|state_A.continue                                                                       ; clk_50       ; clk_50      ; 0.000        ; 0.072      ; 0.669      ;
; 0.402 ; EEprom:EEprom|SPI_Master:EEPROM_CMD|spitxstate.spi_stx            ; EEprom:EEprom|SPI_Master:EEPROM_CMD|spitxstate.spi_stx                                                 ; clk_50       ; clk_50      ; 0.000        ; 0.072      ; 0.669      ;
; 0.402 ; EEprom:EEprom|SPI_Master:EEPROM_CMD|spitxstate.spi_etx            ; EEprom:EEprom|SPI_Master:EEPROM_CMD|spitxstate.spi_etx                                                 ; clk_50       ; clk_50      ; 0.000        ; 0.072      ; 0.669      ;
; 0.402 ; gosof80:SOUNDBOARD|SC01:SC01_Simu|AR                              ; gosof80:SOUNDBOARD|SC01:SC01_Simu|AR                                                                   ; clk_50       ; clk_50      ; 0.000        ; 0.072      ; 0.669      ;
; 0.402 ; EEprom:EEprom|state.wait_for_Master_II                            ; EEprom:EEprom|state.wait_for_Master_II                                                                 ; clk_50       ; clk_50      ; 0.000        ; 0.072      ; 0.669      ;
; 0.402 ; EEprom:EEprom|SPI_Master:EEPROM_WRITE|TX_Done                     ; EEprom:EEprom|SPI_Master:EEPROM_WRITE|TX_Done                                                          ; clk_50       ; clk_50      ; 0.000        ; 0.072      ; 0.669      ;
; 0.402 ; sn74175:sn74175_Sound16|Q[1]                                      ; sn74175:sn74175_Sound16|Q[1]                                                                           ; clk_50       ; clk_50      ; 0.000        ; 0.072      ; 0.669      ;
; 0.402 ; EEprom:EEprom|SPI_Master:EEPROM_WRITE|spitxstate.spi_stx          ; EEprom:EEprom|SPI_Master:EEPROM_WRITE|spitxstate.spi_stx                                               ; clk_50       ; clk_50      ; 0.000        ; 0.072      ; 0.669      ;
; 0.402 ; EEprom:EEprom|wr_ram                                              ; EEprom:EEprom|wr_ram                                                                                   ; clk_50       ; clk_50      ; 0.000        ; 0.072      ; 0.669      ;
; 0.402 ; EEprom:EEprom|SPI_Master:EEPROM_READ|bitcounter[5]                ; EEprom:EEprom|SPI_Master:EEPROM_READ|bitcounter[5]                                                     ; clk_50       ; clk_50      ; 0.000        ; 0.072      ; 0.669      ;
; 0.402 ; EEprom:EEprom|SPI_Master:EEPROM_READ|bitcounter[3]                ; EEprom:EEprom|SPI_Master:EEPROM_READ|bitcounter[3]                                                     ; clk_50       ; clk_50      ; 0.000        ; 0.072      ; 0.669      ;
; 0.402 ; EEprom:EEprom|SPI_Master:EEPROM_READ|bitcounter[2]                ; EEprom:EEprom|SPI_Master:EEPROM_READ|bitcounter[2]                                                     ; clk_50       ; clk_50      ; 0.000        ; 0.072      ; 0.669      ;
; 0.402 ; EEprom:EEprom|SPI_Master:EEPROM_READ|bitcounter[1]                ; EEprom:EEprom|SPI_Master:EEPROM_READ|bitcounter[1]                                                     ; clk_50       ; clk_50      ; 0.000        ; 0.072      ; 0.669      ;
; 0.402 ; EEprom:EEprom|SPI_Master:EEPROM_READ|bitcounter[0]                ; EEprom:EEprom|SPI_Master:EEPROM_READ|bitcounter[0]                                                     ; clk_50       ; clk_50      ; 0.000        ; 0.072      ; 0.669      ;
; 0.402 ; EEprom:EEprom|SPI_Master:EEPROM_READ|spiclk                       ; EEprom:EEprom|SPI_Master:EEPROM_READ|spiclk                                                            ; clk_50       ; clk_50      ; 0.000        ; 0.072      ; 0.669      ;
; 0.402 ; EEprom:EEprom|SPI_Master:EEPROM_READ|bitcounter[4]                ; EEprom:EEprom|SPI_Master:EEPROM_READ|bitcounter[4]                                                     ; clk_50       ; clk_50      ; 0.000        ; 0.072      ; 0.669      ;
; 0.402 ; EEprom:EEprom|SPI_Master:EEPROM_READ|spitxstate.spi_txactive      ; EEprom:EEprom|SPI_Master:EEPROM_READ|spitxstate.spi_txactive                                           ; clk_50       ; clk_50      ; 0.000        ; 0.072      ; 0.669      ;
; 0.402 ; EEprom:EEprom|SPI_Master:EEPROM_STAT|rx_reg[0]                    ; EEprom:EEprom|SPI_Master:EEPROM_STAT|rx_reg[0]                                                         ; clk_50       ; clk_50      ; 0.000        ; 0.072      ; 0.669      ;
; 0.402 ; EEprom:EEprom|SPI_Master:EEPROM_STAT|bitcounter[3]                ; EEprom:EEprom|SPI_Master:EEPROM_STAT|bitcounter[3]                                                     ; clk_50       ; clk_50      ; 0.000        ; 0.072      ; 0.669      ;
; 0.402 ; EEprom:EEprom|SPI_Master:EEPROM_STAT|bitcounter[2]                ; EEprom:EEprom|SPI_Master:EEPROM_STAT|bitcounter[2]                                                     ; clk_50       ; clk_50      ; 0.000        ; 0.072      ; 0.669      ;
; 0.402 ; EEprom:EEprom|SPI_Master:EEPROM_STAT|bitcounter[1]                ; EEprom:EEprom|SPI_Master:EEPROM_STAT|bitcounter[1]                                                     ; clk_50       ; clk_50      ; 0.000        ; 0.072      ; 0.669      ;
; 0.402 ; EEprom:EEprom|SPI_Master:EEPROM_STAT|bitcounter[0]                ; EEprom:EEprom|SPI_Master:EEPROM_STAT|bitcounter[0]                                                     ; clk_50       ; clk_50      ; 0.000        ; 0.072      ; 0.669      ;
; 0.402 ; EEprom:EEprom|SPI_Master:EEPROM_STAT|bitcounter[4]                ; EEprom:EEprom|SPI_Master:EEPROM_STAT|bitcounter[4]                                                     ; clk_50       ; clk_50      ; 0.000        ; 0.072      ; 0.669      ;
; 0.402 ; EEprom:EEprom|SPI_Master:EEPROM_WRITE|bitcounter[4]               ; EEprom:EEprom|SPI_Master:EEPROM_WRITE|bitcounter[4]                                                    ; clk_50       ; clk_50      ; 0.000        ; 0.072      ; 0.669      ;
; 0.402 ; EEprom:EEprom|SPI_Master:EEPROM_READ|tx_reg[8]                    ; EEprom:EEprom|SPI_Master:EEPROM_READ|tx_reg[8]                                                         ; clk_50       ; clk_50      ; 0.000        ; 0.072      ; 0.669      ;
; 0.402 ; EEprom:EEprom|SPI_Master:EEPROM_WRITE|bitcounter[5]               ; EEprom:EEprom|SPI_Master:EEPROM_WRITE|bitcounter[5]                                                    ; clk_50       ; clk_50      ; 0.000        ; 0.072      ; 0.669      ;
; 0.402 ; EEprom:EEprom|SPI_Master:EEPROM_WRITE|bitcounter[3]               ; EEprom:EEprom|SPI_Master:EEPROM_WRITE|bitcounter[3]                                                    ; clk_50       ; clk_50      ; 0.000        ; 0.072      ; 0.669      ;
; 0.402 ; EEprom:EEprom|SPI_Master:EEPROM_WRITE|bitcounter[1]               ; EEprom:EEprom|SPI_Master:EEPROM_WRITE|bitcounter[1]                                                    ; clk_50       ; clk_50      ; 0.000        ; 0.072      ; 0.669      ;
; 0.402 ; EEprom:EEprom|SPI_Master:EEPROM_WRITE|bitcounter[0]               ; EEprom:EEprom|SPI_Master:EEPROM_WRITE|bitcounter[0]                                                    ; clk_50       ; clk_50      ; 0.000        ; 0.072      ; 0.669      ;
; 0.402 ; EEprom:EEprom|SPI_Master:EEPROM_WRITE|spitxstate.spi_txactive     ; EEprom:EEprom|SPI_Master:EEPROM_WRITE|spitxstate.spi_txactive                                          ; clk_50       ; clk_50      ; 0.000        ; 0.072      ; 0.669      ;
; 0.402 ; EEprom:EEprom|SPI_Master:EEPROM_WRITE|bitcounter[2]               ; EEprom:EEprom|SPI_Master:EEPROM_WRITE|bitcounter[2]                                                    ; clk_50       ; clk_50      ; 0.000        ; 0.072      ; 0.669      ;
; 0.402 ; EEprom:EEprom|state.wait_for_Master_I                             ; EEprom:EEprom|state.wait_for_Master_I                                                                  ; clk_50       ; clk_50      ; 0.000        ; 0.072      ; 0.669      ;
; 0.402 ; EEprom:EEprom|SPI_Master:EEPROM_CMD|bitcounter[1]                 ; EEprom:EEprom|SPI_Master:EEPROM_CMD|bitcounter[1]                                                      ; clk_50       ; clk_50      ; 0.000        ; 0.072      ; 0.669      ;
; 0.402 ; EEprom:EEprom|SPI_Master:EEPROM_CMD|bitcounter[2]                 ; EEprom:EEprom|SPI_Master:EEPROM_CMD|bitcounter[2]                                                      ; clk_50       ; clk_50      ; 0.000        ; 0.072      ; 0.669      ;
; 0.402 ; EEprom:EEprom|SPI_Master:EEPROM_CMD|spiclk                        ; EEprom:EEprom|SPI_Master:EEPROM_CMD|spiclk                                                             ; clk_50       ; clk_50      ; 0.000        ; 0.072      ; 0.669      ;
; 0.402 ; EEprom:EEprom|SPI_Master:EEPROM_CMD|bitcounter[0]                 ; EEprom:EEprom|SPI_Master:EEPROM_CMD|bitcounter[0]                                                      ; clk_50       ; clk_50      ; 0.000        ; 0.072      ; 0.669      ;
; 0.402 ; EEprom:EEprom|SPI_Master:EEPROM_CMD|bitcounter[3]                 ; EEprom:EEprom|SPI_Master:EEPROM_CMD|bitcounter[3]                                                      ; clk_50       ; clk_50      ; 0.000        ; 0.072      ; 0.669      ;
; 0.402 ; EEprom:EEprom|SPI_Master:EEPROM_CMD|spitxstate.spi_txactive       ; EEprom:EEprom|SPI_Master:EEPROM_CMD|spitxstate.spi_txactive                                            ; clk_50       ; clk_50      ; 0.000        ; 0.072      ; 0.669      ;
; 0.402 ; sn74175:sn74175_Game_O|Qn[0]                                      ; sn74175:sn74175_Game_O|Qn[0]                                                                           ; clk_50       ; clk_50      ; 0.000        ; 0.072      ; 0.669      ;
; 0.402 ; EEprom:EEprom|SPI_Master:EEPROM_STAT|tx_reg[8]                    ; EEprom:EEprom|SPI_Master:EEPROM_STAT|tx_reg[8]                                                         ; clk_50       ; clk_50      ; 0.000        ; 0.072      ; 0.669      ;
+-------+-------------------------------------------------------------------+--------------------------------------------------------------------------------------------------------+--------------+-------------+--------------+------------+------------+


+-------------------------------------------------------------------------------------------------------------------------------------------------------------------------------------------------------+
; Slow 1200mV 0C Model Hold: 'cpu_clk_out'                                                                                                                                                              ;
+-------+------------------------------------------------------------+------------------------------------------------------------+--------------+-------------+--------------+------------+------------+
; Slack ; From Node                                                  ; To Node                                                    ; Launch Clock ; Latch Clock ; Relationship ; Clock Skew ; Data Delay ;
+-------+------------------------------------------------------------+------------------------------------------------------------+--------------+-------------+--------------+------------+------------+
; 0.400 ; T65:U1|P[7]                                                ; T65:U1|P[7]                                                ; cpu_clk_out  ; cpu_clk_out ; 0.000        ; 0.074      ; 0.669      ;
; 0.400 ; T65:U1|MCycle[2]                                           ; T65:U1|MCycle[2]                                           ; cpu_clk_out  ; cpu_clk_out ; 0.000        ; 0.074      ; 0.669      ;
; 0.400 ; T65:U1|MCycle[1]                                           ; T65:U1|MCycle[1]                                           ; cpu_clk_out  ; cpu_clk_out ; 0.000        ; 0.074      ; 0.669      ;
; 0.400 ; T65:U1|IRQ_n_o                                             ; T65:U1|IRQ_n_o                                             ; cpu_clk_out  ; cpu_clk_out ; 0.000        ; 0.074      ; 0.669      ;
; 0.400 ; T65:U1|P[1]                                                ; T65:U1|P[1]                                                ; cpu_clk_out  ; cpu_clk_out ; 0.000        ; 0.074      ; 0.669      ;
; 0.400 ; T65:U1|BusB_r[0]                                           ; T65:U1|BusB_r[0]                                           ; cpu_clk_out  ; cpu_clk_out ; 0.000        ; 0.074      ; 0.669      ;
; 0.401 ; gosof80:SOUNDBOARD|T65:CPU|P[7]                            ; gosof80:SOUNDBOARD|T65:CPU|P[7]                            ; cpu_clk_out  ; cpu_clk_out ; 0.000        ; 0.073      ; 0.669      ;
; 0.401 ; detect_sw_trigger:detect_credit_sw_trigger|state.wait_open ; detect_sw_trigger:detect_credit_sw_trigger|state.wait_open ; cpu_clk_out  ; cpu_clk_out ; 0.000        ; 0.073      ; 0.669      ;
; 0.401 ; detect_sw_trigger:detect_credit_sw_trigger|state.Idle      ; detect_sw_trigger:detect_credit_sw_trigger|state.Idle      ; cpu_clk_out  ; cpu_clk_out ; 0.000        ; 0.073      ; 0.669      ;
; 0.401 ; detect_sw:detect_credit_sw|long_push                       ; detect_sw:detect_credit_sw|long_push                       ; cpu_clk_out  ; cpu_clk_out ; 0.000        ; 0.073      ; 0.669      ;
; 0.401 ; detect_sw:detect_credit_sw|state.Idle                      ; detect_sw:detect_credit_sw|state.Idle                      ; cpu_clk_out  ; cpu_clk_out ; 0.000        ; 0.073      ; 0.669      ;
; 0.401 ; detect_sw:detect_credit_sw|state.counting                  ; detect_sw:detect_credit_sw|state.counting                  ; cpu_clk_out  ; cpu_clk_out ; 0.000        ; 0.073      ; 0.669      ;
; 0.401 ; gosof80:SOUNDBOARD|T65:CPU|BusB_r[0]                       ; gosof80:SOUNDBOARD|T65:CPU|BusB_r[0]                       ; cpu_clk_out  ; cpu_clk_out ; 0.000        ; 0.073      ; 0.669      ;
; 0.401 ; boot_message:BM|Din_Seg_B[4]                               ; boot_message:BM|Din_Seg_B[4]                               ; cpu_clk_out  ; cpu_clk_out ; 0.000        ; 0.073      ; 0.669      ;
; 0.401 ; boot_message:BM|Din_Seg_B[5]                               ; boot_message:BM|Din_Seg_B[5]                               ; cpu_clk_out  ; cpu_clk_out ; 0.000        ; 0.073      ; 0.669      ;
; 0.401 ; detect_sw_trigger:detect_credit_sw_trigger|state.counting  ; detect_sw_trigger:detect_credit_sw_trigger|state.counting  ; cpu_clk_out  ; cpu_clk_out ; 0.000        ; 0.073      ; 0.669      ;
; 0.401 ; T65:U1|BAL[8]                                              ; T65:U1|BAL[8]                                              ; cpu_clk_out  ; cpu_clk_out ; 0.000        ; 0.073      ; 0.669      ;
; 0.401 ; gosof80:SOUNDBOARD|T65:CPU|P[1]                            ; gosof80:SOUNDBOARD|T65:CPU|P[1]                            ; cpu_clk_out  ; cpu_clk_out ; 0.000        ; 0.073      ; 0.669      ;
; 0.401 ; gosof80:SOUNDBOARD|T65:CPU|MCycle[2]                       ; gosof80:SOUNDBOARD|T65:CPU|MCycle[2]                       ; cpu_clk_out  ; cpu_clk_out ; 0.000        ; 0.073      ; 0.669      ;
; 0.401 ; read_the_dips:RDIPS|state.Idle                             ; read_the_dips:RDIPS|state.Idle                             ; cpu_clk_out  ; cpu_clk_out ; 0.000        ; 0.073      ; 0.669      ;
; 0.401 ; gosof80:SOUNDBOARD|T65:CPU|MCycle[1]                       ; gosof80:SOUNDBOARD|T65:CPU|MCycle[1]                       ; cpu_clk_out  ; cpu_clk_out ; 0.000        ; 0.073      ; 0.669      ;
; 0.401 ; boot_message:BM|bm_digit_strobe[3]                         ; boot_message:BM|bm_digit_strobe[3]                         ; cpu_clk_out  ; cpu_clk_out ; 0.000        ; 0.073      ; 0.669      ;
; 0.401 ; boot_message:BM|bm_digit_strobe[1]                         ; boot_message:BM|bm_digit_strobe[1]                         ; cpu_clk_out  ; cpu_clk_out ; 0.000        ; 0.073      ; 0.669      ;
; 0.401 ; boot_message:BM|bm_digit_strobe[0]                         ; boot_message:BM|bm_digit_strobe[0]                         ; cpu_clk_out  ; cpu_clk_out ; 0.000        ; 0.073      ; 0.669      ;
; 0.401 ; detect_sw:detect_credit_sw|state.delay                     ; detect_sw:detect_credit_sw|state.delay                     ; cpu_clk_out  ; cpu_clk_out ; 0.000        ; 0.073      ; 0.669      ;
; 0.402 ; detect_sw:detect_test_sw|state.Idle                        ; detect_sw:detect_test_sw|state.Idle                        ; cpu_clk_out  ; cpu_clk_out ; 0.000        ; 0.072      ; 0.669      ;
; 0.402 ; detect_sw:detect_test_sw|state.counting                    ; detect_sw:detect_test_sw|state.counting                    ; cpu_clk_out  ; cpu_clk_out ; 0.000        ; 0.072      ; 0.669      ;
; 0.402 ; detect_sw:detect_test_sw|state.delay                       ; detect_sw:detect_test_sw|state.delay                       ; cpu_clk_out  ; cpu_clk_out ; 0.000        ; 0.072      ; 0.669      ;
; 0.402 ; anti_thunk:AT|count_ds[3]                                  ; anti_thunk:AT|count_ds[3]                                  ; cpu_clk_out  ; cpu_clk_out ; 0.000        ; 0.072      ; 0.669      ;
; 0.402 ; anti_thunk:AT|count_ds[2]                                  ; anti_thunk:AT|count_ds[2]                                  ; cpu_clk_out  ; cpu_clk_out ; 0.000        ; 0.072      ; 0.669      ;
; 0.402 ; anti_thunk:AT|count_ds[1]                                  ; anti_thunk:AT|count_ds[1]                                  ; cpu_clk_out  ; cpu_clk_out ; 0.000        ; 0.072      ; 0.669      ;
; 0.403 ; R6532:U4_IO|s_irq_timer                                    ; R6532:U4_IO|s_irq_timer                                    ; cpu_clk_out  ; cpu_clk_out ; 0.000        ; 0.071      ; 0.669      ;
; 0.404 ; gosof80:SOUNDBOARD|R6532:RIOT|s_irq_timer_en               ; gosof80:SOUNDBOARD|R6532:RIOT|s_irq_timer_en               ; cpu_clk_out  ; cpu_clk_out ; 0.000        ; 0.070      ; 0.669      ;
; 0.404 ; gosof80:SOUNDBOARD|R6532:RIOT|s_irq_timer                  ; gosof80:SOUNDBOARD|R6532:RIOT|s_irq_timer                  ; cpu_clk_out  ; cpu_clk_out ; 0.000        ; 0.070      ; 0.669      ;
; 0.404 ; R6532:U4_IO|s_irq_timer_en                                 ; R6532:U4_IO|s_irq_timer_en                                 ; cpu_clk_out  ; cpu_clk_out ; 0.000        ; 0.070      ; 0.669      ;
; 0.404 ; R6532:U5_IO|s_irq_timer_en                                 ; R6532:U5_IO|s_irq_timer_en                                 ; cpu_clk_out  ; cpu_clk_out ; 0.000        ; 0.070      ; 0.669      ;
; 0.404 ; R6532:U6_IO|s_irq_timer_en                                 ; R6532:U6_IO|s_irq_timer_en                                 ; cpu_clk_out  ; cpu_clk_out ; 0.000        ; 0.070      ; 0.669      ;
; 0.404 ; R6532:U5_IO|s_irq_timer                                    ; R6532:U5_IO|s_irq_timer                                    ; cpu_clk_out  ; cpu_clk_out ; 0.000        ; 0.070      ; 0.669      ;
; 0.404 ; R6532:U6_IO|s_dout[7]                                      ; R6532:U6_IO|s_dout[7]                                      ; cpu_clk_out  ; cpu_clk_out ; 0.000        ; 0.070      ; 0.669      ;
; 0.404 ; R6532:U6_IO|s_irq_timer                                    ; R6532:U6_IO|s_irq_timer                                    ; cpu_clk_out  ; cpu_clk_out ; 0.000        ; 0.070      ; 0.669      ;
; 0.415 ; T65:U1|MCycle[0]                                           ; T65:U1|MCycle[0]                                           ; cpu_clk_out  ; cpu_clk_out ; 0.000        ; 0.074      ; 0.684      ;
; 0.416 ; gosof80:SOUNDBOARD|T65:CPU|MCycle[0]                       ; gosof80:SOUNDBOARD|T65:CPU|MCycle[0]                       ; cpu_clk_out  ; cpu_clk_out ; 0.000        ; 0.073      ; 0.684      ;
; 0.456 ; gosof80:SOUNDBOARD|T65:CPU|NMI_entered                     ; gosof80:SOUNDBOARD|T65:CPU|NMIAct                          ; cpu_clk_out  ; cpu_clk_out ; 0.000        ; 0.074      ; 0.725      ;
; 0.461 ; R6532:U6_IO|s_irq_timer                                    ; R6532:U6_IO|irq_n                                          ; cpu_clk_out  ; cpu_clk_out ; 0.000        ; 0.070      ; 0.726      ;
; 0.469 ; Cross_Slow_To_Fast_Clock_Bus:META2|r1_Data[6]              ; Cross_Slow_To_Fast_Clock_Bus:META2|r2_Data[6]              ; cpu_clk_out  ; cpu_clk_out ; 0.000        ; 0.073      ; 0.737      ;
; 0.470 ; Cross_Slow_To_Fast_Clock_Bus:META2|r1_Data[7]              ; Cross_Slow_To_Fast_Clock_Bus:META2|r2_Data[7]              ; cpu_clk_out  ; cpu_clk_out ; 0.000        ; 0.073      ; 0.738      ;
; 0.470 ; Cross_Slow_To_Fast_Clock_Bus:META2|r1_Data[4]              ; Cross_Slow_To_Fast_Clock_Bus:META2|r2_Data[4]              ; cpu_clk_out  ; cpu_clk_out ; 0.000        ; 0.073      ; 0.738      ;
; 0.470 ; Cross_Slow_To_Fast_Clock_Bus:META2|r1_Data[2]              ; Cross_Slow_To_Fast_Clock_Bus:META2|r2_Data[2]              ; cpu_clk_out  ; cpu_clk_out ; 0.000        ; 0.072      ; 0.737      ;
; 0.470 ; Cross_Slow_To_Fast_Clock_Bus:META2|r1_Data[0]              ; Cross_Slow_To_Fast_Clock_Bus:META2|r2_Data[0]              ; cpu_clk_out  ; cpu_clk_out ; 0.000        ; 0.073      ; 0.738      ;
; 0.471 ; Cross_Slow_To_Fast_Clock_Bus:META2|r1_Data[1]              ; Cross_Slow_To_Fast_Clock_Bus:META2|r2_Data[1]              ; cpu_clk_out  ; cpu_clk_out ; 0.000        ; 0.072      ; 0.738      ;
; 0.471 ; R6532:U5_IO|s_irq_timer                                    ; R6532:U5_IO|irq_n                                          ; cpu_clk_out  ; cpu_clk_out ; 0.000        ; 0.070      ; 0.736      ;
; 0.471 ; Cross_Slow_To_Fast_Clock_Bus:META2|r2_Data[7]              ; Cross_Slow_To_Fast_Clock_Bus:META2|o_Q[7]                  ; cpu_clk_out  ; cpu_clk_out ; 0.000        ; 0.073      ; 0.739      ;
; 0.472 ; Cross_Slow_To_Fast_Clock:META1|r1_Data                     ; Cross_Slow_To_Fast_Clock:META1|r2_Data                     ; cpu_clk_out  ; cpu_clk_out ; 0.000        ; 0.073      ; 0.740      ;
; 0.479 ; detect_sw:detect_credit_sw|state.Idle                      ; detect_sw:detect_credit_sw|long_push                       ; cpu_clk_out  ; cpu_clk_out ; 0.000        ; 0.073      ; 0.747      ;
; 0.480 ; anti_thunk:AT|count_ds[1]                                  ; anti_thunk:AT|count_ds[3]                                  ; cpu_clk_out  ; cpu_clk_out ; 0.000        ; 0.072      ; 0.747      ;
; 0.489 ; anti_thunk:AT|count_ds[0]                                  ; anti_thunk:AT|count_ds[1]                                  ; cpu_clk_out  ; cpu_clk_out ; 0.000        ; 0.072      ; 0.756      ;
; 0.491 ; anti_thunk:AT|count_ds[0]                                  ; anti_thunk:AT|count_ds[2]                                  ; cpu_clk_out  ; cpu_clk_out ; 0.000        ; 0.072      ; 0.758      ;
; 0.581 ; gosof80:SOUNDBOARD|R6532:RIOT|s_irq_timer_en               ; gosof80:SOUNDBOARD|R6532:RIOT|irq_n                        ; cpu_clk_out  ; cpu_clk_out ; 0.000        ; 0.070      ; 0.846      ;
; 0.584 ; read_the_dips:RDIPS|state.Read3                            ; read_the_dips:RDIPS|strobes[3]                             ; cpu_clk_out  ; cpu_clk_out ; 0.000        ; 0.073      ; 0.852      ;
; 0.587 ; read_the_dips:RDIPS|state.Read2                            ; read_the_dips:RDIPS|strobes[2]                             ; cpu_clk_out  ; cpu_clk_out ; 0.000        ; 0.073      ; 0.855      ;
; 0.604 ; read_the_dips:RDIPS|state.Read3                            ; read_the_dips:RDIPS|state.Read4                            ; cpu_clk_out  ; cpu_clk_out ; 0.000        ; 0.073      ; 0.872      ;
; 0.606 ; read_the_dips:RDIPS|state.Read2                            ; read_the_dips:RDIPS|state.Read3                            ; cpu_clk_out  ; cpu_clk_out ; 0.000        ; 0.073      ; 0.874      ;
; 0.608 ; read_the_dips:RDIPS|state.Start                            ; read_the_dips:RDIPS|state.Read1                            ; cpu_clk_out  ; cpu_clk_out ; 0.000        ; 0.073      ; 0.876      ;
; 0.615 ; read_the_dips:RDIPS|state.Read1                            ; read_the_dips:RDIPS|state.Read2                            ; cpu_clk_out  ; cpu_clk_out ; 0.000        ; 0.073      ; 0.883      ;
; 0.619 ; gosof80:SOUNDBOARD|T65:CPU|RstCycle                        ; gosof80:SOUNDBOARD|T65:CPU|P[2]                            ; cpu_clk_out  ; cpu_clk_out ; 0.000        ; 0.073      ; 0.887      ;
; 0.633 ; anti_thunk:AT|count[14]                                    ; anti_thunk:AT|count[14]                                    ; cpu_clk_out  ; cpu_clk_out ; 0.000        ; 0.072      ; 0.900      ;
; 0.645 ; T65:U1|Res_n_d                                             ; T65:U1|Res_n_i                                             ; cpu_clk_out  ; cpu_clk_out ; 0.000        ; 0.073      ; 0.913      ;
; 0.645 ; read_the_dips:RDIPS|state.Read1                            ; read_the_dips:RDIPS|strobes[1]                             ; cpu_clk_out  ; cpu_clk_out ; 0.000        ; 0.073      ; 0.913      ;
; 0.646 ; Cross_Slow_To_Fast_Clock_Bus:META2|r2_Data[1]              ; Cross_Slow_To_Fast_Clock_Bus:META2|o_Q[1]                  ; cpu_clk_out  ; cpu_clk_out ; 0.000        ; 0.072      ; 0.913      ;
; 0.646 ; Cross_Slow_To_Fast_Clock_Bus:META2|r2_Data[3]              ; Cross_Slow_To_Fast_Clock_Bus:META2|o_Q[3]                  ; cpu_clk_out  ; cpu_clk_out ; 0.000        ; 0.073      ; 0.914      ;
; 0.646 ; Cross_Slow_To_Fast_Clock_Bus:META2|r2_Data[0]              ; Cross_Slow_To_Fast_Clock_Bus:META2|o_Q[0]                  ; cpu_clk_out  ; cpu_clk_out ; 0.000        ; 0.073      ; 0.914      ;
; 0.646 ; Cross_Slow_To_Fast_Clock_Bus:META2|r2_Data[6]              ; Cross_Slow_To_Fast_Clock_Bus:META2|o_Q[6]                  ; cpu_clk_out  ; cpu_clk_out ; 0.000        ; 0.073      ; 0.914      ;
; 0.647 ; Cross_Slow_To_Fast_Clock_Bus:META2|r2_Data[4]              ; Cross_Slow_To_Fast_Clock_Bus:META2|o_Q[4]                  ; cpu_clk_out  ; cpu_clk_out ; 0.000        ; 0.073      ; 0.915      ;
; 0.647 ; Cross_Slow_To_Fast_Clock:META1|r2_Data                     ; Cross_Slow_To_Fast_Clock:META1|o_Q                         ; cpu_clk_out  ; cpu_clk_out ; 0.000        ; 0.073      ; 0.915      ;
; 0.648 ; Cross_Slow_To_Fast_Clock_Bus:META2|r2_Data[5]              ; Cross_Slow_To_Fast_Clock_Bus:META2|o_Q[5]                  ; cpu_clk_out  ; cpu_clk_out ; 0.000        ; 0.072      ; 0.915      ;
; 0.649 ; Cross_Slow_To_Fast_Clock:META1|o_Q                         ; read_the_dips:RDIPS|state.Read2                            ; cpu_clk_out  ; cpu_clk_out ; 0.000        ; 0.073      ; 0.917      ;
; 0.649 ; Cross_Slow_To_Fast_Clock_Bus:META2|r2_Data[2]              ; Cross_Slow_To_Fast_Clock_Bus:META2|o_Q[2]                  ; cpu_clk_out  ; cpu_clk_out ; 0.000        ; 0.072      ; 0.916      ;
; 0.664 ; gosof80:SOUNDBOARD|T65:CPU|MCycle[0]                       ; gosof80:SOUNDBOARD|T65:CPU|MCycle[1]                       ; cpu_clk_out  ; cpu_clk_out ; 0.000        ; 0.073      ; 0.932      ;
; 0.667 ; gosof80:SOUNDBOARD|T65:CPU|MCycle[0]                       ; gosof80:SOUNDBOARD|T65:CPU|MCycle[2]                       ; cpu_clk_out  ; cpu_clk_out ; 0.000        ; 0.073      ; 0.935      ;
; 0.668 ; gosof80:SOUNDBOARD|T65:CPU|IR[6]                           ; gosof80:SOUNDBOARD|T65:CPU|ALU_Op_r.ALU_OP_OR              ; cpu_clk_out  ; cpu_clk_out ; 0.000        ; 0.074      ; 0.937      ;
; 0.673 ; gosof80:SOUNDBOARD|T65:CPU|IR[6]                           ; gosof80:SOUNDBOARD|T65:CPU|ALU_Op_r.ALU_OP_ASL             ; cpu_clk_out  ; cpu_clk_out ; 0.000        ; 0.074      ; 0.942      ;
; 0.674 ; R6532:U4_IO|s_irq_pa7_en                                   ; R6532:U4_IO|irq_n                                          ; cpu_clk_out  ; cpu_clk_out ; 0.000        ; 0.069      ; 0.938      ;
; 0.675 ; gosof80:SOUNDBOARD|T65:CPU|IR[6]                           ; gosof80:SOUNDBOARD|T65:CPU|ALU_Op_r.ALU_OP_ROL             ; cpu_clk_out  ; cpu_clk_out ; 0.000        ; 0.074      ; 0.944      ;
; 0.676 ; read_the_dips:RDIPS|state.Start                            ; read_the_dips:RDIPS|strobes[0]                             ; cpu_clk_out  ; cpu_clk_out ; 0.000        ; 0.073      ; 0.944      ;
; 0.683 ; gosof80:SOUNDBOARD|T65:CPU|IR[6]                           ; gosof80:SOUNDBOARD|T65:CPU|ALU_Op_r.ALU_OP_LSR             ; cpu_clk_out  ; cpu_clk_out ; 0.000        ; 0.074      ; 0.952      ;
; 0.688 ; detect_sw:detect_credit_sw|check_counter[9]                ; detect_sw:detect_credit_sw|check_counter[9]                ; cpu_clk_out  ; cpu_clk_out ; 0.000        ; 0.074      ; 0.957      ;
; 0.690 ; detect_sw:detect_credit_sw|check_counter[7]                ; detect_sw:detect_credit_sw|check_counter[7]                ; cpu_clk_out  ; cpu_clk_out ; 0.000        ; 0.074      ; 0.959      ;
; 0.690 ; detect_sw:detect_test_sw|closed_counter[15]                ; detect_sw:detect_test_sw|closed_counter[15]                ; cpu_clk_out  ; cpu_clk_out ; 0.000        ; 0.073      ; 0.958      ;
; 0.690 ; detect_sw:detect_test_sw|closed_counter[9]                 ; detect_sw:detect_test_sw|closed_counter[9]                 ; cpu_clk_out  ; cpu_clk_out ; 0.000        ; 0.073      ; 0.958      ;
; 0.690 ; detect_sw:detect_test_sw|check_counter[9]                  ; detect_sw:detect_test_sw|check_counter[9]                  ; cpu_clk_out  ; cpu_clk_out ; 0.000        ; 0.073      ; 0.958      ;
; 0.690 ; detect_sw:detect_test_sw|check_counter[7]                  ; detect_sw:detect_test_sw|check_counter[7]                  ; cpu_clk_out  ; cpu_clk_out ; 0.000        ; 0.073      ; 0.958      ;
; 0.690 ; detect_sw:detect_credit_sw|closed_counter[9]               ; detect_sw:detect_credit_sw|closed_counter[9]               ; cpu_clk_out  ; cpu_clk_out ; 0.000        ; 0.073      ; 0.958      ;
; 0.690 ; detect_sw:detect_credit_sw|closed_counter[7]               ; detect_sw:detect_credit_sw|closed_counter[7]               ; cpu_clk_out  ; cpu_clk_out ; 0.000        ; 0.073      ; 0.958      ;
; 0.691 ; gosof80:SOUNDBOARD|T65:CPU|IR[6]                           ; gosof80:SOUNDBOARD|T65:CPU|ALU_Op_r.ALU_OP_ROR             ; cpu_clk_out  ; cpu_clk_out ; 0.000        ; 0.074      ; 0.960      ;
; 0.691 ; detect_sw:detect_test_sw|closed_counter[7]                 ; detect_sw:detect_test_sw|closed_counter[7]                 ; cpu_clk_out  ; cpu_clk_out ; 0.000        ; 0.073      ; 0.959      ;
; 0.691 ; detect_sw:detect_test_sw|check_counter[1]                  ; detect_sw:detect_test_sw|check_counter[1]                  ; cpu_clk_out  ; cpu_clk_out ; 0.000        ; 0.073      ; 0.959      ;
; 0.691 ; detect_sw:detect_credit_sw|closed_counter[15]              ; detect_sw:detect_credit_sw|closed_counter[15]              ; cpu_clk_out  ; cpu_clk_out ; 0.000        ; 0.074      ; 0.960      ;
; 0.692 ; detect_sw_trigger:detect_credit_sw_trigger|counter[19]     ; detect_sw_trigger:detect_credit_sw_trigger|counter[19]     ; cpu_clk_out  ; cpu_clk_out ; 0.000        ; 0.072      ; 0.959      ;
; 0.692 ; detect_sw:detect_credit_sw|check_counter[1]                ; detect_sw:detect_credit_sw|check_counter[1]                ; cpu_clk_out  ; cpu_clk_out ; 0.000        ; 0.074      ; 0.961      ;
; 0.692 ; detect_sw:detect_credit_sw|check_counter[2]                ; detect_sw:detect_credit_sw|check_counter[2]                ; cpu_clk_out  ; cpu_clk_out ; 0.000        ; 0.074      ; 0.961      ;
+-------+------------------------------------------------------------+------------------------------------------------------------+--------------+-------------+--------------+------------+------------+


+-------------------------------------------------------------------------------------------------------------------------------------------------------------------------------+
; Slow 1200mV 0C Model Recovery: 'clk_50'                                                                                                                                       ;
+--------+--------------------------------+---------------------------------------------------------------+--------------+-------------+--------------+------------+------------+
; Slack  ; From Node                      ; To Node                                                       ; Launch Clock ; Latch Clock ; Relationship ; Clock Skew ; Data Delay ;
+--------+--------------------------------+---------------------------------------------------------------+--------------+-------------+--------------+------------+------------+
; 15.542 ; count_to_zero:COUNT_INTS|d_out ; gosof80:SOUNDBOARD|DFPlayer_Mini_CMD:DFP_send|txd             ; clk_50       ; clk_50      ; 20.000       ; -0.098     ; 4.362      ;
; 15.543 ; count_to_zero:COUNT_INTS|d_out ; gosof80:SOUNDBOARD|DFPlayer_Mini_CMD:DFP_send|state.Delay     ; clk_50       ; clk_50      ; 20.000       ; -0.099     ; 4.360      ;
; 15.543 ; count_to_zero:COUNT_INTS|d_out ; gosof80:SOUNDBOARD|DFPlayer_Mini_CMD:DFP_send|state.Idle      ; clk_50       ; clk_50      ; 20.000       ; -0.099     ; 4.360      ;
; 15.543 ; count_to_zero:COUNT_INTS|d_out ; gosof80:SOUNDBOARD|DFPlayer_Mini_CMD:DFP_send|state.Check     ; clk_50       ; clk_50      ; 20.000       ; -0.099     ; 4.360      ;
; 15.543 ; count_to_zero:COUNT_INTS|d_out ; gosof80:SOUNDBOARD|DFPlayer_Mini_CMD:DFP_send|state.Send      ; clk_50       ; clk_50      ; 20.000       ; -0.099     ; 4.360      ;
; 15.547 ; count_to_zero:COUNT_INTS|d_out ; gosof80:SOUNDBOARD|DFPlayer_Mini_CMD:DFP_send|r_Clk_Count[3]  ; clk_50       ; clk_50      ; 20.000       ; -0.089     ; 4.366      ;
; 15.547 ; count_to_zero:COUNT_INTS|d_out ; gosof80:SOUNDBOARD|DFPlayer_Mini_CMD:DFP_send|r_Clk_Count[7]  ; clk_50       ; clk_50      ; 20.000       ; -0.089     ; 4.366      ;
; 15.547 ; count_to_zero:COUNT_INTS|d_out ; gosof80:SOUNDBOARD|DFPlayer_Mini_CMD:DFP_send|r_Clk_Count[4]  ; clk_50       ; clk_50      ; 20.000       ; -0.089     ; 4.366      ;
; 15.547 ; count_to_zero:COUNT_INTS|d_out ; gosof80:SOUNDBOARD|DFPlayer_Mini_CMD:DFP_send|r_Clk_Count[1]  ; clk_50       ; clk_50      ; 20.000       ; -0.089     ; 4.366      ;
; 15.547 ; count_to_zero:COUNT_INTS|d_out ; gosof80:SOUNDBOARD|DFPlayer_Mini_CMD:DFP_send|r_Clk_Count[2]  ; clk_50       ; clk_50      ; 20.000       ; -0.089     ; 4.366      ;
; 15.547 ; count_to_zero:COUNT_INTS|d_out ; gosof80:SOUNDBOARD|DFPlayer_Mini_CMD:DFP_send|r_Clk_Count[5]  ; clk_50       ; clk_50      ; 20.000       ; -0.089     ; 4.366      ;
; 15.547 ; count_to_zero:COUNT_INTS|d_out ; gosof80:SOUNDBOARD|DFPlayer_Mini_CMD:DFP_send|r_Clk_Count[11] ; clk_50       ; clk_50      ; 20.000       ; -0.089     ; 4.366      ;
; 15.547 ; count_to_zero:COUNT_INTS|d_out ; gosof80:SOUNDBOARD|DFPlayer_Mini_CMD:DFP_send|r_Clk_Count[12] ; clk_50       ; clk_50      ; 20.000       ; -0.089     ; 4.366      ;
; 15.547 ; count_to_zero:COUNT_INTS|d_out ; gosof80:SOUNDBOARD|DFPlayer_Mini_CMD:DFP_send|r_Clk_Count[0]  ; clk_50       ; clk_50      ; 20.000       ; -0.089     ; 4.366      ;
; 15.547 ; count_to_zero:COUNT_INTS|d_out ; gosof80:SOUNDBOARD|DFPlayer_Mini_CMD:DFP_send|r_Clk_Count[10] ; clk_50       ; clk_50      ; 20.000       ; -0.089     ; 4.366      ;
; 15.547 ; count_to_zero:COUNT_INTS|d_out ; gosof80:SOUNDBOARD|DFPlayer_Mini_CMD:DFP_send|r_Clk_Count[6]  ; clk_50       ; clk_50      ; 20.000       ; -0.089     ; 4.366      ;
; 15.547 ; count_to_zero:COUNT_INTS|d_out ; gosof80:SOUNDBOARD|DFPlayer_Mini_CMD:DFP_send|r_Clk_Count[9]  ; clk_50       ; clk_50      ; 20.000       ; -0.089     ; 4.366      ;
; 15.547 ; count_to_zero:COUNT_INTS|d_out ; gosof80:SOUNDBOARD|DFPlayer_Mini_CMD:DFP_send|r_Clk_Count[8]  ; clk_50       ; clk_50      ; 20.000       ; -0.089     ; 4.366      ;
; 15.913 ; SD_Card:SD_CARD|cpu_reset_l    ; sn74175:sn74175_80B_1|Qn[3]                                   ; clk_50       ; clk_50      ; 20.000       ; -0.079     ; 4.010      ;
; 15.913 ; SD_Card:SD_CARD|cpu_reset_l    ; sn74175:sn74175_80B_1|Qn[2]                                   ; clk_50       ; clk_50      ; 20.000       ; -0.079     ; 4.010      ;
; 15.913 ; SD_Card:SD_CARD|cpu_reset_l    ; sn74175:sn74175_80B_1|Qn[1]                                   ; clk_50       ; clk_50      ; 20.000       ; -0.079     ; 4.010      ;
; 15.913 ; SD_Card:SD_CARD|cpu_reset_l    ; sn74175:sn74175_80B_1|Qn[0]                                   ; clk_50       ; clk_50      ; 20.000       ; -0.079     ; 4.010      ;
; 16.426 ; SD_Card:SD_CARD|cpu_reset_l    ; EEprom:EEprom|c_count[7]                                      ; clk_50       ; clk_50      ; 20.000       ; -0.093     ; 3.483      ;
; 16.426 ; SD_Card:SD_CARD|cpu_reset_l    ; EEprom:EEprom|c_count[11]                                     ; clk_50       ; clk_50      ; 20.000       ; -0.093     ; 3.483      ;
; 16.426 ; SD_Card:SD_CARD|cpu_reset_l    ; EEprom:EEprom|c_count[6]                                      ; clk_50       ; clk_50      ; 20.000       ; -0.093     ; 3.483      ;
; 16.426 ; SD_Card:SD_CARD|cpu_reset_l    ; EEprom:EEprom|c_count[10]                                     ; clk_50       ; clk_50      ; 20.000       ; -0.093     ; 3.483      ;
; 16.426 ; SD_Card:SD_CARD|cpu_reset_l    ; EEprom:EEprom|c_count[5]                                      ; clk_50       ; clk_50      ; 20.000       ; -0.093     ; 3.483      ;
; 16.426 ; SD_Card:SD_CARD|cpu_reset_l    ; EEprom:EEprom|c_count[4]                                      ; clk_50       ; clk_50      ; 20.000       ; -0.093     ; 3.483      ;
; 16.426 ; SD_Card:SD_CARD|cpu_reset_l    ; EEprom:EEprom|c_count[3]                                      ; clk_50       ; clk_50      ; 20.000       ; -0.093     ; 3.483      ;
; 16.426 ; SD_Card:SD_CARD|cpu_reset_l    ; EEprom:EEprom|c_count[2]                                      ; clk_50       ; clk_50      ; 20.000       ; -0.093     ; 3.483      ;
; 16.426 ; SD_Card:SD_CARD|cpu_reset_l    ; EEprom:EEprom|c_count[1]                                      ; clk_50       ; clk_50      ; 20.000       ; -0.093     ; 3.483      ;
; 16.426 ; SD_Card:SD_CARD|cpu_reset_l    ; EEprom:EEprom|c_count[0]                                      ; clk_50       ; clk_50      ; 20.000       ; -0.093     ; 3.483      ;
; 16.426 ; SD_Card:SD_CARD|cpu_reset_l    ; EEprom:EEprom|c_count[13]                                     ; clk_50       ; clk_50      ; 20.000       ; -0.093     ; 3.483      ;
; 16.426 ; SD_Card:SD_CARD|cpu_reset_l    ; EEprom:EEprom|c_count[12]                                     ; clk_50       ; clk_50      ; 20.000       ; -0.093     ; 3.483      ;
; 16.426 ; SD_Card:SD_CARD|cpu_reset_l    ; EEprom:EEprom|c_count[9]                                      ; clk_50       ; clk_50      ; 20.000       ; -0.093     ; 3.483      ;
; 16.426 ; SD_Card:SD_CARD|cpu_reset_l    ; EEprom:EEprom|c_count[8]                                      ; clk_50       ; clk_50      ; 20.000       ; -0.093     ; 3.483      ;
; 16.452 ; SD_Card:SD_CARD|cpu_reset_l    ; EEprom:EEprom|c_count[27]                                     ; clk_50       ; clk_50      ; 20.000       ; -0.092     ; 3.458      ;
; 16.452 ; SD_Card:SD_CARD|cpu_reset_l    ; EEprom:EEprom|c_count[28]                                     ; clk_50       ; clk_50      ; 20.000       ; -0.092     ; 3.458      ;
; 16.452 ; SD_Card:SD_CARD|cpu_reset_l    ; EEprom:EEprom|c_count[26]                                     ; clk_50       ; clk_50      ; 20.000       ; -0.092     ; 3.458      ;
; 16.452 ; SD_Card:SD_CARD|cpu_reset_l    ; EEprom:EEprom|c_count[24]                                     ; clk_50       ; clk_50      ; 20.000       ; -0.092     ; 3.458      ;
; 16.452 ; SD_Card:SD_CARD|cpu_reset_l    ; EEprom:EEprom|c_count[23]                                     ; clk_50       ; clk_50      ; 20.000       ; -0.092     ; 3.458      ;
; 16.452 ; SD_Card:SD_CARD|cpu_reset_l    ; EEprom:EEprom|c_count[22]                                     ; clk_50       ; clk_50      ; 20.000       ; -0.092     ; 3.458      ;
; 16.452 ; SD_Card:SD_CARD|cpu_reset_l    ; EEprom:EEprom|c_count[21]                                     ; clk_50       ; clk_50      ; 20.000       ; -0.092     ; 3.458      ;
; 16.452 ; SD_Card:SD_CARD|cpu_reset_l    ; EEprom:EEprom|c_count[25]                                     ; clk_50       ; clk_50      ; 20.000       ; -0.092     ; 3.458      ;
; 16.452 ; SD_Card:SD_CARD|cpu_reset_l    ; EEprom:EEprom|c_count[20]                                     ; clk_50       ; clk_50      ; 20.000       ; -0.092     ; 3.458      ;
; 16.452 ; SD_Card:SD_CARD|cpu_reset_l    ; EEprom:EEprom|c_count[19]                                     ; clk_50       ; clk_50      ; 20.000       ; -0.092     ; 3.458      ;
; 16.452 ; SD_Card:SD_CARD|cpu_reset_l    ; EEprom:EEprom|c_count[18]                                     ; clk_50       ; clk_50      ; 20.000       ; -0.092     ; 3.458      ;
; 16.452 ; SD_Card:SD_CARD|cpu_reset_l    ; EEprom:EEprom|c_count[17]                                     ; clk_50       ; clk_50      ; 20.000       ; -0.092     ; 3.458      ;
; 16.452 ; SD_Card:SD_CARD|cpu_reset_l    ; EEprom:EEprom|c_count[16]                                     ; clk_50       ; clk_50      ; 20.000       ; -0.092     ; 3.458      ;
; 16.452 ; SD_Card:SD_CARD|cpu_reset_l    ; EEprom:EEprom|c_count[15]                                     ; clk_50       ; clk_50      ; 20.000       ; -0.092     ; 3.458      ;
; 16.452 ; SD_Card:SD_CARD|cpu_reset_l    ; EEprom:EEprom|c_count[14]                                     ; clk_50       ; clk_50      ; 20.000       ; -0.092     ; 3.458      ;
; 16.593 ; SD_Card:SD_CARD|cpu_reset_l    ; sn74175:sn74175_80B_2|Qn[0]                                   ; clk_50       ; clk_50      ; 20.000       ; -0.080     ; 3.329      ;
; 16.593 ; SD_Card:SD_CARD|cpu_reset_l    ; sn74175:sn74175_80B_2|Qn[3]                                   ; clk_50       ; clk_50      ; 20.000       ; -0.080     ; 3.329      ;
; 16.593 ; SD_Card:SD_CARD|cpu_reset_l    ; sn74175:sn74175_80B_2|Qn[1]                                   ; clk_50       ; clk_50      ; 20.000       ; -0.080     ; 3.329      ;
; 16.593 ; SD_Card:SD_CARD|cpu_reset_l    ; sn74175:sn74175_80B_2|Qn[2]                                   ; clk_50       ; clk_50      ; 20.000       ; -0.080     ; 3.329      ;
; 16.786 ; SD_Card:SD_CARD|cpu_reset_l    ; gosof80:SOUNDBOARD|SC01:SC01_Simu|\SC01:counter[17]           ; clk_50       ; clk_50      ; 20.000       ; -0.082     ; 3.134      ;
; 16.786 ; SD_Card:SD_CARD|cpu_reset_l    ; gosof80:SOUNDBOARD|SC01:SC01_Simu|\SC01:counter[23]           ; clk_50       ; clk_50      ; 20.000       ; -0.082     ; 3.134      ;
; 16.786 ; SD_Card:SD_CARD|cpu_reset_l    ; gosof80:SOUNDBOARD|SC01:SC01_Simu|\SC01:counter[22]           ; clk_50       ; clk_50      ; 20.000       ; -0.082     ; 3.134      ;
; 16.786 ; SD_Card:SD_CARD|cpu_reset_l    ; gosof80:SOUNDBOARD|SC01:SC01_Simu|\SC01:counter[20]           ; clk_50       ; clk_50      ; 20.000       ; -0.082     ; 3.134      ;
; 16.786 ; SD_Card:SD_CARD|cpu_reset_l    ; gosof80:SOUNDBOARD|SC01:SC01_Simu|\SC01:counter[21]           ; clk_50       ; clk_50      ; 20.000       ; -0.082     ; 3.134      ;
; 16.786 ; SD_Card:SD_CARD|cpu_reset_l    ; gosof80:SOUNDBOARD|SC01:SC01_Simu|\SC01:counter[13]           ; clk_50       ; clk_50      ; 20.000       ; -0.082     ; 3.134      ;
; 16.786 ; SD_Card:SD_CARD|cpu_reset_l    ; gosof80:SOUNDBOARD|SC01:SC01_Simu|\SC01:counter[14]           ; clk_50       ; clk_50      ; 20.000       ; -0.082     ; 3.134      ;
; 16.786 ; SD_Card:SD_CARD|cpu_reset_l    ; gosof80:SOUNDBOARD|SC01:SC01_Simu|\SC01:counter[0]            ; clk_50       ; clk_50      ; 20.000       ; -0.082     ; 3.134      ;
; 16.797 ; SD_Card:SD_CARD|cpu_reset_l    ; count_to_zero:COUNT_STROBES|int_count[0]                      ; clk_50       ; clk_50      ; 20.000       ; -0.095     ; 3.110      ;
; 16.797 ; SD_Card:SD_CARD|cpu_reset_l    ; count_to_zero:COUNT_STROBES|d_out                             ; clk_50       ; clk_50      ; 20.000       ; -0.095     ; 3.110      ;
; 16.815 ; SD_Card:SD_CARD|cpu_reset_l    ; gosof80:SOUNDBOARD|SC01:SC01_Simu|\SC01:counter[9]            ; clk_50       ; clk_50      ; 20.000       ; -0.095     ; 3.092      ;
; 16.815 ; SD_Card:SD_CARD|cpu_reset_l    ; gosof80:SOUNDBOARD|SC01:SC01_Simu|\SC01:counter[10]           ; clk_50       ; clk_50      ; 20.000       ; -0.095     ; 3.092      ;
; 16.815 ; SD_Card:SD_CARD|cpu_reset_l    ; gosof80:SOUNDBOARD|SC01:SC01_Simu|\SC01:counter[8]            ; clk_50       ; clk_50      ; 20.000       ; -0.095     ; 3.092      ;
; 16.815 ; SD_Card:SD_CARD|cpu_reset_l    ; gosof80:SOUNDBOARD|SC01:SC01_Simu|\SC01:counter[7]            ; clk_50       ; clk_50      ; 20.000       ; -0.095     ; 3.092      ;
; 16.815 ; SD_Card:SD_CARD|cpu_reset_l    ; gosof80:SOUNDBOARD|SC01:SC01_Simu|\SC01:counter[12]           ; clk_50       ; clk_50      ; 20.000       ; -0.095     ; 3.092      ;
; 16.815 ; SD_Card:SD_CARD|cpu_reset_l    ; gosof80:SOUNDBOARD|SC01:SC01_Simu|\SC01:counter[18]           ; clk_50       ; clk_50      ; 20.000       ; -0.095     ; 3.092      ;
; 16.815 ; SD_Card:SD_CARD|cpu_reset_l    ; gosof80:SOUNDBOARD|SC01:SC01_Simu|\SC01:counter[11]           ; clk_50       ; clk_50      ; 20.000       ; -0.095     ; 3.092      ;
; 16.815 ; SD_Card:SD_CARD|cpu_reset_l    ; gosof80:SOUNDBOARD|SC01:SC01_Simu|state.Calc                  ; clk_50       ; clk_50      ; 20.000       ; -0.095     ; 3.092      ;
; 16.815 ; SD_Card:SD_CARD|cpu_reset_l    ; gosof80:SOUNDBOARD|SC01:SC01_Simu|\SC01:counter[6]            ; clk_50       ; clk_50      ; 20.000       ; -0.095     ; 3.092      ;
; 16.828 ; SD_Card:SD_CARD|cpu_reset_l    ; count_to_zero:COUNT_STROBES|int_count[3]                      ; clk_50       ; clk_50      ; 20.000       ; -0.094     ; 3.080      ;
; 16.828 ; SD_Card:SD_CARD|cpu_reset_l    ; count_to_zero:COUNT_STROBES|int_count[4]                      ; clk_50       ; clk_50      ; 20.000       ; -0.094     ; 3.080      ;
; 16.828 ; SD_Card:SD_CARD|cpu_reset_l    ; count_to_zero:COUNT_STROBES|int_count[2]                      ; clk_50       ; clk_50      ; 20.000       ; -0.094     ; 3.080      ;
; 16.828 ; SD_Card:SD_CARD|cpu_reset_l    ; count_to_zero:COUNT_STROBES|int_count[1]                      ; clk_50       ; clk_50      ; 20.000       ; -0.094     ; 3.080      ;
; 16.828 ; SD_Card:SD_CARD|cpu_reset_l    ; count_to_zero:COUNT_STROBES|int_count[7]                      ; clk_50       ; clk_50      ; 20.000       ; -0.094     ; 3.080      ;
; 16.828 ; SD_Card:SD_CARD|cpu_reset_l    ; count_to_zero:COUNT_STROBES|int_count[5]                      ; clk_50       ; clk_50      ; 20.000       ; -0.094     ; 3.080      ;
; 16.828 ; SD_Card:SD_CARD|cpu_reset_l    ; count_to_zero:COUNT_STROBES|int_count[6]                      ; clk_50       ; clk_50      ; 20.000       ; -0.094     ; 3.080      ;
; 16.833 ; SD_Card:SD_CARD|cpu_reset_l    ; gosof80:SOUNDBOARD|SC01:SC01_Simu|\SC01:counter[16]           ; clk_50       ; clk_50      ; 20.000       ; -0.097     ; 3.072      ;
; 16.833 ; SD_Card:SD_CARD|cpu_reset_l    ; gosof80:SOUNDBOARD|SC01:SC01_Simu|state.Idle                  ; clk_50       ; clk_50      ; 20.000       ; -0.097     ; 3.072      ;
; 16.833 ; SD_Card:SD_CARD|cpu_reset_l    ; gosof80:SOUNDBOARD|SC01:SC01_Simu|state.Speech                ; clk_50       ; clk_50      ; 20.000       ; -0.097     ; 3.072      ;
; 16.833 ; SD_Card:SD_CARD|cpu_reset_l    ; gosof80:SOUNDBOARD|SC01:SC01_Simu|\SC01:counter[2]            ; clk_50       ; clk_50      ; 20.000       ; -0.097     ; 3.072      ;
; 16.833 ; SD_Card:SD_CARD|cpu_reset_l    ; gosof80:SOUNDBOARD|SC01:SC01_Simu|AR                          ; clk_50       ; clk_50      ; 20.000       ; -0.097     ; 3.072      ;
; 16.833 ; SD_Card:SD_CARD|cpu_reset_l    ; gosof80:SOUNDBOARD|SC01:SC01_Simu|\SC01:counter[19]           ; clk_50       ; clk_50      ; 20.000       ; -0.097     ; 3.072      ;
; 16.833 ; SD_Card:SD_CARD|cpu_reset_l    ; gosof80:SOUNDBOARD|SC01:SC01_Simu|\SC01:counter[5]            ; clk_50       ; clk_50      ; 20.000       ; -0.097     ; 3.072      ;
; 16.833 ; SD_Card:SD_CARD|cpu_reset_l    ; gosof80:SOUNDBOARD|SC01:SC01_Simu|\SC01:counter[3]            ; clk_50       ; clk_50      ; 20.000       ; -0.097     ; 3.072      ;
; 16.833 ; SD_Card:SD_CARD|cpu_reset_l    ; gosof80:SOUNDBOARD|SC01:SC01_Simu|\SC01:counter[4]            ; clk_50       ; clk_50      ; 20.000       ; -0.097     ; 3.072      ;
; 16.833 ; SD_Card:SD_CARD|cpu_reset_l    ; gosof80:SOUNDBOARD|SC01:SC01_Simu|\SC01:counter[1]            ; clk_50       ; clk_50      ; 20.000       ; -0.097     ; 3.072      ;
; 16.924 ; SD_Card:SD_CARD|cpu_reset_l    ; count_to_zero:COUNT_INTS|int_count[0]                         ; clk_50       ; clk_50      ; 20.000       ; -0.053     ; 3.025      ;
; 16.924 ; SD_Card:SD_CARD|cpu_reset_l    ; count_to_zero:COUNT_INTS|d_out                                ; clk_50       ; clk_50      ; 20.000       ; -0.053     ; 3.025      ;
; 17.123 ; SD_Card:SD_CARD|cpu_reset_l    ; gosof80:SOUNDBOARD|SC01:SC01_Simu|\SC01:counter[15]           ; clk_50       ; clk_50      ; 20.000       ; -0.083     ; 2.796      ;
; 17.125 ; SD_Card:SD_CARD|cpu_reset_l    ; EEprom:EEprom|address_eeprom[0]                               ; clk_50       ; clk_50      ; 20.000       ; -0.087     ; 2.790      ;
; 17.125 ; SD_Card:SD_CARD|cpu_reset_l    ; EEprom:EEprom|address_eeprom[1]                               ; clk_50       ; clk_50      ; 20.000       ; -0.087     ; 2.790      ;
; 17.125 ; SD_Card:SD_CARD|cpu_reset_l    ; EEprom:EEprom|address_eeprom[6]                               ; clk_50       ; clk_50      ; 20.000       ; -0.087     ; 2.790      ;
; 17.125 ; SD_Card:SD_CARD|cpu_reset_l    ; EEprom:EEprom|address_eeprom[4]                               ; clk_50       ; clk_50      ; 20.000       ; -0.087     ; 2.790      ;
; 17.125 ; SD_Card:SD_CARD|cpu_reset_l    ; EEprom:EEprom|address_eeprom[2]                               ; clk_50       ; clk_50      ; 20.000       ; -0.087     ; 2.790      ;
; 17.125 ; SD_Card:SD_CARD|cpu_reset_l    ; EEprom:EEprom|state.Write_enable                              ; clk_50       ; clk_50      ; 20.000       ; -0.087     ; 2.790      ;
+--------+--------------------------------+---------------------------------------------------------------+--------------+-------------+--------------+------------+------------+


+---------------------------------------------------------------------------------------------------------------------------------------------------------------+
; Slow 1200mV 0C Model Recovery: 'cpu_clk_out'                                                                                                                  ;
+--------+--------------------------------+-----------------------------------------------+--------------+-------------+--------------+------------+------------+
; Slack  ; From Node                      ; To Node                                       ; Launch Clock ; Latch Clock ; Relationship ; Clock Skew ; Data Delay ;
+--------+--------------------------------+-----------------------------------------------+--------------+-------------+--------------+------------+------------+
; 17.001 ; SD_Card:SD_CARD|cpu_reset_l    ; T65:U1|Res_n_d                                ; clk_50       ; cpu_clk_out ; 20.000       ; 2.892      ; 5.893      ;
; 17.001 ; SD_Card:SD_CARD|cpu_reset_l    ; T65:U1|Res_n_i                                ; clk_50       ; cpu_clk_out ; 20.000       ; 2.892      ; 5.893      ;
; 18.478 ; count_to_zero:COUNT_INTS|d_out ; detect_sw:detect_credit_sw|check_counter[24]  ; clk_50       ; cpu_clk_out ; 20.000       ; 2.870      ; 4.394      ;
; 18.478 ; count_to_zero:COUNT_INTS|d_out ; detect_sw:detect_credit_sw|check_counter[20]  ; clk_50       ; cpu_clk_out ; 20.000       ; 2.870      ; 4.394      ;
; 18.478 ; count_to_zero:COUNT_INTS|d_out ; detect_sw:detect_credit_sw|check_counter[14]  ; clk_50       ; cpu_clk_out ; 20.000       ; 2.870      ; 4.394      ;
; 18.478 ; count_to_zero:COUNT_INTS|d_out ; detect_sw:detect_credit_sw|check_counter[12]  ; clk_50       ; cpu_clk_out ; 20.000       ; 2.870      ; 4.394      ;
; 18.478 ; count_to_zero:COUNT_INTS|d_out ; detect_sw:detect_credit_sw|check_counter[19]  ; clk_50       ; cpu_clk_out ; 20.000       ; 2.870      ; 4.394      ;
; 18.478 ; count_to_zero:COUNT_INTS|d_out ; detect_sw:detect_credit_sw|check_counter[9]   ; clk_50       ; cpu_clk_out ; 20.000       ; 2.870      ; 4.394      ;
; 18.478 ; count_to_zero:COUNT_INTS|d_out ; detect_sw:detect_credit_sw|check_counter[21]  ; clk_50       ; cpu_clk_out ; 20.000       ; 2.870      ; 4.394      ;
; 18.478 ; count_to_zero:COUNT_INTS|d_out ; detect_sw:detect_credit_sw|check_counter[4]   ; clk_50       ; cpu_clk_out ; 20.000       ; 2.870      ; 4.394      ;
; 18.478 ; count_to_zero:COUNT_INTS|d_out ; detect_sw:detect_credit_sw|check_counter[7]   ; clk_50       ; cpu_clk_out ; 20.000       ; 2.870      ; 4.394      ;
; 18.478 ; count_to_zero:COUNT_INTS|d_out ; detect_sw:detect_credit_sw|check_counter[1]   ; clk_50       ; cpu_clk_out ; 20.000       ; 2.870      ; 4.394      ;
; 18.478 ; count_to_zero:COUNT_INTS|d_out ; detect_sw:detect_credit_sw|check_counter[2]   ; clk_50       ; cpu_clk_out ; 20.000       ; 2.870      ; 4.394      ;
; 18.478 ; count_to_zero:COUNT_INTS|d_out ; detect_sw:detect_credit_sw|check_counter[16]  ; clk_50       ; cpu_clk_out ; 20.000       ; 2.870      ; 4.394      ;
; 18.478 ; count_to_zero:COUNT_INTS|d_out ; detect_sw:detect_credit_sw|closed_counter[22] ; clk_50       ; cpu_clk_out ; 20.000       ; 2.866      ; 4.390      ;
; 18.478 ; count_to_zero:COUNT_INTS|d_out ; detect_sw:detect_credit_sw|check_counter[8]   ; clk_50       ; cpu_clk_out ; 20.000       ; 2.870      ; 4.394      ;
; 18.478 ; count_to_zero:COUNT_INTS|d_out ; detect_sw:detect_credit_sw|long_push          ; clk_50       ; cpu_clk_out ; 20.000       ; 2.867      ; 4.391      ;
; 18.478 ; count_to_zero:COUNT_INTS|d_out ; detect_sw:detect_credit_sw|check_counter[11]  ; clk_50       ; cpu_clk_out ; 20.000       ; 2.870      ; 4.394      ;
; 18.478 ; count_to_zero:COUNT_INTS|d_out ; detect_sw:detect_credit_sw|check_counter[3]   ; clk_50       ; cpu_clk_out ; 20.000       ; 2.870      ; 4.394      ;
; 18.478 ; count_to_zero:COUNT_INTS|d_out ; detect_sw:detect_credit_sw|check_counter[22]  ; clk_50       ; cpu_clk_out ; 20.000       ; 2.870      ; 4.394      ;
; 18.478 ; count_to_zero:COUNT_INTS|d_out ; detect_sw:detect_credit_sw|state.Idle         ; clk_50       ; cpu_clk_out ; 20.000       ; 2.867      ; 4.391      ;
; 18.478 ; count_to_zero:COUNT_INTS|d_out ; detect_sw:detect_credit_sw|check_counter[18]  ; clk_50       ; cpu_clk_out ; 20.000       ; 2.870      ; 4.394      ;
; 18.478 ; count_to_zero:COUNT_INTS|d_out ; detect_sw:detect_credit_sw|check_counter[0]   ; clk_50       ; cpu_clk_out ; 20.000       ; 2.870      ; 4.394      ;
; 18.478 ; count_to_zero:COUNT_INTS|d_out ; detect_sw:detect_credit_sw|check_counter[10]  ; clk_50       ; cpu_clk_out ; 20.000       ; 2.870      ; 4.394      ;
; 18.478 ; count_to_zero:COUNT_INTS|d_out ; detect_sw:detect_credit_sw|check_counter[5]   ; clk_50       ; cpu_clk_out ; 20.000       ; 2.870      ; 4.394      ;
; 18.478 ; count_to_zero:COUNT_INTS|d_out ; detect_sw:detect_credit_sw|state.delay        ; clk_50       ; cpu_clk_out ; 20.000       ; 2.867      ; 4.391      ;
; 18.478 ; count_to_zero:COUNT_INTS|d_out ; detect_sw:detect_credit_sw|check_counter[6]   ; clk_50       ; cpu_clk_out ; 20.000       ; 2.870      ; 4.394      ;
; 18.478 ; count_to_zero:COUNT_INTS|d_out ; detect_sw:detect_credit_sw|check_counter[23]  ; clk_50       ; cpu_clk_out ; 20.000       ; 2.870      ; 4.394      ;
; 18.478 ; count_to_zero:COUNT_INTS|d_out ; detect_sw:detect_credit_sw|check_counter[15]  ; clk_50       ; cpu_clk_out ; 20.000       ; 2.870      ; 4.394      ;
; 18.478 ; count_to_zero:COUNT_INTS|d_out ; detect_sw:detect_credit_sw|check_counter[17]  ; clk_50       ; cpu_clk_out ; 20.000       ; 2.870      ; 4.394      ;
; 18.478 ; count_to_zero:COUNT_INTS|d_out ; detect_sw:detect_credit_sw|state.counting     ; clk_50       ; cpu_clk_out ; 20.000       ; 2.867      ; 4.391      ;
; 18.478 ; count_to_zero:COUNT_INTS|d_out ; detect_sw:detect_credit_sw|check_counter[13]  ; clk_50       ; cpu_clk_out ; 20.000       ; 2.870      ; 4.394      ;
; 18.478 ; count_to_zero:COUNT_INTS|d_out ; detect_sw:detect_credit_sw|closed_counter[24] ; clk_50       ; cpu_clk_out ; 20.000       ; 2.866      ; 4.390      ;
; 18.478 ; count_to_zero:COUNT_INTS|d_out ; detect_sw:detect_credit_sw|closed_counter[23] ; clk_50       ; cpu_clk_out ; 20.000       ; 2.866      ; 4.390      ;
; 18.478 ; count_to_zero:COUNT_INTS|d_out ; detect_sw:detect_credit_sw|closed_counter[21] ; clk_50       ; cpu_clk_out ; 20.000       ; 2.866      ; 4.390      ;
; 18.478 ; count_to_zero:COUNT_INTS|d_out ; detect_sw:detect_credit_sw|closed_counter[20] ; clk_50       ; cpu_clk_out ; 20.000       ; 2.866      ; 4.390      ;
; 18.478 ; count_to_zero:COUNT_INTS|d_out ; detect_sw:detect_credit_sw|closed_counter[19] ; clk_50       ; cpu_clk_out ; 20.000       ; 2.866      ; 4.390      ;
; 18.478 ; count_to_zero:COUNT_INTS|d_out ; detect_sw:detect_credit_sw|closed_counter[18] ; clk_50       ; cpu_clk_out ; 20.000       ; 2.866      ; 4.390      ;
; 18.478 ; count_to_zero:COUNT_INTS|d_out ; detect_sw:detect_credit_sw|closed_counter[17] ; clk_50       ; cpu_clk_out ; 20.000       ; 2.866      ; 4.390      ;
; 18.478 ; count_to_zero:COUNT_INTS|d_out ; detect_sw:detect_credit_sw|closed_counter[16] ; clk_50       ; cpu_clk_out ; 20.000       ; 2.866      ; 4.390      ;
; 18.478 ; count_to_zero:COUNT_INTS|d_out ; detect_sw:detect_credit_sw|closed_counter[15] ; clk_50       ; cpu_clk_out ; 20.000       ; 2.866      ; 4.390      ;
; 18.478 ; count_to_zero:COUNT_INTS|d_out ; detect_sw:detect_credit_sw|closed_counter[14] ; clk_50       ; cpu_clk_out ; 20.000       ; 2.866      ; 4.390      ;
; 18.478 ; count_to_zero:COUNT_INTS|d_out ; detect_sw:detect_credit_sw|closed_counter[13] ; clk_50       ; cpu_clk_out ; 20.000       ; 2.866      ; 4.390      ;
; 18.478 ; count_to_zero:COUNT_INTS|d_out ; detect_sw:detect_credit_sw|closed_counter[12] ; clk_50       ; cpu_clk_out ; 20.000       ; 2.866      ; 4.390      ;
; 18.479 ; count_to_zero:COUNT_INTS|d_out ; detect_sw:detect_credit_sw|closed_counter[0]  ; clk_50       ; cpu_clk_out ; 20.000       ; 2.867      ; 4.390      ;
; 18.479 ; count_to_zero:COUNT_INTS|d_out ; detect_sw:detect_test_sw|closed_counter[24]   ; clk_50       ; cpu_clk_out ; 20.000       ; 2.859      ; 4.382      ;
; 18.479 ; count_to_zero:COUNT_INTS|d_out ; detect_sw:detect_credit_sw|closed_counter[4]  ; clk_50       ; cpu_clk_out ; 20.000       ; 2.867      ; 4.390      ;
; 18.479 ; count_to_zero:COUNT_INTS|d_out ; detect_sw:detect_test_sw|closed_counter[23]   ; clk_50       ; cpu_clk_out ; 20.000       ; 2.859      ; 4.382      ;
; 18.479 ; count_to_zero:COUNT_INTS|d_out ; detect_sw:detect_test_sw|closed_counter[22]   ; clk_50       ; cpu_clk_out ; 20.000       ; 2.859      ; 4.382      ;
; 18.479 ; count_to_zero:COUNT_INTS|d_out ; detect_sw:detect_credit_sw|closed_counter[3]  ; clk_50       ; cpu_clk_out ; 20.000       ; 2.867      ; 4.390      ;
; 18.479 ; count_to_zero:COUNT_INTS|d_out ; detect_sw:detect_credit_sw|closed_counter[1]  ; clk_50       ; cpu_clk_out ; 20.000       ; 2.867      ; 4.390      ;
; 18.479 ; count_to_zero:COUNT_INTS|d_out ; detect_sw:detect_credit_sw|closed_counter[2]  ; clk_50       ; cpu_clk_out ; 20.000       ; 2.867      ; 4.390      ;
; 18.479 ; count_to_zero:COUNT_INTS|d_out ; detect_sw:detect_test_sw|closed_counter[19]   ; clk_50       ; cpu_clk_out ; 20.000       ; 2.859      ; 4.382      ;
; 18.479 ; count_to_zero:COUNT_INTS|d_out ; detect_sw:detect_test_sw|closed_counter[21]   ; clk_50       ; cpu_clk_out ; 20.000       ; 2.859      ; 4.382      ;
; 18.479 ; count_to_zero:COUNT_INTS|d_out ; detect_sw:detect_test_sw|closed_counter[17]   ; clk_50       ; cpu_clk_out ; 20.000       ; 2.859      ; 4.382      ;
; 18.479 ; count_to_zero:COUNT_INTS|d_out ; detect_sw:detect_test_sw|closed_counter[18]   ; clk_50       ; cpu_clk_out ; 20.000       ; 2.859      ; 4.382      ;
; 18.479 ; count_to_zero:COUNT_INTS|d_out ; detect_sw:detect_test_sw|closed_counter[16]   ; clk_50       ; cpu_clk_out ; 20.000       ; 2.859      ; 4.382      ;
; 18.479 ; count_to_zero:COUNT_INTS|d_out ; detect_sw:detect_test_sw|closed_counter[15]   ; clk_50       ; cpu_clk_out ; 20.000       ; 2.859      ; 4.382      ;
; 18.479 ; count_to_zero:COUNT_INTS|d_out ; detect_sw:detect_test_sw|closed_counter[14]   ; clk_50       ; cpu_clk_out ; 20.000       ; 2.859      ; 4.382      ;
; 18.479 ; count_to_zero:COUNT_INTS|d_out ; detect_sw:detect_test_sw|closed_counter[13]   ; clk_50       ; cpu_clk_out ; 20.000       ; 2.859      ; 4.382      ;
; 18.479 ; count_to_zero:COUNT_INTS|d_out ; detect_sw:detect_test_sw|closed_counter[12]   ; clk_50       ; cpu_clk_out ; 20.000       ; 2.859      ; 4.382      ;
; 18.479 ; count_to_zero:COUNT_INTS|d_out ; detect_sw:detect_test_sw|closed_counter[11]   ; clk_50       ; cpu_clk_out ; 20.000       ; 2.859      ; 4.382      ;
; 18.479 ; count_to_zero:COUNT_INTS|d_out ; detect_sw:detect_test_sw|closed_counter[10]   ; clk_50       ; cpu_clk_out ; 20.000       ; 2.859      ; 4.382      ;
; 18.479 ; count_to_zero:COUNT_INTS|d_out ; detect_sw:detect_test_sw|closed_counter[9]    ; clk_50       ; cpu_clk_out ; 20.000       ; 2.859      ; 4.382      ;
; 18.479 ; count_to_zero:COUNT_INTS|d_out ; detect_sw:detect_test_sw|closed_counter[8]    ; clk_50       ; cpu_clk_out ; 20.000       ; 2.859      ; 4.382      ;
; 18.479 ; count_to_zero:COUNT_INTS|d_out ; detect_sw:detect_test_sw|closed_counter[7]    ; clk_50       ; cpu_clk_out ; 20.000       ; 2.859      ; 4.382      ;
; 18.479 ; count_to_zero:COUNT_INTS|d_out ; detect_sw:detect_test_sw|closed_counter[6]    ; clk_50       ; cpu_clk_out ; 20.000       ; 2.859      ; 4.382      ;
; 18.479 ; count_to_zero:COUNT_INTS|d_out ; detect_sw:detect_test_sw|closed_counter[5]    ; clk_50       ; cpu_clk_out ; 20.000       ; 2.859      ; 4.382      ;
; 18.479 ; count_to_zero:COUNT_INTS|d_out ; detect_sw:detect_test_sw|closed_counter[4]    ; clk_50       ; cpu_clk_out ; 20.000       ; 2.859      ; 4.382      ;
; 18.479 ; count_to_zero:COUNT_INTS|d_out ; detect_sw:detect_test_sw|closed_counter[3]    ; clk_50       ; cpu_clk_out ; 20.000       ; 2.859      ; 4.382      ;
; 18.479 ; count_to_zero:COUNT_INTS|d_out ; detect_sw:detect_test_sw|closed_counter[2]    ; clk_50       ; cpu_clk_out ; 20.000       ; 2.859      ; 4.382      ;
; 18.479 ; count_to_zero:COUNT_INTS|d_out ; detect_sw:detect_test_sw|closed_counter[1]    ; clk_50       ; cpu_clk_out ; 20.000       ; 2.859      ; 4.382      ;
; 18.479 ; count_to_zero:COUNT_INTS|d_out ; detect_sw:detect_test_sw|closed_counter[0]    ; clk_50       ; cpu_clk_out ; 20.000       ; 2.859      ; 4.382      ;
; 18.479 ; count_to_zero:COUNT_INTS|d_out ; detect_sw:detect_test_sw|check_counter[24]    ; clk_50       ; cpu_clk_out ; 20.000       ; 2.839      ; 4.362      ;
; 18.479 ; count_to_zero:COUNT_INTS|d_out ; detect_sw:detect_test_sw|check_counter[22]    ; clk_50       ; cpu_clk_out ; 20.000       ; 2.839      ; 4.362      ;
; 18.479 ; count_to_zero:COUNT_INTS|d_out ; detect_sw:detect_test_sw|check_counter[23]    ; clk_50       ; cpu_clk_out ; 20.000       ; 2.839      ; 4.362      ;
; 18.479 ; count_to_zero:COUNT_INTS|d_out ; detect_sw:detect_test_sw|check_counter[19]    ; clk_50       ; cpu_clk_out ; 20.000       ; 2.839      ; 4.362      ;
; 18.479 ; count_to_zero:COUNT_INTS|d_out ; detect_sw:detect_test_sw|check_counter[18]    ; clk_50       ; cpu_clk_out ; 20.000       ; 2.839      ; 4.362      ;
; 18.479 ; count_to_zero:COUNT_INTS|d_out ; detect_sw:detect_test_sw|check_counter[17]    ; clk_50       ; cpu_clk_out ; 20.000       ; 2.839      ; 4.362      ;
; 18.479 ; count_to_zero:COUNT_INTS|d_out ; detect_sw:detect_test_sw|check_counter[21]    ; clk_50       ; cpu_clk_out ; 20.000       ; 2.839      ; 4.362      ;
; 18.479 ; count_to_zero:COUNT_INTS|d_out ; detect_sw:detect_test_sw|check_counter[16]    ; clk_50       ; cpu_clk_out ; 20.000       ; 2.839      ; 4.362      ;
; 18.479 ; count_to_zero:COUNT_INTS|d_out ; detect_sw:detect_test_sw|check_counter[15]    ; clk_50       ; cpu_clk_out ; 20.000       ; 2.839      ; 4.362      ;
; 18.479 ; count_to_zero:COUNT_INTS|d_out ; detect_sw:detect_test_sw|check_counter[14]    ; clk_50       ; cpu_clk_out ; 20.000       ; 2.839      ; 4.362      ;
; 18.479 ; count_to_zero:COUNT_INTS|d_out ; detect_sw:detect_test_sw|check_counter[13]    ; clk_50       ; cpu_clk_out ; 20.000       ; 2.839      ; 4.362      ;
; 18.479 ; count_to_zero:COUNT_INTS|d_out ; detect_sw:detect_test_sw|check_counter[12]    ; clk_50       ; cpu_clk_out ; 20.000       ; 2.839      ; 4.362      ;
; 18.479 ; count_to_zero:COUNT_INTS|d_out ; detect_sw:detect_test_sw|check_counter[11]    ; clk_50       ; cpu_clk_out ; 20.000       ; 2.839      ; 4.362      ;
; 18.479 ; count_to_zero:COUNT_INTS|d_out ; detect_sw:detect_test_sw|check_counter[10]    ; clk_50       ; cpu_clk_out ; 20.000       ; 2.839      ; 4.362      ;
; 18.479 ; count_to_zero:COUNT_INTS|d_out ; detect_sw:detect_test_sw|check_counter[9]     ; clk_50       ; cpu_clk_out ; 20.000       ; 2.839      ; 4.362      ;
; 18.479 ; count_to_zero:COUNT_INTS|d_out ; detect_sw:detect_test_sw|check_counter[8]     ; clk_50       ; cpu_clk_out ; 20.000       ; 2.839      ; 4.362      ;
; 18.479 ; count_to_zero:COUNT_INTS|d_out ; detect_sw:detect_test_sw|check_counter[7]     ; clk_50       ; cpu_clk_out ; 20.000       ; 2.839      ; 4.362      ;
; 18.479 ; count_to_zero:COUNT_INTS|d_out ; detect_sw:detect_test_sw|check_counter[6]     ; clk_50       ; cpu_clk_out ; 20.000       ; 2.839      ; 4.362      ;
; 18.479 ; count_to_zero:COUNT_INTS|d_out ; detect_sw:detect_test_sw|check_counter[5]     ; clk_50       ; cpu_clk_out ; 20.000       ; 2.839      ; 4.362      ;
; 18.479 ; count_to_zero:COUNT_INTS|d_out ; detect_sw:detect_test_sw|check_counter[4]     ; clk_50       ; cpu_clk_out ; 20.000       ; 2.839      ; 4.362      ;
; 18.479 ; count_to_zero:COUNT_INTS|d_out ; detect_sw:detect_test_sw|check_counter[3]     ; clk_50       ; cpu_clk_out ; 20.000       ; 2.839      ; 4.362      ;
; 18.479 ; count_to_zero:COUNT_INTS|d_out ; detect_sw:detect_test_sw|check_counter[2]     ; clk_50       ; cpu_clk_out ; 20.000       ; 2.839      ; 4.362      ;
; 18.479 ; count_to_zero:COUNT_INTS|d_out ; detect_sw:detect_test_sw|check_counter[1]     ; clk_50       ; cpu_clk_out ; 20.000       ; 2.839      ; 4.362      ;
; 18.479 ; count_to_zero:COUNT_INTS|d_out ; detect_sw:detect_test_sw|check_counter[0]     ; clk_50       ; cpu_clk_out ; 20.000       ; 2.839      ; 4.362      ;
; 18.479 ; count_to_zero:COUNT_INTS|d_out ; detect_sw:detect_test_sw|check_counter[20]    ; clk_50       ; cpu_clk_out ; 20.000       ; 2.839      ; 4.362      ;
; 18.479 ; count_to_zero:COUNT_INTS|d_out ; detect_sw:detect_test_sw|closed_counter[20]   ; clk_50       ; cpu_clk_out ; 20.000       ; 2.859      ; 4.382      ;
; 18.479 ; count_to_zero:COUNT_INTS|d_out ; detect_sw:detect_credit_sw|closed_counter[11] ; clk_50       ; cpu_clk_out ; 20.000       ; 2.867      ; 4.390      ;
+--------+--------------------------------+-----------------------------------------------+--------------+-------------+--------------+------------+------------+


+---------------------------------------------------------------------------------------------------------------------------------------------------------------------------+
; Slow 1200mV 0C Model Removal: 'cpu_clk_out'                                                                                                                               ;
+-------+--------------------------------+------------------------------------------------------------+--------------+-------------+--------------+------------+------------+
; Slack ; From Node                      ; To Node                                                    ; Launch Clock ; Latch Clock ; Relationship ; Clock Skew ; Data Delay ;
+-------+--------------------------------+------------------------------------------------------------+--------------+-------------+--------------+------------+------------+
; 0.572 ; count_to_zero:COUNT_INTS|d_out ; detect_sw_trigger:detect_credit_sw_trigger|state.Idle      ; clk_50       ; cpu_clk_out ; 0.000        ; 3.124      ; 3.911      ;
; 0.572 ; count_to_zero:COUNT_INTS|d_out ; detect_sw_trigger:detect_credit_sw_trigger|state.wait_open ; clk_50       ; cpu_clk_out ; 0.000        ; 3.124      ; 3.911      ;
; 0.572 ; count_to_zero:COUNT_INTS|d_out ; detect_sw_trigger:detect_credit_sw_trigger|state.counting  ; clk_50       ; cpu_clk_out ; 0.000        ; 3.124      ; 3.911      ;
; 0.572 ; count_to_zero:COUNT_INTS|d_out ; detect_sw_trigger:detect_credit_sw_trigger|old_trigger     ; clk_50       ; cpu_clk_out ; 0.000        ; 3.124      ; 3.911      ;
; 0.573 ; count_to_zero:COUNT_INTS|d_out ; detect_sw_trigger:detect_credit_sw_trigger|counter[25]     ; clk_50       ; cpu_clk_out ; 0.000        ; 3.124      ; 3.912      ;
; 0.573 ; count_to_zero:COUNT_INTS|d_out ; detect_sw_trigger:detect_credit_sw_trigger|counter[20]     ; clk_50       ; cpu_clk_out ; 0.000        ; 3.124      ; 3.912      ;
; 0.573 ; count_to_zero:COUNT_INTS|d_out ; detect_sw_trigger:detect_credit_sw_trigger|counter[14]     ; clk_50       ; cpu_clk_out ; 0.000        ; 3.124      ; 3.912      ;
; 0.573 ; count_to_zero:COUNT_INTS|d_out ; detect_sw_trigger:detect_credit_sw_trigger|counter[22]     ; clk_50       ; cpu_clk_out ; 0.000        ; 3.124      ; 3.912      ;
; 0.573 ; count_to_zero:COUNT_INTS|d_out ; detect_sw_trigger:detect_credit_sw_trigger|counter[13]     ; clk_50       ; cpu_clk_out ; 0.000        ; 3.124      ; 3.912      ;
; 0.573 ; count_to_zero:COUNT_INTS|d_out ; detect_sw_trigger:detect_credit_sw_trigger|counter[17]     ; clk_50       ; cpu_clk_out ; 0.000        ; 3.124      ; 3.912      ;
; 0.573 ; count_to_zero:COUNT_INTS|d_out ; detect_sw_trigger:detect_credit_sw_trigger|counter[16]     ; clk_50       ; cpu_clk_out ; 0.000        ; 3.124      ; 3.912      ;
; 0.573 ; count_to_zero:COUNT_INTS|d_out ; detect_sw_trigger:detect_credit_sw_trigger|counter[21]     ; clk_50       ; cpu_clk_out ; 0.000        ; 3.124      ; 3.912      ;
; 0.573 ; count_to_zero:COUNT_INTS|d_out ; detect_sw_trigger:detect_credit_sw_trigger|counter[15]     ; clk_50       ; cpu_clk_out ; 0.000        ; 3.124      ; 3.912      ;
; 0.573 ; count_to_zero:COUNT_INTS|d_out ; detect_sw_trigger:detect_credit_sw_trigger|counter[23]     ; clk_50       ; cpu_clk_out ; 0.000        ; 3.124      ; 3.912      ;
; 0.573 ; count_to_zero:COUNT_INTS|d_out ; detect_sw_trigger:detect_credit_sw_trigger|counter[19]     ; clk_50       ; cpu_clk_out ; 0.000        ; 3.124      ; 3.912      ;
; 0.573 ; count_to_zero:COUNT_INTS|d_out ; detect_sw_trigger:detect_credit_sw_trigger|counter[18]     ; clk_50       ; cpu_clk_out ; 0.000        ; 3.124      ; 3.912      ;
; 0.573 ; count_to_zero:COUNT_INTS|d_out ; detect_sw_trigger:detect_credit_sw_trigger|counter[24]     ; clk_50       ; cpu_clk_out ; 0.000        ; 3.124      ; 3.912      ;
; 0.580 ; count_to_zero:COUNT_INTS|d_out ; detect_sw:detect_credit_sw|check_counter[14]               ; clk_50       ; cpu_clk_out ; 0.000        ; 3.152      ; 3.947      ;
; 0.580 ; count_to_zero:COUNT_INTS|d_out ; detect_sw:detect_credit_sw|check_counter[20]               ; clk_50       ; cpu_clk_out ; 0.000        ; 3.152      ; 3.947      ;
; 0.580 ; count_to_zero:COUNT_INTS|d_out ; detect_sw:detect_credit_sw|check_counter[17]               ; clk_50       ; cpu_clk_out ; 0.000        ; 3.152      ; 3.947      ;
; 0.580 ; count_to_zero:COUNT_INTS|d_out ; detect_sw:detect_credit_sw|check_counter[18]               ; clk_50       ; cpu_clk_out ; 0.000        ; 3.152      ; 3.947      ;
; 0.580 ; count_to_zero:COUNT_INTS|d_out ; detect_sw:detect_credit_sw|check_counter[19]               ; clk_50       ; cpu_clk_out ; 0.000        ; 3.152      ; 3.947      ;
; 0.580 ; count_to_zero:COUNT_INTS|d_out ; detect_sw:detect_credit_sw|check_counter[21]               ; clk_50       ; cpu_clk_out ; 0.000        ; 3.152      ; 3.947      ;
; 0.580 ; count_to_zero:COUNT_INTS|d_out ; detect_sw:detect_credit_sw|check_counter[23]               ; clk_50       ; cpu_clk_out ; 0.000        ; 3.152      ; 3.947      ;
; 0.580 ; count_to_zero:COUNT_INTS|d_out ; detect_sw:detect_credit_sw|check_counter[24]               ; clk_50       ; cpu_clk_out ; 0.000        ; 3.152      ; 3.947      ;
; 0.580 ; count_to_zero:COUNT_INTS|d_out ; detect_sw:detect_credit_sw|check_counter[22]               ; clk_50       ; cpu_clk_out ; 0.000        ; 3.152      ; 3.947      ;
; 0.580 ; count_to_zero:COUNT_INTS|d_out ; detect_sw:detect_credit_sw|check_counter[12]               ; clk_50       ; cpu_clk_out ; 0.000        ; 3.152      ; 3.947      ;
; 0.580 ; count_to_zero:COUNT_INTS|d_out ; detect_sw:detect_credit_sw|check_counter[16]               ; clk_50       ; cpu_clk_out ; 0.000        ; 3.152      ; 3.947      ;
; 0.580 ; count_to_zero:COUNT_INTS|d_out ; detect_sw:detect_credit_sw|check_counter[13]               ; clk_50       ; cpu_clk_out ; 0.000        ; 3.152      ; 3.947      ;
; 0.580 ; count_to_zero:COUNT_INTS|d_out ; detect_sw:detect_credit_sw|check_counter[15]               ; clk_50       ; cpu_clk_out ; 0.000        ; 3.152      ; 3.947      ;
; 0.581 ; count_to_zero:COUNT_INTS|d_out ; detect_sw:detect_credit_sw|check_counter[3]                ; clk_50       ; cpu_clk_out ; 0.000        ; 3.152      ; 3.948      ;
; 0.581 ; count_to_zero:COUNT_INTS|d_out ; detect_sw:detect_test_sw|closed_counter[22]                ; clk_50       ; cpu_clk_out ; 0.000        ; 3.140      ; 3.936      ;
; 0.581 ; count_to_zero:COUNT_INTS|d_out ; detect_sw:detect_credit_sw|check_counter[9]                ; clk_50       ; cpu_clk_out ; 0.000        ; 3.152      ; 3.948      ;
; 0.581 ; count_to_zero:COUNT_INTS|d_out ; detect_sw:detect_credit_sw|check_counter[2]                ; clk_50       ; cpu_clk_out ; 0.000        ; 3.152      ; 3.948      ;
; 0.581 ; count_to_zero:COUNT_INTS|d_out ; detect_sw:detect_credit_sw|check_counter[8]                ; clk_50       ; cpu_clk_out ; 0.000        ; 3.152      ; 3.948      ;
; 0.581 ; count_to_zero:COUNT_INTS|d_out ; detect_sw:detect_credit_sw|check_counter[10]               ; clk_50       ; cpu_clk_out ; 0.000        ; 3.152      ; 3.948      ;
; 0.581 ; count_to_zero:COUNT_INTS|d_out ; detect_sw:detect_test_sw|closed_counter[23]                ; clk_50       ; cpu_clk_out ; 0.000        ; 3.140      ; 3.936      ;
; 0.581 ; count_to_zero:COUNT_INTS|d_out ; detect_sw:detect_test_sw|closed_counter[21]                ; clk_50       ; cpu_clk_out ; 0.000        ; 3.140      ; 3.936      ;
; 0.581 ; count_to_zero:COUNT_INTS|d_out ; detect_sw:detect_credit_sw|check_counter[0]                ; clk_50       ; cpu_clk_out ; 0.000        ; 3.152      ; 3.948      ;
; 0.581 ; count_to_zero:COUNT_INTS|d_out ; detect_sw:detect_credit_sw|check_counter[1]                ; clk_50       ; cpu_clk_out ; 0.000        ; 3.152      ; 3.948      ;
; 0.581 ; count_to_zero:COUNT_INTS|d_out ; detect_sw:detect_credit_sw|check_counter[5]                ; clk_50       ; cpu_clk_out ; 0.000        ; 3.152      ; 3.948      ;
; 0.581 ; count_to_zero:COUNT_INTS|d_out ; detect_sw:detect_credit_sw|check_counter[4]                ; clk_50       ; cpu_clk_out ; 0.000        ; 3.152      ; 3.948      ;
; 0.581 ; count_to_zero:COUNT_INTS|d_out ; detect_sw:detect_test_sw|closed_counter[19]                ; clk_50       ; cpu_clk_out ; 0.000        ; 3.140      ; 3.936      ;
; 0.581 ; count_to_zero:COUNT_INTS|d_out ; detect_sw:detect_credit_sw|check_counter[7]                ; clk_50       ; cpu_clk_out ; 0.000        ; 3.152      ; 3.948      ;
; 0.581 ; count_to_zero:COUNT_INTS|d_out ; detect_sw:detect_credit_sw|check_counter[11]               ; clk_50       ; cpu_clk_out ; 0.000        ; 3.152      ; 3.948      ;
; 0.581 ; count_to_zero:COUNT_INTS|d_out ; detect_sw:detect_test_sw|closed_counter[24]                ; clk_50       ; cpu_clk_out ; 0.000        ; 3.140      ; 3.936      ;
; 0.581 ; count_to_zero:COUNT_INTS|d_out ; detect_sw:detect_credit_sw|check_counter[6]                ; clk_50       ; cpu_clk_out ; 0.000        ; 3.152      ; 3.948      ;
; 0.581 ; count_to_zero:COUNT_INTS|d_out ; detect_sw:detect_test_sw|closed_counter[18]                ; clk_50       ; cpu_clk_out ; 0.000        ; 3.140      ; 3.936      ;
; 0.581 ; count_to_zero:COUNT_INTS|d_out ; detect_sw:detect_test_sw|closed_counter[17]                ; clk_50       ; cpu_clk_out ; 0.000        ; 3.140      ; 3.936      ;
; 0.581 ; count_to_zero:COUNT_INTS|d_out ; detect_sw:detect_test_sw|closed_counter[16]                ; clk_50       ; cpu_clk_out ; 0.000        ; 3.140      ; 3.936      ;
; 0.581 ; count_to_zero:COUNT_INTS|d_out ; detect_sw:detect_test_sw|closed_counter[15]                ; clk_50       ; cpu_clk_out ; 0.000        ; 3.140      ; 3.936      ;
; 0.581 ; count_to_zero:COUNT_INTS|d_out ; detect_sw:detect_test_sw|closed_counter[14]                ; clk_50       ; cpu_clk_out ; 0.000        ; 3.140      ; 3.936      ;
; 0.581 ; count_to_zero:COUNT_INTS|d_out ; detect_sw:detect_test_sw|closed_counter[13]                ; clk_50       ; cpu_clk_out ; 0.000        ; 3.140      ; 3.936      ;
; 0.581 ; count_to_zero:COUNT_INTS|d_out ; detect_sw:detect_test_sw|closed_counter[12]                ; clk_50       ; cpu_clk_out ; 0.000        ; 3.140      ; 3.936      ;
; 0.581 ; count_to_zero:COUNT_INTS|d_out ; detect_sw:detect_test_sw|closed_counter[11]                ; clk_50       ; cpu_clk_out ; 0.000        ; 3.140      ; 3.936      ;
; 0.581 ; count_to_zero:COUNT_INTS|d_out ; detect_sw:detect_test_sw|closed_counter[10]                ; clk_50       ; cpu_clk_out ; 0.000        ; 3.140      ; 3.936      ;
; 0.581 ; count_to_zero:COUNT_INTS|d_out ; detect_sw:detect_test_sw|closed_counter[9]                 ; clk_50       ; cpu_clk_out ; 0.000        ; 3.140      ; 3.936      ;
; 0.581 ; count_to_zero:COUNT_INTS|d_out ; detect_sw:detect_test_sw|closed_counter[8]                 ; clk_50       ; cpu_clk_out ; 0.000        ; 3.140      ; 3.936      ;
; 0.581 ; count_to_zero:COUNT_INTS|d_out ; detect_sw:detect_test_sw|closed_counter[7]                 ; clk_50       ; cpu_clk_out ; 0.000        ; 3.140      ; 3.936      ;
; 0.581 ; count_to_zero:COUNT_INTS|d_out ; detect_sw:detect_test_sw|closed_counter[6]                 ; clk_50       ; cpu_clk_out ; 0.000        ; 3.140      ; 3.936      ;
; 0.581 ; count_to_zero:COUNT_INTS|d_out ; detect_sw:detect_test_sw|closed_counter[5]                 ; clk_50       ; cpu_clk_out ; 0.000        ; 3.140      ; 3.936      ;
; 0.581 ; count_to_zero:COUNT_INTS|d_out ; detect_sw:detect_test_sw|closed_counter[4]                 ; clk_50       ; cpu_clk_out ; 0.000        ; 3.140      ; 3.936      ;
; 0.581 ; count_to_zero:COUNT_INTS|d_out ; detect_sw:detect_test_sw|closed_counter[3]                 ; clk_50       ; cpu_clk_out ; 0.000        ; 3.140      ; 3.936      ;
; 0.581 ; count_to_zero:COUNT_INTS|d_out ; detect_sw:detect_test_sw|closed_counter[2]                 ; clk_50       ; cpu_clk_out ; 0.000        ; 3.140      ; 3.936      ;
; 0.581 ; count_to_zero:COUNT_INTS|d_out ; detect_sw:detect_test_sw|closed_counter[1]                 ; clk_50       ; cpu_clk_out ; 0.000        ; 3.140      ; 3.936      ;
; 0.581 ; count_to_zero:COUNT_INTS|d_out ; detect_sw:detect_test_sw|closed_counter[0]                 ; clk_50       ; cpu_clk_out ; 0.000        ; 3.140      ; 3.936      ;
; 0.581 ; count_to_zero:COUNT_INTS|d_out ; detect_sw:detect_test_sw|closed_counter[20]                ; clk_50       ; cpu_clk_out ; 0.000        ; 3.140      ; 3.936      ;
; 0.582 ; count_to_zero:COUNT_INTS|d_out ; detect_sw:detect_credit_sw|closed_counter[0]               ; clk_50       ; cpu_clk_out ; 0.000        ; 3.148      ; 3.945      ;
; 0.582 ; count_to_zero:COUNT_INTS|d_out ; detect_sw:detect_credit_sw|closed_counter[22]              ; clk_50       ; cpu_clk_out ; 0.000        ; 3.148      ; 3.945      ;
; 0.582 ; count_to_zero:COUNT_INTS|d_out ; detect_sw:detect_credit_sw|closed_counter[1]               ; clk_50       ; cpu_clk_out ; 0.000        ; 3.148      ; 3.945      ;
; 0.582 ; count_to_zero:COUNT_INTS|d_out ; detect_sw:detect_credit_sw|closed_counter[2]               ; clk_50       ; cpu_clk_out ; 0.000        ; 3.148      ; 3.945      ;
; 0.582 ; count_to_zero:COUNT_INTS|d_out ; detect_sw:detect_credit_sw|closed_counter[3]               ; clk_50       ; cpu_clk_out ; 0.000        ; 3.148      ; 3.945      ;
; 0.582 ; count_to_zero:COUNT_INTS|d_out ; detect_sw:detect_credit_sw|closed_counter[4]               ; clk_50       ; cpu_clk_out ; 0.000        ; 3.148      ; 3.945      ;
; 0.582 ; count_to_zero:COUNT_INTS|d_out ; detect_sw:detect_credit_sw|closed_counter[24]              ; clk_50       ; cpu_clk_out ; 0.000        ; 3.148      ; 3.945      ;
; 0.582 ; count_to_zero:COUNT_INTS|d_out ; detect_sw:detect_credit_sw|closed_counter[23]              ; clk_50       ; cpu_clk_out ; 0.000        ; 3.148      ; 3.945      ;
; 0.582 ; count_to_zero:COUNT_INTS|d_out ; detect_sw:detect_credit_sw|closed_counter[21]              ; clk_50       ; cpu_clk_out ; 0.000        ; 3.148      ; 3.945      ;
; 0.582 ; count_to_zero:COUNT_INTS|d_out ; detect_sw:detect_credit_sw|closed_counter[20]              ; clk_50       ; cpu_clk_out ; 0.000        ; 3.148      ; 3.945      ;
; 0.582 ; count_to_zero:COUNT_INTS|d_out ; detect_sw:detect_credit_sw|closed_counter[19]              ; clk_50       ; cpu_clk_out ; 0.000        ; 3.148      ; 3.945      ;
; 0.582 ; count_to_zero:COUNT_INTS|d_out ; detect_sw:detect_credit_sw|closed_counter[18]              ; clk_50       ; cpu_clk_out ; 0.000        ; 3.148      ; 3.945      ;
; 0.582 ; count_to_zero:COUNT_INTS|d_out ; detect_sw:detect_credit_sw|closed_counter[17]              ; clk_50       ; cpu_clk_out ; 0.000        ; 3.148      ; 3.945      ;
; 0.582 ; count_to_zero:COUNT_INTS|d_out ; detect_sw:detect_credit_sw|closed_counter[16]              ; clk_50       ; cpu_clk_out ; 0.000        ; 3.148      ; 3.945      ;
; 0.582 ; count_to_zero:COUNT_INTS|d_out ; detect_sw:detect_credit_sw|closed_counter[15]              ; clk_50       ; cpu_clk_out ; 0.000        ; 3.148      ; 3.945      ;
; 0.582 ; count_to_zero:COUNT_INTS|d_out ; detect_sw:detect_credit_sw|closed_counter[14]              ; clk_50       ; cpu_clk_out ; 0.000        ; 3.148      ; 3.945      ;
; 0.582 ; count_to_zero:COUNT_INTS|d_out ; detect_sw:detect_credit_sw|closed_counter[13]              ; clk_50       ; cpu_clk_out ; 0.000        ; 3.148      ; 3.945      ;
; 0.582 ; count_to_zero:COUNT_INTS|d_out ; detect_sw:detect_credit_sw|closed_counter[12]              ; clk_50       ; cpu_clk_out ; 0.000        ; 3.148      ; 3.945      ;
; 0.582 ; count_to_zero:COUNT_INTS|d_out ; detect_sw:detect_credit_sw|closed_counter[11]              ; clk_50       ; cpu_clk_out ; 0.000        ; 3.148      ; 3.945      ;
; 0.582 ; count_to_zero:COUNT_INTS|d_out ; detect_sw:detect_credit_sw|closed_counter[10]              ; clk_50       ; cpu_clk_out ; 0.000        ; 3.148      ; 3.945      ;
; 0.582 ; count_to_zero:COUNT_INTS|d_out ; detect_sw:detect_credit_sw|closed_counter[9]               ; clk_50       ; cpu_clk_out ; 0.000        ; 3.148      ; 3.945      ;
; 0.582 ; count_to_zero:COUNT_INTS|d_out ; detect_sw:detect_credit_sw|closed_counter[8]               ; clk_50       ; cpu_clk_out ; 0.000        ; 3.148      ; 3.945      ;
; 0.582 ; count_to_zero:COUNT_INTS|d_out ; detect_sw:detect_credit_sw|closed_counter[7]               ; clk_50       ; cpu_clk_out ; 0.000        ; 3.148      ; 3.945      ;
; 0.582 ; count_to_zero:COUNT_INTS|d_out ; detect_sw:detect_credit_sw|closed_counter[6]               ; clk_50       ; cpu_clk_out ; 0.000        ; 3.148      ; 3.945      ;
; 0.582 ; count_to_zero:COUNT_INTS|d_out ; detect_sw:detect_credit_sw|closed_counter[5]               ; clk_50       ; cpu_clk_out ; 0.000        ; 3.148      ; 3.945      ;
; 0.583 ; count_to_zero:COUNT_INTS|d_out ; detect_sw:detect_credit_sw|state.Idle                      ; clk_50       ; cpu_clk_out ; 0.000        ; 3.148      ; 3.946      ;
; 0.583 ; count_to_zero:COUNT_INTS|d_out ; detect_sw:detect_credit_sw|long_push                       ; clk_50       ; cpu_clk_out ; 0.000        ; 3.148      ; 3.946      ;
; 0.583 ; count_to_zero:COUNT_INTS|d_out ; detect_sw:detect_credit_sw|state.counting                  ; clk_50       ; cpu_clk_out ; 0.000        ; 3.148      ; 3.946      ;
; 0.583 ; count_to_zero:COUNT_INTS|d_out ; detect_sw:detect_credit_sw|state.delay                     ; clk_50       ; cpu_clk_out ; 0.000        ; 3.148      ; 3.946      ;
; 0.584 ; count_to_zero:COUNT_INTS|d_out ; detect_sw:detect_test_sw|check_counter[11]                 ; clk_50       ; cpu_clk_out ; 0.000        ; 3.120      ; 3.919      ;
; 0.584 ; count_to_zero:COUNT_INTS|d_out ; detect_sw:detect_test_sw|check_counter[10]                 ; clk_50       ; cpu_clk_out ; 0.000        ; 3.120      ; 3.919      ;
; 0.584 ; count_to_zero:COUNT_INTS|d_out ; detect_sw:detect_test_sw|check_counter[9]                  ; clk_50       ; cpu_clk_out ; 0.000        ; 3.120      ; 3.919      ;
; 0.584 ; count_to_zero:COUNT_INTS|d_out ; detect_sw:detect_test_sw|check_counter[8]                  ; clk_50       ; cpu_clk_out ; 0.000        ; 3.120      ; 3.919      ;
+-------+--------------------------------+------------------------------------------------------------+--------------+-------------+--------------+------------+------------+


+-----------------------------------------------------------------------------------------------------------------------------------------------------------------+
; Slow 1200mV 0C Model Removal: 'clk_50'                                                                                                                          ;
+-------+-----------------------------+-----------------------------------------------------+--------------+-------------+--------------+------------+------------+
; Slack ; From Node                   ; To Node                                             ; Launch Clock ; Latch Clock ; Relationship ; Clock Skew ; Data Delay ;
+-------+-----------------------------+-----------------------------------------------------+--------------+-------------+--------------+------------+------------+
; 1.834 ; SD_Card:SD_CARD|cpu_reset_l ; gosof80:SOUNDBOARD|dac:Audio_DAC|SigmaLatch_q[8]    ; clk_50       ; clk_50      ; 0.000        ; 0.084      ; 2.113      ;
; 1.834 ; SD_Card:SD_CARD|cpu_reset_l ; gosof80:SOUNDBOARD|dac:Audio_DAC|SigmaLatch_q[5]    ; clk_50       ; clk_50      ; 0.000        ; 0.084      ; 2.113      ;
; 1.834 ; SD_Card:SD_CARD|cpu_reset_l ; gosof80:SOUNDBOARD|dac:Audio_DAC|SigmaLatch_q[2]    ; clk_50       ; clk_50      ; 0.000        ; 0.084      ; 2.113      ;
; 1.834 ; SD_Card:SD_CARD|cpu_reset_l ; gosof80:SOUNDBOARD|dac:Audio_DAC|SigmaLatch_q[9]    ; clk_50       ; clk_50      ; 0.000        ; 0.084      ; 2.113      ;
; 1.834 ; SD_Card:SD_CARD|cpu_reset_l ; gosof80:SOUNDBOARD|dac:Audio_DAC|DACout_q           ; clk_50       ; clk_50      ; 0.000        ; 0.084      ; 2.113      ;
; 1.834 ; SD_Card:SD_CARD|cpu_reset_l ; gosof80:SOUNDBOARD|dac:Audio_DAC|SigmaLatch_q[0]    ; clk_50       ; clk_50      ; 0.000        ; 0.084      ; 2.113      ;
; 1.834 ; SD_Card:SD_CARD|cpu_reset_l ; gosof80:SOUNDBOARD|dac:Audio_DAC|SigmaLatch_q[1]    ; clk_50       ; clk_50      ; 0.000        ; 0.084      ; 2.113      ;
; 1.834 ; SD_Card:SD_CARD|cpu_reset_l ; gosof80:SOUNDBOARD|dac:Audio_DAC|SigmaLatch_q[3]    ; clk_50       ; clk_50      ; 0.000        ; 0.084      ; 2.113      ;
; 1.834 ; SD_Card:SD_CARD|cpu_reset_l ; gosof80:SOUNDBOARD|dac:Audio_DAC|SigmaLatch_q[7]    ; clk_50       ; clk_50      ; 0.000        ; 0.084      ; 2.113      ;
; 1.834 ; SD_Card:SD_CARD|cpu_reset_l ; gosof80:SOUNDBOARD|dac:Audio_DAC|SigmaLatch_q[6]    ; clk_50       ; clk_50      ; 0.000        ; 0.084      ; 2.113      ;
; 1.834 ; SD_Card:SD_CARD|cpu_reset_l ; gosof80:SOUNDBOARD|dac:Audio_DAC|SigmaLatch_q[4]    ; clk_50       ; clk_50      ; 0.000        ; 0.084      ; 2.113      ;
; 2.126 ; SD_Card:SD_CARD|cpu_reset_l ; EEprom:EEprom|state.wait_for_Master_I               ; clk_50       ; clk_50      ; 0.000        ; 0.059      ; 2.380      ;
; 2.126 ; SD_Card:SD_CARD|cpu_reset_l ; EEprom:EEprom|state.wait_for_get_status_reg         ; clk_50       ; clk_50      ; 0.000        ; 0.059      ; 2.380      ;
; 2.126 ; SD_Card:SD_CARD|cpu_reset_l ; EEprom:EEprom|TX_Start_Stat                         ; clk_50       ; clk_50      ; 0.000        ; 0.059      ; 2.380      ;
; 2.126 ; SD_Card:SD_CARD|cpu_reset_l ; EEprom:EEprom|state.get_status_reg                  ; clk_50       ; clk_50      ; 0.000        ; 0.059      ; 2.380      ;
; 2.126 ; SD_Card:SD_CARD|cpu_reset_l ; EEprom:EEprom|state.wait_for_Master_II              ; clk_50       ; clk_50      ; 0.000        ; 0.059      ; 2.380      ;
; 2.126 ; SD_Card:SD_CARD|cpu_reset_l ; EEprom:EEprom|state.check_WP_bit                    ; clk_50       ; clk_50      ; 0.000        ; 0.059      ; 2.380      ;
; 2.126 ; SD_Card:SD_CARD|cpu_reset_l ; EEprom:EEprom|state.next_write                      ; clk_50       ; clk_50      ; 0.000        ; 0.059      ; 2.380      ;
; 2.126 ; SD_Card:SD_CARD|cpu_reset_l ; EEprom:EEprom|state.wait_for_Master_III             ; clk_50       ; clk_50      ; 0.000        ; 0.059      ; 2.380      ;
; 2.135 ; SD_Card:SD_CARD|cpu_reset_l ; EEprom:EEprom|wr_ram                                ; clk_50       ; clk_50      ; 0.000        ; 0.058      ; 2.388      ;
; 2.135 ; SD_Card:SD_CARD|cpu_reset_l ; EEprom:EEprom|state.wait_for_Master                 ; clk_50       ; clk_50      ; 0.000        ; 0.058      ; 2.388      ;
; 2.135 ; SD_Card:SD_CARD|cpu_reset_l ; EEprom:EEprom|state.Delay2                          ; clk_50       ; clk_50      ; 0.000        ; 0.058      ; 2.388      ;
; 2.135 ; SD_Card:SD_CARD|cpu_reset_l ; EEprom:EEprom|state.wait_for_read                   ; clk_50       ; clk_50      ; 0.000        ; 0.058      ; 2.388      ;
; 2.135 ; SD_Card:SD_CARD|cpu_reset_l ; EEprom:EEprom|TX_Start_R                            ; clk_50       ; clk_50      ; 0.000        ; 0.058      ; 2.388      ;
; 2.139 ; SD_Card:SD_CARD|cpu_reset_l ; EEprom:EEprom|state.wait_for_Write_done             ; clk_50       ; clk_50      ; 0.000        ; 0.069      ; 2.403      ;
; 2.139 ; SD_Card:SD_CARD|cpu_reset_l ; EEprom:EEprom|state.Check_dip                       ; clk_50       ; clk_50      ; 0.000        ; 0.069      ; 2.403      ;
; 2.139 ; SD_Card:SD_CARD|cpu_reset_l ; EEprom:EEprom|state.send_read_request               ; clk_50       ; clk_50      ; 0.000        ; 0.069      ; 2.403      ;
; 2.139 ; SD_Card:SD_CARD|cpu_reset_l ; EEprom:EEprom|state.send_write_request              ; clk_50       ; clk_50      ; 0.000        ; 0.069      ; 2.403      ;
; 2.139 ; SD_Card:SD_CARD|cpu_reset_l ; EEprom:EEprom|state.Delay                           ; clk_50       ; clk_50      ; 0.000        ; 0.069      ; 2.403      ;
; 2.139 ; SD_Card:SD_CARD|cpu_reset_l ; EEprom:EEprom|state.wait_for_Cmd_done               ; clk_50       ; clk_50      ; 0.000        ; 0.069      ; 2.403      ;
; 2.139 ; SD_Card:SD_CARD|cpu_reset_l ; EEprom:EEprom|TX_Start_Cmd                          ; clk_50       ; clk_50      ; 0.000        ; 0.069      ; 2.403      ;
; 2.139 ; SD_Card:SD_CARD|cpu_reset_l ; EEprom:EEprom|TX_Start_W                            ; clk_50       ; clk_50      ; 0.000        ; 0.069      ; 2.403      ;
; 2.170 ; SD_Card:SD_CARD|cpu_reset_l ; count_to_zero:COUNT_INTS|int_count[3]               ; clk_50       ; clk_50      ; 0.000        ; 0.093      ; 2.458      ;
; 2.170 ; SD_Card:SD_CARD|cpu_reset_l ; count_to_zero:COUNT_INTS|int_count[4]               ; clk_50       ; clk_50      ; 0.000        ; 0.093      ; 2.458      ;
; 2.170 ; SD_Card:SD_CARD|cpu_reset_l ; count_to_zero:COUNT_INTS|int_count[2]               ; clk_50       ; clk_50      ; 0.000        ; 0.093      ; 2.458      ;
; 2.170 ; SD_Card:SD_CARD|cpu_reset_l ; count_to_zero:COUNT_INTS|int_count[5]               ; clk_50       ; clk_50      ; 0.000        ; 0.093      ; 2.458      ;
; 2.170 ; SD_Card:SD_CARD|cpu_reset_l ; count_to_zero:COUNT_INTS|int_count[6]               ; clk_50       ; clk_50      ; 0.000        ; 0.093      ; 2.458      ;
; 2.170 ; SD_Card:SD_CARD|cpu_reset_l ; count_to_zero:COUNT_INTS|int_count[7]               ; clk_50       ; clk_50      ; 0.000        ; 0.093      ; 2.458      ;
; 2.170 ; SD_Card:SD_CARD|cpu_reset_l ; count_to_zero:COUNT_INTS|int_count[1]               ; clk_50       ; clk_50      ; 0.000        ; 0.093      ; 2.458      ;
; 2.174 ; SD_Card:SD_CARD|cpu_reset_l ; EEprom:EEprom|address_eeprom[4]                     ; clk_50       ; clk_50      ; 0.000        ; 0.068      ; 2.437      ;
; 2.174 ; SD_Card:SD_CARD|cpu_reset_l ; EEprom:EEprom|address_eeprom[6]                     ; clk_50       ; clk_50      ; 0.000        ; 0.068      ; 2.437      ;
; 2.174 ; SD_Card:SD_CARD|cpu_reset_l ; EEprom:EEprom|address_eeprom[3]                     ; clk_50       ; clk_50      ; 0.000        ; 0.068      ; 2.437      ;
; 2.174 ; SD_Card:SD_CARD|cpu_reset_l ; EEprom:EEprom|address_eeprom[1]                     ; clk_50       ; clk_50      ; 0.000        ; 0.068      ; 2.437      ;
; 2.174 ; SD_Card:SD_CARD|cpu_reset_l ; EEprom:EEprom|address_eeprom[5]                     ; clk_50       ; clk_50      ; 0.000        ; 0.068      ; 2.437      ;
; 2.174 ; SD_Card:SD_CARD|cpu_reset_l ; EEprom:EEprom|address_eeprom[0]                     ; clk_50       ; clk_50      ; 0.000        ; 0.068      ; 2.437      ;
; 2.174 ; SD_Card:SD_CARD|cpu_reset_l ; EEprom:EEprom|address_eeprom[2]                     ; clk_50       ; clk_50      ; 0.000        ; 0.068      ; 2.437      ;
; 2.174 ; SD_Card:SD_CARD|cpu_reset_l ; EEprom:EEprom|state.Write_enable                    ; clk_50       ; clk_50      ; 0.000        ; 0.068      ; 2.437      ;
; 2.174 ; SD_Card:SD_CARD|cpu_reset_l ; EEprom:EEprom|state.Idle                            ; clk_50       ; clk_50      ; 0.000        ; 0.068      ; 2.437      ;
; 2.196 ; SD_Card:SD_CARD|cpu_reset_l ; gosof80:SOUNDBOARD|SC01:SC01_Simu|\SC01:counter[15] ; clk_50       ; clk_50      ; 0.000        ; 0.072      ; 2.463      ;
; 2.308 ; SD_Card:SD_CARD|cpu_reset_l ; count_to_zero:COUNT_INTS|int_count[0]               ; clk_50       ; clk_50      ; 0.000        ; 0.094      ; 2.597      ;
; 2.308 ; SD_Card:SD_CARD|cpu_reset_l ; count_to_zero:COUNT_INTS|d_out                      ; clk_50       ; clk_50      ; 0.000        ; 0.094      ; 2.597      ;
; 2.410 ; SD_Card:SD_CARD|cpu_reset_l ; gosof80:SOUNDBOARD|SC01:SC01_Simu|AR                ; clk_50       ; clk_50      ; 0.000        ; 0.058      ; 2.663      ;
; 2.410 ; SD_Card:SD_CARD|cpu_reset_l ; gosof80:SOUNDBOARD|SC01:SC01_Simu|\SC01:counter[16] ; clk_50       ; clk_50      ; 0.000        ; 0.058      ; 2.663      ;
; 2.410 ; SD_Card:SD_CARD|cpu_reset_l ; gosof80:SOUNDBOARD|SC01:SC01_Simu|\SC01:counter[19] ; clk_50       ; clk_50      ; 0.000        ; 0.058      ; 2.663      ;
; 2.410 ; SD_Card:SD_CARD|cpu_reset_l ; gosof80:SOUNDBOARD|SC01:SC01_Simu|\SC01:counter[5]  ; clk_50       ; clk_50      ; 0.000        ; 0.058      ; 2.663      ;
; 2.410 ; SD_Card:SD_CARD|cpu_reset_l ; gosof80:SOUNDBOARD|SC01:SC01_Simu|\SC01:counter[1]  ; clk_50       ; clk_50      ; 0.000        ; 0.058      ; 2.663      ;
; 2.410 ; SD_Card:SD_CARD|cpu_reset_l ; gosof80:SOUNDBOARD|SC01:SC01_Simu|\SC01:counter[3]  ; clk_50       ; clk_50      ; 0.000        ; 0.058      ; 2.663      ;
; 2.410 ; SD_Card:SD_CARD|cpu_reset_l ; gosof80:SOUNDBOARD|SC01:SC01_Simu|\SC01:counter[2]  ; clk_50       ; clk_50      ; 0.000        ; 0.058      ; 2.663      ;
; 2.410 ; SD_Card:SD_CARD|cpu_reset_l ; gosof80:SOUNDBOARD|SC01:SC01_Simu|state.Idle        ; clk_50       ; clk_50      ; 0.000        ; 0.058      ; 2.663      ;
; 2.410 ; SD_Card:SD_CARD|cpu_reset_l ; gosof80:SOUNDBOARD|SC01:SC01_Simu|\SC01:counter[4]  ; clk_50       ; clk_50      ; 0.000        ; 0.058      ; 2.663      ;
; 2.410 ; SD_Card:SD_CARD|cpu_reset_l ; gosof80:SOUNDBOARD|SC01:SC01_Simu|state.Speech      ; clk_50       ; clk_50      ; 0.000        ; 0.058      ; 2.663      ;
; 2.416 ; SD_Card:SD_CARD|cpu_reset_l ; count_to_zero:COUNT_STROBES|int_count[2]            ; clk_50       ; clk_50      ; 0.000        ; 0.061      ; 2.672      ;
; 2.416 ; SD_Card:SD_CARD|cpu_reset_l ; count_to_zero:COUNT_STROBES|int_count[1]            ; clk_50       ; clk_50      ; 0.000        ; 0.061      ; 2.672      ;
; 2.416 ; SD_Card:SD_CARD|cpu_reset_l ; count_to_zero:COUNT_STROBES|int_count[5]            ; clk_50       ; clk_50      ; 0.000        ; 0.061      ; 2.672      ;
; 2.416 ; SD_Card:SD_CARD|cpu_reset_l ; count_to_zero:COUNT_STROBES|int_count[3]            ; clk_50       ; clk_50      ; 0.000        ; 0.061      ; 2.672      ;
; 2.416 ; SD_Card:SD_CARD|cpu_reset_l ; count_to_zero:COUNT_STROBES|int_count[7]            ; clk_50       ; clk_50      ; 0.000        ; 0.061      ; 2.672      ;
; 2.416 ; SD_Card:SD_CARD|cpu_reset_l ; count_to_zero:COUNT_STROBES|int_count[6]            ; clk_50       ; clk_50      ; 0.000        ; 0.061      ; 2.672      ;
; 2.416 ; SD_Card:SD_CARD|cpu_reset_l ; count_to_zero:COUNT_STROBES|int_count[4]            ; clk_50       ; clk_50      ; 0.000        ; 0.061      ; 2.672      ;
; 2.424 ; SD_Card:SD_CARD|cpu_reset_l ; gosof80:SOUNDBOARD|SC01:SC01_Simu|\SC01:counter[12] ; clk_50       ; clk_50      ; 0.000        ; 0.060      ; 2.679      ;
; 2.424 ; SD_Card:SD_CARD|cpu_reset_l ; gosof80:SOUNDBOARD|SC01:SC01_Simu|\SC01:counter[6]  ; clk_50       ; clk_50      ; 0.000        ; 0.060      ; 2.679      ;
; 2.424 ; SD_Card:SD_CARD|cpu_reset_l ; gosof80:SOUNDBOARD|SC01:SC01_Simu|\SC01:counter[8]  ; clk_50       ; clk_50      ; 0.000        ; 0.060      ; 2.679      ;
; 2.424 ; SD_Card:SD_CARD|cpu_reset_l ; gosof80:SOUNDBOARD|SC01:SC01_Simu|\SC01:counter[18] ; clk_50       ; clk_50      ; 0.000        ; 0.060      ; 2.679      ;
; 2.424 ; SD_Card:SD_CARD|cpu_reset_l ; gosof80:SOUNDBOARD|SC01:SC01_Simu|state.Calc        ; clk_50       ; clk_50      ; 0.000        ; 0.060      ; 2.679      ;
; 2.424 ; SD_Card:SD_CARD|cpu_reset_l ; gosof80:SOUNDBOARD|SC01:SC01_Simu|\SC01:counter[10] ; clk_50       ; clk_50      ; 0.000        ; 0.060      ; 2.679      ;
; 2.424 ; SD_Card:SD_CARD|cpu_reset_l ; gosof80:SOUNDBOARD|SC01:SC01_Simu|\SC01:counter[7]  ; clk_50       ; clk_50      ; 0.000        ; 0.060      ; 2.679      ;
; 2.424 ; SD_Card:SD_CARD|cpu_reset_l ; gosof80:SOUNDBOARD|SC01:SC01_Simu|\SC01:counter[11] ; clk_50       ; clk_50      ; 0.000        ; 0.060      ; 2.679      ;
; 2.424 ; SD_Card:SD_CARD|cpu_reset_l ; gosof80:SOUNDBOARD|SC01:SC01_Simu|\SC01:counter[9]  ; clk_50       ; clk_50      ; 0.000        ; 0.060      ; 2.679      ;
; 2.444 ; SD_Card:SD_CARD|cpu_reset_l ; count_to_zero:COUNT_STROBES|int_count[0]            ; clk_50       ; clk_50      ; 0.000        ; 0.060      ; 2.699      ;
; 2.444 ; SD_Card:SD_CARD|cpu_reset_l ; count_to_zero:COUNT_STROBES|d_out                   ; clk_50       ; clk_50      ; 0.000        ; 0.060      ; 2.699      ;
; 2.461 ; SD_Card:SD_CARD|cpu_reset_l ; gosof80:SOUNDBOARD|SC01:SC01_Simu|\SC01:counter[0]  ; clk_50       ; clk_50      ; 0.000        ; 0.073      ; 2.729      ;
; 2.461 ; SD_Card:SD_CARD|cpu_reset_l ; gosof80:SOUNDBOARD|SC01:SC01_Simu|\SC01:counter[13] ; clk_50       ; clk_50      ; 0.000        ; 0.073      ; 2.729      ;
; 2.461 ; SD_Card:SD_CARD|cpu_reset_l ; gosof80:SOUNDBOARD|SC01:SC01_Simu|\SC01:counter[17] ; clk_50       ; clk_50      ; 0.000        ; 0.073      ; 2.729      ;
; 2.461 ; SD_Card:SD_CARD|cpu_reset_l ; gosof80:SOUNDBOARD|SC01:SC01_Simu|\SC01:counter[20] ; clk_50       ; clk_50      ; 0.000        ; 0.073      ; 2.729      ;
; 2.461 ; SD_Card:SD_CARD|cpu_reset_l ; gosof80:SOUNDBOARD|SC01:SC01_Simu|\SC01:counter[22] ; clk_50       ; clk_50      ; 0.000        ; 0.073      ; 2.729      ;
; 2.461 ; SD_Card:SD_CARD|cpu_reset_l ; gosof80:SOUNDBOARD|SC01:SC01_Simu|\SC01:counter[21] ; clk_50       ; clk_50      ; 0.000        ; 0.073      ; 2.729      ;
; 2.461 ; SD_Card:SD_CARD|cpu_reset_l ; gosof80:SOUNDBOARD|SC01:SC01_Simu|\SC01:counter[14] ; clk_50       ; clk_50      ; 0.000        ; 0.073      ; 2.729      ;
; 2.461 ; SD_Card:SD_CARD|cpu_reset_l ; gosof80:SOUNDBOARD|SC01:SC01_Simu|\SC01:counter[23] ; clk_50       ; clk_50      ; 0.000        ; 0.073      ; 2.729      ;
; 2.594 ; SD_Card:SD_CARD|cpu_reset_l ; sn74175:sn74175_80B_2|Qn[1]                         ; clk_50       ; clk_50      ; 0.000        ; 0.075      ; 2.864      ;
; 2.594 ; SD_Card:SD_CARD|cpu_reset_l ; sn74175:sn74175_80B_2|Qn[3]                         ; clk_50       ; clk_50      ; 0.000        ; 0.075      ; 2.864      ;
; 2.594 ; SD_Card:SD_CARD|cpu_reset_l ; sn74175:sn74175_80B_2|Qn[2]                         ; clk_50       ; clk_50      ; 0.000        ; 0.075      ; 2.864      ;
; 2.594 ; SD_Card:SD_CARD|cpu_reset_l ; sn74175:sn74175_80B_2|Qn[0]                         ; clk_50       ; clk_50      ; 0.000        ; 0.075      ; 2.864      ;
; 2.718 ; SD_Card:SD_CARD|cpu_reset_l ; EEprom:EEprom|c_count[16]                           ; clk_50       ; clk_50      ; 0.000        ; 0.063      ; 2.976      ;
; 2.718 ; SD_Card:SD_CARD|cpu_reset_l ; EEprom:EEprom|c_count[27]                           ; clk_50       ; clk_50      ; 0.000        ; 0.063      ; 2.976      ;
; 2.718 ; SD_Card:SD_CARD|cpu_reset_l ; EEprom:EEprom|c_count[28]                           ; clk_50       ; clk_50      ; 0.000        ; 0.063      ; 2.976      ;
; 2.718 ; SD_Card:SD_CARD|cpu_reset_l ; EEprom:EEprom|c_count[26]                           ; clk_50       ; clk_50      ; 0.000        ; 0.063      ; 2.976      ;
; 2.718 ; SD_Card:SD_CARD|cpu_reset_l ; EEprom:EEprom|c_count[24]                           ; clk_50       ; clk_50      ; 0.000        ; 0.063      ; 2.976      ;
; 2.718 ; SD_Card:SD_CARD|cpu_reset_l ; EEprom:EEprom|c_count[23]                           ; clk_50       ; clk_50      ; 0.000        ; 0.063      ; 2.976      ;
; 2.718 ; SD_Card:SD_CARD|cpu_reset_l ; EEprom:EEprom|c_count[19]                           ; clk_50       ; clk_50      ; 0.000        ; 0.063      ; 2.976      ;
; 2.718 ; SD_Card:SD_CARD|cpu_reset_l ; EEprom:EEprom|c_count[25]                           ; clk_50       ; clk_50      ; 0.000        ; 0.063      ; 2.976      ;
; 2.718 ; SD_Card:SD_CARD|cpu_reset_l ; EEprom:EEprom|c_count[20]                           ; clk_50       ; clk_50      ; 0.000        ; 0.063      ; 2.976      ;
+-------+-----------------------------+-----------------------------------------------------+--------------+-------------+--------------+------------+------------+


----------------------------------------------
; Slow 1200mV 0C Model Metastability Summary ;
----------------------------------------------
The design MTBF is not calculated because there are no specified synchronizers in the design.
Number of Synchronizer Chains Found: 11
Shortest Synchronizer Chain: 2 Registers
Fraction of Chains for which MTBFs Could Not be Calculated: 1.000
Worst Case Available Settling Time: 170.915 ns




+--------------------------------------+
; Fast 1200mV 0C Model Setup Summary   ;
+-------------+--------+---------------+
; Clock       ; Slack  ; End Point TNS ;
+-------------+--------+---------------+
; clk_50      ; 13.495 ; 0.000         ;
; cpu_clk_out ; 15.500 ; 0.000         ;
+-------------+--------+---------------+


+-------------------------------------+
; Fast 1200mV 0C Model Hold Summary   ;
+-------------+-------+---------------+
; Clock       ; Slack ; End Point TNS ;
+-------------+-------+---------------+
; clk_50      ; 0.150 ; 0.000         ;
; cpu_clk_out ; 0.185 ; 0.000         ;
+-------------+-------+---------------+


+---------------------------------------+
; Fast 1200mV 0C Model Recovery Summary ;
+-------------+--------+----------------+
; Clock       ; Slack  ; End Point TNS  ;
+-------------+--------+----------------+
; clk_50      ; 17.733 ; 0.000          ;
; cpu_clk_out ; 18.472 ; 0.000          ;
+-------------+--------+----------------+


+--------------------------------------+
; Fast 1200mV 0C Model Removal Summary ;
+-------------+-------+----------------+
; Clock       ; Slack ; End Point TNS  ;
+-------------+-------+----------------+
; cpu_clk_out ; 0.333 ; 0.000          ;
; clk_50      ; 0.874 ; 0.000          ;
+-------------+-------+----------------+


+--------------------------------------------------+
; Fast 1200mV 0C Model Minimum Pulse Width Summary ;
+-------------+---------+--------------------------+
; Clock       ; Slack   ; End Point TNS            ;
+-------------+---------+--------------------------+
; clk_50      ; 9.172   ; 0.000                    ;
; cpu_clk_out ; 559.657 ; 0.000                    ;
+-------------+---------+--------------------------+


+----------------------------------------------------------------------------------------------------------------------------------------------------------------------------------------------------------------------------------------------------------+
; Fast 1200mV 0C Model Setup: 'clk_50'                                                                                                                                                                                                                     ;
+--------+--------------------------------------------------------+------------------------------------------------------------------------------------------------------------------+--------------+-------------+--------------+------------+------------+
; Slack  ; From Node                                              ; To Node                                                                                                          ; Launch Clock ; Latch Clock ; Relationship ; Clock Skew ; Data Delay ;
+--------+--------------------------------------------------------+------------------------------------------------------------------------------------------------------------------+--------------+-------------+--------------+------------+------------+
; 13.495 ; read_the_dips:RDIPS|game_select[4]                     ; gosof80:SOUNDBOARD|DFPlayer_Mini_CMD:DFP_send|\DFPLAYR_Mini:bitcounter[6]                                        ; cpu_clk_out  ; clk_50      ; 20.000       ; -1.361     ; 5.131      ;
; 13.495 ; read_the_dips:RDIPS|game_select[4]                     ; gosof80:SOUNDBOARD|DFPlayer_Mini_CMD:DFP_send|\DFPLAYR_Mini:bitcounter[0]                                        ; cpu_clk_out  ; clk_50      ; 20.000       ; -1.361     ; 5.131      ;
; 13.495 ; read_the_dips:RDIPS|game_select[4]                     ; gosof80:SOUNDBOARD|DFPlayer_Mini_CMD:DFP_send|\DFPLAYR_Mini:bitcounter[1]                                        ; cpu_clk_out  ; clk_50      ; 20.000       ; -1.361     ; 5.131      ;
; 13.495 ; read_the_dips:RDIPS|game_select[4]                     ; gosof80:SOUNDBOARD|DFPlayer_Mini_CMD:DFP_send|\DFPLAYR_Mini:bitcounter[5]                                        ; cpu_clk_out  ; clk_50      ; 20.000       ; -1.361     ; 5.131      ;
; 13.495 ; read_the_dips:RDIPS|game_select[4]                     ; gosof80:SOUNDBOARD|DFPlayer_Mini_CMD:DFP_send|\DFPLAYR_Mini:bitcounter[2]                                        ; cpu_clk_out  ; clk_50      ; 20.000       ; -1.361     ; 5.131      ;
; 13.495 ; read_the_dips:RDIPS|game_select[4]                     ; gosof80:SOUNDBOARD|DFPlayer_Mini_CMD:DFP_send|\DFPLAYR_Mini:bitcounter[3]                                        ; cpu_clk_out  ; clk_50      ; 20.000       ; -1.361     ; 5.131      ;
; 13.495 ; read_the_dips:RDIPS|game_select[4]                     ; gosof80:SOUNDBOARD|DFPlayer_Mini_CMD:DFP_send|\DFPLAYR_Mini:bitcounter[4]                                        ; cpu_clk_out  ; clk_50      ; 20.000       ; -1.361     ; 5.131      ;
; 13.545 ; read_the_dips:RDIPS|game_select[5]                     ; gosof80:SOUNDBOARD|DFPlayer_Mini_CMD:DFP_send|\DFPLAYR_Mini:bitcounter[1]                                        ; cpu_clk_out  ; clk_50      ; 20.000       ; -1.361     ; 5.081      ;
; 13.545 ; read_the_dips:RDIPS|game_select[5]                     ; gosof80:SOUNDBOARD|DFPlayer_Mini_CMD:DFP_send|\DFPLAYR_Mini:bitcounter[5]                                        ; cpu_clk_out  ; clk_50      ; 20.000       ; -1.361     ; 5.081      ;
; 13.545 ; read_the_dips:RDIPS|game_select[5]                     ; gosof80:SOUNDBOARD|DFPlayer_Mini_CMD:DFP_send|\DFPLAYR_Mini:bitcounter[2]                                        ; cpu_clk_out  ; clk_50      ; 20.000       ; -1.361     ; 5.081      ;
; 13.545 ; read_the_dips:RDIPS|game_select[5]                     ; gosof80:SOUNDBOARD|DFPlayer_Mini_CMD:DFP_send|\DFPLAYR_Mini:bitcounter[3]                                        ; cpu_clk_out  ; clk_50      ; 20.000       ; -1.361     ; 5.081      ;
; 13.545 ; read_the_dips:RDIPS|game_select[5]                     ; gosof80:SOUNDBOARD|DFPlayer_Mini_CMD:DFP_send|\DFPLAYR_Mini:bitcounter[4]                                        ; cpu_clk_out  ; clk_50      ; 20.000       ; -1.361     ; 5.081      ;
; 13.545 ; read_the_dips:RDIPS|game_select[5]                     ; gosof80:SOUNDBOARD|DFPlayer_Mini_CMD:DFP_send|\DFPLAYR_Mini:bitcounter[6]                                        ; cpu_clk_out  ; clk_50      ; 20.000       ; -1.361     ; 5.081      ;
; 13.545 ; read_the_dips:RDIPS|game_select[5]                     ; gosof80:SOUNDBOARD|DFPlayer_Mini_CMD:DFP_send|\DFPLAYR_Mini:bitcounter[0]                                        ; cpu_clk_out  ; clk_50      ; 20.000       ; -1.361     ; 5.081      ;
; 13.580 ; gosof80:SOUNDBOARD|T65:CPU|Write_Data_r.Write_Data_P   ; gosof80:SOUNDBOARD|SC01:SC01_Simu|\SC01:duration[23]                                                             ; cpu_clk_out  ; clk_50      ; 20.000       ; -1.524     ; 4.883      ;
; 13.627 ; read_the_dips:RDIPS|game_select[4]                     ; gosof80:SOUNDBOARD|DFPlayer_Mini_CMD:DFP_send|command[27]                                                        ; cpu_clk_out  ; clk_50      ; 20.000       ; -1.366     ; 4.994      ;
; 13.629 ; read_the_dips:RDIPS|game_select[3]                     ; gosof80:SOUNDBOARD|DFPlayer_Mini_CMD:DFP_send|\DFPLAYR_Mini:bitcounter[1]                                        ; cpu_clk_out  ; clk_50      ; 20.000       ; -1.342     ; 5.016      ;
; 13.629 ; read_the_dips:RDIPS|game_select[3]                     ; gosof80:SOUNDBOARD|DFPlayer_Mini_CMD:DFP_send|\DFPLAYR_Mini:bitcounter[4]                                        ; cpu_clk_out  ; clk_50      ; 20.000       ; -1.342     ; 5.016      ;
; 13.629 ; read_the_dips:RDIPS|game_select[3]                     ; gosof80:SOUNDBOARD|DFPlayer_Mini_CMD:DFP_send|\DFPLAYR_Mini:bitcounter[5]                                        ; cpu_clk_out  ; clk_50      ; 20.000       ; -1.342     ; 5.016      ;
; 13.629 ; read_the_dips:RDIPS|game_select[3]                     ; gosof80:SOUNDBOARD|DFPlayer_Mini_CMD:DFP_send|\DFPLAYR_Mini:bitcounter[2]                                        ; cpu_clk_out  ; clk_50      ; 20.000       ; -1.342     ; 5.016      ;
; 13.629 ; read_the_dips:RDIPS|game_select[3]                     ; gosof80:SOUNDBOARD|DFPlayer_Mini_CMD:DFP_send|\DFPLAYR_Mini:bitcounter[3]                                        ; cpu_clk_out  ; clk_50      ; 20.000       ; -1.342     ; 5.016      ;
; 13.629 ; read_the_dips:RDIPS|game_select[3]                     ; gosof80:SOUNDBOARD|DFPlayer_Mini_CMD:DFP_send|\DFPLAYR_Mini:bitcounter[0]                                        ; cpu_clk_out  ; clk_50      ; 20.000       ; -1.342     ; 5.016      ;
; 13.629 ; read_the_dips:RDIPS|game_select[3]                     ; gosof80:SOUNDBOARD|DFPlayer_Mini_CMD:DFP_send|\DFPLAYR_Mini:bitcounter[6]                                        ; cpu_clk_out  ; clk_50      ; 20.000       ; -1.342     ; 5.016      ;
; 13.632 ; gosof80:SOUNDBOARD|T65:CPU|Write_Data_r.Write_Data_PCH ; gosof80:SOUNDBOARD|SC01:SC01_Simu|\SC01:duration[23]                                                             ; cpu_clk_out  ; clk_50      ; 20.000       ; -1.525     ; 4.830      ;
; 13.638 ; R6532:U6_IO|pa_out[4]                                  ; gosof80:SOUNDBOARD|DFPlayer_Mini_CMD:DFP_send|\DFPLAYR_Mini:bitcounter[4]                                        ; cpu_clk_out  ; clk_50      ; 20.000       ; -1.347     ; 5.002      ;
; 13.638 ; R6532:U6_IO|pa_out[4]                                  ; gosof80:SOUNDBOARD|DFPlayer_Mini_CMD:DFP_send|\DFPLAYR_Mini:bitcounter[3]                                        ; cpu_clk_out  ; clk_50      ; 20.000       ; -1.347     ; 5.002      ;
; 13.638 ; R6532:U6_IO|pa_out[4]                                  ; gosof80:SOUNDBOARD|DFPlayer_Mini_CMD:DFP_send|\DFPLAYR_Mini:bitcounter[2]                                        ; cpu_clk_out  ; clk_50      ; 20.000       ; -1.347     ; 5.002      ;
; 13.638 ; R6532:U6_IO|pa_out[4]                                  ; gosof80:SOUNDBOARD|DFPlayer_Mini_CMD:DFP_send|\DFPLAYR_Mini:bitcounter[1]                                        ; cpu_clk_out  ; clk_50      ; 20.000       ; -1.347     ; 5.002      ;
; 13.638 ; R6532:U6_IO|pa_out[4]                                  ; gosof80:SOUNDBOARD|DFPlayer_Mini_CMD:DFP_send|\DFPLAYR_Mini:bitcounter[5]                                        ; cpu_clk_out  ; clk_50      ; 20.000       ; -1.347     ; 5.002      ;
; 13.638 ; R6532:U6_IO|pa_out[4]                                  ; gosof80:SOUNDBOARD|DFPlayer_Mini_CMD:DFP_send|\DFPLAYR_Mini:bitcounter[0]                                        ; cpu_clk_out  ; clk_50      ; 20.000       ; -1.347     ; 5.002      ;
; 13.638 ; R6532:U6_IO|pa_out[4]                                  ; gosof80:SOUNDBOARD|DFPlayer_Mini_CMD:DFP_send|\DFPLAYR_Mini:bitcounter[6]                                        ; cpu_clk_out  ; clk_50      ; 20.000       ; -1.347     ; 5.002      ;
; 13.642 ; read_the_dips:RDIPS|game_select[2]                     ; gosof80:SOUNDBOARD|DFPlayer_Mini_CMD:DFP_send|\DFPLAYR_Mini:bitcounter[1]                                        ; cpu_clk_out  ; clk_50      ; 20.000       ; -1.342     ; 5.003      ;
; 13.642 ; read_the_dips:RDIPS|game_select[2]                     ; gosof80:SOUNDBOARD|DFPlayer_Mini_CMD:DFP_send|\DFPLAYR_Mini:bitcounter[4]                                        ; cpu_clk_out  ; clk_50      ; 20.000       ; -1.342     ; 5.003      ;
; 13.642 ; read_the_dips:RDIPS|game_select[2]                     ; gosof80:SOUNDBOARD|DFPlayer_Mini_CMD:DFP_send|\DFPLAYR_Mini:bitcounter[3]                                        ; cpu_clk_out  ; clk_50      ; 20.000       ; -1.342     ; 5.003      ;
; 13.642 ; read_the_dips:RDIPS|game_select[2]                     ; gosof80:SOUNDBOARD|DFPlayer_Mini_CMD:DFP_send|\DFPLAYR_Mini:bitcounter[0]                                        ; cpu_clk_out  ; clk_50      ; 20.000       ; -1.342     ; 5.003      ;
; 13.642 ; read_the_dips:RDIPS|game_select[2]                     ; gosof80:SOUNDBOARD|DFPlayer_Mini_CMD:DFP_send|\DFPLAYR_Mini:bitcounter[6]                                        ; cpu_clk_out  ; clk_50      ; 20.000       ; -1.342     ; 5.003      ;
; 13.642 ; read_the_dips:RDIPS|game_select[2]                     ; gosof80:SOUNDBOARD|DFPlayer_Mini_CMD:DFP_send|\DFPLAYR_Mini:bitcounter[5]                                        ; cpu_clk_out  ; clk_50      ; 20.000       ; -1.342     ; 5.003      ;
; 13.642 ; read_the_dips:RDIPS|game_select[2]                     ; gosof80:SOUNDBOARD|DFPlayer_Mini_CMD:DFP_send|\DFPLAYR_Mini:bitcounter[2]                                        ; cpu_clk_out  ; clk_50      ; 20.000       ; -1.342     ; 5.003      ;
; 13.644 ; gosof80:SOUNDBOARD|T65:CPU|Write_Data_r.Write_Data_P   ; gosof80:SOUNDBOARD|SC01:SC01_Simu|\SC01:duration[22]                                                             ; cpu_clk_out  ; clk_50      ; 20.000       ; -1.524     ; 4.819      ;
; 13.648 ; gosof80:SOUNDBOARD|T65:CPU|Write_Data_r.Write_Data_P   ; gosof80:SOUNDBOARD|SC01:SC01_Simu|\SC01:duration[21]                                                             ; cpu_clk_out  ; clk_50      ; 20.000       ; -1.524     ; 4.815      ;
; 13.670 ; gosof80:SOUNDBOARD|T65:CPU|PC[9]                       ; gosof80:SOUNDBOARD|SC01:SC01_Simu|\SC01:duration[23]                                                             ; cpu_clk_out  ; clk_50      ; 20.000       ; -1.523     ; 4.794      ;
; 13.674 ; read_the_dips:RDIPS|game_select[4]                     ; gosof80:SOUNDBOARD|DFPlayer_Mini_CMD:DFP_send|command[17]                                                        ; cpu_clk_out  ; clk_50      ; 20.000       ; -1.362     ; 4.951      ;
; 13.677 ; read_the_dips:RDIPS|game_select[5]                     ; gosof80:SOUNDBOARD|DFPlayer_Mini_CMD:DFP_send|command[27]                                                        ; cpu_clk_out  ; clk_50      ; 20.000       ; -1.366     ; 4.944      ;
; 13.677 ; read_the_dips:RDIPS|game_select[4]                     ; gosof80:SOUNDBOARD|DFPlayer_Mini_CMD:DFP_send|command[12]                                                        ; cpu_clk_out  ; clk_50      ; 20.000       ; -1.362     ; 4.948      ;
; 13.677 ; read_the_dips:RDIPS|game_select[4]                     ; gosof80:SOUNDBOARD|DFPlayer_Mini_CMD:DFP_send|command[14]                                                        ; cpu_clk_out  ; clk_50      ; 20.000       ; -1.362     ; 4.948      ;
; 13.677 ; read_the_dips:RDIPS|game_select[4]                     ; gosof80:SOUNDBOARD|DFPlayer_Mini_CMD:DFP_send|command[13]                                                        ; cpu_clk_out  ; clk_50      ; 20.000       ; -1.362     ; 4.948      ;
; 13.677 ; read_the_dips:RDIPS|game_select[4]                     ; gosof80:SOUNDBOARD|DFPlayer_Mini_CMD:DFP_send|command[18]                                                        ; cpu_clk_out  ; clk_50      ; 20.000       ; -1.362     ; 4.948      ;
; 13.696 ; gosof80:SOUNDBOARD|T65:CPU|Write_Data_r.Write_Data_PCH ; gosof80:SOUNDBOARD|SC01:SC01_Simu|\SC01:duration[22]                                                             ; cpu_clk_out  ; clk_50      ; 20.000       ; -1.525     ; 4.766      ;
; 13.698 ; read_the_dips:RDIPS|game_select[1]                     ; gosof80:SOUNDBOARD|DFPlayer_Mini_CMD:DFP_send|\DFPLAYR_Mini:bitcounter[3]                                        ; cpu_clk_out  ; clk_50      ; 20.000       ; -1.342     ; 4.947      ;
; 13.698 ; read_the_dips:RDIPS|game_select[1]                     ; gosof80:SOUNDBOARD|DFPlayer_Mini_CMD:DFP_send|\DFPLAYR_Mini:bitcounter[6]                                        ; cpu_clk_out  ; clk_50      ; 20.000       ; -1.342     ; 4.947      ;
; 13.698 ; read_the_dips:RDIPS|game_select[1]                     ; gosof80:SOUNDBOARD|DFPlayer_Mini_CMD:DFP_send|\DFPLAYR_Mini:bitcounter[0]                                        ; cpu_clk_out  ; clk_50      ; 20.000       ; -1.342     ; 4.947      ;
; 13.698 ; read_the_dips:RDIPS|game_select[1]                     ; gosof80:SOUNDBOARD|DFPlayer_Mini_CMD:DFP_send|\DFPLAYR_Mini:bitcounter[2]                                        ; cpu_clk_out  ; clk_50      ; 20.000       ; -1.342     ; 4.947      ;
; 13.698 ; read_the_dips:RDIPS|game_select[1]                     ; gosof80:SOUNDBOARD|DFPlayer_Mini_CMD:DFP_send|\DFPLAYR_Mini:bitcounter[1]                                        ; cpu_clk_out  ; clk_50      ; 20.000       ; -1.342     ; 4.947      ;
; 13.698 ; read_the_dips:RDIPS|game_select[1]                     ; gosof80:SOUNDBOARD|DFPlayer_Mini_CMD:DFP_send|\DFPLAYR_Mini:bitcounter[5]                                        ; cpu_clk_out  ; clk_50      ; 20.000       ; -1.342     ; 4.947      ;
; 13.698 ; read_the_dips:RDIPS|game_select[1]                     ; gosof80:SOUNDBOARD|DFPlayer_Mini_CMD:DFP_send|\DFPLAYR_Mini:bitcounter[4]                                        ; cpu_clk_out  ; clk_50      ; 20.000       ; -1.342     ; 4.947      ;
; 13.700 ; gosof80:SOUNDBOARD|T65:CPU|Write_Data_r.Write_Data_PCH ; gosof80:SOUNDBOARD|SC01:SC01_Simu|\SC01:duration[21]                                                             ; cpu_clk_out  ; clk_50      ; 20.000       ; -1.525     ; 4.762      ;
; 13.712 ; gosof80:SOUNDBOARD|T65:CPU|Write_Data_r.Write_Data_P   ; gosof80:SOUNDBOARD|SC01:SC01_Simu|\SC01:duration[20]                                                             ; cpu_clk_out  ; clk_50      ; 20.000       ; -1.524     ; 4.751      ;
; 13.716 ; gosof80:SOUNDBOARD|T65:CPU|Write_Data_r.Write_Data_P   ; gosof80:SOUNDBOARD|SC01:SC01_Simu|\SC01:duration[19]                                                             ; cpu_clk_out  ; clk_50      ; 20.000       ; -1.524     ; 4.747      ;
; 13.724 ; read_the_dips:RDIPS|game_select[5]                     ; gosof80:SOUNDBOARD|DFPlayer_Mini_CMD:DFP_send|command[17]                                                        ; cpu_clk_out  ; clk_50      ; 20.000       ; -1.362     ; 4.901      ;
; 13.727 ; read_the_dips:RDIPS|game_select[5]                     ; gosof80:SOUNDBOARD|DFPlayer_Mini_CMD:DFP_send|command[12]                                                        ; cpu_clk_out  ; clk_50      ; 20.000       ; -1.362     ; 4.898      ;
; 13.727 ; read_the_dips:RDIPS|game_select[5]                     ; gosof80:SOUNDBOARD|DFPlayer_Mini_CMD:DFP_send|command[13]                                                        ; cpu_clk_out  ; clk_50      ; 20.000       ; -1.362     ; 4.898      ;
; 13.727 ; read_the_dips:RDIPS|game_select[5]                     ; gosof80:SOUNDBOARD|DFPlayer_Mini_CMD:DFP_send|command[18]                                                        ; cpu_clk_out  ; clk_50      ; 20.000       ; -1.362     ; 4.898      ;
; 13.727 ; read_the_dips:RDIPS|game_select[5]                     ; gosof80:SOUNDBOARD|DFPlayer_Mini_CMD:DFP_send|command[14]                                                        ; cpu_clk_out  ; clk_50      ; 20.000       ; -1.362     ; 4.898      ;
; 13.734 ; gosof80:SOUNDBOARD|T65:CPU|PC[9]                       ; gosof80:SOUNDBOARD|SC01:SC01_Simu|\SC01:duration[22]                                                             ; cpu_clk_out  ; clk_50      ; 20.000       ; -1.523     ; 4.730      ;
; 13.738 ; gosof80:SOUNDBOARD|T65:CPU|PC[9]                       ; gosof80:SOUNDBOARD|SC01:SC01_Simu|\SC01:duration[21]                                                             ; cpu_clk_out  ; clk_50      ; 20.000       ; -1.523     ; 4.726      ;
; 13.750 ; read_the_dips:RDIPS|game_select[0]                     ; gosof80:SOUNDBOARD|DFPlayer_Mini_CMD:DFP_send|\DFPLAYR_Mini:bitcounter[4]                                        ; cpu_clk_out  ; clk_50      ; 20.000       ; -1.342     ; 4.895      ;
; 13.750 ; read_the_dips:RDIPS|game_select[0]                     ; gosof80:SOUNDBOARD|DFPlayer_Mini_CMD:DFP_send|\DFPLAYR_Mini:bitcounter[3]                                        ; cpu_clk_out  ; clk_50      ; 20.000       ; -1.342     ; 4.895      ;
; 13.750 ; read_the_dips:RDIPS|game_select[0]                     ; gosof80:SOUNDBOARD|DFPlayer_Mini_CMD:DFP_send|\DFPLAYR_Mini:bitcounter[2]                                        ; cpu_clk_out  ; clk_50      ; 20.000       ; -1.342     ; 4.895      ;
; 13.750 ; read_the_dips:RDIPS|game_select[0]                     ; gosof80:SOUNDBOARD|DFPlayer_Mini_CMD:DFP_send|\DFPLAYR_Mini:bitcounter[5]                                        ; cpu_clk_out  ; clk_50      ; 20.000       ; -1.342     ; 4.895      ;
; 13.750 ; read_the_dips:RDIPS|game_select[0]                     ; gosof80:SOUNDBOARD|DFPlayer_Mini_CMD:DFP_send|\DFPLAYR_Mini:bitcounter[1]                                        ; cpu_clk_out  ; clk_50      ; 20.000       ; -1.342     ; 4.895      ;
; 13.750 ; read_the_dips:RDIPS|game_select[0]                     ; gosof80:SOUNDBOARD|DFPlayer_Mini_CMD:DFP_send|\DFPLAYR_Mini:bitcounter[0]                                        ; cpu_clk_out  ; clk_50      ; 20.000       ; -1.342     ; 4.895      ;
; 13.750 ; read_the_dips:RDIPS|game_select[0]                     ; gosof80:SOUNDBOARD|DFPlayer_Mini_CMD:DFP_send|\DFPLAYR_Mini:bitcounter[6]                                        ; cpu_clk_out  ; clk_50      ; 20.000       ; -1.342     ; 4.895      ;
; 13.757 ; gosof80:SOUNDBOARD|T65:CPU|NMICycle                    ; gosof80:SOUNDBOARD|SC01:SC01_Simu|\SC01:duration[23]                                                             ; cpu_clk_out  ; clk_50      ; 20.000       ; -1.524     ; 4.706      ;
; 13.761 ; read_the_dips:RDIPS|game_select[3]                     ; gosof80:SOUNDBOARD|DFPlayer_Mini_CMD:DFP_send|command[27]                                                        ; cpu_clk_out  ; clk_50      ; 20.000       ; -1.347     ; 4.879      ;
; 13.764 ; gosof80:SOUNDBOARD|T65:CPU|Write_Data_r.Write_Data_PCH ; gosof80:SOUNDBOARD|SC01:SC01_Simu|\SC01:duration[20]                                                             ; cpu_clk_out  ; clk_50      ; 20.000       ; -1.525     ; 4.698      ;
; 13.768 ; gosof80:SOUNDBOARD|T65:CPU|Y[0]                        ; gosof80:SOUNDBOARD|SC01:SC01_Simu|\SC01:duration[23]                                                             ; cpu_clk_out  ; clk_50      ; 20.000       ; -1.522     ; 4.697      ;
; 13.768 ; gosof80:SOUNDBOARD|T65:CPU|Write_Data_r.Write_Data_PCH ; gosof80:SOUNDBOARD|SC01:SC01_Simu|\SC01:duration[19]                                                             ; cpu_clk_out  ; clk_50      ; 20.000       ; -1.525     ; 4.694      ;
; 13.770 ; R6532:U6_IO|pa_out[4]                                  ; gosof80:SOUNDBOARD|DFPlayer_Mini_CMD:DFP_send|command[27]                                                        ; cpu_clk_out  ; clk_50      ; 20.000       ; -1.352     ; 4.865      ;
; 13.774 ; read_the_dips:RDIPS|game_select[2]                     ; gosof80:SOUNDBOARD|DFPlayer_Mini_CMD:DFP_send|command[27]                                                        ; cpu_clk_out  ; clk_50      ; 20.000       ; -1.347     ; 4.866      ;
; 13.780 ; gosof80:SOUNDBOARD|T65:CPU|Write_Data_r.Write_Data_P   ; gosof80:SOUNDBOARD|SC01:SC01_Simu|\SC01:duration[18]                                                             ; cpu_clk_out  ; clk_50      ; 20.000       ; -1.524     ; 4.683      ;
; 13.784 ; gosof80:SOUNDBOARD|T65:CPU|Write_Data_r.Write_Data_P   ; gosof80:SOUNDBOARD|SC01:SC01_Simu|\SC01:duration[17]                                                             ; cpu_clk_out  ; clk_50      ; 20.000       ; -1.524     ; 4.679      ;
; 13.790 ; read_the_dips:RDIPS|game_select[4]                     ; gosof80:SOUNDBOARD|DFPlayer_Mini_CMD:DFP_send|command[28]                                                        ; cpu_clk_out  ; clk_50      ; 20.000       ; -1.362     ; 4.835      ;
; 13.790 ; read_the_dips:RDIPS|game_select[4]                     ; gosof80:SOUNDBOARD|DFPlayer_Mini_CMD:DFP_send|command[11]                                                        ; cpu_clk_out  ; clk_50      ; 20.000       ; -1.362     ; 4.835      ;
; 13.790 ; read_the_dips:RDIPS|game_select[4]                     ; gosof80:SOUNDBOARD|DFPlayer_Mini_CMD:DFP_send|command[25]                                                        ; cpu_clk_out  ; clk_50      ; 20.000       ; -1.362     ; 4.835      ;
; 13.790 ; read_the_dips:RDIPS|game_select[4]                     ; gosof80:SOUNDBOARD|DFPlayer_Mini_CMD:DFP_send|command[26]                                                        ; cpu_clk_out  ; clk_50      ; 20.000       ; -1.362     ; 4.835      ;
; 13.790 ; read_the_dips:RDIPS|game_select[4]                     ; gosof80:SOUNDBOARD|DFPlayer_Mini_CMD:DFP_send|command[24]                                                        ; cpu_clk_out  ; clk_50      ; 20.000       ; -1.362     ; 4.835      ;
; 13.790 ; read_the_dips:RDIPS|game_select[4]                     ; gosof80:SOUNDBOARD|DFPlayer_Mini_CMD:DFP_send|command[16]                                                        ; cpu_clk_out  ; clk_50      ; 20.000       ; -1.362     ; 4.835      ;
; 13.790 ; read_the_dips:RDIPS|game_select[4]                     ; gosof80:SOUNDBOARD|DFPlayer_Mini_CMD:DFP_send|command[23]                                                        ; cpu_clk_out  ; clk_50      ; 20.000       ; -1.362     ; 4.835      ;
; 13.802 ; gosof80:SOUNDBOARD|T65:CPU|PC[9]                       ; gosof80:SOUNDBOARD|SC01:SC01_Simu|\SC01:duration[20]                                                             ; cpu_clk_out  ; clk_50      ; 20.000       ; -1.523     ; 4.662      ;
; 13.806 ; gosof80:SOUNDBOARD|T65:CPU|PC[9]                       ; gosof80:SOUNDBOARD|SC01:SC01_Simu|\SC01:duration[19]                                                             ; cpu_clk_out  ; clk_50      ; 20.000       ; -1.523     ; 4.658      ;
; 13.808 ; read_the_dips:RDIPS|game_select[3]                     ; gosof80:SOUNDBOARD|DFPlayer_Mini_CMD:DFP_send|command[17]                                                        ; cpu_clk_out  ; clk_50      ; 20.000       ; -1.343     ; 4.836      ;
; 13.809 ; T65:U1|MCycle[1]                                       ; SYSTEM_ROM:SYSTEM|altsyncram:altsyncram_component|altsyncram_s1q3:auto_generated|ram_block1a4~porta_address_reg0 ; cpu_clk_out  ; clk_50      ; 20.000       ; -1.349     ; 4.851      ;
; 13.811 ; read_the_dips:RDIPS|game_select[3]                     ; gosof80:SOUNDBOARD|DFPlayer_Mini_CMD:DFP_send|command[18]                                                        ; cpu_clk_out  ; clk_50      ; 20.000       ; -1.343     ; 4.833      ;
; 13.811 ; read_the_dips:RDIPS|game_select[3]                     ; gosof80:SOUNDBOARD|DFPlayer_Mini_CMD:DFP_send|command[13]                                                        ; cpu_clk_out  ; clk_50      ; 20.000       ; -1.343     ; 4.833      ;
; 13.811 ; read_the_dips:RDIPS|game_select[3]                     ; gosof80:SOUNDBOARD|DFPlayer_Mini_CMD:DFP_send|command[14]                                                        ; cpu_clk_out  ; clk_50      ; 20.000       ; -1.343     ; 4.833      ;
; 13.811 ; read_the_dips:RDIPS|game_select[3]                     ; gosof80:SOUNDBOARD|DFPlayer_Mini_CMD:DFP_send|command[12]                                                        ; cpu_clk_out  ; clk_50      ; 20.000       ; -1.343     ; 4.833      ;
; 13.817 ; R6532:U6_IO|pa_out[4]                                  ; gosof80:SOUNDBOARD|DFPlayer_Mini_CMD:DFP_send|command[17]                                                        ; cpu_clk_out  ; clk_50      ; 20.000       ; -1.348     ; 4.822      ;
; 13.820 ; R6532:U6_IO|pa_out[4]                                  ; gosof80:SOUNDBOARD|DFPlayer_Mini_CMD:DFP_send|command[18]                                                        ; cpu_clk_out  ; clk_50      ; 20.000       ; -1.348     ; 4.819      ;
; 13.820 ; R6532:U6_IO|pa_out[4]                                  ; gosof80:SOUNDBOARD|DFPlayer_Mini_CMD:DFP_send|command[13]                                                        ; cpu_clk_out  ; clk_50      ; 20.000       ; -1.348     ; 4.819      ;
; 13.820 ; R6532:U6_IO|pa_out[4]                                  ; gosof80:SOUNDBOARD|DFPlayer_Mini_CMD:DFP_send|command[14]                                                        ; cpu_clk_out  ; clk_50      ; 20.000       ; -1.348     ; 4.819      ;
+--------+--------------------------------------------------------+------------------------------------------------------------------------------------------------------------------+--------------+-------------+--------------+------------+------------+


+--------------------------------------------------------------------------------------------------------------------------------------------------------------------------------------------------------------------------------+
; Fast 1200mV 0C Model Setup: 'cpu_clk_out'                                                                                                                                                                                      ;
+--------+-------------------------------------------------------------------------------------------------------------+-----------------------------------+--------------+-------------+--------------+------------+------------+
; Slack  ; From Node                                                                                                   ; To Node                           ; Launch Clock ; Latch Clock ; Relationship ; Clock Skew ; Data Delay ;
+--------+-------------------------------------------------------------------------------------------------------------+-----------------------------------+--------------+-------------+--------------+------------+------------+
; 15.500 ; GAME_ROM:GAME|altsyncram:altsyncram_component|altsyncram_k1q3:auto_generated|ram_block1a0~porta_we_reg      ; T65:U1|BAL[8]                     ; clk_50       ; cpu_clk_out ; 20.000       ; 1.191      ; 5.678      ;
; 15.615 ; GAME_ROM:GAME|altsyncram:altsyncram_component|altsyncram_k1q3:auto_generated|ram_block1a2~porta_we_reg      ; T65:U1|BAL[8]                     ; clk_50       ; cpu_clk_out ; 20.000       ; 1.191      ; 5.563      ;
; 15.709 ; GAME_ROM:GAME|altsyncram:altsyncram_component|altsyncram_k1q3:auto_generated|ram_block1a0~porta_we_reg      ; T65:U1|BAL[2]                     ; clk_50       ; cpu_clk_out ; 20.000       ; 1.191      ; 5.469      ;
; 15.772 ; GAME_ROM:GAME|altsyncram:altsyncram_component|altsyncram_k1q3:auto_generated|ram_block1a0~porta_we_reg      ; T65:U1|BAL[7]                     ; clk_50       ; cpu_clk_out ; 20.000       ; 1.192      ; 5.407      ;
; 15.773 ; RIOT_RAM:U6_RAM|altsyncram:altsyncram_component|altsyncram_48p3:auto_generated|q_a[4]                       ; T65:U1|BAL[8]                     ; clk_50       ; cpu_clk_out ; 20.000       ; 1.218      ; 5.432      ;
; 15.794 ; GAME_ROM:GAME|altsyncram:altsyncram_component|altsyncram_k1q3:auto_generated|ram_block1a0~porta_we_reg      ; T65:U1|BAL[5]                     ; clk_50       ; cpu_clk_out ; 20.000       ; 1.191      ; 5.384      ;
; 15.816 ; GAME_ROM:GAME|altsyncram:altsyncram_component|altsyncram_k1q3:auto_generated|ram_block1a0~porta_we_reg      ; T65:U1|BAL[4]                     ; clk_50       ; cpu_clk_out ; 20.000       ; 1.190      ; 5.361      ;
; 15.865 ; GAME_ROM:GAME|altsyncram:altsyncram_component|altsyncram_k1q3:auto_generated|ram_block1a0~porta_we_reg      ; T65:U1|BAL[6]                     ; clk_50       ; cpu_clk_out ; 20.000       ; 1.192      ; 5.314      ;
; 15.887 ; GAME_ROM:GAME|altsyncram:altsyncram_component|altsyncram_k1q3:auto_generated|ram_block1a2~porta_we_reg      ; T65:U1|BAL[7]                     ; clk_50       ; cpu_clk_out ; 20.000       ; 1.192      ; 5.292      ;
; 15.897 ; gosof80:SOUNDBOARD|SB_RAM:RIOT_RAM|altsyncram:altsyncram_component|altsyncram_18p3:auto_generated|q_a[5]    ; gosof80:SOUNDBOARD|T65:CPU|BAL[8] ; clk_50       ; cpu_clk_out ; 20.000       ; 1.210      ; 5.300      ;
; 15.909 ; GAME_ROM:GAME|altsyncram:altsyncram_component|altsyncram_k1q3:auto_generated|ram_block1a2~porta_we_reg      ; T65:U1|BAL[5]                     ; clk_50       ; cpu_clk_out ; 20.000       ; 1.191      ; 5.269      ;
; 15.931 ; GAME_ROM:GAME|altsyncram:altsyncram_component|altsyncram_k1q3:auto_generated|ram_block1a2~porta_we_reg      ; T65:U1|BAL[4]                     ; clk_50       ; cpu_clk_out ; 20.000       ; 1.190      ; 5.246      ;
; 15.962 ; gosof80:SOUNDBOARD|SB_RAM:RIOT_RAM|altsyncram:altsyncram_component|altsyncram_18p3:auto_generated|q_a[5]    ; gosof80:SOUNDBOARD|T65:CPU|BAL[6] ; clk_50       ; cpu_clk_out ; 20.000       ; 1.209      ; 5.234      ;
; 15.969 ; RIOT_RAM:U6_RAM|altsyncram:altsyncram_component|altsyncram_48p3:auto_generated|q_a[5]                       ; T65:U1|BAL[8]                     ; clk_50       ; cpu_clk_out ; 20.000       ; 1.218      ; 5.236      ;
; 15.980 ; GAME_ROM:GAME|altsyncram:altsyncram_component|altsyncram_k1q3:auto_generated|ram_block1a2~porta_we_reg      ; T65:U1|BAL[6]                     ; clk_50       ; cpu_clk_out ; 20.000       ; 1.192      ; 5.199      ;
; 15.987 ; gosof80:SOUNDBOARD|SB_RAM:RIOT_RAM|altsyncram:altsyncram_component|altsyncram_18p3:auto_generated|q_a[5]    ; gosof80:SOUNDBOARD|T65:CPU|BAL[7] ; clk_50       ; cpu_clk_out ; 20.000       ; 1.209      ; 5.209      ;
; 16.000 ; RIOT_RAM:U6_RAM|altsyncram:altsyncram_component|altsyncram_48p3:auto_generated|q_a[1]                       ; T65:U1|BAL[8]                     ; clk_50       ; cpu_clk_out ; 20.000       ; 1.218      ; 5.205      ;
; 16.018 ; GAME_ROM:GAME|altsyncram:altsyncram_component|altsyncram_k1q3:auto_generated|ram_block1a0~porta_we_reg      ; T65:U1|BAL[3]                     ; clk_50       ; cpu_clk_out ; 20.000       ; 1.190      ; 5.159      ;
; 16.026 ; RIOT_RAM:U4_RAM|altsyncram:altsyncram_component|altsyncram_48p3:auto_generated|q_a[2]                       ; T65:U1|BAL[8]                     ; clk_50       ; cpu_clk_out ; 20.000       ; 1.216      ; 5.177      ;
; 16.034 ; RIOT_RAM:U6_RAM|altsyncram:altsyncram_component|altsyncram_48p3:auto_generated|q_a[7]                       ; T65:U1|BAL[8]                     ; clk_50       ; cpu_clk_out ; 20.000       ; 1.218      ; 5.171      ;
; 16.043 ; GAME_ROM:SOUNDROM1|altsyncram:altsyncram_component|altsyncram_k1q3:auto_generated|ram_block1a4~porta_we_reg ; gosof80:SOUNDBOARD|T65:CPU|BAL[8] ; clk_50       ; cpu_clk_out ; 20.000       ; 1.188      ; 5.132      ;
; 16.045 ; RIOT_RAM:U6_RAM|altsyncram:altsyncram_component|altsyncram_48p3:auto_generated|q_a[4]                       ; T65:U1|BAL[7]                     ; clk_50       ; cpu_clk_out ; 20.000       ; 1.219      ; 5.161      ;
; 16.067 ; RIOT_RAM:U6_RAM|altsyncram:altsyncram_component|altsyncram_48p3:auto_generated|q_a[4]                       ; T65:U1|BAL[5]                     ; clk_50       ; cpu_clk_out ; 20.000       ; 1.218      ; 5.138      ;
; 16.082 ; RIOT_RAM:U6_RAM|altsyncram:altsyncram_component|altsyncram_48p3:auto_generated|q_a[2]                       ; T65:U1|BAL[8]                     ; clk_50       ; cpu_clk_out ; 20.000       ; 1.218      ; 5.123      ;
; 16.085 ; RIOT_RAM:U6_RAM|altsyncram:altsyncram_component|altsyncram_48p3:auto_generated|q_a[6]                       ; T65:U1|BAL[8]                     ; clk_50       ; cpu_clk_out ; 20.000       ; 1.218      ; 5.120      ;
; 16.091 ; GAME_ROM:GAME|altsyncram:altsyncram_component|altsyncram_k1q3:auto_generated|ram_block1a2~porta_we_reg      ; T65:U1|BAL[2]                     ; clk_50       ; cpu_clk_out ; 20.000       ; 1.191      ; 5.087      ;
; 16.093 ; RIOT_RAM:U4_RAM|altsyncram:altsyncram_component|altsyncram_48p3:auto_generated|q_a[1]                       ; T65:U1|BAL[8]                     ; clk_50       ; cpu_clk_out ; 20.000       ; 1.216      ; 5.110      ;
; 16.107 ; gosof80:SOUNDBOARD|SB_RAM:RIOT_RAM|altsyncram:altsyncram_component|altsyncram_18p3:auto_generated|q_a[7]    ; gosof80:SOUNDBOARD|T65:CPU|BAL[8] ; clk_50       ; cpu_clk_out ; 20.000       ; 1.210      ; 5.090      ;
; 16.108 ; GAME_ROM:SOUNDROM1|altsyncram:altsyncram_component|altsyncram_k1q3:auto_generated|ram_block1a4~porta_we_reg ; gosof80:SOUNDBOARD|T65:CPU|BAL[6] ; clk_50       ; cpu_clk_out ; 20.000       ; 1.187      ; 5.066      ;
; 16.133 ; GAME_ROM:SOUNDROM1|altsyncram:altsyncram_component|altsyncram_k1q3:auto_generated|ram_block1a4~porta_we_reg ; gosof80:SOUNDBOARD|T65:CPU|BAL[7] ; clk_50       ; cpu_clk_out ; 20.000       ; 1.187      ; 5.041      ;
; 16.138 ; RIOT_RAM:U6_RAM|altsyncram:altsyncram_component|altsyncram_48p3:auto_generated|q_a[4]                       ; T65:U1|BAL[6]                     ; clk_50       ; cpu_clk_out ; 20.000       ; 1.219      ; 5.068      ;
; 16.145 ; gosof80:SOUNDBOARD|SB_RAM:RIOT_RAM|altsyncram:altsyncram_component|altsyncram_18p3:auto_generated|q_a[1]    ; gosof80:SOUNDBOARD|T65:CPU|BAL[2] ; clk_50       ; cpu_clk_out ; 20.000       ; 1.210      ; 5.052      ;
; 16.168 ; SYSTEM_ROM:SYSTEM|altsyncram:altsyncram_component|altsyncram_s1q3:auto_generated|ram_block1a7~porta_we_reg  ; T65:U1|BAL[8]                     ; clk_50       ; cpu_clk_out ; 20.000       ; 1.197      ; 5.016      ;
; 16.178 ; GAME_ROM:GAME|altsyncram:altsyncram_component|altsyncram_k1q3:auto_generated|ram_block1a0~porta_we_reg      ; T65:U1|BAL[1]                     ; clk_50       ; cpu_clk_out ; 20.000       ; 1.192      ; 5.001      ;
; 16.209 ; RIOT_RAM:U6_RAM|altsyncram:altsyncram_component|altsyncram_48p3:auto_generated|q_a[1]                       ; T65:U1|BAL[2]                     ; clk_50       ; cpu_clk_out ; 20.000       ; 1.218      ; 4.996      ;
; 16.213 ; GAME_ROM:SOUNDROM1|altsyncram:altsyncram_component|altsyncram_k1q3:auto_generated|ram_block1a0~porta_we_reg ; gosof80:SOUNDBOARD|T65:CPU|BAL[2] ; clk_50       ; cpu_clk_out ; 20.000       ; 1.188      ; 4.962      ;
; 16.218 ; RIOT_RAM:U4_RAM|altsyncram:altsyncram_component|altsyncram_48p3:auto_generated|q_a[5]                       ; T65:U1|BAL[8]                     ; clk_50       ; cpu_clk_out ; 20.000       ; 1.216      ; 4.985      ;
; 16.222 ; GAME_ROM:GAME|altsyncram:altsyncram_component|altsyncram_k1q3:auto_generated|ram_block1a2~porta_we_reg      ; T65:U1|BAL[3]                     ; clk_50       ; cpu_clk_out ; 20.000       ; 1.190      ; 4.955      ;
; 16.232 ; gosof80:SOUNDBOARD|SB_RAM:RIOT_RAM|altsyncram:altsyncram_component|altsyncram_18p3:auto_generated|q_a[0]    ; gosof80:SOUNDBOARD|T65:CPU|BAL[2] ; clk_50       ; cpu_clk_out ; 20.000       ; 1.210      ; 4.965      ;
; 16.241 ; RIOT_RAM:U6_RAM|altsyncram:altsyncram_component|altsyncram_48p3:auto_generated|q_a[5]                       ; T65:U1|BAL[7]                     ; clk_50       ; cpu_clk_out ; 20.000       ; 1.219      ; 4.965      ;
; 16.241 ; gosof80:SOUNDBOARD|SB_RAM:RIOT_RAM|altsyncram:altsyncram_component|altsyncram_18p3:auto_generated|q_a[2]    ; gosof80:SOUNDBOARD|T65:CPU|BAL[2] ; clk_50       ; cpu_clk_out ; 20.000       ; 1.210      ; 4.956      ;
; 16.267 ; RIOT_RAM:U6_RAM|altsyncram:altsyncram_component|altsyncram_48p3:auto_generated|q_a[4]                       ; T65:U1|BAL[4]                     ; clk_50       ; cpu_clk_out ; 20.000       ; 1.217      ; 4.937      ;
; 16.270 ; RIOT_RAM:U4_RAM|altsyncram:altsyncram_component|altsyncram_48p3:auto_generated|q_a[7]                       ; T65:U1|BAL[8]                     ; clk_50       ; cpu_clk_out ; 20.000       ; 1.216      ; 4.933      ;
; 16.272 ; RIOT_RAM:U6_RAM|altsyncram:altsyncram_component|altsyncram_48p3:auto_generated|q_a[1]                       ; T65:U1|BAL[7]                     ; clk_50       ; cpu_clk_out ; 20.000       ; 1.219      ; 4.934      ;
; 16.281 ; RIOT_RAM:U4_RAM|altsyncram:altsyncram_component|altsyncram_48p3:auto_generated|q_a[4]                       ; T65:U1|BAL[8]                     ; clk_50       ; cpu_clk_out ; 20.000       ; 1.216      ; 4.922      ;
; 16.281 ; GAME_ROM:GAME|altsyncram:altsyncram_component|altsyncram_k1q3:auto_generated|ram_block1a0~porta_we_reg      ; T65:U1|BAL[0]                     ; clk_50       ; cpu_clk_out ; 20.000       ; 1.192      ; 4.898      ;
; 16.293 ; gosof80:SOUNDBOARD|SB_RAM:RIOT_RAM|altsyncram:altsyncram_component|altsyncram_18p3:auto_generated|q_a[2]    ; gosof80:SOUNDBOARD|T65:CPU|BAL[8] ; clk_50       ; cpu_clk_out ; 20.000       ; 1.210      ; 4.904      ;
; 16.294 ; RIOT_RAM:U6_RAM|altsyncram:altsyncram_component|altsyncram_48p3:auto_generated|q_a[1]                       ; T65:U1|BAL[5]                     ; clk_50       ; cpu_clk_out ; 20.000       ; 1.218      ; 4.911      ;
; 16.298 ; RIOT_RAM:U4_RAM|altsyncram:altsyncram_component|altsyncram_48p3:auto_generated|q_a[2]                       ; T65:U1|BAL[7]                     ; clk_50       ; cpu_clk_out ; 20.000       ; 1.217      ; 4.906      ;
; 16.302 ; RIOT_RAM:U4_RAM|altsyncram:altsyncram_component|altsyncram_48p3:auto_generated|q_a[1]                       ; T65:U1|BAL[2]                     ; clk_50       ; cpu_clk_out ; 20.000       ; 1.216      ; 4.901      ;
; 16.306 ; RIOT_RAM:U6_RAM|altsyncram:altsyncram_component|altsyncram_48p3:auto_generated|q_a[0]                       ; T65:U1|BAL[8]                     ; clk_50       ; cpu_clk_out ; 20.000       ; 1.218      ; 4.899      ;
; 16.316 ; RIOT_RAM:U6_RAM|altsyncram:altsyncram_component|altsyncram_48p3:auto_generated|q_a[1]                       ; T65:U1|BAL[4]                     ; clk_50       ; cpu_clk_out ; 20.000       ; 1.217      ; 4.888      ;
; 16.320 ; RIOT_RAM:U4_RAM|altsyncram:altsyncram_component|altsyncram_48p3:auto_generated|q_a[2]                       ; T65:U1|BAL[5]                     ; clk_50       ; cpu_clk_out ; 20.000       ; 1.216      ; 4.883      ;
; 16.329 ; GAME_ROM:GAME|altsyncram:altsyncram_component|altsyncram_k1q3:auto_generated|ram_block1a0~porta_we_reg      ; T65:U1|BusB_r[7]                  ; clk_50       ; cpu_clk_out ; 20.000       ; 1.193      ; 4.851      ;
; 16.334 ; RIOT_RAM:U6_RAM|altsyncram:altsyncram_component|altsyncram_48p3:auto_generated|q_a[5]                       ; T65:U1|BAL[6]                     ; clk_50       ; cpu_clk_out ; 20.000       ; 1.219      ; 4.872      ;
; 16.335 ; GAME_ROM:SOUNDROM2|altsyncram:altsyncram_component|altsyncram_k1q3:auto_generated|ram_block1a4~porta_we_reg ; gosof80:SOUNDBOARD|T65:CPU|BAL[8] ; clk_50       ; cpu_clk_out ; 20.000       ; 1.190      ; 4.842      ;
; 16.340 ; SYSTEM_ROM:SYSTEM|altsyncram:altsyncram_component|altsyncram_s1q3:auto_generated|ram_block1a1~porta_we_reg  ; T65:U1|BAL[8]                     ; clk_50       ; cpu_clk_out ; 20.000       ; 1.196      ; 4.843      ;
; 16.342 ; RIOT_RAM:U4_RAM|altsyncram:altsyncram_component|altsyncram_48p3:auto_generated|q_a[2]                       ; T65:U1|BAL[4]                     ; clk_50       ; cpu_clk_out ; 20.000       ; 1.215      ; 4.860      ;
; 16.353 ; SYSTEM_ROM:SYSTEM|altsyncram:altsyncram_component|altsyncram_s1q3:auto_generated|ram_block1a5~porta_we_reg  ; T65:U1|BAL[8]                     ; clk_50       ; cpu_clk_out ; 20.000       ; 1.196      ; 4.830      ;
; 16.354 ; RIOT_RAM:U6_RAM|altsyncram:altsyncram_component|altsyncram_48p3:auto_generated|q_a[2]                       ; T65:U1|BAL[7]                     ; clk_50       ; cpu_clk_out ; 20.000       ; 1.219      ; 4.852      ;
; 16.357 ; RIOT_RAM:U6_RAM|altsyncram:altsyncram_component|altsyncram_48p3:auto_generated|q_a[6]                       ; T65:U1|BAL[7]                     ; clk_50       ; cpu_clk_out ; 20.000       ; 1.219      ; 4.849      ;
; 16.358 ; gosof80:SOUNDBOARD|SB_RAM:RIOT_RAM|altsyncram:altsyncram_component|altsyncram_18p3:auto_generated|q_a[2]    ; gosof80:SOUNDBOARD|T65:CPU|BAL[6] ; clk_50       ; cpu_clk_out ; 20.000       ; 1.209      ; 4.838      ;
; 16.365 ; RIOT_RAM:U4_RAM|altsyncram:altsyncram_component|altsyncram_48p3:auto_generated|q_a[1]                       ; T65:U1|BAL[7]                     ; clk_50       ; cpu_clk_out ; 20.000       ; 1.217      ; 4.839      ;
; 16.365 ; RIOT_RAM:U6_RAM|altsyncram:altsyncram_component|altsyncram_48p3:auto_generated|q_a[1]                       ; T65:U1|BAL[6]                     ; clk_50       ; cpu_clk_out ; 20.000       ; 1.219      ; 4.841      ;
; 16.369 ; GAME_ROM:GAME|altsyncram:altsyncram_component|altsyncram_k1q3:auto_generated|ram_block1a0~porta_we_reg      ; T65:U1|PC[12]                     ; clk_50       ; cpu_clk_out ; 20.000       ; 1.188      ; 4.806      ;
; 16.374 ; R5101:Z5|altsyncram:altsyncram_component|altsyncram_jpq3:auto_generated|ram_block1a0~porta_we_reg           ; T65:U1|BAL[8]                     ; clk_50       ; cpu_clk_out ; 20.000       ; 1.194      ; 4.807      ;
; 16.376 ; RIOT_RAM:U6_RAM|altsyncram:altsyncram_component|altsyncram_48p3:auto_generated|q_a[2]                       ; T65:U1|BAL[5]                     ; clk_50       ; cpu_clk_out ; 20.000       ; 1.218      ; 4.829      ;
; 16.379 ; gosof80:SOUNDBOARD|SB_RAM:RIOT_RAM|altsyncram:altsyncram_component|altsyncram_18p3:auto_generated|q_a[1]    ; gosof80:SOUNDBOARD|T65:CPU|BAL[8] ; clk_50       ; cpu_clk_out ; 20.000       ; 1.210      ; 4.818      ;
; 16.383 ; gosof80:SOUNDBOARD|SB_RAM:RIOT_RAM|altsyncram:altsyncram_component|altsyncram_18p3:auto_generated|q_a[2]    ; gosof80:SOUNDBOARD|T65:CPU|BAL[7] ; clk_50       ; cpu_clk_out ; 20.000       ; 1.209      ; 4.813      ;
; 16.387 ; RIOT_RAM:U4_RAM|altsyncram:altsyncram_component|altsyncram_48p3:auto_generated|q_a[1]                       ; T65:U1|BAL[5]                     ; clk_50       ; cpu_clk_out ; 20.000       ; 1.216      ; 4.816      ;
; 16.391 ; RIOT_RAM:U4_RAM|altsyncram:altsyncram_component|altsyncram_48p3:auto_generated|q_a[2]                       ; T65:U1|BAL[6]                     ; clk_50       ; cpu_clk_out ; 20.000       ; 1.217      ; 4.813      ;
; 16.393 ; GAME_ROM:GAME|altsyncram:altsyncram_component|altsyncram_k1q3:auto_generated|ram_block1a0~porta_we_reg      ; T65:U1|BusB_r[6]                  ; clk_50       ; cpu_clk_out ; 20.000       ; 1.193      ; 4.787      ;
; 16.397 ; GAME_ROM:GAME|altsyncram:altsyncram_component|altsyncram_k1q3:auto_generated|ram_block1a0~porta_we_reg      ; T65:U1|BusB_r[5]                  ; clk_50       ; cpu_clk_out ; 20.000       ; 1.193      ; 4.783      ;
; 16.398 ; RIOT_RAM:U6_RAM|altsyncram:altsyncram_component|altsyncram_48p3:auto_generated|q_a[2]                       ; T65:U1|BAL[4]                     ; clk_50       ; cpu_clk_out ; 20.000       ; 1.217      ; 4.806      ;
; 16.400 ; RIOT_RAM:U5_RAM|altsyncram:altsyncram_component|altsyncram_48p3:auto_generated|q_a[1]                       ; T65:U1|BAL[8]                     ; clk_50       ; cpu_clk_out ; 20.000       ; 1.211      ; 4.798      ;
; 16.400 ; GAME_ROM:SOUNDROM2|altsyncram:altsyncram_component|altsyncram_k1q3:auto_generated|ram_block1a4~porta_we_reg ; gosof80:SOUNDBOARD|T65:CPU|BAL[6] ; clk_50       ; cpu_clk_out ; 20.000       ; 1.189      ; 4.776      ;
; 16.404 ; gosof80:SOUNDBOARD|SB_RAM:RIOT_RAM|altsyncram:altsyncram_component|altsyncram_18p3:auto_generated|q_a[5]    ; gosof80:SOUNDBOARD|T65:CPU|BAL[5] ; clk_50       ; cpu_clk_out ; 20.000       ; 1.209      ; 4.792      ;
; 16.409 ; RIOT_RAM:U4_RAM|altsyncram:altsyncram_component|altsyncram_48p3:auto_generated|q_a[1]                       ; T65:U1|BAL[4]                     ; clk_50       ; cpu_clk_out ; 20.000       ; 1.215      ; 4.793      ;
; 16.413 ; RIOT_RAM:U4_RAM|altsyncram:altsyncram_component|altsyncram_48p3:auto_generated|q_a[2]                       ; T65:U1|BAL[2]                     ; clk_50       ; cpu_clk_out ; 20.000       ; 1.216      ; 4.790      ;
; 16.423 ; GAME_ROM:GAME2|altsyncram:altsyncram_component|altsyncram_k1q3:auto_generated|ram_block1a2~porta_we_reg     ; T65:U1|BAL[8]                     ; clk_50       ; cpu_clk_out ; 20.000       ; 1.192      ; 4.756      ;
; 16.425 ; GAME_ROM:SOUNDROM2|altsyncram:altsyncram_component|altsyncram_k1q3:auto_generated|ram_block1a0~porta_we_reg ; gosof80:SOUNDBOARD|T65:CPU|BAL[2] ; clk_50       ; cpu_clk_out ; 20.000       ; 1.189      ; 4.751      ;
; 16.425 ; GAME_ROM:SOUNDROM2|altsyncram:altsyncram_component|altsyncram_k1q3:auto_generated|ram_block1a4~porta_we_reg ; gosof80:SOUNDBOARD|T65:CPU|BAL[7] ; clk_50       ; cpu_clk_out ; 20.000       ; 1.189      ; 4.751      ;
; 16.438 ; SYSTEM_ROM:SYSTEM|altsyncram:altsyncram_component|altsyncram_s1q3:auto_generated|ram_block1a4~porta_we_reg  ; T65:U1|BAL[8]                     ; clk_50       ; cpu_clk_out ; 20.000       ; 1.196      ; 4.745      ;
; 16.444 ; gosof80:SOUNDBOARD|SB_RAM:RIOT_RAM|altsyncram:altsyncram_component|altsyncram_18p3:auto_generated|q_a[1]    ; gosof80:SOUNDBOARD|T65:CPU|BAL[6] ; clk_50       ; cpu_clk_out ; 20.000       ; 1.209      ; 4.752      ;
; 16.447 ; RIOT_RAM:U6_RAM|altsyncram:altsyncram_component|altsyncram_48p3:auto_generated|q_a[2]                       ; T65:U1|BAL[6]                     ; clk_50       ; cpu_clk_out ; 20.000       ; 1.219      ; 4.759      ;
; 16.447 ; GAME_ROM:SOUNDROM1|altsyncram:altsyncram_component|altsyncram_k1q3:auto_generated|ram_block1a0~porta_we_reg ; gosof80:SOUNDBOARD|T65:CPU|BAL[8] ; clk_50       ; cpu_clk_out ; 20.000       ; 1.188      ; 4.728      ;
; 16.449 ; RIOT_RAM:U4_RAM|altsyncram:altsyncram_component|altsyncram_48p3:auto_generated|q_a[6]                       ; T65:U1|BAL[8]                     ; clk_50       ; cpu_clk_out ; 20.000       ; 1.216      ; 4.754      ;
; 16.450 ; gosof80:SOUNDBOARD|SB_RAM:RIOT_RAM|altsyncram:altsyncram_component|altsyncram_18p3:auto_generated|q_a[7]    ; gosof80:SOUNDBOARD|T65:CPU|BAL[7] ; clk_50       ; cpu_clk_out ; 20.000       ; 1.209      ; 4.746      ;
; 16.458 ; RIOT_RAM:U4_RAM|altsyncram:altsyncram_component|altsyncram_48p3:auto_generated|q_a[1]                       ; T65:U1|BAL[6]                     ; clk_50       ; cpu_clk_out ; 20.000       ; 1.217      ; 4.746      ;
; 16.466 ; gosof80:SOUNDBOARD|SB_RAM:RIOT_RAM|altsyncram:altsyncram_component|altsyncram_18p3:auto_generated|q_a[0]    ; gosof80:SOUNDBOARD|T65:CPU|BAL[8] ; clk_50       ; cpu_clk_out ; 20.000       ; 1.210      ; 4.731      ;
; 16.469 ; RIOT_RAM:U6_RAM|altsyncram:altsyncram_component|altsyncram_48p3:auto_generated|q_a[2]                       ; T65:U1|BAL[2]                     ; clk_50       ; cpu_clk_out ; 20.000       ; 1.218      ; 4.736      ;
; 16.469 ; gosof80:SOUNDBOARD|SB_RAM:RIOT_RAM|altsyncram:altsyncram_component|altsyncram_18p3:auto_generated|q_a[1]    ; gosof80:SOUNDBOARD|T65:CPU|BAL[7] ; clk_50       ; cpu_clk_out ; 20.000       ; 1.209      ; 4.727      ;
; 16.470 ; GAME_ROM:GAME|altsyncram:altsyncram_component|altsyncram_k1q3:auto_generated|ram_block1a2~porta_we_reg      ; T65:U1|BusB_r[7]                  ; clk_50       ; cpu_clk_out ; 20.000       ; 1.193      ; 4.710      ;
; 16.479 ; GAME_ROM:GAME|altsyncram:altsyncram_component|altsyncram_k1q3:auto_generated|ram_block1a0~porta_we_reg      ; T65:U1|IR[4]                      ; clk_50       ; cpu_clk_out ; 20.000       ; 1.198      ; 4.706      ;
; 16.482 ; gosof80:SOUNDBOARD|SB_RAM:RIOT_RAM|altsyncram:altsyncram_component|altsyncram_18p3:auto_generated|q_a[2]    ; gosof80:SOUNDBOARD|T65:CPU|BAL[4] ; clk_50       ; cpu_clk_out ; 20.000       ; 1.209      ; 4.714      ;
; 16.483 ; SYSTEM_ROM:SYSTEM|altsyncram:altsyncram_component|altsyncram_s1q3:auto_generated|ram_block1a3~porta_we_reg  ; T65:U1|BAL[8]                     ; clk_50       ; cpu_clk_out ; 20.000       ; 1.194      ; 4.698      ;
; 16.488 ; GAME_ROM:GAME|altsyncram:altsyncram_component|altsyncram_k1q3:auto_generated|ram_block1a0~porta_we_reg      ; T65:U1|DL[4]                      ; clk_50       ; cpu_clk_out ; 20.000       ; 1.198      ; 4.697      ;
; 16.490 ; RIOT_RAM:U4_RAM|altsyncram:altsyncram_component|altsyncram_48p3:auto_generated|q_a[5]                       ; T65:U1|BAL[7]                     ; clk_50       ; cpu_clk_out ; 20.000       ; 1.217      ; 4.714      ;
; 16.493 ; gosof80:SOUNDBOARD|SB_RAM:RIOT_RAM|altsyncram:altsyncram_component|altsyncram_18p3:auto_generated|q_a[2]    ; gosof80:SOUNDBOARD|T65:CPU|BAL[3] ; clk_50       ; cpu_clk_out ; 20.000       ; 1.209      ; 4.703      ;
; 16.500 ; RIOT_RAM:U6_RAM|altsyncram:altsyncram_component|altsyncram_48p3:auto_generated|q_a[3]                       ; T65:U1|BAL[8]                     ; clk_50       ; cpu_clk_out ; 20.000       ; 1.218      ; 4.705      ;
+--------+-------------------------------------------------------------------------------------------------------------+-----------------------------------+--------------+-------------+--------------+------------+------------+


+---------------------------------------------------------------------------------------------------------------------------------------------------------------------------------------------------------------------------------------------------------------+
; Fast 1200mV 0C Model Hold: 'clk_50'                                                                                                                                                                                                                           ;
+-------+-------------------------------------------------------------------+-------------------------------------------------------------------------------------------------------------+--------------+-------------+--------------+------------+------------+
; Slack ; From Node                                                         ; To Node                                                                                                     ; Launch Clock ; Latch Clock ; Relationship ; Clock Skew ; Data Delay ;
+-------+-------------------------------------------------------------------+-------------------------------------------------------------------------------------------------------------+--------------+-------------+--------------+------------+------------+
; 0.150 ; EEprom:EEprom|data_eeprom[0]                                      ; R5101:Z5|altsyncram:altsyncram_component|altsyncram_jpq3:auto_generated|ram_block1a0~portb_datain_reg0      ; clk_50       ; clk_50      ; 0.000        ; 0.222      ; 0.476      ;
; 0.150 ; SD_Card:SD_CARD|data_sd_card[0]                                   ; GAME_ROM:GAME|altsyncram:altsyncram_component|altsyncram_k1q3:auto_generated|ram_block1a0~porta_datain_reg0 ; clk_50       ; clk_50      ; 0.000        ; 0.227      ; 0.481      ;
; 0.157 ; SD_Card:SD_CARD|data_sd_card[5]                                   ; GAME_ROM:GAME|altsyncram:altsyncram_component|altsyncram_k1q3:auto_generated|ram_block1a0~porta_datain_reg0 ; clk_50       ; clk_50      ; 0.000        ; 0.227      ; 0.488      ;
; 0.159 ; SD_Card:SD_CARD|data_sd_card[1]                                   ; GAME_ROM:GAME|altsyncram:altsyncram_component|altsyncram_k1q3:auto_generated|ram_block1a0~porta_datain_reg0 ; clk_50       ; clk_50      ; 0.000        ; 0.227      ; 0.490      ;
; 0.164 ; EEprom:EEprom|data_eeprom[1]                                      ; R5101:Z5|altsyncram:altsyncram_component|altsyncram_jpq3:auto_generated|ram_block1a0~portb_datain_reg0      ; clk_50       ; clk_50      ; 0.000        ; 0.222      ; 0.490      ;
; 0.167 ; EEprom:EEprom|data_eeprom[2]                                      ; R5101:Z5|altsyncram:altsyncram_component|altsyncram_jpq3:auto_generated|ram_block1a0~portb_datain_reg0      ; clk_50       ; clk_50      ; 0.000        ; 0.222      ; 0.493      ;
; 0.175 ; EEprom:EEprom|data_eeprom[5]                                      ; R5101:Z5|altsyncram:altsyncram_component|altsyncram_jpq3:auto_generated|ram_block1a0~portb_datain_reg0      ; clk_50       ; clk_50      ; 0.000        ; 0.222      ; 0.501      ;
; 0.182 ; EEprom:EEprom|data_eeprom[6]                                      ; R5101:Z5|altsyncram:altsyncram_component|altsyncram_jpq3:auto_generated|ram_block1a0~portb_datain_reg0      ; clk_50       ; clk_50      ; 0.000        ; 0.222      ; 0.508      ;
; 0.183 ; EEprom:EEprom|data_eeprom[7]                                      ; R5101:Z5|altsyncram:altsyncram_component|altsyncram_jpq3:auto_generated|ram_block1a0~portb_datain_reg0      ; clk_50       ; clk_50      ; 0.000        ; 0.222      ; 0.509      ;
; 0.186 ; SD_Card:SD_CARD|SPI_Master:SD_CARD_ACCESS|spitxstate.spi_txactive ; SD_Card:SD_CARD|SPI_Master:SD_CARD_ACCESS|spitxstate.spi_txactive                                           ; clk_50       ; clk_50      ; 0.000        ; 0.037      ; 0.307      ;
; 0.186 ; EEprom:EEprom|SPI_Master:EEPROM_WRITE|TX_Done                     ; EEprom:EEprom|SPI_Master:EEPROM_WRITE|TX_Done                                                               ; clk_50       ; clk_50      ; 0.000        ; 0.037      ; 0.307      ;
; 0.186 ; EEprom:EEprom|SPI_Master:EEPROM_WRITE|spitxstate.spi_etx          ; EEprom:EEprom|SPI_Master:EEPROM_WRITE|spitxstate.spi_etx                                                    ; clk_50       ; clk_50      ; 0.000        ; 0.037      ; 0.307      ;
; 0.186 ; EEprom:EEprom|SPI_Master:EEPROM_WRITE|spitxstate.spi_stx          ; EEprom:EEprom|SPI_Master:EEPROM_WRITE|spitxstate.spi_stx                                                    ; clk_50       ; clk_50      ; 0.000        ; 0.037      ; 0.307      ;
; 0.186 ; byte_to_ascii:CONVG|bytetoconvert[1]                              ; byte_to_ascii:CONVG|bytetoconvert[1]                                                                        ; clk_50       ; clk_50      ; 0.000        ; 0.037      ; 0.307      ;
; 0.186 ; byte_to_ascii:CONVG|bytetoconvert[7]                              ; byte_to_ascii:CONVG|bytetoconvert[7]                                                                        ; clk_50       ; clk_50      ; 0.000        ; 0.037      ; 0.307      ;
; 0.186 ; count_to_zero:COUNT_INTS|int_count[0]                             ; count_to_zero:COUNT_INTS|int_count[0]                                                                       ; clk_50       ; clk_50      ; 0.000        ; 0.037      ; 0.307      ;
; 0.186 ; SD_Card:SD_CARD|SPI_Master:SD_CARD_READ|tx_reg[0]                 ; SD_Card:SD_CARD|SPI_Master:SD_CARD_READ|tx_reg[0]                                                           ; clk_50       ; clk_50      ; 0.000        ; 0.037      ; 0.307      ;
; 0.186 ; EEprom:EEprom|SPI_Master:EEPROM_WRITE|bitcounter[4]               ; EEprom:EEprom|SPI_Master:EEPROM_WRITE|bitcounter[4]                                                         ; clk_50       ; clk_50      ; 0.000        ; 0.037      ; 0.307      ;
; 0.186 ; EEprom:EEprom|SPI_Master:EEPROM_WRITE|bitcounter[5]               ; EEprom:EEprom|SPI_Master:EEPROM_WRITE|bitcounter[5]                                                         ; clk_50       ; clk_50      ; 0.000        ; 0.037      ; 0.307      ;
; 0.186 ; EEprom:EEprom|SPI_Master:EEPROM_WRITE|bitcounter[3]               ; EEprom:EEprom|SPI_Master:EEPROM_WRITE|bitcounter[3]                                                         ; clk_50       ; clk_50      ; 0.000        ; 0.037      ; 0.307      ;
; 0.186 ; EEprom:EEprom|SPI_Master:EEPROM_WRITE|bitcounter[1]               ; EEprom:EEprom|SPI_Master:EEPROM_WRITE|bitcounter[1]                                                         ; clk_50       ; clk_50      ; 0.000        ; 0.037      ; 0.307      ;
; 0.186 ; EEprom:EEprom|SPI_Master:EEPROM_WRITE|bitcounter[0]               ; EEprom:EEprom|SPI_Master:EEPROM_WRITE|bitcounter[0]                                                         ; clk_50       ; clk_50      ; 0.000        ; 0.037      ; 0.307      ;
; 0.186 ; EEprom:EEprom|SPI_Master:EEPROM_WRITE|spitxstate.spi_txactive     ; EEprom:EEprom|SPI_Master:EEPROM_WRITE|spitxstate.spi_txactive                                               ; clk_50       ; clk_50      ; 0.000        ; 0.037      ; 0.307      ;
; 0.186 ; EEprom:EEprom|SPI_Master:EEPROM_WRITE|bitcounter[2]               ; EEprom:EEprom|SPI_Master:EEPROM_WRITE|bitcounter[2]                                                         ; clk_50       ; clk_50      ; 0.000        ; 0.037      ; 0.307      ;
; 0.186 ; EEprom:EEprom|SPI_Master:EEPROM_WRITE|SS                          ; EEprom:EEprom|SPI_Master:EEPROM_WRITE|SS                                                                    ; clk_50       ; clk_50      ; 0.000        ; 0.037      ; 0.307      ;
; 0.186 ; byte_to_ascii:CONVO|bytetoconvert[1]                              ; byte_to_ascii:CONVO|bytetoconvert[1]                                                                        ; clk_50       ; clk_50      ; 0.000        ; 0.037      ; 0.307      ;
; 0.186 ; byte_to_ascii:CONVS|bytetoconvert[1]                              ; byte_to_ascii:CONVS|bytetoconvert[1]                                                                        ; clk_50       ; clk_50      ; 0.000        ; 0.037      ; 0.307      ;
; 0.186 ; SD_Card:SD_CARD|SPI_Master:SD_CARD_ACCESS|spitxstate.spi_etx      ; SD_Card:SD_CARD|SPI_Master:SD_CARD_ACCESS|spitxstate.spi_etx                                                ; clk_50       ; clk_50      ; 0.000        ; 0.037      ; 0.307      ;
; 0.186 ; SD_Card:SD_CARD|SPI_Master:SD_CARD_ACCESS|spitxstate.spi_stx      ; SD_Card:SD_CARD|SPI_Master:SD_CARD_ACCESS|spitxstate.spi_stx                                                ; clk_50       ; clk_50      ; 0.000        ; 0.037      ; 0.307      ;
; 0.186 ; SD_Card:SD_CARD|SPI_Master:SD_CARD_READ|bitcounter[3]             ; SD_Card:SD_CARD|SPI_Master:SD_CARD_READ|bitcounter[3]                                                       ; clk_50       ; clk_50      ; 0.000        ; 0.037      ; 0.307      ;
; 0.186 ; SD_Card:SD_CARD|SPI_Master:SD_CARD_READ|spiclk                    ; SD_Card:SD_CARD|SPI_Master:SD_CARD_READ|spiclk                                                              ; clk_50       ; clk_50      ; 0.000        ; 0.037      ; 0.307      ;
; 0.187 ; EEprom:EEprom|state.Delay                                         ; EEprom:EEprom|state.Delay                                                                                   ; clk_50       ; clk_50      ; 0.000        ; 0.036      ; 0.307      ;
; 0.187 ; EEprom:EEprom|state.Delay2                                        ; EEprom:EEprom|state.Delay2                                                                                  ; clk_50       ; clk_50      ; 0.000        ; 0.036      ; 0.307      ;
; 0.187 ; SD_Card:SD_CARD|active_master[0]                                  ; SD_Card:SD_CARD|active_master[0]                                                                            ; clk_50       ; clk_50      ; 0.000        ; 0.036      ; 0.307      ;
; 0.187 ; SD_Card:SD_CARD|state_A.continue                                  ; SD_Card:SD_CARD|state_A.continue                                                                            ; clk_50       ; clk_50      ; 0.000        ; 0.036      ; 0.307      ;
; 0.187 ; EEprom:EEprom|SPI_Master:EEPROM_READ|TX_Done                      ; EEprom:EEprom|SPI_Master:EEPROM_READ|TX_Done                                                                ; clk_50       ; clk_50      ; 0.000        ; 0.036      ; 0.307      ;
; 0.187 ; SD_Card:SD_CARD|state_A.stop                                      ; SD_Card:SD_CARD|state_A.stop                                                                                ; clk_50       ; clk_50      ; 0.000        ; 0.036      ; 0.307      ;
; 0.187 ; EEprom:EEprom|SPI_Master:EEPROM_READ|spitxstate.spi_etx           ; EEprom:EEprom|SPI_Master:EEPROM_READ|spitxstate.spi_etx                                                     ; clk_50       ; clk_50      ; 0.000        ; 0.036      ; 0.307      ;
; 0.187 ; EEprom:EEprom|SPI_Master:EEPROM_READ|spitxstate.spi_stx           ; EEprom:EEprom|SPI_Master:EEPROM_READ|spitxstate.spi_stx                                                     ; clk_50       ; clk_50      ; 0.000        ; 0.036      ; 0.307      ;
; 0.187 ; SD_Card:SD_CARD|do_not_enable_SS                                  ; SD_Card:SD_CARD|do_not_enable_SS                                                                            ; clk_50       ; clk_50      ; 0.000        ; 0.036      ; 0.307      ;
; 0.187 ; EEprom:EEprom|SPI_Master:EEPROM_STAT|TX_Done                      ; EEprom:EEprom|SPI_Master:EEPROM_STAT|TX_Done                                                                ; clk_50       ; clk_50      ; 0.000        ; 0.036      ; 0.307      ;
; 0.187 ; EEprom:EEprom|TX_Start_R                                          ; EEprom:EEprom|TX_Start_R                                                                                    ; clk_50       ; clk_50      ; 0.000        ; 0.036      ; 0.307      ;
; 0.187 ; EEprom:EEprom|state.wait_for_read                                 ; EEprom:EEprom|state.wait_for_read                                                                           ; clk_50       ; clk_50      ; 0.000        ; 0.036      ; 0.307      ;
; 0.187 ; EEprom:EEprom|state.wait_for_Master                               ; EEprom:EEprom|state.wait_for_Master                                                                         ; clk_50       ; clk_50      ; 0.000        ; 0.036      ; 0.307      ;
; 0.187 ; SD_Card:SD_CARD|TX_Start_R                                        ; SD_Card:SD_CARD|TX_Start_R                                                                                  ; clk_50       ; clk_50      ; 0.000        ; 0.036      ; 0.307      ;
; 0.187 ; EEprom:EEprom|SPI_Master:EEPROM_CMD|TX_Done                       ; EEprom:EEprom|SPI_Master:EEPROM_CMD|TX_Done                                                                 ; clk_50       ; clk_50      ; 0.000        ; 0.036      ; 0.307      ;
; 0.187 ; SD_Card:SD_CARD|state_A.check_sector_byte                         ; SD_Card:SD_CARD|state_A.check_sector_byte                                                                   ; clk_50       ; clk_50      ; 0.000        ; 0.036      ; 0.307      ;
; 0.187 ; EEprom:EEprom|WIP_bit                                             ; EEprom:EEprom|WIP_bit                                                                                       ; clk_50       ; clk_50      ; 0.000        ; 0.036      ; 0.307      ;
; 0.187 ; EEprom:EEprom|state.wait_for_Master_III                           ; EEprom:EEprom|state.wait_for_Master_III                                                                     ; clk_50       ; clk_50      ; 0.000        ; 0.036      ; 0.307      ;
; 0.187 ; EEprom:EEprom|state.wait_for_get_status_reg                       ; EEprom:EEprom|state.wait_for_get_status_reg                                                                 ; clk_50       ; clk_50      ; 0.000        ; 0.036      ; 0.307      ;
; 0.187 ; EEprom:EEprom|SPI_Master:EEPROM_STAT|spitxstate.spi_etx           ; EEprom:EEprom|SPI_Master:EEPROM_STAT|spitxstate.spi_etx                                                     ; clk_50       ; clk_50      ; 0.000        ; 0.036      ; 0.307      ;
; 0.187 ; SD_Card:SD_CARD|state_A.all_done                                  ; SD_Card:SD_CARD|state_A.all_done                                                                            ; clk_50       ; clk_50      ; 0.000        ; 0.036      ; 0.307      ;
; 0.187 ; gosof80:SOUNDBOARD|SC01:SC01_Simu|state.Speech                    ; gosof80:SOUNDBOARD|SC01:SC01_Simu|state.Speech                                                              ; clk_50       ; clk_50      ; 0.000        ; 0.036      ; 0.307      ;
; 0.187 ; SD_Card:SD_CARD|do_not_disable_SS                                 ; SD_Card:SD_CARD|do_not_disable_SS                                                                           ; clk_50       ; clk_50      ; 0.000        ; 0.036      ; 0.307      ;
; 0.187 ; SD_Card:SD_CARD|SPI_Master:SD_CARD_READ|spitxstate.spi_stx        ; SD_Card:SD_CARD|SPI_Master:SD_CARD_READ|spitxstate.spi_stx                                                  ; clk_50       ; clk_50      ; 0.000        ; 0.036      ; 0.307      ;
; 0.187 ; EEprom:EEprom|SPI_Master:EEPROM_CMD|spitxstate.spi_etx            ; EEprom:EEprom|SPI_Master:EEPROM_CMD|spitxstate.spi_etx                                                      ; clk_50       ; clk_50      ; 0.000        ; 0.036      ; 0.307      ;
; 0.187 ; EEprom:EEprom|SPI_Master:EEPROM_CMD|spitxstate.spi_stx            ; EEprom:EEprom|SPI_Master:EEPROM_CMD|spitxstate.spi_stx                                                      ; clk_50       ; clk_50      ; 0.000        ; 0.036      ; 0.307      ;
; 0.187 ; EEprom:EEprom|TX_Start_Cmd                                        ; EEprom:EEprom|TX_Start_Cmd                                                                                  ; clk_50       ; clk_50      ; 0.000        ; 0.036      ; 0.307      ;
; 0.187 ; EEprom:EEprom|state.wait_for_Cmd_done                             ; EEprom:EEprom|state.wait_for_Cmd_done                                                                       ; clk_50       ; clk_50      ; 0.000        ; 0.036      ; 0.307      ;
; 0.187 ; EEprom:EEprom|TX_Start_Stat                                       ; EEprom:EEprom|TX_Start_Stat                                                                                 ; clk_50       ; clk_50      ; 0.000        ; 0.036      ; 0.307      ;
; 0.187 ; gosof80:SOUNDBOARD|SC01:SC01_Simu|AR                              ; gosof80:SOUNDBOARD|SC01:SC01_Simu|AR                                                                        ; clk_50       ; clk_50      ; 0.000        ; 0.036      ; 0.307      ;
; 0.187 ; gosof80:SOUNDBOARD|SC01:SC01_Simu|state.Idle                      ; gosof80:SOUNDBOARD|SC01:SC01_Simu|state.Idle                                                                ; clk_50       ; clk_50      ; 0.000        ; 0.036      ; 0.307      ;
; 0.187 ; SD_Card:SD_CARD|SPI_Master:SD_CARD_READ|TX_Done                   ; SD_Card:SD_CARD|SPI_Master:SD_CARD_READ|TX_Done                                                             ; clk_50       ; clk_50      ; 0.000        ; 0.036      ; 0.307      ;
; 0.187 ; SD_Card:SD_CARD|SPI_Master:SD_CARD_READ|spitxstate.spi_txactive   ; SD_Card:SD_CARD|SPI_Master:SD_CARD_READ|spitxstate.spi_txactive                                             ; clk_50       ; clk_50      ; 0.000        ; 0.036      ; 0.307      ;
; 0.187 ; SD_Card:SD_CARD|SPI_Master:SD_CARD_READ|spitxstate.spi_etx        ; SD_Card:SD_CARD|SPI_Master:SD_CARD_READ|spitxstate.spi_etx                                                  ; clk_50       ; clk_50      ; 0.000        ; 0.036      ; 0.307      ;
; 0.187 ; SD_Card:SD_CARD|SPI_Master:SD_CARD_ACCESS|TX_Done                 ; SD_Card:SD_CARD|SPI_Master:SD_CARD_ACCESS|TX_Done                                                           ; clk_50       ; clk_50      ; 0.000        ; 0.036      ; 0.307      ;
; 0.187 ; SD_Card:SD_CARD|state_A.wait_for_begin_of_data                    ; SD_Card:SD_CARD|state_A.wait_for_begin_of_data                                                              ; clk_50       ; clk_50      ; 0.000        ; 0.036      ; 0.307      ;
; 0.187 ; EEprom:EEprom|SPI_Master:EEPROM_STAT|spitxstate.spi_stx           ; EEprom:EEprom|SPI_Master:EEPROM_STAT|spitxstate.spi_stx                                                     ; clk_50       ; clk_50      ; 0.000        ; 0.036      ; 0.307      ;
; 0.187 ; SD_Card:SD_CARD|state_A.wait_for_byte_read                        ; SD_Card:SD_CARD|state_A.wait_for_byte_read                                                                  ; clk_50       ; clk_50      ; 0.000        ; 0.036      ; 0.307      ;
; 0.187 ; EEprom:EEprom|state.wait_for_Master_II                            ; EEprom:EEprom|state.wait_for_Master_II                                                                      ; clk_50       ; clk_50      ; 0.000        ; 0.036      ; 0.307      ;
; 0.187 ; sn74175:sn74175_Sound16|Q[1]                                      ; sn74175:sn74175_Sound16|Q[1]                                                                                ; clk_50       ; clk_50      ; 0.000        ; 0.036      ; 0.307      ;
; 0.187 ; EEprom:EEprom|TX_Start_W                                          ; EEprom:EEprom|TX_Start_W                                                                                    ; clk_50       ; clk_50      ; 0.000        ; 0.036      ; 0.307      ;
; 0.187 ; SD_Card:SD_CARD|active_master[1]                                  ; SD_Card:SD_CARD|active_master[1]                                                                            ; clk_50       ; clk_50      ; 0.000        ; 0.036      ; 0.307      ;
; 0.187 ; SD_Card:SD_CARD|state_A.stop_read                                 ; SD_Card:SD_CARD|state_A.stop_read                                                                           ; clk_50       ; clk_50      ; 0.000        ; 0.036      ; 0.307      ;
; 0.187 ; SD_Card:SD_CARD|SDcard_error                                      ; SD_Card:SD_CARD|SDcard_error                                                                                ; clk_50       ; clk_50      ; 0.000        ; 0.036      ; 0.307      ;
; 0.187 ; gosof80:SOUNDBOARD|DFPlayer_Mini_CMD:DFP_send|txd                 ; gosof80:SOUNDBOARD|DFPlayer_Mini_CMD:DFP_send|txd                                                           ; clk_50       ; clk_50      ; 0.000        ; 0.036      ; 0.307      ;
; 0.187 ; SD_Card:SD_CARD|SPI_Master:SD_CARD_ACCESS|tx_reg[0]               ; SD_Card:SD_CARD|SPI_Master:SD_CARD_ACCESS|tx_reg[0]                                                         ; clk_50       ; clk_50      ; 0.000        ; 0.036      ; 0.307      ;
; 0.187 ; EEprom:EEprom|wr_ram                                              ; EEprom:EEprom|wr_ram                                                                                        ; clk_50       ; clk_50      ; 0.000        ; 0.036      ; 0.307      ;
; 0.187 ; SD_Card:SD_CARD|SPI_Master:SD_CARD_ACCESS|spiclk                  ; SD_Card:SD_CARD|SPI_Master:SD_CARD_ACCESS|spiclk                                                            ; clk_50       ; clk_50      ; 0.000        ; 0.036      ; 0.307      ;
; 0.187 ; EEprom:EEprom|SPI_Master:EEPROM_READ|bitcounter[5]                ; EEprom:EEprom|SPI_Master:EEPROM_READ|bitcounter[5]                                                          ; clk_50       ; clk_50      ; 0.000        ; 0.036      ; 0.307      ;
; 0.187 ; EEprom:EEprom|SPI_Master:EEPROM_READ|bitcounter[3]                ; EEprom:EEprom|SPI_Master:EEPROM_READ|bitcounter[3]                                                          ; clk_50       ; clk_50      ; 0.000        ; 0.036      ; 0.307      ;
; 0.187 ; EEprom:EEprom|SPI_Master:EEPROM_READ|bitcounter[2]                ; EEprom:EEprom|SPI_Master:EEPROM_READ|bitcounter[2]                                                          ; clk_50       ; clk_50      ; 0.000        ; 0.036      ; 0.307      ;
; 0.187 ; EEprom:EEprom|SPI_Master:EEPROM_READ|bitcounter[1]                ; EEprom:EEprom|SPI_Master:EEPROM_READ|bitcounter[1]                                                          ; clk_50       ; clk_50      ; 0.000        ; 0.036      ; 0.307      ;
; 0.187 ; EEprom:EEprom|SPI_Master:EEPROM_READ|bitcounter[0]                ; EEprom:EEprom|SPI_Master:EEPROM_READ|bitcounter[0]                                                          ; clk_50       ; clk_50      ; 0.000        ; 0.036      ; 0.307      ;
; 0.187 ; EEprom:EEprom|SPI_Master:EEPROM_READ|spiclk                       ; EEprom:EEprom|SPI_Master:EEPROM_READ|spiclk                                                                 ; clk_50       ; clk_50      ; 0.000        ; 0.036      ; 0.307      ;
; 0.187 ; EEprom:EEprom|SPI_Master:EEPROM_READ|bitcounter[4]                ; EEprom:EEprom|SPI_Master:EEPROM_READ|bitcounter[4]                                                          ; clk_50       ; clk_50      ; 0.000        ; 0.036      ; 0.307      ;
; 0.187 ; EEprom:EEprom|SPI_Master:EEPROM_READ|spitxstate.spi_txactive      ; EEprom:EEprom|SPI_Master:EEPROM_READ|spitxstate.spi_txactive                                                ; clk_50       ; clk_50      ; 0.000        ; 0.036      ; 0.307      ;
; 0.187 ; EEprom:EEprom|SPI_Master:EEPROM_STAT|rx_reg[0]                    ; EEprom:EEprom|SPI_Master:EEPROM_STAT|rx_reg[0]                                                              ; clk_50       ; clk_50      ; 0.000        ; 0.036      ; 0.307      ;
; 0.187 ; EEprom:EEprom|SPI_Master:EEPROM_STAT|bitcounter[3]                ; EEprom:EEprom|SPI_Master:EEPROM_STAT|bitcounter[3]                                                          ; clk_50       ; clk_50      ; 0.000        ; 0.036      ; 0.307      ;
; 0.187 ; EEprom:EEprom|SPI_Master:EEPROM_STAT|bitcounter[2]                ; EEprom:EEprom|SPI_Master:EEPROM_STAT|bitcounter[2]                                                          ; clk_50       ; clk_50      ; 0.000        ; 0.036      ; 0.307      ;
; 0.187 ; EEprom:EEprom|SPI_Master:EEPROM_STAT|bitcounter[1]                ; EEprom:EEprom|SPI_Master:EEPROM_STAT|bitcounter[1]                                                          ; clk_50       ; clk_50      ; 0.000        ; 0.036      ; 0.307      ;
; 0.187 ; EEprom:EEprom|SPI_Master:EEPROM_STAT|bitcounter[0]                ; EEprom:EEprom|SPI_Master:EEPROM_STAT|bitcounter[0]                                                          ; clk_50       ; clk_50      ; 0.000        ; 0.036      ; 0.307      ;
; 0.187 ; EEprom:EEprom|SPI_Master:EEPROM_STAT|bitcounter[4]                ; EEprom:EEprom|SPI_Master:EEPROM_STAT|bitcounter[4]                                                          ; clk_50       ; clk_50      ; 0.000        ; 0.036      ; 0.307      ;
; 0.187 ; EEprom:EEprom|SPI_Master:EEPROM_STAT|spitxstate.spi_txactive      ; EEprom:EEprom|SPI_Master:EEPROM_STAT|spitxstate.spi_txactive                                                ; clk_50       ; clk_50      ; 0.000        ; 0.036      ; 0.307      ;
; 0.187 ; EEprom:EEprom|SPI_Master:EEPROM_READ|tx_reg[8]                    ; EEprom:EEprom|SPI_Master:EEPROM_READ|tx_reg[8]                                                              ; clk_50       ; clk_50      ; 0.000        ; 0.036      ; 0.307      ;
; 0.187 ; EEprom:EEprom|SPI_Master:EEPROM_WRITE|spiclk                      ; EEprom:EEprom|SPI_Master:EEPROM_WRITE|spiclk                                                                ; clk_50       ; clk_50      ; 0.000        ; 0.036      ; 0.307      ;
; 0.187 ; EEprom:EEprom|state.wait_for_Write_done                           ; EEprom:EEprom|state.wait_for_Write_done                                                                     ; clk_50       ; clk_50      ; 0.000        ; 0.036      ; 0.307      ;
; 0.187 ; EEprom:EEprom|state.wait_for_Master_I                             ; EEprom:EEprom|state.wait_for_Master_I                                                                       ; clk_50       ; clk_50      ; 0.000        ; 0.036      ; 0.307      ;
; 0.187 ; EEprom:EEprom|SPI_Master:EEPROM_CMD|bitcounter[1]                 ; EEprom:EEprom|SPI_Master:EEPROM_CMD|bitcounter[1]                                                           ; clk_50       ; clk_50      ; 0.000        ; 0.036      ; 0.307      ;
; 0.187 ; EEprom:EEprom|SPI_Master:EEPROM_CMD|bitcounter[2]                 ; EEprom:EEprom|SPI_Master:EEPROM_CMD|bitcounter[2]                                                           ; clk_50       ; clk_50      ; 0.000        ; 0.036      ; 0.307      ;
+-------+-------------------------------------------------------------------+-------------------------------------------------------------------------------------------------------------+--------------+-------------+--------------+------------+------------+


+-------------------------------------------------------------------------------------------------------------------------------------------------------------------------------------------------------+
; Fast 1200mV 0C Model Hold: 'cpu_clk_out'                                                                                                                                                              ;
+-------+------------------------------------------------------------+------------------------------------------------------------+--------------+-------------+--------------+------------+------------+
; Slack ; From Node                                                  ; To Node                                                    ; Launch Clock ; Latch Clock ; Relationship ; Clock Skew ; Data Delay ;
+-------+------------------------------------------------------------+------------------------------------------------------------+--------------+-------------+--------------+------------+------------+
; 0.185 ; R6532:U4_IO|s_irq_timer_en                                 ; R6532:U4_IO|s_irq_timer_en                                 ; cpu_clk_out  ; cpu_clk_out ; 0.000        ; 0.038      ; 0.307      ;
; 0.185 ; R6532:U5_IO|s_irq_timer_en                                 ; R6532:U5_IO|s_irq_timer_en                                 ; cpu_clk_out  ; cpu_clk_out ; 0.000        ; 0.038      ; 0.307      ;
; 0.185 ; R6532:U6_IO|s_irq_timer_en                                 ; R6532:U6_IO|s_irq_timer_en                                 ; cpu_clk_out  ; cpu_clk_out ; 0.000        ; 0.038      ; 0.307      ;
; 0.185 ; R6532:U5_IO|s_irq_timer                                    ; R6532:U5_IO|s_irq_timer                                    ; cpu_clk_out  ; cpu_clk_out ; 0.000        ; 0.038      ; 0.307      ;
; 0.185 ; R6532:U4_IO|s_irq_timer                                    ; R6532:U4_IO|s_irq_timer                                    ; cpu_clk_out  ; cpu_clk_out ; 0.000        ; 0.038      ; 0.307      ;
; 0.185 ; R6532:U6_IO|s_dout[7]                                      ; R6532:U6_IO|s_dout[7]                                      ; cpu_clk_out  ; cpu_clk_out ; 0.000        ; 0.038      ; 0.307      ;
; 0.185 ; R6532:U6_IO|s_irq_timer                                    ; R6532:U6_IO|s_irq_timer                                    ; cpu_clk_out  ; cpu_clk_out ; 0.000        ; 0.038      ; 0.307      ;
; 0.186 ; T65:U1|P[7]                                                ; T65:U1|P[7]                                                ; cpu_clk_out  ; cpu_clk_out ; 0.000        ; 0.037      ; 0.307      ;
; 0.186 ; detect_sw:detect_credit_sw|long_push                       ; detect_sw:detect_credit_sw|long_push                       ; cpu_clk_out  ; cpu_clk_out ; 0.000        ; 0.037      ; 0.307      ;
; 0.186 ; detect_sw:detect_credit_sw|state.Idle                      ; detect_sw:detect_credit_sw|state.Idle                      ; cpu_clk_out  ; cpu_clk_out ; 0.000        ; 0.037      ; 0.307      ;
; 0.186 ; detect_sw:detect_credit_sw|state.counting                  ; detect_sw:detect_credit_sw|state.counting                  ; cpu_clk_out  ; cpu_clk_out ; 0.000        ; 0.037      ; 0.307      ;
; 0.186 ; gosof80:SOUNDBOARD|T65:CPU|BusB_r[0]                       ; gosof80:SOUNDBOARD|T65:CPU|BusB_r[0]                       ; cpu_clk_out  ; cpu_clk_out ; 0.000        ; 0.037      ; 0.307      ;
; 0.186 ; boot_message:BM|Din_Seg_B[4]                               ; boot_message:BM|Din_Seg_B[4]                               ; cpu_clk_out  ; cpu_clk_out ; 0.000        ; 0.037      ; 0.307      ;
; 0.186 ; boot_message:BM|Din_Seg_B[5]                               ; boot_message:BM|Din_Seg_B[5]                               ; cpu_clk_out  ; cpu_clk_out ; 0.000        ; 0.037      ; 0.307      ;
; 0.186 ; gosof80:SOUNDBOARD|R6532:RIOT|s_irq_timer_en               ; gosof80:SOUNDBOARD|R6532:RIOT|s_irq_timer_en               ; cpu_clk_out  ; cpu_clk_out ; 0.000        ; 0.037      ; 0.307      ;
; 0.186 ; T65:U1|BAL[8]                                              ; T65:U1|BAL[8]                                              ; cpu_clk_out  ; cpu_clk_out ; 0.000        ; 0.037      ; 0.307      ;
; 0.186 ; gosof80:SOUNDBOARD|R6532:RIOT|s_irq_timer                  ; gosof80:SOUNDBOARD|R6532:RIOT|s_irq_timer                  ; cpu_clk_out  ; cpu_clk_out ; 0.000        ; 0.037      ; 0.307      ;
; 0.186 ; read_the_dips:RDIPS|state.Idle                             ; read_the_dips:RDIPS|state.Idle                             ; cpu_clk_out  ; cpu_clk_out ; 0.000        ; 0.037      ; 0.307      ;
; 0.186 ; T65:U1|MCycle[2]                                           ; T65:U1|MCycle[2]                                           ; cpu_clk_out  ; cpu_clk_out ; 0.000        ; 0.037      ; 0.307      ;
; 0.186 ; T65:U1|MCycle[1]                                           ; T65:U1|MCycle[1]                                           ; cpu_clk_out  ; cpu_clk_out ; 0.000        ; 0.037      ; 0.307      ;
; 0.186 ; T65:U1|IRQ_n_o                                             ; T65:U1|IRQ_n_o                                             ; cpu_clk_out  ; cpu_clk_out ; 0.000        ; 0.037      ; 0.307      ;
; 0.186 ; gosof80:SOUNDBOARD|T65:CPU|MCycle[2]                       ; gosof80:SOUNDBOARD|T65:CPU|MCycle[2]                       ; cpu_clk_out  ; cpu_clk_out ; 0.000        ; 0.037      ; 0.307      ;
; 0.186 ; gosof80:SOUNDBOARD|T65:CPU|MCycle[1]                       ; gosof80:SOUNDBOARD|T65:CPU|MCycle[1]                       ; cpu_clk_out  ; cpu_clk_out ; 0.000        ; 0.037      ; 0.307      ;
; 0.186 ; T65:U1|P[1]                                                ; T65:U1|P[1]                                                ; cpu_clk_out  ; cpu_clk_out ; 0.000        ; 0.037      ; 0.307      ;
; 0.186 ; T65:U1|BusB_r[0]                                           ; T65:U1|BusB_r[0]                                           ; cpu_clk_out  ; cpu_clk_out ; 0.000        ; 0.037      ; 0.307      ;
; 0.186 ; boot_message:BM|bm_digit_strobe[0]                         ; boot_message:BM|bm_digit_strobe[0]                         ; cpu_clk_out  ; cpu_clk_out ; 0.000        ; 0.037      ; 0.307      ;
; 0.186 ; detect_sw:detect_credit_sw|state.delay                     ; detect_sw:detect_credit_sw|state.delay                     ; cpu_clk_out  ; cpu_clk_out ; 0.000        ; 0.037      ; 0.307      ;
; 0.187 ; gosof80:SOUNDBOARD|T65:CPU|P[7]                            ; gosof80:SOUNDBOARD|T65:CPU|P[7]                            ; cpu_clk_out  ; cpu_clk_out ; 0.000        ; 0.036      ; 0.307      ;
; 0.187 ; detect_sw:detect_test_sw|state.Idle                        ; detect_sw:detect_test_sw|state.Idle                        ; cpu_clk_out  ; cpu_clk_out ; 0.000        ; 0.036      ; 0.307      ;
; 0.187 ; detect_sw_trigger:detect_credit_sw_trigger|state.wait_open ; detect_sw_trigger:detect_credit_sw_trigger|state.wait_open ; cpu_clk_out  ; cpu_clk_out ; 0.000        ; 0.036      ; 0.307      ;
; 0.187 ; detect_sw_trigger:detect_credit_sw_trigger|state.Idle      ; detect_sw_trigger:detect_credit_sw_trigger|state.Idle      ; cpu_clk_out  ; cpu_clk_out ; 0.000        ; 0.036      ; 0.307      ;
; 0.187 ; detect_sw_trigger:detect_credit_sw_trigger|state.counting  ; detect_sw_trigger:detect_credit_sw_trigger|state.counting  ; cpu_clk_out  ; cpu_clk_out ; 0.000        ; 0.036      ; 0.307      ;
; 0.187 ; detect_sw:detect_test_sw|state.counting                    ; detect_sw:detect_test_sw|state.counting                    ; cpu_clk_out  ; cpu_clk_out ; 0.000        ; 0.036      ; 0.307      ;
; 0.187 ; gosof80:SOUNDBOARD|T65:CPU|P[1]                            ; gosof80:SOUNDBOARD|T65:CPU|P[1]                            ; cpu_clk_out  ; cpu_clk_out ; 0.000        ; 0.036      ; 0.307      ;
; 0.187 ; detect_sw:detect_test_sw|state.delay                       ; detect_sw:detect_test_sw|state.delay                       ; cpu_clk_out  ; cpu_clk_out ; 0.000        ; 0.036      ; 0.307      ;
; 0.187 ; anti_thunk:AT|count_ds[3]                                  ; anti_thunk:AT|count_ds[3]                                  ; cpu_clk_out  ; cpu_clk_out ; 0.000        ; 0.036      ; 0.307      ;
; 0.187 ; anti_thunk:AT|count_ds[2]                                  ; anti_thunk:AT|count_ds[2]                                  ; cpu_clk_out  ; cpu_clk_out ; 0.000        ; 0.036      ; 0.307      ;
; 0.187 ; anti_thunk:AT|count_ds[1]                                  ; anti_thunk:AT|count_ds[1]                                  ; cpu_clk_out  ; cpu_clk_out ; 0.000        ; 0.036      ; 0.307      ;
; 0.187 ; boot_message:BM|bm_digit_strobe[3]                         ; boot_message:BM|bm_digit_strobe[3]                         ; cpu_clk_out  ; cpu_clk_out ; 0.000        ; 0.036      ; 0.307      ;
; 0.187 ; boot_message:BM|bm_digit_strobe[1]                         ; boot_message:BM|bm_digit_strobe[1]                         ; cpu_clk_out  ; cpu_clk_out ; 0.000        ; 0.036      ; 0.307      ;
; 0.193 ; Cross_Slow_To_Fast_Clock_Bus:META2|r1_Data[1]              ; Cross_Slow_To_Fast_Clock_Bus:META2|r2_Data[1]              ; cpu_clk_out  ; cpu_clk_out ; 0.000        ; 0.037      ; 0.314      ;
; 0.193 ; T65:U1|MCycle[0]                                           ; T65:U1|MCycle[0]                                           ; cpu_clk_out  ; cpu_clk_out ; 0.000        ; 0.037      ; 0.314      ;
; 0.193 ; Cross_Slow_To_Fast_Clock_Bus:META2|r1_Data[7]              ; Cross_Slow_To_Fast_Clock_Bus:META2|r2_Data[7]              ; cpu_clk_out  ; cpu_clk_out ; 0.000        ; 0.037      ; 0.314      ;
; 0.193 ; Cross_Slow_To_Fast_Clock_Bus:META2|r1_Data[4]              ; Cross_Slow_To_Fast_Clock_Bus:META2|r2_Data[4]              ; cpu_clk_out  ; cpu_clk_out ; 0.000        ; 0.037      ; 0.314      ;
; 0.193 ; Cross_Slow_To_Fast_Clock_Bus:META2|r1_Data[2]              ; Cross_Slow_To_Fast_Clock_Bus:META2|r2_Data[2]              ; cpu_clk_out  ; cpu_clk_out ; 0.000        ; 0.037      ; 0.314      ;
; 0.193 ; gosof80:SOUNDBOARD|T65:CPU|MCycle[0]                       ; gosof80:SOUNDBOARD|T65:CPU|MCycle[0]                       ; cpu_clk_out  ; cpu_clk_out ; 0.000        ; 0.037      ; 0.314      ;
; 0.193 ; Cross_Slow_To_Fast_Clock_Bus:META2|r1_Data[0]              ; Cross_Slow_To_Fast_Clock_Bus:META2|r2_Data[0]              ; cpu_clk_out  ; cpu_clk_out ; 0.000        ; 0.037      ; 0.314      ;
; 0.193 ; Cross_Slow_To_Fast_Clock_Bus:META2|r1_Data[6]              ; Cross_Slow_To_Fast_Clock_Bus:META2|r2_Data[6]              ; cpu_clk_out  ; cpu_clk_out ; 0.000        ; 0.037      ; 0.314      ;
; 0.194 ; Cross_Slow_To_Fast_Clock_Bus:META2|r2_Data[7]              ; Cross_Slow_To_Fast_Clock_Bus:META2|o_Q[7]                  ; cpu_clk_out  ; cpu_clk_out ; 0.000        ; 0.037      ; 0.315      ;
; 0.195 ; Cross_Slow_To_Fast_Clock:META1|r1_Data                     ; Cross_Slow_To_Fast_Clock:META1|r2_Data                     ; cpu_clk_out  ; cpu_clk_out ; 0.000        ; 0.037      ; 0.316      ;
; 0.202 ; gosof80:SOUNDBOARD|T65:CPU|NMI_entered                     ; gosof80:SOUNDBOARD|T65:CPU|NMIAct                          ; cpu_clk_out  ; cpu_clk_out ; 0.000        ; 0.037      ; 0.323      ;
; 0.203 ; R6532:U6_IO|s_irq_timer                                    ; R6532:U6_IO|irq_n                                          ; cpu_clk_out  ; cpu_clk_out ; 0.000        ; 0.038      ; 0.325      ;
; 0.207 ; R6532:U5_IO|s_irq_timer                                    ; R6532:U5_IO|irq_n                                          ; cpu_clk_out  ; cpu_clk_out ; 0.000        ; 0.038      ; 0.329      ;
; 0.211 ; detect_sw:detect_credit_sw|state.Idle                      ; detect_sw:detect_credit_sw|long_push                       ; cpu_clk_out  ; cpu_clk_out ; 0.000        ; 0.037      ; 0.332      ;
; 0.212 ; anti_thunk:AT|count_ds[1]                                  ; anti_thunk:AT|count_ds[3]                                  ; cpu_clk_out  ; cpu_clk_out ; 0.000        ; 0.036      ; 0.332      ;
; 0.214 ; anti_thunk:AT|count_ds[0]                                  ; anti_thunk:AT|count_ds[1]                                  ; cpu_clk_out  ; cpu_clk_out ; 0.000        ; 0.036      ; 0.334      ;
; 0.217 ; anti_thunk:AT|count_ds[0]                                  ; anti_thunk:AT|count_ds[2]                                  ; cpu_clk_out  ; cpu_clk_out ; 0.000        ; 0.036      ; 0.337      ;
; 0.251 ; gosof80:SOUNDBOARD|R6532:RIOT|s_irq_timer_en               ; gosof80:SOUNDBOARD|R6532:RIOT|irq_n                        ; cpu_clk_out  ; cpu_clk_out ; 0.000        ; 0.037      ; 0.372      ;
; 0.255 ; read_the_dips:RDIPS|state.Read3                            ; read_the_dips:RDIPS|strobes[3]                             ; cpu_clk_out  ; cpu_clk_out ; 0.000        ; 0.037      ; 0.376      ;
; 0.257 ; read_the_dips:RDIPS|state.Read3                            ; read_the_dips:RDIPS|state.Read4                            ; cpu_clk_out  ; cpu_clk_out ; 0.000        ; 0.037      ; 0.378      ;
; 0.257 ; read_the_dips:RDIPS|state.Read2                            ; read_the_dips:RDIPS|strobes[2]                             ; cpu_clk_out  ; cpu_clk_out ; 0.000        ; 0.037      ; 0.378      ;
; 0.258 ; read_the_dips:RDIPS|state.Read2                            ; read_the_dips:RDIPS|state.Read3                            ; cpu_clk_out  ; cpu_clk_out ; 0.000        ; 0.037      ; 0.379      ;
; 0.263 ; gosof80:SOUNDBOARD|T65:CPU|RstCycle                        ; gosof80:SOUNDBOARD|T65:CPU|P[2]                            ; cpu_clk_out  ; cpu_clk_out ; 0.000        ; 0.037      ; 0.384      ;
; 0.264 ; read_the_dips:RDIPS|state.Read1                            ; read_the_dips:RDIPS|state.Read2                            ; cpu_clk_out  ; cpu_clk_out ; 0.000        ; 0.037      ; 0.385      ;
; 0.266 ; Cross_Slow_To_Fast_Clock_Bus:META2|r2_Data[1]              ; Cross_Slow_To_Fast_Clock_Bus:META2|o_Q[1]                  ; cpu_clk_out  ; cpu_clk_out ; 0.000        ; 0.037      ; 0.387      ;
; 0.266 ; T65:U1|Res_n_d                                             ; T65:U1|Res_n_i                                             ; cpu_clk_out  ; cpu_clk_out ; 0.000        ; 0.037      ; 0.387      ;
; 0.267 ; Cross_Slow_To_Fast_Clock_Bus:META2|r2_Data[3]              ; Cross_Slow_To_Fast_Clock_Bus:META2|o_Q[3]                  ; cpu_clk_out  ; cpu_clk_out ; 0.000        ; 0.037      ; 0.388      ;
; 0.267 ; Cross_Slow_To_Fast_Clock_Bus:META2|r2_Data[0]              ; Cross_Slow_To_Fast_Clock_Bus:META2|o_Q[0]                  ; cpu_clk_out  ; cpu_clk_out ; 0.000        ; 0.037      ; 0.388      ;
; 0.267 ; Cross_Slow_To_Fast_Clock_Bus:META2|r2_Data[6]              ; Cross_Slow_To_Fast_Clock_Bus:META2|o_Q[6]                  ; cpu_clk_out  ; cpu_clk_out ; 0.000        ; 0.037      ; 0.388      ;
; 0.268 ; Cross_Slow_To_Fast_Clock:META1|r2_Data                     ; Cross_Slow_To_Fast_Clock:META1|o_Q                         ; cpu_clk_out  ; cpu_clk_out ; 0.000        ; 0.037      ; 0.389      ;
; 0.268 ; Cross_Slow_To_Fast_Clock_Bus:META2|r2_Data[4]              ; Cross_Slow_To_Fast_Clock_Bus:META2|o_Q[4]                  ; cpu_clk_out  ; cpu_clk_out ; 0.000        ; 0.037      ; 0.389      ;
; 0.268 ; Cross_Slow_To_Fast_Clock_Bus:META2|r2_Data[5]              ; Cross_Slow_To_Fast_Clock_Bus:META2|o_Q[5]                  ; cpu_clk_out  ; cpu_clk_out ; 0.000        ; 0.037      ; 0.389      ;
; 0.269 ; Cross_Slow_To_Fast_Clock_Bus:META2|r2_Data[2]              ; Cross_Slow_To_Fast_Clock_Bus:META2|o_Q[2]                  ; cpu_clk_out  ; cpu_clk_out ; 0.000        ; 0.037      ; 0.390      ;
; 0.269 ; read_the_dips:RDIPS|state.Start                            ; read_the_dips:RDIPS|state.Read1                            ; cpu_clk_out  ; cpu_clk_out ; 0.000        ; 0.037      ; 0.390      ;
; 0.269 ; read_the_dips:RDIPS|state.Read1                            ; read_the_dips:RDIPS|strobes[1]                             ; cpu_clk_out  ; cpu_clk_out ; 0.000        ; 0.037      ; 0.390      ;
; 0.271 ; anti_thunk:AT|count[14]                                    ; anti_thunk:AT|count[14]                                    ; cpu_clk_out  ; cpu_clk_out ; 0.000        ; 0.036      ; 0.391      ;
; 0.275 ; R6532:U4_IO|s_irq_pa7_en                                   ; R6532:U4_IO|irq_n                                          ; cpu_clk_out  ; cpu_clk_out ; 0.000        ; 0.037      ; 0.396      ;
; 0.281 ; Cross_Slow_To_Fast_Clock:META1|o_Q                         ; read_the_dips:RDIPS|state.Read2                            ; cpu_clk_out  ; cpu_clk_out ; 0.000        ; 0.037      ; 0.402      ;
; 0.282 ; gosof80:SOUNDBOARD|T65:CPU|MCycle[0]                       ; gosof80:SOUNDBOARD|T65:CPU|MCycle[1]                       ; cpu_clk_out  ; cpu_clk_out ; 0.000        ; 0.037      ; 0.403      ;
; 0.285 ; gosof80:SOUNDBOARD|T65:CPU|MCycle[0]                       ; gosof80:SOUNDBOARD|T65:CPU|MCycle[2]                       ; cpu_clk_out  ; cpu_clk_out ; 0.000        ; 0.037      ; 0.406      ;
; 0.285 ; read_the_dips:RDIPS|state.Start                            ; read_the_dips:RDIPS|strobes[0]                             ; cpu_clk_out  ; cpu_clk_out ; 0.000        ; 0.037      ; 0.406      ;
; 0.296 ; detect_sw:detect_credit_sw|check_counter[9]                ; detect_sw:detect_credit_sw|check_counter[9]                ; cpu_clk_out  ; cpu_clk_out ; 0.000        ; 0.037      ; 0.417      ;
; 0.296 ; R6532:U4_IO|s_count[7]                                     ; R6532:U4_IO|s_count[7]                                     ; cpu_clk_out  ; cpu_clk_out ; 0.000        ; 0.038      ; 0.418      ;
; 0.296 ; detect_sw:detect_credit_sw|closed_counter[9]               ; detect_sw:detect_credit_sw|closed_counter[9]               ; cpu_clk_out  ; cpu_clk_out ; 0.000        ; 0.037      ; 0.417      ;
; 0.297 ; read_the_dips:RDIPS|state.Read4                            ; read_the_dips:RDIPS|state.Idle                             ; cpu_clk_out  ; cpu_clk_out ; 0.000        ; 0.037      ; 0.418      ;
; 0.297 ; detect_sw:detect_credit_sw|check_counter[2]                ; detect_sw:detect_credit_sw|check_counter[2]                ; cpu_clk_out  ; cpu_clk_out ; 0.000        ; 0.037      ; 0.418      ;
; 0.297 ; detect_sw:detect_credit_sw|check_counter[7]                ; detect_sw:detect_credit_sw|check_counter[7]                ; cpu_clk_out  ; cpu_clk_out ; 0.000        ; 0.037      ; 0.418      ;
; 0.297 ; detect_sw:detect_credit_sw|check_counter[10]               ; detect_sw:detect_credit_sw|check_counter[10]               ; cpu_clk_out  ; cpu_clk_out ; 0.000        ; 0.037      ; 0.418      ;
; 0.297 ; detect_sw:detect_test_sw|closed_counter[15]                ; detect_sw:detect_test_sw|closed_counter[15]                ; cpu_clk_out  ; cpu_clk_out ; 0.000        ; 0.036      ; 0.417      ;
; 0.297 ; detect_sw:detect_test_sw|closed_counter[9]                 ; detect_sw:detect_test_sw|closed_counter[9]                 ; cpu_clk_out  ; cpu_clk_out ; 0.000        ; 0.036      ; 0.417      ;
; 0.297 ; R6532:U6_IO|s_count[8]                                     ; R6532:U6_IO|s_count[8]                                     ; cpu_clk_out  ; cpu_clk_out ; 0.000        ; 0.038      ; 0.419      ;
; 0.297 ; R6532:U6_IO|s_count[7]                                     ; R6532:U6_IO|s_count[7]                                     ; cpu_clk_out  ; cpu_clk_out ; 0.000        ; 0.038      ; 0.419      ;
; 0.297 ; R6532:U6_IO|s_count[6]                                     ; R6532:U6_IO|s_count[6]                                     ; cpu_clk_out  ; cpu_clk_out ; 0.000        ; 0.038      ; 0.419      ;
; 0.297 ; detect_sw:detect_test_sw|check_counter[9]                  ; detect_sw:detect_test_sw|check_counter[9]                  ; cpu_clk_out  ; cpu_clk_out ; 0.000        ; 0.036      ; 0.417      ;
; 0.297 ; detect_sw:detect_test_sw|check_counter[1]                  ; detect_sw:detect_test_sw|check_counter[1]                  ; cpu_clk_out  ; cpu_clk_out ; 0.000        ; 0.036      ; 0.417      ;
; 0.297 ; anti_thunk:AT|count[1]                                     ; anti_thunk:AT|count[1]                                     ; cpu_clk_out  ; cpu_clk_out ; 0.000        ; 0.036      ; 0.417      ;
; 0.297 ; detect_sw:detect_credit_sw|closed_counter[15]              ; detect_sw:detect_credit_sw|closed_counter[15]              ; cpu_clk_out  ; cpu_clk_out ; 0.000        ; 0.037      ; 0.418      ;
; 0.297 ; R6532:U5_IO|s_count[7]                                     ; R6532:U5_IO|s_count[7]                                     ; cpu_clk_out  ; cpu_clk_out ; 0.000        ; 0.038      ; 0.419      ;
; 0.297 ; detect_sw:detect_credit_sw|closed_counter[10]              ; detect_sw:detect_credit_sw|closed_counter[10]              ; cpu_clk_out  ; cpu_clk_out ; 0.000        ; 0.037      ; 0.418      ;
; 0.297 ; detect_sw:detect_credit_sw|closed_counter[7]               ; detect_sw:detect_credit_sw|closed_counter[7]               ; cpu_clk_out  ; cpu_clk_out ; 0.000        ; 0.037      ; 0.418      ;
+-------+------------------------------------------------------------+------------------------------------------------------------+--------------+-------------+--------------+------------+------------+


+-------------------------------------------------------------------------------------------------------------------------------------------------------------------------------+
; Fast 1200mV 0C Model Recovery: 'clk_50'                                                                                                                                       ;
+--------+--------------------------------+---------------------------------------------------------------+--------------+-------------+--------------+------------+------------+
; Slack  ; From Node                      ; To Node                                                       ; Launch Clock ; Latch Clock ; Relationship ; Clock Skew ; Data Delay ;
+--------+--------------------------------+---------------------------------------------------------------+--------------+-------------+--------------+------------+------------+
; 17.733 ; count_to_zero:COUNT_INTS|d_out ; gosof80:SOUNDBOARD|DFPlayer_Mini_CMD:DFP_send|state.Send      ; clk_50       ; clk_50      ; 20.000       ; -0.051     ; 2.203      ;
; 17.733 ; count_to_zero:COUNT_INTS|d_out ; gosof80:SOUNDBOARD|DFPlayer_Mini_CMD:DFP_send|state.Delay     ; clk_50       ; clk_50      ; 20.000       ; -0.051     ; 2.203      ;
; 17.733 ; count_to_zero:COUNT_INTS|d_out ; gosof80:SOUNDBOARD|DFPlayer_Mini_CMD:DFP_send|state.Idle      ; clk_50       ; clk_50      ; 20.000       ; -0.051     ; 2.203      ;
; 17.733 ; count_to_zero:COUNT_INTS|d_out ; gosof80:SOUNDBOARD|DFPlayer_Mini_CMD:DFP_send|state.Check     ; clk_50       ; clk_50      ; 20.000       ; -0.051     ; 2.203      ;
; 17.733 ; count_to_zero:COUNT_INTS|d_out ; gosof80:SOUNDBOARD|DFPlayer_Mini_CMD:DFP_send|txd             ; clk_50       ; clk_50      ; 20.000       ; -0.049     ; 2.205      ;
; 17.737 ; count_to_zero:COUNT_INTS|d_out ; gosof80:SOUNDBOARD|DFPlayer_Mini_CMD:DFP_send|r_Clk_Count[3]  ; clk_50       ; clk_50      ; 20.000       ; -0.046     ; 2.204      ;
; 17.737 ; count_to_zero:COUNT_INTS|d_out ; gosof80:SOUNDBOARD|DFPlayer_Mini_CMD:DFP_send|r_Clk_Count[7]  ; clk_50       ; clk_50      ; 20.000       ; -0.046     ; 2.204      ;
; 17.737 ; count_to_zero:COUNT_INTS|d_out ; gosof80:SOUNDBOARD|DFPlayer_Mini_CMD:DFP_send|r_Clk_Count[4]  ; clk_50       ; clk_50      ; 20.000       ; -0.046     ; 2.204      ;
; 17.737 ; count_to_zero:COUNT_INTS|d_out ; gosof80:SOUNDBOARD|DFPlayer_Mini_CMD:DFP_send|r_Clk_Count[1]  ; clk_50       ; clk_50      ; 20.000       ; -0.046     ; 2.204      ;
; 17.737 ; count_to_zero:COUNT_INTS|d_out ; gosof80:SOUNDBOARD|DFPlayer_Mini_CMD:DFP_send|r_Clk_Count[2]  ; clk_50       ; clk_50      ; 20.000       ; -0.046     ; 2.204      ;
; 17.737 ; count_to_zero:COUNT_INTS|d_out ; gosof80:SOUNDBOARD|DFPlayer_Mini_CMD:DFP_send|r_Clk_Count[5]  ; clk_50       ; clk_50      ; 20.000       ; -0.046     ; 2.204      ;
; 17.737 ; count_to_zero:COUNT_INTS|d_out ; gosof80:SOUNDBOARD|DFPlayer_Mini_CMD:DFP_send|r_Clk_Count[11] ; clk_50       ; clk_50      ; 20.000       ; -0.046     ; 2.204      ;
; 17.737 ; count_to_zero:COUNT_INTS|d_out ; gosof80:SOUNDBOARD|DFPlayer_Mini_CMD:DFP_send|r_Clk_Count[12] ; clk_50       ; clk_50      ; 20.000       ; -0.046     ; 2.204      ;
; 17.737 ; count_to_zero:COUNT_INTS|d_out ; gosof80:SOUNDBOARD|DFPlayer_Mini_CMD:DFP_send|r_Clk_Count[0]  ; clk_50       ; clk_50      ; 20.000       ; -0.046     ; 2.204      ;
; 17.737 ; count_to_zero:COUNT_INTS|d_out ; gosof80:SOUNDBOARD|DFPlayer_Mini_CMD:DFP_send|r_Clk_Count[10] ; clk_50       ; clk_50      ; 20.000       ; -0.046     ; 2.204      ;
; 17.737 ; count_to_zero:COUNT_INTS|d_out ; gosof80:SOUNDBOARD|DFPlayer_Mini_CMD:DFP_send|r_Clk_Count[6]  ; clk_50       ; clk_50      ; 20.000       ; -0.046     ; 2.204      ;
; 17.737 ; count_to_zero:COUNT_INTS|d_out ; gosof80:SOUNDBOARD|DFPlayer_Mini_CMD:DFP_send|r_Clk_Count[9]  ; clk_50       ; clk_50      ; 20.000       ; -0.046     ; 2.204      ;
; 17.737 ; count_to_zero:COUNT_INTS|d_out ; gosof80:SOUNDBOARD|DFPlayer_Mini_CMD:DFP_send|r_Clk_Count[8]  ; clk_50       ; clk_50      ; 20.000       ; -0.046     ; 2.204      ;
; 18.013 ; SD_Card:SD_CARD|cpu_reset_l    ; sn74175:sn74175_80B_1|Qn[1]                                   ; clk_50       ; clk_50      ; 20.000       ; -0.036     ; 1.938      ;
; 18.013 ; SD_Card:SD_CARD|cpu_reset_l    ; sn74175:sn74175_80B_1|Qn[0]                                   ; clk_50       ; clk_50      ; 20.000       ; -0.036     ; 1.938      ;
; 18.013 ; SD_Card:SD_CARD|cpu_reset_l    ; sn74175:sn74175_80B_1|Qn[3]                                   ; clk_50       ; clk_50      ; 20.000       ; -0.036     ; 1.938      ;
; 18.013 ; SD_Card:SD_CARD|cpu_reset_l    ; sn74175:sn74175_80B_1|Qn[2]                                   ; clk_50       ; clk_50      ; 20.000       ; -0.036     ; 1.938      ;
; 18.241 ; SD_Card:SD_CARD|cpu_reset_l    ; EEprom:EEprom|c_count[10]                                     ; clk_50       ; clk_50      ; 20.000       ; -0.045     ; 1.701      ;
; 18.241 ; SD_Card:SD_CARD|cpu_reset_l    ; EEprom:EEprom|c_count[7]                                      ; clk_50       ; clk_50      ; 20.000       ; -0.045     ; 1.701      ;
; 18.241 ; SD_Card:SD_CARD|cpu_reset_l    ; EEprom:EEprom|c_count[11]                                     ; clk_50       ; clk_50      ; 20.000       ; -0.045     ; 1.701      ;
; 18.241 ; SD_Card:SD_CARD|cpu_reset_l    ; EEprom:EEprom|c_count[6]                                      ; clk_50       ; clk_50      ; 20.000       ; -0.045     ; 1.701      ;
; 18.241 ; SD_Card:SD_CARD|cpu_reset_l    ; EEprom:EEprom|c_count[5]                                      ; clk_50       ; clk_50      ; 20.000       ; -0.045     ; 1.701      ;
; 18.241 ; SD_Card:SD_CARD|cpu_reset_l    ; EEprom:EEprom|c_count[4]                                      ; clk_50       ; clk_50      ; 20.000       ; -0.045     ; 1.701      ;
; 18.241 ; SD_Card:SD_CARD|cpu_reset_l    ; EEprom:EEprom|c_count[3]                                      ; clk_50       ; clk_50      ; 20.000       ; -0.045     ; 1.701      ;
; 18.241 ; SD_Card:SD_CARD|cpu_reset_l    ; EEprom:EEprom|c_count[2]                                      ; clk_50       ; clk_50      ; 20.000       ; -0.045     ; 1.701      ;
; 18.241 ; SD_Card:SD_CARD|cpu_reset_l    ; EEprom:EEprom|c_count[1]                                      ; clk_50       ; clk_50      ; 20.000       ; -0.045     ; 1.701      ;
; 18.241 ; SD_Card:SD_CARD|cpu_reset_l    ; EEprom:EEprom|c_count[0]                                      ; clk_50       ; clk_50      ; 20.000       ; -0.045     ; 1.701      ;
; 18.241 ; SD_Card:SD_CARD|cpu_reset_l    ; EEprom:EEprom|c_count[13]                                     ; clk_50       ; clk_50      ; 20.000       ; -0.045     ; 1.701      ;
; 18.241 ; SD_Card:SD_CARD|cpu_reset_l    ; EEprom:EEprom|c_count[12]                                     ; clk_50       ; clk_50      ; 20.000       ; -0.045     ; 1.701      ;
; 18.241 ; SD_Card:SD_CARD|cpu_reset_l    ; EEprom:EEprom|c_count[9]                                      ; clk_50       ; clk_50      ; 20.000       ; -0.045     ; 1.701      ;
; 18.241 ; SD_Card:SD_CARD|cpu_reset_l    ; EEprom:EEprom|c_count[8]                                      ; clk_50       ; clk_50      ; 20.000       ; -0.045     ; 1.701      ;
; 18.258 ; SD_Card:SD_CARD|cpu_reset_l    ; EEprom:EEprom|c_count[27]                                     ; clk_50       ; clk_50      ; 20.000       ; -0.044     ; 1.685      ;
; 18.258 ; SD_Card:SD_CARD|cpu_reset_l    ; EEprom:EEprom|c_count[28]                                     ; clk_50       ; clk_50      ; 20.000       ; -0.044     ; 1.685      ;
; 18.258 ; SD_Card:SD_CARD|cpu_reset_l    ; EEprom:EEprom|c_count[26]                                     ; clk_50       ; clk_50      ; 20.000       ; -0.044     ; 1.685      ;
; 18.258 ; SD_Card:SD_CARD|cpu_reset_l    ; EEprom:EEprom|c_count[24]                                     ; clk_50       ; clk_50      ; 20.000       ; -0.044     ; 1.685      ;
; 18.258 ; SD_Card:SD_CARD|cpu_reset_l    ; EEprom:EEprom|c_count[23]                                     ; clk_50       ; clk_50      ; 20.000       ; -0.044     ; 1.685      ;
; 18.258 ; SD_Card:SD_CARD|cpu_reset_l    ; EEprom:EEprom|c_count[22]                                     ; clk_50       ; clk_50      ; 20.000       ; -0.044     ; 1.685      ;
; 18.258 ; SD_Card:SD_CARD|cpu_reset_l    ; EEprom:EEprom|c_count[21]                                     ; clk_50       ; clk_50      ; 20.000       ; -0.044     ; 1.685      ;
; 18.258 ; SD_Card:SD_CARD|cpu_reset_l    ; EEprom:EEprom|c_count[25]                                     ; clk_50       ; clk_50      ; 20.000       ; -0.044     ; 1.685      ;
; 18.258 ; SD_Card:SD_CARD|cpu_reset_l    ; EEprom:EEprom|c_count[20]                                     ; clk_50       ; clk_50      ; 20.000       ; -0.044     ; 1.685      ;
; 18.258 ; SD_Card:SD_CARD|cpu_reset_l    ; EEprom:EEprom|c_count[19]                                     ; clk_50       ; clk_50      ; 20.000       ; -0.044     ; 1.685      ;
; 18.258 ; SD_Card:SD_CARD|cpu_reset_l    ; EEprom:EEprom|c_count[18]                                     ; clk_50       ; clk_50      ; 20.000       ; -0.044     ; 1.685      ;
; 18.258 ; SD_Card:SD_CARD|cpu_reset_l    ; EEprom:EEprom|c_count[17]                                     ; clk_50       ; clk_50      ; 20.000       ; -0.044     ; 1.685      ;
; 18.258 ; SD_Card:SD_CARD|cpu_reset_l    ; EEprom:EEprom|c_count[16]                                     ; clk_50       ; clk_50      ; 20.000       ; -0.044     ; 1.685      ;
; 18.258 ; SD_Card:SD_CARD|cpu_reset_l    ; EEprom:EEprom|c_count[15]                                     ; clk_50       ; clk_50      ; 20.000       ; -0.044     ; 1.685      ;
; 18.258 ; SD_Card:SD_CARD|cpu_reset_l    ; EEprom:EEprom|c_count[14]                                     ; clk_50       ; clk_50      ; 20.000       ; -0.044     ; 1.685      ;
; 18.318 ; SD_Card:SD_CARD|cpu_reset_l    ; sn74175:sn74175_80B_2|Qn[0]                                   ; clk_50       ; clk_50      ; 20.000       ; -0.037     ; 1.632      ;
; 18.318 ; SD_Card:SD_CARD|cpu_reset_l    ; sn74175:sn74175_80B_2|Qn[3]                                   ; clk_50       ; clk_50      ; 20.000       ; -0.037     ; 1.632      ;
; 18.318 ; SD_Card:SD_CARD|cpu_reset_l    ; sn74175:sn74175_80B_2|Qn[1]                                   ; clk_50       ; clk_50      ; 20.000       ; -0.037     ; 1.632      ;
; 18.318 ; SD_Card:SD_CARD|cpu_reset_l    ; sn74175:sn74175_80B_2|Qn[2]                                   ; clk_50       ; clk_50      ; 20.000       ; -0.037     ; 1.632      ;
; 18.400 ; SD_Card:SD_CARD|cpu_reset_l    ; gosof80:SOUNDBOARD|SC01:SC01_Simu|\SC01:counter[17]           ; clk_50       ; clk_50      ; 20.000       ; -0.040     ; 1.547      ;
; 18.400 ; SD_Card:SD_CARD|cpu_reset_l    ; gosof80:SOUNDBOARD|SC01:SC01_Simu|\SC01:counter[23]           ; clk_50       ; clk_50      ; 20.000       ; -0.040     ; 1.547      ;
; 18.400 ; SD_Card:SD_CARD|cpu_reset_l    ; gosof80:SOUNDBOARD|SC01:SC01_Simu|\SC01:counter[22]           ; clk_50       ; clk_50      ; 20.000       ; -0.040     ; 1.547      ;
; 18.400 ; SD_Card:SD_CARD|cpu_reset_l    ; gosof80:SOUNDBOARD|SC01:SC01_Simu|\SC01:counter[20]           ; clk_50       ; clk_50      ; 20.000       ; -0.040     ; 1.547      ;
; 18.400 ; SD_Card:SD_CARD|cpu_reset_l    ; gosof80:SOUNDBOARD|SC01:SC01_Simu|\SC01:counter[21]           ; clk_50       ; clk_50      ; 20.000       ; -0.040     ; 1.547      ;
; 18.400 ; SD_Card:SD_CARD|cpu_reset_l    ; gosof80:SOUNDBOARD|SC01:SC01_Simu|\SC01:counter[13]           ; clk_50       ; clk_50      ; 20.000       ; -0.040     ; 1.547      ;
; 18.400 ; SD_Card:SD_CARD|cpu_reset_l    ; gosof80:SOUNDBOARD|SC01:SC01_Simu|\SC01:counter[14]           ; clk_50       ; clk_50      ; 20.000       ; -0.040     ; 1.547      ;
; 18.400 ; SD_Card:SD_CARD|cpu_reset_l    ; gosof80:SOUNDBOARD|SC01:SC01_Simu|\SC01:counter[0]            ; clk_50       ; clk_50      ; 20.000       ; -0.040     ; 1.547      ;
; 18.414 ; SD_Card:SD_CARD|cpu_reset_l    ; count_to_zero:COUNT_STROBES|int_count[0]                      ; clk_50       ; clk_50      ; 20.000       ; -0.047     ; 1.526      ;
; 18.414 ; SD_Card:SD_CARD|cpu_reset_l    ; count_to_zero:COUNT_STROBES|d_out                             ; clk_50       ; clk_50      ; 20.000       ; -0.047     ; 1.526      ;
; 18.423 ; SD_Card:SD_CARD|cpu_reset_l    ; gosof80:SOUNDBOARD|SC01:SC01_Simu|\SC01:counter[9]            ; clk_50       ; clk_50      ; 20.000       ; -0.047     ; 1.517      ;
; 18.423 ; SD_Card:SD_CARD|cpu_reset_l    ; gosof80:SOUNDBOARD|SC01:SC01_Simu|\SC01:counter[10]           ; clk_50       ; clk_50      ; 20.000       ; -0.047     ; 1.517      ;
; 18.423 ; SD_Card:SD_CARD|cpu_reset_l    ; gosof80:SOUNDBOARD|SC01:SC01_Simu|\SC01:counter[8]            ; clk_50       ; clk_50      ; 20.000       ; -0.047     ; 1.517      ;
; 18.423 ; SD_Card:SD_CARD|cpu_reset_l    ; gosof80:SOUNDBOARD|SC01:SC01_Simu|\SC01:counter[7]            ; clk_50       ; clk_50      ; 20.000       ; -0.047     ; 1.517      ;
; 18.423 ; SD_Card:SD_CARD|cpu_reset_l    ; gosof80:SOUNDBOARD|SC01:SC01_Simu|\SC01:counter[12]           ; clk_50       ; clk_50      ; 20.000       ; -0.047     ; 1.517      ;
; 18.423 ; SD_Card:SD_CARD|cpu_reset_l    ; gosof80:SOUNDBOARD|SC01:SC01_Simu|\SC01:counter[18]           ; clk_50       ; clk_50      ; 20.000       ; -0.047     ; 1.517      ;
; 18.423 ; SD_Card:SD_CARD|cpu_reset_l    ; gosof80:SOUNDBOARD|SC01:SC01_Simu|\SC01:counter[11]           ; clk_50       ; clk_50      ; 20.000       ; -0.047     ; 1.517      ;
; 18.423 ; SD_Card:SD_CARD|cpu_reset_l    ; gosof80:SOUNDBOARD|SC01:SC01_Simu|state.Calc                  ; clk_50       ; clk_50      ; 20.000       ; -0.047     ; 1.517      ;
; 18.423 ; SD_Card:SD_CARD|cpu_reset_l    ; gosof80:SOUNDBOARD|SC01:SC01_Simu|\SC01:counter[6]            ; clk_50       ; clk_50      ; 20.000       ; -0.047     ; 1.517      ;
; 18.432 ; SD_Card:SD_CARD|cpu_reset_l    ; count_to_zero:COUNT_STROBES|int_count[3]                      ; clk_50       ; clk_50      ; 20.000       ; -0.046     ; 1.509      ;
; 18.432 ; SD_Card:SD_CARD|cpu_reset_l    ; count_to_zero:COUNT_STROBES|int_count[4]                      ; clk_50       ; clk_50      ; 20.000       ; -0.046     ; 1.509      ;
; 18.432 ; SD_Card:SD_CARD|cpu_reset_l    ; count_to_zero:COUNT_STROBES|int_count[2]                      ; clk_50       ; clk_50      ; 20.000       ; -0.046     ; 1.509      ;
; 18.432 ; SD_Card:SD_CARD|cpu_reset_l    ; count_to_zero:COUNT_STROBES|int_count[1]                      ; clk_50       ; clk_50      ; 20.000       ; -0.046     ; 1.509      ;
; 18.432 ; SD_Card:SD_CARD|cpu_reset_l    ; count_to_zero:COUNT_STROBES|int_count[7]                      ; clk_50       ; clk_50      ; 20.000       ; -0.046     ; 1.509      ;
; 18.432 ; SD_Card:SD_CARD|cpu_reset_l    ; count_to_zero:COUNT_STROBES|int_count[5]                      ; clk_50       ; clk_50      ; 20.000       ; -0.046     ; 1.509      ;
; 18.432 ; SD_Card:SD_CARD|cpu_reset_l    ; count_to_zero:COUNT_STROBES|int_count[6]                      ; clk_50       ; clk_50      ; 20.000       ; -0.046     ; 1.509      ;
; 18.437 ; SD_Card:SD_CARD|cpu_reset_l    ; gosof80:SOUNDBOARD|SC01:SC01_Simu|\SC01:counter[16]           ; clk_50       ; clk_50      ; 20.000       ; -0.050     ; 1.500      ;
; 18.437 ; SD_Card:SD_CARD|cpu_reset_l    ; gosof80:SOUNDBOARD|SC01:SC01_Simu|state.Idle                  ; clk_50       ; clk_50      ; 20.000       ; -0.050     ; 1.500      ;
; 18.437 ; SD_Card:SD_CARD|cpu_reset_l    ; gosof80:SOUNDBOARD|SC01:SC01_Simu|state.Speech                ; clk_50       ; clk_50      ; 20.000       ; -0.050     ; 1.500      ;
; 18.437 ; SD_Card:SD_CARD|cpu_reset_l    ; gosof80:SOUNDBOARD|SC01:SC01_Simu|\SC01:counter[2]            ; clk_50       ; clk_50      ; 20.000       ; -0.050     ; 1.500      ;
; 18.437 ; SD_Card:SD_CARD|cpu_reset_l    ; gosof80:SOUNDBOARD|SC01:SC01_Simu|AR                          ; clk_50       ; clk_50      ; 20.000       ; -0.050     ; 1.500      ;
; 18.437 ; SD_Card:SD_CARD|cpu_reset_l    ; gosof80:SOUNDBOARD|SC01:SC01_Simu|\SC01:counter[19]           ; clk_50       ; clk_50      ; 20.000       ; -0.050     ; 1.500      ;
; 18.437 ; SD_Card:SD_CARD|cpu_reset_l    ; gosof80:SOUNDBOARD|SC01:SC01_Simu|\SC01:counter[5]            ; clk_50       ; clk_50      ; 20.000       ; -0.050     ; 1.500      ;
; 18.437 ; SD_Card:SD_CARD|cpu_reset_l    ; gosof80:SOUNDBOARD|SC01:SC01_Simu|\SC01:counter[3]            ; clk_50       ; clk_50      ; 20.000       ; -0.050     ; 1.500      ;
; 18.437 ; SD_Card:SD_CARD|cpu_reset_l    ; gosof80:SOUNDBOARD|SC01:SC01_Simu|\SC01:counter[4]            ; clk_50       ; clk_50      ; 20.000       ; -0.050     ; 1.500      ;
; 18.437 ; SD_Card:SD_CARD|cpu_reset_l    ; gosof80:SOUNDBOARD|SC01:SC01_Simu|\SC01:counter[1]            ; clk_50       ; clk_50      ; 20.000       ; -0.050     ; 1.500      ;
; 18.499 ; SD_Card:SD_CARD|cpu_reset_l    ; count_to_zero:COUNT_INTS|d_out                                ; clk_50       ; clk_50      ; 20.000       ; -0.022     ; 1.466      ;
; 18.499 ; SD_Card:SD_CARD|cpu_reset_l    ; count_to_zero:COUNT_INTS|int_count[0]                         ; clk_50       ; clk_50      ; 20.000       ; -0.022     ; 1.466      ;
; 18.553 ; SD_Card:SD_CARD|cpu_reset_l    ; gosof80:SOUNDBOARD|SC01:SC01_Simu|\SC01:counter[15]           ; clk_50       ; clk_50      ; 20.000       ; -0.040     ; 1.394      ;
; 18.573 ; SD_Card:SD_CARD|cpu_reset_l    ; EEprom:EEprom|address_eeprom[0]                               ; clk_50       ; clk_50      ; 20.000       ; -0.044     ; 1.370      ;
; 18.573 ; SD_Card:SD_CARD|cpu_reset_l    ; EEprom:EEprom|address_eeprom[1]                               ; clk_50       ; clk_50      ; 20.000       ; -0.044     ; 1.370      ;
; 18.573 ; SD_Card:SD_CARD|cpu_reset_l    ; EEprom:EEprom|address_eeprom[6]                               ; clk_50       ; clk_50      ; 20.000       ; -0.044     ; 1.370      ;
; 18.573 ; SD_Card:SD_CARD|cpu_reset_l    ; EEprom:EEprom|address_eeprom[4]                               ; clk_50       ; clk_50      ; 20.000       ; -0.044     ; 1.370      ;
; 18.573 ; SD_Card:SD_CARD|cpu_reset_l    ; EEprom:EEprom|address_eeprom[2]                               ; clk_50       ; clk_50      ; 20.000       ; -0.044     ; 1.370      ;
; 18.573 ; SD_Card:SD_CARD|cpu_reset_l    ; EEprom:EEprom|state.Write_enable                              ; clk_50       ; clk_50      ; 20.000       ; -0.044     ; 1.370      ;
+--------+--------------------------------+---------------------------------------------------------------+--------------+-------------+--------------+------------+------------+


+------------------------------------------------------------------------------------------------------------------------------------------------------------------------+
; Fast 1200mV 0C Model Recovery: 'cpu_clk_out'                                                                                                                           ;
+--------+--------------------------------+--------------------------------------------------------+--------------+-------------+--------------+------------+------------+
; Slack  ; From Node                      ; To Node                                                ; Launch Clock ; Latch Clock ; Relationship ; Clock Skew ; Data Delay ;
+--------+--------------------------------+--------------------------------------------------------+--------------+-------------+--------------+------------+------------+
; 18.472 ; SD_Card:SD_CARD|cpu_reset_l    ; T65:U1|Res_n_d                                         ; clk_50       ; cpu_clk_out ; 20.000       ; 1.389      ; 2.904      ;
; 18.472 ; SD_Card:SD_CARD|cpu_reset_l    ; T65:U1|Res_n_i                                         ; clk_50       ; cpu_clk_out ; 20.000       ; 1.389      ; 2.904      ;
; 19.139 ; count_to_zero:COUNT_INTS|d_out ; detect_sw:detect_credit_sw|check_counter[21]           ; clk_50       ; cpu_clk_out ; 20.000       ; 1.374      ; 2.222      ;
; 19.139 ; count_to_zero:COUNT_INTS|d_out ; detect_sw:detect_credit_sw|check_counter[19]           ; clk_50       ; cpu_clk_out ; 20.000       ; 1.374      ; 2.222      ;
; 19.139 ; count_to_zero:COUNT_INTS|d_out ; detect_sw:detect_credit_sw|check_counter[12]           ; clk_50       ; cpu_clk_out ; 20.000       ; 1.374      ; 2.222      ;
; 19.139 ; count_to_zero:COUNT_INTS|d_out ; detect_sw:detect_credit_sw|check_counter[23]           ; clk_50       ; cpu_clk_out ; 20.000       ; 1.374      ; 2.222      ;
; 19.139 ; count_to_zero:COUNT_INTS|d_out ; detect_sw:detect_credit_sw|check_counter[15]           ; clk_50       ; cpu_clk_out ; 20.000       ; 1.374      ; 2.222      ;
; 19.139 ; count_to_zero:COUNT_INTS|d_out ; detect_sw:detect_credit_sw|check_counter[11]           ; clk_50       ; cpu_clk_out ; 20.000       ; 1.374      ; 2.222      ;
; 19.139 ; count_to_zero:COUNT_INTS|d_out ; detect_sw:detect_credit_sw|check_counter[2]            ; clk_50       ; cpu_clk_out ; 20.000       ; 1.374      ; 2.222      ;
; 19.139 ; count_to_zero:COUNT_INTS|d_out ; detect_sw:detect_credit_sw|check_counter[6]            ; clk_50       ; cpu_clk_out ; 20.000       ; 1.374      ; 2.222      ;
; 19.139 ; count_to_zero:COUNT_INTS|d_out ; detect_sw:detect_credit_sw|check_counter[5]            ; clk_50       ; cpu_clk_out ; 20.000       ; 1.374      ; 2.222      ;
; 19.139 ; count_to_zero:COUNT_INTS|d_out ; detect_sw:detect_credit_sw|check_counter[18]           ; clk_50       ; cpu_clk_out ; 20.000       ; 1.374      ; 2.222      ;
; 19.139 ; count_to_zero:COUNT_INTS|d_out ; detect_sw:detect_credit_sw|check_counter[17]           ; clk_50       ; cpu_clk_out ; 20.000       ; 1.374      ; 2.222      ;
; 19.139 ; count_to_zero:COUNT_INTS|d_out ; detect_sw:detect_credit_sw|check_counter[4]            ; clk_50       ; cpu_clk_out ; 20.000       ; 1.374      ; 2.222      ;
; 19.139 ; count_to_zero:COUNT_INTS|d_out ; detect_sw:detect_credit_sw|check_counter[10]           ; clk_50       ; cpu_clk_out ; 20.000       ; 1.374      ; 2.222      ;
; 19.139 ; count_to_zero:COUNT_INTS|d_out ; detect_sw:detect_credit_sw|check_counter[13]           ; clk_50       ; cpu_clk_out ; 20.000       ; 1.374      ; 2.222      ;
; 19.139 ; count_to_zero:COUNT_INTS|d_out ; detect_sw:detect_credit_sw|check_counter[22]           ; clk_50       ; cpu_clk_out ; 20.000       ; 1.374      ; 2.222      ;
; 19.139 ; count_to_zero:COUNT_INTS|d_out ; detect_sw:detect_credit_sw|check_counter[7]            ; clk_50       ; cpu_clk_out ; 20.000       ; 1.374      ; 2.222      ;
; 19.139 ; count_to_zero:COUNT_INTS|d_out ; detect_sw:detect_credit_sw|check_counter[1]            ; clk_50       ; cpu_clk_out ; 20.000       ; 1.374      ; 2.222      ;
; 19.139 ; count_to_zero:COUNT_INTS|d_out ; detect_sw:detect_credit_sw|check_counter[16]           ; clk_50       ; cpu_clk_out ; 20.000       ; 1.374      ; 2.222      ;
; 19.139 ; count_to_zero:COUNT_INTS|d_out ; detect_sw:detect_credit_sw|check_counter[8]            ; clk_50       ; cpu_clk_out ; 20.000       ; 1.374      ; 2.222      ;
; 19.139 ; count_to_zero:COUNT_INTS|d_out ; detect_sw:detect_credit_sw|check_counter[9]            ; clk_50       ; cpu_clk_out ; 20.000       ; 1.374      ; 2.222      ;
; 19.139 ; count_to_zero:COUNT_INTS|d_out ; detect_sw:detect_credit_sw|check_counter[20]           ; clk_50       ; cpu_clk_out ; 20.000       ; 1.374      ; 2.222      ;
; 19.139 ; count_to_zero:COUNT_INTS|d_out ; detect_sw:detect_credit_sw|check_counter[24]           ; clk_50       ; cpu_clk_out ; 20.000       ; 1.374      ; 2.222      ;
; 19.139 ; count_to_zero:COUNT_INTS|d_out ; detect_sw:detect_credit_sw|check_counter[3]            ; clk_50       ; cpu_clk_out ; 20.000       ; 1.374      ; 2.222      ;
; 19.139 ; count_to_zero:COUNT_INTS|d_out ; detect_sw:detect_credit_sw|check_counter[0]            ; clk_50       ; cpu_clk_out ; 20.000       ; 1.374      ; 2.222      ;
; 19.139 ; count_to_zero:COUNT_INTS|d_out ; detect_sw:detect_credit_sw|check_counter[14]           ; clk_50       ; cpu_clk_out ; 20.000       ; 1.374      ; 2.222      ;
; 19.140 ; count_to_zero:COUNT_INTS|d_out ; detect_sw_trigger:detect_credit_sw_trigger|counter[12] ; clk_50       ; cpu_clk_out ; 20.000       ; 1.359      ; 2.206      ;
; 19.140 ; count_to_zero:COUNT_INTS|d_out ; detect_sw_trigger:detect_credit_sw_trigger|counter[11] ; clk_50       ; cpu_clk_out ; 20.000       ; 1.359      ; 2.206      ;
; 19.140 ; count_to_zero:COUNT_INTS|d_out ; detect_sw:detect_credit_sw|closed_counter[3]           ; clk_50       ; cpu_clk_out ; 20.000       ; 1.373      ; 2.220      ;
; 19.140 ; count_to_zero:COUNT_INTS|d_out ; detect_sw_trigger:detect_credit_sw_trigger|counter[10] ; clk_50       ; cpu_clk_out ; 20.000       ; 1.359      ; 2.206      ;
; 19.140 ; count_to_zero:COUNT_INTS|d_out ; detect_sw:detect_test_sw|closed_counter[23]            ; clk_50       ; cpu_clk_out ; 20.000       ; 1.364      ; 2.211      ;
; 19.140 ; count_to_zero:COUNT_INTS|d_out ; detect_sw:detect_credit_sw|closed_counter[0]           ; clk_50       ; cpu_clk_out ; 20.000       ; 1.373      ; 2.220      ;
; 19.140 ; count_to_zero:COUNT_INTS|d_out ; detect_sw:detect_credit_sw|state.counting              ; clk_50       ; cpu_clk_out ; 20.000       ; 1.374      ; 2.221      ;
; 19.140 ; count_to_zero:COUNT_INTS|d_out ; detect_sw:detect_credit_sw|closed_counter[1]           ; clk_50       ; cpu_clk_out ; 20.000       ; 1.373      ; 2.220      ;
; 19.140 ; count_to_zero:COUNT_INTS|d_out ; detect_sw_trigger:detect_credit_sw_trigger|counter[7]  ; clk_50       ; cpu_clk_out ; 20.000       ; 1.359      ; 2.206      ;
; 19.140 ; count_to_zero:COUNT_INTS|d_out ; detect_sw:detect_credit_sw|state.delay                 ; clk_50       ; cpu_clk_out ; 20.000       ; 1.374      ; 2.221      ;
; 19.140 ; count_to_zero:COUNT_INTS|d_out ; detect_sw:detect_test_sw|closed_counter[24]            ; clk_50       ; cpu_clk_out ; 20.000       ; 1.364      ; 2.211      ;
; 19.140 ; count_to_zero:COUNT_INTS|d_out ; detect_sw_trigger:detect_credit_sw_trigger|counter[5]  ; clk_50       ; cpu_clk_out ; 20.000       ; 1.359      ; 2.206      ;
; 19.140 ; count_to_zero:COUNT_INTS|d_out ; detect_sw:detect_test_sw|closed_counter[22]            ; clk_50       ; cpu_clk_out ; 20.000       ; 1.364      ; 2.211      ;
; 19.140 ; count_to_zero:COUNT_INTS|d_out ; detect_sw_trigger:detect_credit_sw_trigger|counter[0]  ; clk_50       ; cpu_clk_out ; 20.000       ; 1.359      ; 2.206      ;
; 19.140 ; count_to_zero:COUNT_INTS|d_out ; detect_sw_trigger:detect_credit_sw_trigger|counter[6]  ; clk_50       ; cpu_clk_out ; 20.000       ; 1.359      ; 2.206      ;
; 19.140 ; count_to_zero:COUNT_INTS|d_out ; detect_sw_trigger:detect_credit_sw_trigger|counter[9]  ; clk_50       ; cpu_clk_out ; 20.000       ; 1.359      ; 2.206      ;
; 19.140 ; count_to_zero:COUNT_INTS|d_out ; detect_sw_trigger:detect_credit_sw_trigger|counter[8]  ; clk_50       ; cpu_clk_out ; 20.000       ; 1.359      ; 2.206      ;
; 19.140 ; count_to_zero:COUNT_INTS|d_out ; detect_sw_trigger:detect_credit_sw_trigger|counter[1]  ; clk_50       ; cpu_clk_out ; 20.000       ; 1.359      ; 2.206      ;
; 19.140 ; count_to_zero:COUNT_INTS|d_out ; detect_sw:detect_credit_sw|closed_counter[22]          ; clk_50       ; cpu_clk_out ; 20.000       ; 1.373      ; 2.220      ;
; 19.140 ; count_to_zero:COUNT_INTS|d_out ; detect_sw:detect_credit_sw|closed_counter[4]           ; clk_50       ; cpu_clk_out ; 20.000       ; 1.373      ; 2.220      ;
; 19.140 ; count_to_zero:COUNT_INTS|d_out ; detect_sw:detect_test_sw|closed_counter[21]            ; clk_50       ; cpu_clk_out ; 20.000       ; 1.364      ; 2.211      ;
; 19.140 ; count_to_zero:COUNT_INTS|d_out ; detect_sw_trigger:detect_credit_sw_trigger|counter[4]  ; clk_50       ; cpu_clk_out ; 20.000       ; 1.359      ; 2.206      ;
; 19.140 ; count_to_zero:COUNT_INTS|d_out ; detect_sw:detect_credit_sw|long_push                   ; clk_50       ; cpu_clk_out ; 20.000       ; 1.374      ; 2.221      ;
; 19.140 ; count_to_zero:COUNT_INTS|d_out ; detect_sw:detect_credit_sw|closed_counter[2]           ; clk_50       ; cpu_clk_out ; 20.000       ; 1.373      ; 2.220      ;
; 19.140 ; count_to_zero:COUNT_INTS|d_out ; detect_sw_trigger:detect_credit_sw_trigger|counter[3]  ; clk_50       ; cpu_clk_out ; 20.000       ; 1.359      ; 2.206      ;
; 19.140 ; count_to_zero:COUNT_INTS|d_out ; detect_sw:detect_test_sw|closed_counter[19]            ; clk_50       ; cpu_clk_out ; 20.000       ; 1.364      ; 2.211      ;
; 19.140 ; count_to_zero:COUNT_INTS|d_out ; detect_sw_trigger:detect_credit_sw_trigger|counter[2]  ; clk_50       ; cpu_clk_out ; 20.000       ; 1.359      ; 2.206      ;
; 19.140 ; count_to_zero:COUNT_INTS|d_out ; detect_sw:detect_test_sw|closed_counter[18]            ; clk_50       ; cpu_clk_out ; 20.000       ; 1.364      ; 2.211      ;
; 19.140 ; count_to_zero:COUNT_INTS|d_out ; detect_sw:detect_test_sw|closed_counter[17]            ; clk_50       ; cpu_clk_out ; 20.000       ; 1.364      ; 2.211      ;
; 19.140 ; count_to_zero:COUNT_INTS|d_out ; detect_sw:detect_credit_sw|state.Idle                  ; clk_50       ; cpu_clk_out ; 20.000       ; 1.374      ; 2.221      ;
; 19.140 ; count_to_zero:COUNT_INTS|d_out ; detect_sw:detect_test_sw|closed_counter[16]            ; clk_50       ; cpu_clk_out ; 20.000       ; 1.364      ; 2.211      ;
; 19.140 ; count_to_zero:COUNT_INTS|d_out ; detect_sw:detect_test_sw|closed_counter[15]            ; clk_50       ; cpu_clk_out ; 20.000       ; 1.364      ; 2.211      ;
; 19.140 ; count_to_zero:COUNT_INTS|d_out ; detect_sw:detect_test_sw|closed_counter[14]            ; clk_50       ; cpu_clk_out ; 20.000       ; 1.364      ; 2.211      ;
; 19.140 ; count_to_zero:COUNT_INTS|d_out ; detect_sw:detect_test_sw|closed_counter[13]            ; clk_50       ; cpu_clk_out ; 20.000       ; 1.364      ; 2.211      ;
; 19.140 ; count_to_zero:COUNT_INTS|d_out ; detect_sw:detect_test_sw|closed_counter[12]            ; clk_50       ; cpu_clk_out ; 20.000       ; 1.364      ; 2.211      ;
; 19.140 ; count_to_zero:COUNT_INTS|d_out ; detect_sw:detect_test_sw|closed_counter[11]            ; clk_50       ; cpu_clk_out ; 20.000       ; 1.364      ; 2.211      ;
; 19.140 ; count_to_zero:COUNT_INTS|d_out ; detect_sw:detect_test_sw|closed_counter[10]            ; clk_50       ; cpu_clk_out ; 20.000       ; 1.364      ; 2.211      ;
; 19.140 ; count_to_zero:COUNT_INTS|d_out ; detect_sw:detect_test_sw|closed_counter[9]             ; clk_50       ; cpu_clk_out ; 20.000       ; 1.364      ; 2.211      ;
; 19.140 ; count_to_zero:COUNT_INTS|d_out ; detect_sw:detect_test_sw|closed_counter[8]             ; clk_50       ; cpu_clk_out ; 20.000       ; 1.364      ; 2.211      ;
; 19.140 ; count_to_zero:COUNT_INTS|d_out ; detect_sw:detect_test_sw|closed_counter[7]             ; clk_50       ; cpu_clk_out ; 20.000       ; 1.364      ; 2.211      ;
; 19.140 ; count_to_zero:COUNT_INTS|d_out ; detect_sw:detect_test_sw|closed_counter[6]             ; clk_50       ; cpu_clk_out ; 20.000       ; 1.364      ; 2.211      ;
; 19.140 ; count_to_zero:COUNT_INTS|d_out ; detect_sw:detect_test_sw|closed_counter[5]             ; clk_50       ; cpu_clk_out ; 20.000       ; 1.364      ; 2.211      ;
; 19.140 ; count_to_zero:COUNT_INTS|d_out ; detect_sw:detect_test_sw|closed_counter[4]             ; clk_50       ; cpu_clk_out ; 20.000       ; 1.364      ; 2.211      ;
; 19.140 ; count_to_zero:COUNT_INTS|d_out ; detect_sw:detect_test_sw|closed_counter[3]             ; clk_50       ; cpu_clk_out ; 20.000       ; 1.364      ; 2.211      ;
; 19.140 ; count_to_zero:COUNT_INTS|d_out ; detect_sw:detect_test_sw|closed_counter[2]             ; clk_50       ; cpu_clk_out ; 20.000       ; 1.364      ; 2.211      ;
; 19.140 ; count_to_zero:COUNT_INTS|d_out ; detect_sw:detect_test_sw|closed_counter[1]             ; clk_50       ; cpu_clk_out ; 20.000       ; 1.364      ; 2.211      ;
; 19.140 ; count_to_zero:COUNT_INTS|d_out ; detect_sw:detect_test_sw|state.Idle                    ; clk_50       ; cpu_clk_out ; 20.000       ; 1.351      ; 2.198      ;
; 19.140 ; count_to_zero:COUNT_INTS|d_out ; detect_sw:detect_test_sw|closed_counter[0]             ; clk_50       ; cpu_clk_out ; 20.000       ; 1.364      ; 2.211      ;
; 19.140 ; count_to_zero:COUNT_INTS|d_out ; detect_sw:detect_test_sw|state.delay                   ; clk_50       ; cpu_clk_out ; 20.000       ; 1.351      ; 2.198      ;
; 19.140 ; count_to_zero:COUNT_INTS|d_out ; detect_sw:detect_test_sw|check_counter[24]             ; clk_50       ; cpu_clk_out ; 20.000       ; 1.353      ; 2.200      ;
; 19.140 ; count_to_zero:COUNT_INTS|d_out ; detect_sw:detect_test_sw|check_counter[22]             ; clk_50       ; cpu_clk_out ; 20.000       ; 1.353      ; 2.200      ;
; 19.140 ; count_to_zero:COUNT_INTS|d_out ; detect_sw:detect_test_sw|check_counter[23]             ; clk_50       ; cpu_clk_out ; 20.000       ; 1.353      ; 2.200      ;
; 19.140 ; count_to_zero:COUNT_INTS|d_out ; detect_sw:detect_test_sw|check_counter[19]             ; clk_50       ; cpu_clk_out ; 20.000       ; 1.353      ; 2.200      ;
; 19.140 ; count_to_zero:COUNT_INTS|d_out ; detect_sw:detect_test_sw|check_counter[18]             ; clk_50       ; cpu_clk_out ; 20.000       ; 1.353      ; 2.200      ;
; 19.140 ; count_to_zero:COUNT_INTS|d_out ; detect_sw:detect_test_sw|check_counter[17]             ; clk_50       ; cpu_clk_out ; 20.000       ; 1.353      ; 2.200      ;
; 19.140 ; count_to_zero:COUNT_INTS|d_out ; detect_sw:detect_test_sw|check_counter[21]             ; clk_50       ; cpu_clk_out ; 20.000       ; 1.353      ; 2.200      ;
; 19.140 ; count_to_zero:COUNT_INTS|d_out ; detect_sw:detect_test_sw|check_counter[16]             ; clk_50       ; cpu_clk_out ; 20.000       ; 1.353      ; 2.200      ;
; 19.140 ; count_to_zero:COUNT_INTS|d_out ; detect_sw:detect_test_sw|check_counter[15]             ; clk_50       ; cpu_clk_out ; 20.000       ; 1.353      ; 2.200      ;
; 19.140 ; count_to_zero:COUNT_INTS|d_out ; detect_sw:detect_test_sw|check_counter[14]             ; clk_50       ; cpu_clk_out ; 20.000       ; 1.353      ; 2.200      ;
; 19.140 ; count_to_zero:COUNT_INTS|d_out ; detect_sw:detect_test_sw|check_counter[13]             ; clk_50       ; cpu_clk_out ; 20.000       ; 1.353      ; 2.200      ;
; 19.140 ; count_to_zero:COUNT_INTS|d_out ; detect_sw:detect_test_sw|check_counter[12]             ; clk_50       ; cpu_clk_out ; 20.000       ; 1.353      ; 2.200      ;
; 19.140 ; count_to_zero:COUNT_INTS|d_out ; detect_sw:detect_test_sw|check_counter[11]             ; clk_50       ; cpu_clk_out ; 20.000       ; 1.353      ; 2.200      ;
; 19.140 ; count_to_zero:COUNT_INTS|d_out ; detect_sw:detect_test_sw|check_counter[10]             ; clk_50       ; cpu_clk_out ; 20.000       ; 1.353      ; 2.200      ;
; 19.140 ; count_to_zero:COUNT_INTS|d_out ; detect_sw:detect_test_sw|check_counter[9]              ; clk_50       ; cpu_clk_out ; 20.000       ; 1.353      ; 2.200      ;
; 19.140 ; count_to_zero:COUNT_INTS|d_out ; detect_sw:detect_test_sw|state.counting                ; clk_50       ; cpu_clk_out ; 20.000       ; 1.351      ; 2.198      ;
; 19.140 ; count_to_zero:COUNT_INTS|d_out ; detect_sw:detect_test_sw|check_counter[8]              ; clk_50       ; cpu_clk_out ; 20.000       ; 1.353      ; 2.200      ;
; 19.140 ; count_to_zero:COUNT_INTS|d_out ; detect_sw:detect_test_sw|check_counter[7]              ; clk_50       ; cpu_clk_out ; 20.000       ; 1.353      ; 2.200      ;
; 19.140 ; count_to_zero:COUNT_INTS|d_out ; detect_sw:detect_test_sw|check_counter[6]              ; clk_50       ; cpu_clk_out ; 20.000       ; 1.353      ; 2.200      ;
; 19.140 ; count_to_zero:COUNT_INTS|d_out ; detect_sw:detect_test_sw|check_counter[5]              ; clk_50       ; cpu_clk_out ; 20.000       ; 1.353      ; 2.200      ;
; 19.140 ; count_to_zero:COUNT_INTS|d_out ; detect_sw:detect_test_sw|check_counter[4]              ; clk_50       ; cpu_clk_out ; 20.000       ; 1.353      ; 2.200      ;
; 19.140 ; count_to_zero:COUNT_INTS|d_out ; detect_sw:detect_test_sw|check_counter[3]              ; clk_50       ; cpu_clk_out ; 20.000       ; 1.353      ; 2.200      ;
; 19.140 ; count_to_zero:COUNT_INTS|d_out ; detect_sw:detect_test_sw|check_counter[2]              ; clk_50       ; cpu_clk_out ; 20.000       ; 1.353      ; 2.200      ;
; 19.140 ; count_to_zero:COUNT_INTS|d_out ; detect_sw:detect_test_sw|check_counter[1]              ; clk_50       ; cpu_clk_out ; 20.000       ; 1.353      ; 2.200      ;
+--------+--------------------------------+--------------------------------------------------------+--------------+-------------+--------------+------------+------------+


+---------------------------------------------------------------------------------------------------------------------------------------------------------------------------+
; Fast 1200mV 0C Model Removal: 'cpu_clk_out'                                                                                                                               ;
+-------+--------------------------------+------------------------------------------------------------+--------------+-------------+--------------+------------+------------+
; Slack ; From Node                      ; To Node                                                    ; Launch Clock ; Latch Clock ; Relationship ; Clock Skew ; Data Delay ;
+-------+--------------------------------+------------------------------------------------------------+--------------+-------------+--------------+------------+------------+
; 0.333 ; count_to_zero:COUNT_INTS|d_out ; detect_sw_trigger:detect_credit_sw_trigger|state.Idle      ; clk_50       ; cpu_clk_out ; 0.000        ; 1.496      ; 1.933      ;
; 0.333 ; count_to_zero:COUNT_INTS|d_out ; detect_sw_trigger:detect_credit_sw_trigger|state.wait_open ; clk_50       ; cpu_clk_out ; 0.000        ; 1.496      ; 1.933      ;
; 0.333 ; count_to_zero:COUNT_INTS|d_out ; detect_sw_trigger:detect_credit_sw_trigger|counter[25]     ; clk_50       ; cpu_clk_out ; 0.000        ; 1.497      ; 1.934      ;
; 0.333 ; count_to_zero:COUNT_INTS|d_out ; detect_sw_trigger:detect_credit_sw_trigger|counter[19]     ; clk_50       ; cpu_clk_out ; 0.000        ; 1.497      ; 1.934      ;
; 0.333 ; count_to_zero:COUNT_INTS|d_out ; detect_sw_trigger:detect_credit_sw_trigger|counter[14]     ; clk_50       ; cpu_clk_out ; 0.000        ; 1.497      ; 1.934      ;
; 0.333 ; count_to_zero:COUNT_INTS|d_out ; detect_sw_trigger:detect_credit_sw_trigger|counter[17]     ; clk_50       ; cpu_clk_out ; 0.000        ; 1.497      ; 1.934      ;
; 0.333 ; count_to_zero:COUNT_INTS|d_out ; detect_sw_trigger:detect_credit_sw_trigger|counter[16]     ; clk_50       ; cpu_clk_out ; 0.000        ; 1.497      ; 1.934      ;
; 0.333 ; count_to_zero:COUNT_INTS|d_out ; detect_sw_trigger:detect_credit_sw_trigger|counter[18]     ; clk_50       ; cpu_clk_out ; 0.000        ; 1.497      ; 1.934      ;
; 0.333 ; count_to_zero:COUNT_INTS|d_out ; detect_sw_trigger:detect_credit_sw_trigger|counter[20]     ; clk_50       ; cpu_clk_out ; 0.000        ; 1.497      ; 1.934      ;
; 0.333 ; count_to_zero:COUNT_INTS|d_out ; detect_sw_trigger:detect_credit_sw_trigger|counter[21]     ; clk_50       ; cpu_clk_out ; 0.000        ; 1.497      ; 1.934      ;
; 0.333 ; count_to_zero:COUNT_INTS|d_out ; detect_sw_trigger:detect_credit_sw_trigger|counter[22]     ; clk_50       ; cpu_clk_out ; 0.000        ; 1.497      ; 1.934      ;
; 0.333 ; count_to_zero:COUNT_INTS|d_out ; detect_sw_trigger:detect_credit_sw_trigger|counter[15]     ; clk_50       ; cpu_clk_out ; 0.000        ; 1.497      ; 1.934      ;
; 0.333 ; count_to_zero:COUNT_INTS|d_out ; detect_sw_trigger:detect_credit_sw_trigger|counter[13]     ; clk_50       ; cpu_clk_out ; 0.000        ; 1.497      ; 1.934      ;
; 0.333 ; count_to_zero:COUNT_INTS|d_out ; detect_sw_trigger:detect_credit_sw_trigger|counter[23]     ; clk_50       ; cpu_clk_out ; 0.000        ; 1.497      ; 1.934      ;
; 0.333 ; count_to_zero:COUNT_INTS|d_out ; detect_sw_trigger:detect_credit_sw_trigger|counter[24]     ; clk_50       ; cpu_clk_out ; 0.000        ; 1.497      ; 1.934      ;
; 0.333 ; count_to_zero:COUNT_INTS|d_out ; detect_sw_trigger:detect_credit_sw_trigger|state.counting  ; clk_50       ; cpu_clk_out ; 0.000        ; 1.496      ; 1.933      ;
; 0.333 ; count_to_zero:COUNT_INTS|d_out ; detect_sw_trigger:detect_credit_sw_trigger|old_trigger     ; clk_50       ; cpu_clk_out ; 0.000        ; 1.496      ; 1.933      ;
; 0.338 ; count_to_zero:COUNT_INTS|d_out ; detect_sw:detect_credit_sw|state.counting                  ; clk_50       ; cpu_clk_out ; 0.000        ; 1.513      ; 1.955      ;
; 0.338 ; count_to_zero:COUNT_INTS|d_out ; detect_sw:detect_credit_sw|state.delay                     ; clk_50       ; cpu_clk_out ; 0.000        ; 1.513      ; 1.955      ;
; 0.338 ; count_to_zero:COUNT_INTS|d_out ; detect_sw:detect_credit_sw|closed_counter[4]               ; clk_50       ; cpu_clk_out ; 0.000        ; 1.512      ; 1.954      ;
; 0.338 ; count_to_zero:COUNT_INTS|d_out ; detect_sw:detect_credit_sw|closed_counter[0]               ; clk_50       ; cpu_clk_out ; 0.000        ; 1.512      ; 1.954      ;
; 0.338 ; count_to_zero:COUNT_INTS|d_out ; detect_sw:detect_credit_sw|closed_counter[22]              ; clk_50       ; cpu_clk_out ; 0.000        ; 1.512      ; 1.954      ;
; 0.338 ; count_to_zero:COUNT_INTS|d_out ; detect_sw:detect_credit_sw|closed_counter[1]               ; clk_50       ; cpu_clk_out ; 0.000        ; 1.512      ; 1.954      ;
; 0.338 ; count_to_zero:COUNT_INTS|d_out ; detect_sw:detect_credit_sw|closed_counter[2]               ; clk_50       ; cpu_clk_out ; 0.000        ; 1.512      ; 1.954      ;
; 0.338 ; count_to_zero:COUNT_INTS|d_out ; detect_sw:detect_credit_sw|state.Idle                      ; clk_50       ; cpu_clk_out ; 0.000        ; 1.513      ; 1.955      ;
; 0.338 ; count_to_zero:COUNT_INTS|d_out ; detect_sw:detect_credit_sw|long_push                       ; clk_50       ; cpu_clk_out ; 0.000        ; 1.513      ; 1.955      ;
; 0.338 ; count_to_zero:COUNT_INTS|d_out ; detect_sw:detect_credit_sw|closed_counter[3]               ; clk_50       ; cpu_clk_out ; 0.000        ; 1.512      ; 1.954      ;
; 0.338 ; count_to_zero:COUNT_INTS|d_out ; detect_sw:detect_credit_sw|closed_counter[24]              ; clk_50       ; cpu_clk_out ; 0.000        ; 1.512      ; 1.954      ;
; 0.338 ; count_to_zero:COUNT_INTS|d_out ; detect_sw:detect_credit_sw|closed_counter[23]              ; clk_50       ; cpu_clk_out ; 0.000        ; 1.512      ; 1.954      ;
; 0.338 ; count_to_zero:COUNT_INTS|d_out ; detect_sw:detect_credit_sw|closed_counter[21]              ; clk_50       ; cpu_clk_out ; 0.000        ; 1.512      ; 1.954      ;
; 0.338 ; count_to_zero:COUNT_INTS|d_out ; detect_sw:detect_credit_sw|closed_counter[20]              ; clk_50       ; cpu_clk_out ; 0.000        ; 1.512      ; 1.954      ;
; 0.338 ; count_to_zero:COUNT_INTS|d_out ; detect_sw:detect_credit_sw|closed_counter[19]              ; clk_50       ; cpu_clk_out ; 0.000        ; 1.512      ; 1.954      ;
; 0.338 ; count_to_zero:COUNT_INTS|d_out ; detect_sw:detect_credit_sw|closed_counter[18]              ; clk_50       ; cpu_clk_out ; 0.000        ; 1.512      ; 1.954      ;
; 0.338 ; count_to_zero:COUNT_INTS|d_out ; detect_sw:detect_credit_sw|closed_counter[17]              ; clk_50       ; cpu_clk_out ; 0.000        ; 1.512      ; 1.954      ;
; 0.338 ; count_to_zero:COUNT_INTS|d_out ; detect_sw:detect_credit_sw|closed_counter[16]              ; clk_50       ; cpu_clk_out ; 0.000        ; 1.512      ; 1.954      ;
; 0.338 ; count_to_zero:COUNT_INTS|d_out ; detect_sw:detect_credit_sw|closed_counter[15]              ; clk_50       ; cpu_clk_out ; 0.000        ; 1.512      ; 1.954      ;
; 0.338 ; count_to_zero:COUNT_INTS|d_out ; detect_sw:detect_credit_sw|closed_counter[14]              ; clk_50       ; cpu_clk_out ; 0.000        ; 1.512      ; 1.954      ;
; 0.338 ; count_to_zero:COUNT_INTS|d_out ; detect_sw:detect_credit_sw|closed_counter[13]              ; clk_50       ; cpu_clk_out ; 0.000        ; 1.512      ; 1.954      ;
; 0.338 ; count_to_zero:COUNT_INTS|d_out ; detect_sw:detect_credit_sw|closed_counter[12]              ; clk_50       ; cpu_clk_out ; 0.000        ; 1.512      ; 1.954      ;
; 0.338 ; count_to_zero:COUNT_INTS|d_out ; detect_sw:detect_credit_sw|closed_counter[11]              ; clk_50       ; cpu_clk_out ; 0.000        ; 1.512      ; 1.954      ;
; 0.338 ; count_to_zero:COUNT_INTS|d_out ; detect_sw:detect_credit_sw|closed_counter[10]              ; clk_50       ; cpu_clk_out ; 0.000        ; 1.512      ; 1.954      ;
; 0.338 ; count_to_zero:COUNT_INTS|d_out ; detect_sw:detect_credit_sw|closed_counter[9]               ; clk_50       ; cpu_clk_out ; 0.000        ; 1.512      ; 1.954      ;
; 0.338 ; count_to_zero:COUNT_INTS|d_out ; detect_sw:detect_credit_sw|closed_counter[8]               ; clk_50       ; cpu_clk_out ; 0.000        ; 1.512      ; 1.954      ;
; 0.338 ; count_to_zero:COUNT_INTS|d_out ; detect_sw:detect_credit_sw|closed_counter[7]               ; clk_50       ; cpu_clk_out ; 0.000        ; 1.512      ; 1.954      ;
; 0.338 ; count_to_zero:COUNT_INTS|d_out ; detect_sw:detect_credit_sw|closed_counter[6]               ; clk_50       ; cpu_clk_out ; 0.000        ; 1.512      ; 1.954      ;
; 0.338 ; count_to_zero:COUNT_INTS|d_out ; detect_sw:detect_credit_sw|closed_counter[5]               ; clk_50       ; cpu_clk_out ; 0.000        ; 1.512      ; 1.954      ;
; 0.339 ; count_to_zero:COUNT_INTS|d_out ; detect_sw_trigger:detect_credit_sw_trigger|counter[2]      ; clk_50       ; cpu_clk_out ; 0.000        ; 1.498      ; 1.941      ;
; 0.339 ; count_to_zero:COUNT_INTS|d_out ; detect_sw:detect_test_sw|closed_counter[17]                ; clk_50       ; cpu_clk_out ; 0.000        ; 1.502      ; 1.945      ;
; 0.339 ; count_to_zero:COUNT_INTS|d_out ; detect_sw_trigger:detect_credit_sw_trigger|counter[6]      ; clk_50       ; cpu_clk_out ; 0.000        ; 1.498      ; 1.941      ;
; 0.339 ; count_to_zero:COUNT_INTS|d_out ; detect_sw_trigger:detect_credit_sw_trigger|counter[12]     ; clk_50       ; cpu_clk_out ; 0.000        ; 1.498      ; 1.941      ;
; 0.339 ; count_to_zero:COUNT_INTS|d_out ; detect_sw:detect_credit_sw|check_counter[18]               ; clk_50       ; cpu_clk_out ; 0.000        ; 1.513      ; 1.956      ;
; 0.339 ; count_to_zero:COUNT_INTS|d_out ; detect_sw:detect_credit_sw|check_counter[16]               ; clk_50       ; cpu_clk_out ; 0.000        ; 1.513      ; 1.956      ;
; 0.339 ; count_to_zero:COUNT_INTS|d_out ; detect_sw:detect_credit_sw|check_counter[12]               ; clk_50       ; cpu_clk_out ; 0.000        ; 1.513      ; 1.956      ;
; 0.339 ; count_to_zero:COUNT_INTS|d_out ; detect_sw:detect_credit_sw|check_counter[20]               ; clk_50       ; cpu_clk_out ; 0.000        ; 1.513      ; 1.956      ;
; 0.339 ; count_to_zero:COUNT_INTS|d_out ; detect_sw:detect_credit_sw|check_counter[15]               ; clk_50       ; cpu_clk_out ; 0.000        ; 1.513      ; 1.956      ;
; 0.339 ; count_to_zero:COUNT_INTS|d_out ; detect_sw:detect_test_sw|closed_counter[13]                ; clk_50       ; cpu_clk_out ; 0.000        ; 1.502      ; 1.945      ;
; 0.339 ; count_to_zero:COUNT_INTS|d_out ; detect_sw:detect_credit_sw|check_counter[21]               ; clk_50       ; cpu_clk_out ; 0.000        ; 1.513      ; 1.956      ;
; 0.339 ; count_to_zero:COUNT_INTS|d_out ; detect_sw:detect_credit_sw|check_counter[5]                ; clk_50       ; cpu_clk_out ; 0.000        ; 1.513      ; 1.956      ;
; 0.339 ; count_to_zero:COUNT_INTS|d_out ; detect_sw:detect_credit_sw|check_counter[7]                ; clk_50       ; cpu_clk_out ; 0.000        ; 1.513      ; 1.956      ;
; 0.339 ; count_to_zero:COUNT_INTS|d_out ; detect_sw:detect_test_sw|closed_counter[18]                ; clk_50       ; cpu_clk_out ; 0.000        ; 1.502      ; 1.945      ;
; 0.339 ; count_to_zero:COUNT_INTS|d_out ; detect_sw:detect_credit_sw|check_counter[9]                ; clk_50       ; cpu_clk_out ; 0.000        ; 1.513      ; 1.956      ;
; 0.339 ; count_to_zero:COUNT_INTS|d_out ; detect_sw:detect_credit_sw|check_counter[8]                ; clk_50       ; cpu_clk_out ; 0.000        ; 1.513      ; 1.956      ;
; 0.339 ; count_to_zero:COUNT_INTS|d_out ; detect_sw:detect_credit_sw|check_counter[1]                ; clk_50       ; cpu_clk_out ; 0.000        ; 1.513      ; 1.956      ;
; 0.339 ; count_to_zero:COUNT_INTS|d_out ; detect_sw:detect_test_sw|closed_counter[10]                ; clk_50       ; cpu_clk_out ; 0.000        ; 1.502      ; 1.945      ;
; 0.339 ; count_to_zero:COUNT_INTS|d_out ; detect_sw_trigger:detect_credit_sw_trigger|counter[0]      ; clk_50       ; cpu_clk_out ; 0.000        ; 1.498      ; 1.941      ;
; 0.339 ; count_to_zero:COUNT_INTS|d_out ; detect_sw:detect_test_sw|closed_counter[15]                ; clk_50       ; cpu_clk_out ; 0.000        ; 1.502      ; 1.945      ;
; 0.339 ; count_to_zero:COUNT_INTS|d_out ; detect_sw_trigger:detect_credit_sw_trigger|counter[9]      ; clk_50       ; cpu_clk_out ; 0.000        ; 1.498      ; 1.941      ;
; 0.339 ; count_to_zero:COUNT_INTS|d_out ; detect_sw:detect_credit_sw|check_counter[24]               ; clk_50       ; cpu_clk_out ; 0.000        ; 1.513      ; 1.956      ;
; 0.339 ; count_to_zero:COUNT_INTS|d_out ; detect_sw:detect_test_sw|closed_counter[8]                 ; clk_50       ; cpu_clk_out ; 0.000        ; 1.502      ; 1.945      ;
; 0.339 ; count_to_zero:COUNT_INTS|d_out ; detect_sw_trigger:detect_credit_sw_trigger|counter[5]      ; clk_50       ; cpu_clk_out ; 0.000        ; 1.498      ; 1.941      ;
; 0.339 ; count_to_zero:COUNT_INTS|d_out ; detect_sw_trigger:detect_credit_sw_trigger|counter[10]     ; clk_50       ; cpu_clk_out ; 0.000        ; 1.498      ; 1.941      ;
; 0.339 ; count_to_zero:COUNT_INTS|d_out ; detect_sw:detect_test_sw|closed_counter[7]                 ; clk_50       ; cpu_clk_out ; 0.000        ; 1.502      ; 1.945      ;
; 0.339 ; count_to_zero:COUNT_INTS|d_out ; detect_sw:detect_test_sw|closed_counter[19]                ; clk_50       ; cpu_clk_out ; 0.000        ; 1.502      ; 1.945      ;
; 0.339 ; count_to_zero:COUNT_INTS|d_out ; detect_sw_trigger:detect_credit_sw_trigger|counter[4]      ; clk_50       ; cpu_clk_out ; 0.000        ; 1.498      ; 1.941      ;
; 0.339 ; count_to_zero:COUNT_INTS|d_out ; detect_sw:detect_test_sw|closed_counter[23]                ; clk_50       ; cpu_clk_out ; 0.000        ; 1.502      ; 1.945      ;
; 0.339 ; count_to_zero:COUNT_INTS|d_out ; detect_sw_trigger:detect_credit_sw_trigger|counter[11]     ; clk_50       ; cpu_clk_out ; 0.000        ; 1.498      ; 1.941      ;
; 0.339 ; count_to_zero:COUNT_INTS|d_out ; detect_sw_trigger:detect_credit_sw_trigger|counter[3]      ; clk_50       ; cpu_clk_out ; 0.000        ; 1.498      ; 1.941      ;
; 0.339 ; count_to_zero:COUNT_INTS|d_out ; detect_sw:detect_test_sw|closed_counter[5]                 ; clk_50       ; cpu_clk_out ; 0.000        ; 1.502      ; 1.945      ;
; 0.339 ; count_to_zero:COUNT_INTS|d_out ; detect_sw:detect_test_sw|closed_counter[3]                 ; clk_50       ; cpu_clk_out ; 0.000        ; 1.502      ; 1.945      ;
; 0.339 ; count_to_zero:COUNT_INTS|d_out ; detect_sw:detect_credit_sw|check_counter[10]               ; clk_50       ; cpu_clk_out ; 0.000        ; 1.513      ; 1.956      ;
; 0.339 ; count_to_zero:COUNT_INTS|d_out ; detect_sw:detect_test_sw|closed_counter[11]                ; clk_50       ; cpu_clk_out ; 0.000        ; 1.502      ; 1.945      ;
; 0.339 ; count_to_zero:COUNT_INTS|d_out ; detect_sw:detect_test_sw|closed_counter[2]                 ; clk_50       ; cpu_clk_out ; 0.000        ; 1.502      ; 1.945      ;
; 0.339 ; count_to_zero:COUNT_INTS|d_out ; detect_sw:detect_test_sw|closed_counter[6]                 ; clk_50       ; cpu_clk_out ; 0.000        ; 1.502      ; 1.945      ;
; 0.339 ; count_to_zero:COUNT_INTS|d_out ; detect_sw:detect_credit_sw|check_counter[0]                ; clk_50       ; cpu_clk_out ; 0.000        ; 1.513      ; 1.956      ;
; 0.339 ; count_to_zero:COUNT_INTS|d_out ; detect_sw:detect_test_sw|closed_counter[16]                ; clk_50       ; cpu_clk_out ; 0.000        ; 1.502      ; 1.945      ;
; 0.339 ; count_to_zero:COUNT_INTS|d_out ; detect_sw:detect_credit_sw|check_counter[6]                ; clk_50       ; cpu_clk_out ; 0.000        ; 1.513      ; 1.956      ;
; 0.339 ; count_to_zero:COUNT_INTS|d_out ; detect_sw:detect_credit_sw|check_counter[2]                ; clk_50       ; cpu_clk_out ; 0.000        ; 1.513      ; 1.956      ;
; 0.339 ; count_to_zero:COUNT_INTS|d_out ; detect_sw_trigger:detect_credit_sw_trigger|counter[7]      ; clk_50       ; cpu_clk_out ; 0.000        ; 1.498      ; 1.941      ;
; 0.339 ; count_to_zero:COUNT_INTS|d_out ; detect_sw:detect_credit_sw|check_counter[22]               ; clk_50       ; cpu_clk_out ; 0.000        ; 1.513      ; 1.956      ;
; 0.339 ; count_to_zero:COUNT_INTS|d_out ; detect_sw:detect_test_sw|check_counter[22]                 ; clk_50       ; cpu_clk_out ; 0.000        ; 1.491      ; 1.934      ;
; 0.339 ; count_to_zero:COUNT_INTS|d_out ; detect_sw:detect_test_sw|closed_counter[21]                ; clk_50       ; cpu_clk_out ; 0.000        ; 1.502      ; 1.945      ;
; 0.339 ; count_to_zero:COUNT_INTS|d_out ; detect_sw:detect_credit_sw|check_counter[13]               ; clk_50       ; cpu_clk_out ; 0.000        ; 1.513      ; 1.956      ;
; 0.339 ; count_to_zero:COUNT_INTS|d_out ; detect_sw:detect_credit_sw|check_counter[4]                ; clk_50       ; cpu_clk_out ; 0.000        ; 1.513      ; 1.956      ;
; 0.339 ; count_to_zero:COUNT_INTS|d_out ; detect_sw:detect_credit_sw|check_counter[17]               ; clk_50       ; cpu_clk_out ; 0.000        ; 1.513      ; 1.956      ;
; 0.339 ; count_to_zero:COUNT_INTS|d_out ; detect_sw:detect_credit_sw|check_counter[19]               ; clk_50       ; cpu_clk_out ; 0.000        ; 1.513      ; 1.956      ;
; 0.339 ; count_to_zero:COUNT_INTS|d_out ; detect_sw:detect_test_sw|check_counter[19]                 ; clk_50       ; cpu_clk_out ; 0.000        ; 1.491      ; 1.934      ;
; 0.339 ; count_to_zero:COUNT_INTS|d_out ; detect_sw:detect_test_sw|check_counter[16]                 ; clk_50       ; cpu_clk_out ; 0.000        ; 1.491      ; 1.934      ;
; 0.339 ; count_to_zero:COUNT_INTS|d_out ; detect_sw:detect_credit_sw|check_counter[23]               ; clk_50       ; cpu_clk_out ; 0.000        ; 1.513      ; 1.956      ;
; 0.339 ; count_to_zero:COUNT_INTS|d_out ; detect_sw:detect_test_sw|closed_counter[9]                 ; clk_50       ; cpu_clk_out ; 0.000        ; 1.502      ; 1.945      ;
; 0.339 ; count_to_zero:COUNT_INTS|d_out ; detect_sw:detect_test_sw|check_counter[21]                 ; clk_50       ; cpu_clk_out ; 0.000        ; 1.491      ; 1.934      ;
+-------+--------------------------------+------------------------------------------------------------+--------------+-------------+--------------+------------+------------+


+-----------------------------------------------------------------------------------------------------------------------------------------------------------------+
; Fast 1200mV 0C Model Removal: 'clk_50'                                                                                                                          ;
+-------+-----------------------------+-----------------------------------------------------+--------------+-------------+--------------+------------+------------+
; Slack ; From Node                   ; To Node                                             ; Launch Clock ; Latch Clock ; Relationship ; Clock Skew ; Data Delay ;
+-------+-----------------------------+-----------------------------------------------------+--------------+-------------+--------------+------------+------------+
; 0.874 ; SD_Card:SD_CARD|cpu_reset_l ; gosof80:SOUNDBOARD|dac:Audio_DAC|SigmaLatch_q[8]    ; clk_50       ; clk_50      ; 0.000        ; 0.042      ; 1.000      ;
; 0.874 ; SD_Card:SD_CARD|cpu_reset_l ; gosof80:SOUNDBOARD|dac:Audio_DAC|SigmaLatch_q[5]    ; clk_50       ; clk_50      ; 0.000        ; 0.042      ; 1.000      ;
; 0.874 ; SD_Card:SD_CARD|cpu_reset_l ; gosof80:SOUNDBOARD|dac:Audio_DAC|SigmaLatch_q[2]    ; clk_50       ; clk_50      ; 0.000        ; 0.042      ; 1.000      ;
; 0.874 ; SD_Card:SD_CARD|cpu_reset_l ; gosof80:SOUNDBOARD|dac:Audio_DAC|SigmaLatch_q[9]    ; clk_50       ; clk_50      ; 0.000        ; 0.042      ; 1.000      ;
; 0.874 ; SD_Card:SD_CARD|cpu_reset_l ; gosof80:SOUNDBOARD|dac:Audio_DAC|DACout_q           ; clk_50       ; clk_50      ; 0.000        ; 0.042      ; 1.000      ;
; 0.874 ; SD_Card:SD_CARD|cpu_reset_l ; gosof80:SOUNDBOARD|dac:Audio_DAC|SigmaLatch_q[0]    ; clk_50       ; clk_50      ; 0.000        ; 0.042      ; 1.000      ;
; 0.874 ; SD_Card:SD_CARD|cpu_reset_l ; gosof80:SOUNDBOARD|dac:Audio_DAC|SigmaLatch_q[1]    ; clk_50       ; clk_50      ; 0.000        ; 0.042      ; 1.000      ;
; 0.874 ; SD_Card:SD_CARD|cpu_reset_l ; gosof80:SOUNDBOARD|dac:Audio_DAC|SigmaLatch_q[3]    ; clk_50       ; clk_50      ; 0.000        ; 0.042      ; 1.000      ;
; 0.874 ; SD_Card:SD_CARD|cpu_reset_l ; gosof80:SOUNDBOARD|dac:Audio_DAC|SigmaLatch_q[7]    ; clk_50       ; clk_50      ; 0.000        ; 0.042      ; 1.000      ;
; 0.874 ; SD_Card:SD_CARD|cpu_reset_l ; gosof80:SOUNDBOARD|dac:Audio_DAC|SigmaLatch_q[6]    ; clk_50       ; clk_50      ; 0.000        ; 0.042      ; 1.000      ;
; 0.874 ; SD_Card:SD_CARD|cpu_reset_l ; gosof80:SOUNDBOARD|dac:Audio_DAC|SigmaLatch_q[4]    ; clk_50       ; clk_50      ; 0.000        ; 0.042      ; 1.000      ;
; 1.027 ; SD_Card:SD_CARD|cpu_reset_l ; EEprom:EEprom|state.wait_for_Master_I               ; clk_50       ; clk_50      ; 0.000        ; 0.033      ; 1.144      ;
; 1.027 ; SD_Card:SD_CARD|cpu_reset_l ; EEprom:EEprom|state.wait_for_get_status_reg         ; clk_50       ; clk_50      ; 0.000        ; 0.033      ; 1.144      ;
; 1.027 ; SD_Card:SD_CARD|cpu_reset_l ; EEprom:EEprom|TX_Start_Stat                         ; clk_50       ; clk_50      ; 0.000        ; 0.033      ; 1.144      ;
; 1.027 ; SD_Card:SD_CARD|cpu_reset_l ; EEprom:EEprom|state.get_status_reg                  ; clk_50       ; clk_50      ; 0.000        ; 0.033      ; 1.144      ;
; 1.027 ; SD_Card:SD_CARD|cpu_reset_l ; EEprom:EEprom|state.wait_for_Master_II              ; clk_50       ; clk_50      ; 0.000        ; 0.033      ; 1.144      ;
; 1.027 ; SD_Card:SD_CARD|cpu_reset_l ; EEprom:EEprom|state.check_WP_bit                    ; clk_50       ; clk_50      ; 0.000        ; 0.033      ; 1.144      ;
; 1.027 ; SD_Card:SD_CARD|cpu_reset_l ; EEprom:EEprom|state.next_write                      ; clk_50       ; clk_50      ; 0.000        ; 0.033      ; 1.144      ;
; 1.027 ; SD_Card:SD_CARD|cpu_reset_l ; EEprom:EEprom|state.wait_for_Master_III             ; clk_50       ; clk_50      ; 0.000        ; 0.033      ; 1.144      ;
; 1.030 ; SD_Card:SD_CARD|cpu_reset_l ; EEprom:EEprom|state.wait_for_Write_done             ; clk_50       ; clk_50      ; 0.000        ; 0.037      ; 1.151      ;
; 1.030 ; SD_Card:SD_CARD|cpu_reset_l ; EEprom:EEprom|TX_Start_W                            ; clk_50       ; clk_50      ; 0.000        ; 0.037      ; 1.151      ;
; 1.030 ; SD_Card:SD_CARD|cpu_reset_l ; EEprom:EEprom|state.Check_dip                       ; clk_50       ; clk_50      ; 0.000        ; 0.037      ; 1.151      ;
; 1.030 ; SD_Card:SD_CARD|cpu_reset_l ; EEprom:EEprom|state.send_read_request               ; clk_50       ; clk_50      ; 0.000        ; 0.037      ; 1.151      ;
; 1.030 ; SD_Card:SD_CARD|cpu_reset_l ; EEprom:EEprom|state.send_write_request              ; clk_50       ; clk_50      ; 0.000        ; 0.037      ; 1.151      ;
; 1.030 ; SD_Card:SD_CARD|cpu_reset_l ; EEprom:EEprom|state.Delay                           ; clk_50       ; clk_50      ; 0.000        ; 0.037      ; 1.151      ;
; 1.030 ; SD_Card:SD_CARD|cpu_reset_l ; EEprom:EEprom|state.wait_for_Cmd_done               ; clk_50       ; clk_50      ; 0.000        ; 0.037      ; 1.151      ;
; 1.030 ; SD_Card:SD_CARD|cpu_reset_l ; EEprom:EEprom|TX_Start_Cmd                          ; clk_50       ; clk_50      ; 0.000        ; 0.037      ; 1.151      ;
; 1.033 ; SD_Card:SD_CARD|cpu_reset_l ; EEprom:EEprom|wr_ram                                ; clk_50       ; clk_50      ; 0.000        ; 0.031      ; 1.148      ;
; 1.033 ; SD_Card:SD_CARD|cpu_reset_l ; EEprom:EEprom|state.wait_for_Master                 ; clk_50       ; clk_50      ; 0.000        ; 0.031      ; 1.148      ;
; 1.033 ; SD_Card:SD_CARD|cpu_reset_l ; EEprom:EEprom|state.wait_for_read                   ; clk_50       ; clk_50      ; 0.000        ; 0.031      ; 1.148      ;
; 1.033 ; SD_Card:SD_CARD|cpu_reset_l ; EEprom:EEprom|state.Delay2                          ; clk_50       ; clk_50      ; 0.000        ; 0.031      ; 1.148      ;
; 1.033 ; SD_Card:SD_CARD|cpu_reset_l ; EEprom:EEprom|TX_Start_R                            ; clk_50       ; clk_50      ; 0.000        ; 0.031      ; 1.148      ;
; 1.035 ; SD_Card:SD_CARD|cpu_reset_l ; count_to_zero:COUNT_INTS|int_count[3]               ; clk_50       ; clk_50      ; 0.000        ; 0.050      ; 1.169      ;
; 1.035 ; SD_Card:SD_CARD|cpu_reset_l ; count_to_zero:COUNT_INTS|int_count[5]               ; clk_50       ; clk_50      ; 0.000        ; 0.050      ; 1.169      ;
; 1.035 ; SD_Card:SD_CARD|cpu_reset_l ; count_to_zero:COUNT_INTS|int_count[2]               ; clk_50       ; clk_50      ; 0.000        ; 0.050      ; 1.169      ;
; 1.035 ; SD_Card:SD_CARD|cpu_reset_l ; count_to_zero:COUNT_INTS|int_count[7]               ; clk_50       ; clk_50      ; 0.000        ; 0.050      ; 1.169      ;
; 1.035 ; SD_Card:SD_CARD|cpu_reset_l ; count_to_zero:COUNT_INTS|int_count[6]               ; clk_50       ; clk_50      ; 0.000        ; 0.050      ; 1.169      ;
; 1.035 ; SD_Card:SD_CARD|cpu_reset_l ; count_to_zero:COUNT_INTS|int_count[4]               ; clk_50       ; clk_50      ; 0.000        ; 0.050      ; 1.169      ;
; 1.035 ; SD_Card:SD_CARD|cpu_reset_l ; count_to_zero:COUNT_INTS|int_count[1]               ; clk_50       ; clk_50      ; 0.000        ; 0.050      ; 1.169      ;
; 1.039 ; SD_Card:SD_CARD|cpu_reset_l ; EEprom:EEprom|address_eeprom[4]                     ; clk_50       ; clk_50      ; 0.000        ; 0.036      ; 1.159      ;
; 1.039 ; SD_Card:SD_CARD|cpu_reset_l ; EEprom:EEprom|address_eeprom[6]                     ; clk_50       ; clk_50      ; 0.000        ; 0.036      ; 1.159      ;
; 1.039 ; SD_Card:SD_CARD|cpu_reset_l ; EEprom:EEprom|address_eeprom[3]                     ; clk_50       ; clk_50      ; 0.000        ; 0.036      ; 1.159      ;
; 1.039 ; SD_Card:SD_CARD|cpu_reset_l ; EEprom:EEprom|address_eeprom[1]                     ; clk_50       ; clk_50      ; 0.000        ; 0.036      ; 1.159      ;
; 1.039 ; SD_Card:SD_CARD|cpu_reset_l ; EEprom:EEprom|address_eeprom[5]                     ; clk_50       ; clk_50      ; 0.000        ; 0.036      ; 1.159      ;
; 1.039 ; SD_Card:SD_CARD|cpu_reset_l ; EEprom:EEprom|address_eeprom[0]                     ; clk_50       ; clk_50      ; 0.000        ; 0.036      ; 1.159      ;
; 1.039 ; SD_Card:SD_CARD|cpu_reset_l ; EEprom:EEprom|address_eeprom[2]                     ; clk_50       ; clk_50      ; 0.000        ; 0.036      ; 1.159      ;
; 1.039 ; SD_Card:SD_CARD|cpu_reset_l ; EEprom:EEprom|state.Write_enable                    ; clk_50       ; clk_50      ; 0.000        ; 0.036      ; 1.159      ;
; 1.039 ; SD_Card:SD_CARD|cpu_reset_l ; EEprom:EEprom|state.Idle                            ; clk_50       ; clk_50      ; 0.000        ; 0.036      ; 1.159      ;
; 1.066 ; SD_Card:SD_CARD|cpu_reset_l ; gosof80:SOUNDBOARD|SC01:SC01_Simu|\SC01:counter[15] ; clk_50       ; clk_50      ; 0.000        ; 0.040      ; 1.190      ;
; 1.108 ; SD_Card:SD_CARD|cpu_reset_l ; count_to_zero:COUNT_INTS|int_count[0]               ; clk_50       ; clk_50      ; 0.000        ; 0.051      ; 1.243      ;
; 1.108 ; SD_Card:SD_CARD|cpu_reset_l ; count_to_zero:COUNT_INTS|d_out                      ; clk_50       ; clk_50      ; 0.000        ; 0.051      ; 1.243      ;
; 1.164 ; SD_Card:SD_CARD|cpu_reset_l ; gosof80:SOUNDBOARD|SC01:SC01_Simu|AR                ; clk_50       ; clk_50      ; 0.000        ; 0.030      ; 1.278      ;
; 1.164 ; SD_Card:SD_CARD|cpu_reset_l ; gosof80:SOUNDBOARD|SC01:SC01_Simu|\SC01:counter[16] ; clk_50       ; clk_50      ; 0.000        ; 0.030      ; 1.278      ;
; 1.164 ; SD_Card:SD_CARD|cpu_reset_l ; gosof80:SOUNDBOARD|SC01:SC01_Simu|\SC01:counter[19] ; clk_50       ; clk_50      ; 0.000        ; 0.030      ; 1.278      ;
; 1.164 ; SD_Card:SD_CARD|cpu_reset_l ; gosof80:SOUNDBOARD|SC01:SC01_Simu|\SC01:counter[5]  ; clk_50       ; clk_50      ; 0.000        ; 0.030      ; 1.278      ;
; 1.164 ; SD_Card:SD_CARD|cpu_reset_l ; gosof80:SOUNDBOARD|SC01:SC01_Simu|\SC01:counter[1]  ; clk_50       ; clk_50      ; 0.000        ; 0.030      ; 1.278      ;
; 1.164 ; SD_Card:SD_CARD|cpu_reset_l ; gosof80:SOUNDBOARD|SC01:SC01_Simu|\SC01:counter[3]  ; clk_50       ; clk_50      ; 0.000        ; 0.030      ; 1.278      ;
; 1.164 ; SD_Card:SD_CARD|cpu_reset_l ; gosof80:SOUNDBOARD|SC01:SC01_Simu|\SC01:counter[2]  ; clk_50       ; clk_50      ; 0.000        ; 0.030      ; 1.278      ;
; 1.164 ; SD_Card:SD_CARD|cpu_reset_l ; gosof80:SOUNDBOARD|SC01:SC01_Simu|state.Idle        ; clk_50       ; clk_50      ; 0.000        ; 0.030      ; 1.278      ;
; 1.164 ; SD_Card:SD_CARD|cpu_reset_l ; gosof80:SOUNDBOARD|SC01:SC01_Simu|\SC01:counter[4]  ; clk_50       ; clk_50      ; 0.000        ; 0.030      ; 1.278      ;
; 1.164 ; SD_Card:SD_CARD|cpu_reset_l ; gosof80:SOUNDBOARD|SC01:SC01_Simu|state.Speech      ; clk_50       ; clk_50      ; 0.000        ; 0.030      ; 1.278      ;
; 1.168 ; SD_Card:SD_CARD|cpu_reset_l ; count_to_zero:COUNT_STROBES|int_count[5]            ; clk_50       ; clk_50      ; 0.000        ; 0.034      ; 1.286      ;
; 1.168 ; SD_Card:SD_CARD|cpu_reset_l ; count_to_zero:COUNT_STROBES|int_count[3]            ; clk_50       ; clk_50      ; 0.000        ; 0.034      ; 1.286      ;
; 1.168 ; SD_Card:SD_CARD|cpu_reset_l ; count_to_zero:COUNT_STROBES|int_count[1]            ; clk_50       ; clk_50      ; 0.000        ; 0.034      ; 1.286      ;
; 1.168 ; SD_Card:SD_CARD|cpu_reset_l ; count_to_zero:COUNT_STROBES|int_count[2]            ; clk_50       ; clk_50      ; 0.000        ; 0.034      ; 1.286      ;
; 1.168 ; SD_Card:SD_CARD|cpu_reset_l ; count_to_zero:COUNT_STROBES|int_count[7]            ; clk_50       ; clk_50      ; 0.000        ; 0.034      ; 1.286      ;
; 1.168 ; SD_Card:SD_CARD|cpu_reset_l ; count_to_zero:COUNT_STROBES|int_count[6]            ; clk_50       ; clk_50      ; 0.000        ; 0.034      ; 1.286      ;
; 1.168 ; SD_Card:SD_CARD|cpu_reset_l ; count_to_zero:COUNT_STROBES|int_count[4]            ; clk_50       ; clk_50      ; 0.000        ; 0.034      ; 1.286      ;
; 1.173 ; SD_Card:SD_CARD|cpu_reset_l ; gosof80:SOUNDBOARD|SC01:SC01_Simu|\SC01:counter[12] ; clk_50       ; clk_50      ; 0.000        ; 0.033      ; 1.290      ;
; 1.173 ; SD_Card:SD_CARD|cpu_reset_l ; gosof80:SOUNDBOARD|SC01:SC01_Simu|\SC01:counter[6]  ; clk_50       ; clk_50      ; 0.000        ; 0.033      ; 1.290      ;
; 1.173 ; SD_Card:SD_CARD|cpu_reset_l ; gosof80:SOUNDBOARD|SC01:SC01_Simu|\SC01:counter[8]  ; clk_50       ; clk_50      ; 0.000        ; 0.033      ; 1.290      ;
; 1.173 ; SD_Card:SD_CARD|cpu_reset_l ; gosof80:SOUNDBOARD|SC01:SC01_Simu|\SC01:counter[18] ; clk_50       ; clk_50      ; 0.000        ; 0.033      ; 1.290      ;
; 1.173 ; SD_Card:SD_CARD|cpu_reset_l ; gosof80:SOUNDBOARD|SC01:SC01_Simu|state.Calc        ; clk_50       ; clk_50      ; 0.000        ; 0.033      ; 1.290      ;
; 1.173 ; SD_Card:SD_CARD|cpu_reset_l ; gosof80:SOUNDBOARD|SC01:SC01_Simu|\SC01:counter[10] ; clk_50       ; clk_50      ; 0.000        ; 0.033      ; 1.290      ;
; 1.173 ; SD_Card:SD_CARD|cpu_reset_l ; gosof80:SOUNDBOARD|SC01:SC01_Simu|\SC01:counter[7]  ; clk_50       ; clk_50      ; 0.000        ; 0.033      ; 1.290      ;
; 1.173 ; SD_Card:SD_CARD|cpu_reset_l ; gosof80:SOUNDBOARD|SC01:SC01_Simu|\SC01:counter[11] ; clk_50       ; clk_50      ; 0.000        ; 0.033      ; 1.290      ;
; 1.173 ; SD_Card:SD_CARD|cpu_reset_l ; gosof80:SOUNDBOARD|SC01:SC01_Simu|\SC01:counter[9]  ; clk_50       ; clk_50      ; 0.000        ; 0.033      ; 1.290      ;
; 1.177 ; SD_Card:SD_CARD|cpu_reset_l ; count_to_zero:COUNT_STROBES|int_count[0]            ; clk_50       ; clk_50      ; 0.000        ; 0.033      ; 1.294      ;
; 1.177 ; SD_Card:SD_CARD|cpu_reset_l ; count_to_zero:COUNT_STROBES|d_out                   ; clk_50       ; clk_50      ; 0.000        ; 0.033      ; 1.294      ;
; 1.188 ; SD_Card:SD_CARD|cpu_reset_l ; gosof80:SOUNDBOARD|SC01:SC01_Simu|\SC01:counter[0]  ; clk_50       ; clk_50      ; 0.000        ; 0.041      ; 1.313      ;
; 1.188 ; SD_Card:SD_CARD|cpu_reset_l ; gosof80:SOUNDBOARD|SC01:SC01_Simu|\SC01:counter[13] ; clk_50       ; clk_50      ; 0.000        ; 0.041      ; 1.313      ;
; 1.188 ; SD_Card:SD_CARD|cpu_reset_l ; gosof80:SOUNDBOARD|SC01:SC01_Simu|\SC01:counter[17] ; clk_50       ; clk_50      ; 0.000        ; 0.041      ; 1.313      ;
; 1.188 ; SD_Card:SD_CARD|cpu_reset_l ; gosof80:SOUNDBOARD|SC01:SC01_Simu|\SC01:counter[20] ; clk_50       ; clk_50      ; 0.000        ; 0.041      ; 1.313      ;
; 1.188 ; SD_Card:SD_CARD|cpu_reset_l ; gosof80:SOUNDBOARD|SC01:SC01_Simu|\SC01:counter[22] ; clk_50       ; clk_50      ; 0.000        ; 0.041      ; 1.313      ;
; 1.188 ; SD_Card:SD_CARD|cpu_reset_l ; gosof80:SOUNDBOARD|SC01:SC01_Simu|\SC01:counter[21] ; clk_50       ; clk_50      ; 0.000        ; 0.041      ; 1.313      ;
; 1.188 ; SD_Card:SD_CARD|cpu_reset_l ; gosof80:SOUNDBOARD|SC01:SC01_Simu|\SC01:counter[14] ; clk_50       ; clk_50      ; 0.000        ; 0.041      ; 1.313      ;
; 1.188 ; SD_Card:SD_CARD|cpu_reset_l ; gosof80:SOUNDBOARD|SC01:SC01_Simu|\SC01:counter[23] ; clk_50       ; clk_50      ; 0.000        ; 0.041      ; 1.313      ;
; 1.271 ; SD_Card:SD_CARD|cpu_reset_l ; sn74175:sn74175_80B_2|Qn[1]                         ; clk_50       ; clk_50      ; 0.000        ; 0.043      ; 1.398      ;
; 1.271 ; SD_Card:SD_CARD|cpu_reset_l ; sn74175:sn74175_80B_2|Qn[3]                         ; clk_50       ; clk_50      ; 0.000        ; 0.043      ; 1.398      ;
; 1.271 ; SD_Card:SD_CARD|cpu_reset_l ; sn74175:sn74175_80B_2|Qn[2]                         ; clk_50       ; clk_50      ; 0.000        ; 0.043      ; 1.398      ;
; 1.271 ; SD_Card:SD_CARD|cpu_reset_l ; sn74175:sn74175_80B_2|Qn[0]                         ; clk_50       ; clk_50      ; 0.000        ; 0.043      ; 1.398      ;
; 1.320 ; SD_Card:SD_CARD|cpu_reset_l ; EEprom:EEprom|c_count[16]                           ; clk_50       ; clk_50      ; 0.000        ; 0.036      ; 1.440      ;
; 1.320 ; SD_Card:SD_CARD|cpu_reset_l ; EEprom:EEprom|c_count[27]                           ; clk_50       ; clk_50      ; 0.000        ; 0.036      ; 1.440      ;
; 1.320 ; SD_Card:SD_CARD|cpu_reset_l ; EEprom:EEprom|c_count[28]                           ; clk_50       ; clk_50      ; 0.000        ; 0.036      ; 1.440      ;
; 1.320 ; SD_Card:SD_CARD|cpu_reset_l ; EEprom:EEprom|c_count[26]                           ; clk_50       ; clk_50      ; 0.000        ; 0.036      ; 1.440      ;
; 1.320 ; SD_Card:SD_CARD|cpu_reset_l ; EEprom:EEprom|c_count[24]                           ; clk_50       ; clk_50      ; 0.000        ; 0.036      ; 1.440      ;
; 1.320 ; SD_Card:SD_CARD|cpu_reset_l ; EEprom:EEprom|c_count[23]                           ; clk_50       ; clk_50      ; 0.000        ; 0.036      ; 1.440      ;
; 1.320 ; SD_Card:SD_CARD|cpu_reset_l ; EEprom:EEprom|c_count[19]                           ; clk_50       ; clk_50      ; 0.000        ; 0.036      ; 1.440      ;
; 1.320 ; SD_Card:SD_CARD|cpu_reset_l ; EEprom:EEprom|c_count[25]                           ; clk_50       ; clk_50      ; 0.000        ; 0.036      ; 1.440      ;
; 1.320 ; SD_Card:SD_CARD|cpu_reset_l ; EEprom:EEprom|c_count[20]                           ; clk_50       ; clk_50      ; 0.000        ; 0.036      ; 1.440      ;
+-------+-----------------------------+-----------------------------------------------------+--------------+-------------+--------------+------------+------------+


----------------------------------------------
; Fast 1200mV 0C Model Metastability Summary ;
----------------------------------------------
The design MTBF is not calculated because there are no specified synchronizers in the design.
Number of Synchronizer Chains Found: 11
Shortest Synchronizer Chain: 2 Registers
Fraction of Chains for which MTBFs Could Not be Calculated: 1.000
Worst Case Available Settling Time: 175.713 ns




+-----------------------------------------------------------------------------+
; Multicorner Timing Analysis Summary                                         ;
+------------------+-------+-------+----------+---------+---------------------+
; Clock            ; Setup ; Hold  ; Recovery ; Removal ; Minimum Pulse Width ;
+------------------+-------+-------+----------+---------+---------------------+
; Worst-case Slack ; 4.822 ; 0.150 ; 15.213   ; 0.333   ; 9.172               ;
;  clk_50          ; 4.822 ; 0.150 ; 15.213   ; 0.874   ; 9.172               ;
;  cpu_clk_out     ; 9.663 ; 0.185 ; 16.968   ; 0.333   ; 559.378             ;
; Design-wide TNS  ; 0.0   ; 0.0   ; 0.0      ; 0.0     ; 0.0                 ;
;  clk_50          ; 0.000 ; 0.000 ; 0.000    ; 0.000   ; 0.000               ;
;  cpu_clk_out     ; 0.000 ; 0.000 ; 0.000    ; 0.000   ; 0.000               ;
+------------------+-------+-------+----------+---------+---------------------+


+----------------------------------------------------------------------------------------------------------------------------------------------------------------------------------------------------------------------------------------------------------------------------------------------------------------------------------------------------------------------------------------------------------------------+
; Board Trace Model Assignments                                                                                                                                                                                                                                                                                                                                                                                        ;
+-------------------+--------------+-------------------+-------------------------+-------------------------+---------------+---------------------+----------------+------------------+--------+------------------+------------------------+------------------------+--------------+---------------+-----------------+-------+---------------------+--------------------+---------------+-----------------+-------------+
; Pin               ; I/O Standard ; Near Tline Length ; Near Tline L per Length ; Near Tline C per Length ; Near Series R ; Near Differential R ; Near Pull-up R ; Near Pull-down R ; Near C ; Far Tline Length ; Far Tline L per Length ; Far Tline C per Length ; Far Series R ; Far Pull-up R ; Far Pull-down R ; Far C ; Termination Voltage ; Far Differential R ; EBD File Name ; EBD Signal Name ; EBD Far-end ;
+-------------------+--------------+-------------------+-------------------------+-------------------------+---------------+---------------------+----------------+------------------+--------+------------------+------------------------+------------------------+--------------+---------------+-----------------+-------+---------------------+--------------------+---------------+-----------------+-------------+
; LED_Int           ; 3.3-V LVTTL  ; 0 in              ; 0 H/in                  ; 0 F/in                  ; short         ; -                   ; open           ; open             ; open   ; 0 in             ; 0 H/in                 ; 0 F/in                 ; short        ; open          ; open            ; open  ; 0 V                 ; -                  ; n/a           ; n/a             ; n/a         ;
; LED_SDcard        ; 3.3-V LVTTL  ; 0 in              ; 0 H/in                  ; 0 F/in                  ; short         ; -                   ; open           ; open             ; open   ; 0 in             ; 0 H/in                 ; 0 F/in                 ; short        ; open          ; open            ; open  ; 0 V                 ; -                  ; n/a           ; n/a             ; n/a         ;
; LED_ON            ; 3.3-V LVTTL  ; 0 in              ; 0 H/in                  ; 0 F/in                  ; short         ; -                   ; open           ; open             ; open   ; 0 in             ; 0 H/in                 ; 0 F/in                 ; short        ; open          ; open            ; open  ; 0 V                 ; -                  ; n/a           ; n/a             ; n/a         ;
; U4_PB[0]          ; 3.3-V LVTTL  ; 0 in              ; 0 H/in                  ; 0 F/in                  ; short         ; -                   ; open           ; open             ; open   ; 0 in             ; 0 H/in                 ; 0 F/in                 ; short        ; open          ; open            ; open  ; 0 V                 ; -                  ; n/a           ; n/a             ; n/a         ;
; U4_PB[1]          ; 3.3-V LVTTL  ; 0 in              ; 0 H/in                  ; 0 F/in                  ; short         ; -                   ; open           ; open             ; open   ; 0 in             ; 0 H/in                 ; 0 F/in                 ; short        ; open          ; open            ; open  ; 0 V                 ; -                  ; n/a           ; n/a             ; n/a         ;
; U4_PB[2]          ; 3.3-V LVTTL  ; 0 in              ; 0 H/in                  ; 0 F/in                  ; short         ; -                   ; open           ; open             ; open   ; 0 in             ; 0 H/in                 ; 0 F/in                 ; short        ; open          ; open            ; open  ; 0 V                 ; -                  ; n/a           ; n/a             ; n/a         ;
; U4_PB[3]          ; 3.3-V LVTTL  ; 0 in              ; 0 H/in                  ; 0 F/in                  ; short         ; -                   ; open           ; open             ; open   ; 0 in             ; 0 H/in                 ; 0 F/in                 ; short        ; open          ; open            ; open  ; 0 V                 ; -                  ; n/a           ; n/a             ; n/a         ;
; U4_PB[4]          ; 3.3-V LVTTL  ; 0 in              ; 0 H/in                  ; 0 F/in                  ; short         ; -                   ; open           ; open             ; open   ; 0 in             ; 0 H/in                 ; 0 F/in                 ; short        ; open          ; open            ; open  ; 0 V                 ; -                  ; n/a           ; n/a             ; n/a         ;
; U4_PB[5]          ; 3.3-V LVTTL  ; 0 in              ; 0 H/in                  ; 0 F/in                  ; short         ; -                   ; open           ; open             ; open   ; 0 in             ; 0 H/in                 ; 0 F/in                 ; short        ; open          ; open            ; open  ; 0 V                 ; -                  ; n/a           ; n/a             ; n/a         ;
; U4_PB[6]          ; 3.3-V LVTTL  ; 0 in              ; 0 H/in                  ; 0 F/in                  ; short         ; -                   ; open           ; open             ; open   ; 0 in             ; 0 H/in                 ; 0 F/in                 ; short        ; open          ; open            ; open  ; 0 V                 ; -                  ; n/a           ; n/a             ; n/a         ;
; U4_PB[7]          ; 3.3-V LVTTL  ; 0 in              ; 0 H/in                  ; 0 F/in                  ; short         ; -                   ; open           ; open             ; open   ; 0 in             ; 0 H/in                 ; 0 F/in                 ; short        ; open          ; open            ; open  ; 0 V                 ; -                  ; n/a           ; n/a             ; n/a         ;
; disp_segments[24] ; 3.3-V LVTTL  ; 0 in              ; 0 H/in                  ; 0 F/in                  ; short         ; -                   ; open           ; open             ; open   ; 0 in             ; 0 H/in                 ; 0 F/in                 ; short        ; open          ; open            ; open  ; 0 V                 ; -                  ; n/a           ; n/a             ; n/a         ;
; disp_segments[23] ; 3.3-V LVTTL  ; 0 in              ; 0 H/in                  ; 0 F/in                  ; short         ; -                   ; open           ; open             ; open   ; 0 in             ; 0 H/in                 ; 0 F/in                 ; short        ; open          ; open            ; open  ; 0 V                 ; -                  ; n/a           ; n/a             ; n/a         ;
; disp_segments[22] ; 3.3-V LVTTL  ; 0 in              ; 0 H/in                  ; 0 F/in                  ; short         ; -                   ; open           ; open             ; open   ; 0 in             ; 0 H/in                 ; 0 F/in                 ; short        ; open          ; open            ; open  ; 0 V                 ; -                  ; n/a           ; n/a             ; n/a         ;
; disp_segments[21] ; 3.3-V LVTTL  ; 0 in              ; 0 H/in                  ; 0 F/in                  ; short         ; -                   ; open           ; open             ; open   ; 0 in             ; 0 H/in                 ; 0 F/in                 ; short        ; open          ; open            ; open  ; 0 V                 ; -                  ; n/a           ; n/a             ; n/a         ;
; disp_segments[20] ; 3.3-V LVTTL  ; 0 in              ; 0 H/in                  ; 0 F/in                  ; short         ; -                   ; open           ; open             ; open   ; 0 in             ; 0 H/in                 ; 0 F/in                 ; short        ; open          ; open            ; open  ; 0 V                 ; -                  ; n/a           ; n/a             ; n/a         ;
; disp_segments[19] ; 3.3-V LVTTL  ; 0 in              ; 0 H/in                  ; 0 F/in                  ; short         ; -                   ; open           ; open             ; open   ; 0 in             ; 0 H/in                 ; 0 F/in                 ; short        ; open          ; open            ; open  ; 0 V                 ; -                  ; n/a           ; n/a             ; n/a         ;
; disp_segments[18] ; 3.3-V LVTTL  ; 0 in              ; 0 H/in                  ; 0 F/in                  ; short         ; -                   ; open           ; open             ; open   ; 0 in             ; 0 H/in                 ; 0 F/in                 ; short        ; open          ; open            ; open  ; 0 V                 ; -                  ; n/a           ; n/a             ; n/a         ;
; disp_segments[17] ; 3.3-V LVTTL  ; 0 in              ; 0 H/in                  ; 0 F/in                  ; short         ; -                   ; open           ; open             ; open   ; 0 in             ; 0 H/in                 ; 0 F/in                 ; short        ; open          ; open            ; open  ; 0 V                 ; -                  ; n/a           ; n/a             ; n/a         ;
; disp_segments[16] ; 3.3-V LVTTL  ; 0 in              ; 0 H/in                  ; 0 F/in                  ; short         ; -                   ; open           ; open             ; open   ; 0 in             ; 0 H/in                 ; 0 F/in                 ; short        ; open          ; open            ; open  ; 0 V                 ; -                  ; n/a           ; n/a             ; n/a         ;
; disp_segments[15] ; 3.3-V LVTTL  ; 0 in              ; 0 H/in                  ; 0 F/in                  ; short         ; -                   ; open           ; open             ; open   ; 0 in             ; 0 H/in                 ; 0 F/in                 ; short        ; open          ; open            ; open  ; 0 V                 ; -                  ; n/a           ; n/a             ; n/a         ;
; disp_segments[14] ; 3.3-V LVTTL  ; 0 in              ; 0 H/in                  ; 0 F/in                  ; short         ; -                   ; open           ; open             ; open   ; 0 in             ; 0 H/in                 ; 0 F/in                 ; short        ; open          ; open            ; open  ; 0 V                 ; -                  ; n/a           ; n/a             ; n/a         ;
; disp_segments[13] ; 3.3-V LVTTL  ; 0 in              ; 0 H/in                  ; 0 F/in                  ; short         ; -                   ; open           ; open             ; open   ; 0 in             ; 0 H/in                 ; 0 F/in                 ; short        ; open          ; open            ; open  ; 0 V                 ; -                  ; n/a           ; n/a             ; n/a         ;
; disp_segments[12] ; 3.3-V LVTTL  ; 0 in              ; 0 H/in                  ; 0 F/in                  ; short         ; -                   ; open           ; open             ; open   ; 0 in             ; 0 H/in                 ; 0 F/in                 ; short        ; open          ; open            ; open  ; 0 V                 ; -                  ; n/a           ; n/a             ; n/a         ;
; disp_segments[11] ; 3.3-V LVTTL  ; 0 in              ; 0 H/in                  ; 0 F/in                  ; short         ; -                   ; open           ; open             ; open   ; 0 in             ; 0 H/in                 ; 0 F/in                 ; short        ; open          ; open            ; open  ; 0 V                 ; -                  ; n/a           ; n/a             ; n/a         ;
; disp_segments[10] ; 3.3-V LVTTL  ; 0 in              ; 0 H/in                  ; 0 F/in                  ; short         ; -                   ; open           ; open             ; open   ; 0 in             ; 0 H/in                 ; 0 F/in                 ; short        ; open          ; open            ; open  ; 0 V                 ; -                  ; n/a           ; n/a             ; n/a         ;
; disp_segments[9]  ; 3.3-V LVTTL  ; 0 in              ; 0 H/in                  ; 0 F/in                  ; short         ; -                   ; open           ; open             ; open   ; 0 in             ; 0 H/in                 ; 0 F/in                 ; short        ; open          ; open            ; open  ; 0 V                 ; -                  ; n/a           ; n/a             ; n/a         ;
; disp_segments[8]  ; 3.3-V LVTTL  ; 0 in              ; 0 H/in                  ; 0 F/in                  ; short         ; -                   ; open           ; open             ; open   ; 0 in             ; 0 H/in                 ; 0 F/in                 ; short        ; open          ; open            ; open  ; 0 V                 ; -                  ; n/a           ; n/a             ; n/a         ;
; disp_segments[7]  ; 3.3-V LVTTL  ; 0 in              ; 0 H/in                  ; 0 F/in                  ; short         ; -                   ; open           ; open             ; open   ; 0 in             ; 0 H/in                 ; 0 F/in                 ; short        ; open          ; open            ; open  ; 0 V                 ; -                  ; n/a           ; n/a             ; n/a         ;
; disp_segments[6]  ; 3.3-V LVTTL  ; 0 in              ; 0 H/in                  ; 0 F/in                  ; short         ; -                   ; open           ; open             ; open   ; 0 in             ; 0 H/in                 ; 0 F/in                 ; short        ; open          ; open            ; open  ; 0 V                 ; -                  ; n/a           ; n/a             ; n/a         ;
; disp_segments[5]  ; 3.3-V LVTTL  ; 0 in              ; 0 H/in                  ; 0 F/in                  ; short         ; -                   ; open           ; open             ; open   ; 0 in             ; 0 H/in                 ; 0 F/in                 ; short        ; open          ; open            ; open  ; 0 V                 ; -                  ; n/a           ; n/a             ; n/a         ;
; disp_segments[4]  ; 3.3-V LVTTL  ; 0 in              ; 0 H/in                  ; 0 F/in                  ; short         ; -                   ; open           ; open             ; open   ; 0 in             ; 0 H/in                 ; 0 F/in                 ; short        ; open          ; open            ; open  ; 0 V                 ; -                  ; n/a           ; n/a             ; n/a         ;
; disp_segments[3]  ; 3.3-V LVTTL  ; 0 in              ; 0 H/in                  ; 0 F/in                  ; short         ; -                   ; open           ; open             ; open   ; 0 in             ; 0 H/in                 ; 0 F/in                 ; short        ; open          ; open            ; open  ; 0 V                 ; -                  ; n/a           ; n/a             ; n/a         ;
; disp_segments[2]  ; 3.3-V LVTTL  ; 0 in              ; 0 H/in                  ; 0 F/in                  ; short         ; -                   ; open           ; open             ; open   ; 0 in             ; 0 H/in                 ; 0 F/in                 ; short        ; open          ; open            ; open  ; 0 V                 ; -                  ; n/a           ; n/a             ; n/a         ;
; disp_segments[1]  ; 3.3-V LVTTL  ; 0 in              ; 0 H/in                  ; 0 F/in                  ; short         ; -                   ; open           ; open             ; open   ; 0 in             ; 0 H/in                 ; 0 F/in                 ; short        ; open          ; open            ; open  ; 0 V                 ; -                  ; n/a           ; n/a             ; n/a         ;
; U5_PA[0]          ; 3.3-V LVTTL  ; 0 in              ; 0 H/in                  ; 0 F/in                  ; short         ; -                   ; open           ; open             ; open   ; 0 in             ; 0 H/in                 ; 0 F/in                 ; short        ; open          ; open            ; open  ; 0 V                 ; -                  ; n/a           ; n/a             ; n/a         ;
; U5_PA[1]          ; 3.3-V LVTTL  ; 0 in              ; 0 H/in                  ; 0 F/in                  ; short         ; -                   ; open           ; open             ; open   ; 0 in             ; 0 H/in                 ; 0 F/in                 ; short        ; open          ; open            ; open  ; 0 V                 ; -                  ; n/a           ; n/a             ; n/a         ;
; U5_PA[2]          ; 3.3-V LVTTL  ; 0 in              ; 0 H/in                  ; 0 F/in                  ; short         ; -                   ; open           ; open             ; open   ; 0 in             ; 0 H/in                 ; 0 F/in                 ; short        ; open          ; open            ; open  ; 0 V                 ; -                  ; n/a           ; n/a             ; n/a         ;
; U5_PA[3]          ; 3.3-V LVTTL  ; 0 in              ; 0 H/in                  ; 0 F/in                  ; short         ; -                   ; open           ; open             ; open   ; 0 in             ; 0 H/in                 ; 0 F/in                 ; short        ; open          ; open            ; open  ; 0 V                 ; -                  ; n/a           ; n/a             ; n/a         ;
; U5_PB_7           ; 3.3-V LVTTL  ; 0 in              ; 0 H/in                  ; 0 F/in                  ; short         ; -                   ; open           ; open             ; open   ; 0 in             ; 0 H/in                 ; 0 F/in                 ; short        ; open          ; open            ; open  ; 0 V                 ; -                  ; n/a           ; n/a             ; n/a         ;
; U6_PA[0]          ; 3.3-V LVTTL  ; 0 in              ; 0 H/in                  ; 0 F/in                  ; short         ; -                   ; open           ; open             ; open   ; 0 in             ; 0 H/in                 ; 0 F/in                 ; short        ; open          ; open            ; open  ; 0 V                 ; -                  ; n/a           ; n/a             ; n/a         ;
; U6_PA[1]          ; 3.3-V LVTTL  ; 0 in              ; 0 H/in                  ; 0 F/in                  ; short         ; -                   ; open           ; open             ; open   ; 0 in             ; 0 H/in                 ; 0 F/in                 ; short        ; open          ; open            ; open  ; 0 V                 ; -                  ; n/a           ; n/a             ; n/a         ;
; U6_PA[2]          ; 3.3-V LVTTL  ; 0 in              ; 0 H/in                  ; 0 F/in                  ; short         ; -                   ; open           ; open             ; open   ; 0 in             ; 0 H/in                 ; 0 F/in                 ; short        ; open          ; open            ; open  ; 0 V                 ; -                  ; n/a           ; n/a             ; n/a         ;
; U6_PA[3]          ; 3.3-V LVTTL  ; 0 in              ; 0 H/in                  ; 0 F/in                  ; short         ; -                   ; open           ; open             ; open   ; 0 in             ; 0 H/in                 ; 0 F/in                 ; short        ; open          ; open            ; open  ; 0 V                 ; -                  ; n/a           ; n/a             ; n/a         ;
; U6_PA[4]          ; 3.3-V LVTTL  ; 0 in              ; 0 H/in                  ; 0 F/in                  ; short         ; -                   ; open           ; open             ; open   ; 0 in             ; 0 H/in                 ; 0 F/in                 ; short        ; open          ; open            ; open  ; 0 V                 ; -                  ; n/a           ; n/a             ; n/a         ;
; U6_PA[5]          ; 3.3-V LVTTL  ; 0 in              ; 0 H/in                  ; 0 F/in                  ; short         ; -                   ; open           ; open             ; open   ; 0 in             ; 0 H/in                 ; 0 F/in                 ; short        ; open          ; open            ; open  ; 0 V                 ; -                  ; n/a           ; n/a             ; n/a         ;
; U6_PA[6]          ; 3.3-V LVTTL  ; 0 in              ; 0 H/in                  ; 0 F/in                  ; short         ; -                   ; open           ; open             ; open   ; 0 in             ; 0 H/in                 ; 0 F/in                 ; short        ; open          ; open            ; open  ; 0 V                 ; -                  ; n/a           ; n/a             ; n/a         ;
; U6_PA[7]          ; 3.3-V LVTTL  ; 0 in              ; 0 H/in                  ; 0 F/in                  ; short         ; -                   ; open           ; open             ; open   ; 0 in             ; 0 H/in                 ; 0 F/in                 ; short        ; open          ; open            ; open  ; 0 V                 ; -                  ; n/a           ; n/a             ; n/a         ;
; U6_PB[0]          ; 3.3-V LVTTL  ; 0 in              ; 0 H/in                  ; 0 F/in                  ; short         ; -                   ; open           ; open             ; open   ; 0 in             ; 0 H/in                 ; 0 F/in                 ; short        ; open          ; open            ; open  ; 0 V                 ; -                  ; n/a           ; n/a             ; n/a         ;
; U6_PB[1]          ; 3.3-V LVTTL  ; 0 in              ; 0 H/in                  ; 0 F/in                  ; short         ; -                   ; open           ; open             ; open   ; 0 in             ; 0 H/in                 ; 0 F/in                 ; short        ; open          ; open            ; open  ; 0 V                 ; -                  ; n/a           ; n/a             ; n/a         ;
; U6_PB[2]          ; 3.3-V LVTTL  ; 0 in              ; 0 H/in                  ; 0 F/in                  ; short         ; -                   ; open           ; open             ; open   ; 0 in             ; 0 H/in                 ; 0 F/in                 ; short        ; open          ; open            ; open  ; 0 V                 ; -                  ; n/a           ; n/a             ; n/a         ;
; U6_PB[3]          ; 3.3-V LVTTL  ; 0 in              ; 0 H/in                  ; 0 F/in                  ; short         ; -                   ; open           ; open             ; open   ; 0 in             ; 0 H/in                 ; 0 F/in                 ; short        ; open          ; open            ; open  ; 0 V                 ; -                  ; n/a           ; n/a             ; n/a         ;
; U6_PB[4]          ; 3.3-V LVTTL  ; 0 in              ; 0 H/in                  ; 0 F/in                  ; short         ; -                   ; open           ; open             ; open   ; 0 in             ; 0 H/in                 ; 0 F/in                 ; short        ; open          ; open            ; open  ; 0 V                 ; -                  ; n/a           ; n/a             ; n/a         ;
; U6_PB[5]          ; 3.3-V LVTTL  ; 0 in              ; 0 H/in                  ; 0 F/in                  ; short         ; -                   ; open           ; open             ; open   ; 0 in             ; 0 H/in                 ; 0 F/in                 ; short        ; open          ; open            ; open  ; 0 V                 ; -                  ; n/a           ; n/a             ; n/a         ;
; U6_PB[6]          ; 3.3-V LVTTL  ; 0 in              ; 0 H/in                  ; 0 F/in                  ; short         ; -                   ; open           ; open             ; open   ; 0 in             ; 0 H/in                 ; 0 F/in                 ; short        ; open          ; open            ; open  ; 0 V                 ; -                  ; n/a           ; n/a             ; n/a         ;
; U6_PB[7]          ; 3.3-V LVTTL  ; 0 in              ; 0 H/in                  ; 0 F/in                  ; short         ; -                   ; open           ; open             ; open   ; 0 in             ; 0 H/in                 ; 0 F/in                 ; short        ; open          ; open            ; open  ; 0 V                 ; -                  ; n/a           ; n/a             ; n/a         ;
; CS_SDcard         ; 3.3-V LVTTL  ; 0 in              ; 0 H/in                  ; 0 F/in                  ; short         ; -                   ; open           ; open             ; open   ; 0 in             ; 0 H/in                 ; 0 F/in                 ; short        ; open          ; open            ; open  ; 0 V                 ; -                  ; n/a           ; n/a             ; n/a         ;
; CS_EEprom         ; 3.3-V LVTTL  ; 0 in              ; 0 H/in                  ; 0 F/in                  ; short         ; -                   ; open           ; open             ; open   ; 0 in             ; 0 H/in                 ; 0 F/in                 ; short        ; open          ; open            ; open  ; 0 V                 ; -                  ; n/a           ; n/a             ; n/a         ;
; MOSI              ; 3.3-V LVTTL  ; 0 in              ; 0 H/in                  ; 0 F/in                  ; short         ; -                   ; open           ; open             ; open   ; 0 in             ; 0 H/in                 ; 0 F/in                 ; short        ; open          ; open            ; open  ; 0 V                 ; -                  ; n/a           ; n/a             ; n/a         ;
; CLK               ; 3.3-V LVTTL  ; 0 in              ; 0 H/in                  ; 0 F/in                  ; short         ; -                   ; open           ; open             ; open   ; 0 in             ; 0 H/in                 ; 0 F/in                 ; short        ; open          ; open            ; open  ; 0 V                 ; -                  ; n/a           ; n/a             ; n/a         ;
; DIP_Strobe[0]     ; 3.3-V LVTTL  ; 0 in              ; 0 H/in                  ; 0 F/in                  ; short         ; -                   ; open           ; open             ; open   ; 0 in             ; 0 H/in                 ; 0 F/in                 ; short        ; open          ; open            ; open  ; 0 V                 ; -                  ; n/a           ; n/a             ; n/a         ;
; DIP_Strobe[1]     ; 3.3-V LVTTL  ; 0 in              ; 0 H/in                  ; 0 F/in                  ; short         ; -                   ; open           ; open             ; open   ; 0 in             ; 0 H/in                 ; 0 F/in                 ; short        ; open          ; open            ; open  ; 0 V                 ; -                  ; n/a           ; n/a             ; n/a         ;
; DIP_Strobe[2]     ; 3.3-V LVTTL  ; 0 in              ; 0 H/in                  ; 0 F/in                  ; short         ; -                   ; open           ; open             ; open   ; 0 in             ; 0 H/in                 ; 0 F/in                 ; short        ; open          ; open            ; open  ; 0 V                 ; -                  ; n/a           ; n/a             ; n/a         ;
; DIP_Strobe[3]     ; 3.3-V LVTTL  ; 0 in              ; 0 H/in                  ; 0 F/in                  ; short         ; -                   ; open           ; open             ; open   ; 0 in             ; 0 H/in                 ; 0 F/in                 ; short        ; open          ; open            ; open  ; 0 V                 ; -                  ; n/a           ; n/a             ; n/a         ;
; Audio_RX          ; 3.3-V LVTTL  ; 0 in              ; 0 H/in                  ; 0 F/in                  ; short         ; -                   ; open           ; open             ; open   ; 0 in             ; 0 H/in                 ; 0 F/in                 ; short        ; open          ; open            ; open  ; 0 V                 ; -                  ; n/a           ; n/a             ; n/a         ;
; Sound             ; 3.3-V LVTTL  ; 0 in              ; 0 H/in                  ; 0 F/in                  ; short         ; -                   ; open           ; open             ; open   ; 0 in             ; 0 H/in                 ; 0 F/in                 ; short        ; open          ; open            ; open  ; 0 V                 ; -                  ; n/a           ; n/a             ; n/a         ;
; Debug             ; 3.3-V LVTTL  ; 0 in              ; 0 H/in                  ; 0 F/in                  ; short         ; -                   ; open           ; open             ; open   ; 0 in             ; 0 H/in                 ; 0 F/in                 ; short        ; open          ; open            ; open  ; 0 V                 ; -                  ; n/a           ; n/a             ; n/a         ;
; ~ALTERA_DCLK~     ; 3.3-V LVTTL  ; 0 in              ; 0 H/in                  ; 0 F/in                  ; short         ; -                   ; open           ; open             ; open   ; 0 in             ; 0 H/in                 ; 0 F/in                 ; short        ; open          ; open            ; open  ; 0 V                 ; -                  ; n/a           ; n/a             ; n/a         ;
+-------------------+--------------+-------------------+-------------------------+-------------------------+---------------+---------------------+----------------+------------------+--------+------------------+------------------------+------------------------+--------------+---------------+-----------------+-------+---------------------+--------------------+---------------+-----------------+-------------+


+----------------------------------------------------------------------------+
; Input Transition Times                                                     ;
+-------------------------+--------------+-----------------+-----------------+
; Pin                     ; I/O Standard ; 10-90 Rise Time ; 90-10 Fall Time ;
+-------------------------+--------------+-----------------+-----------------+
; clk_50                  ; 3.3-V LVTTL  ; 2640 ps         ; 2640 ps         ;
; myTest                  ; 3.3-V LVTTL  ; 2640 ps         ; 2640 ps         ;
; DIP_Return[2]           ; 3.3-V LVTTL  ; 2640 ps         ; 2640 ps         ;
; DIP_Return[3]           ; 3.3-V LVTTL  ; 2640 ps         ; 2640 ps         ;
; DIP_Return[1]           ; 3.3-V LVTTL  ; 2640 ps         ; 2640 ps         ;
; DIP_Return[0]           ; 3.3-V LVTTL  ; 2640 ps         ; 2640 ps         ;
; U5_PA_7                 ; 3.3-V LVTTL  ; 2640 ps         ; 2640 ps         ;
; MISO                    ; 3.3-V LVTTL  ; 2640 ps         ; 2640 ps         ;
; reset_sw                ; 3.3-V LVTTL  ; 2640 ps         ; 2640 ps         ;
; U4_PA[7]                ; 3.3-V LVTTL  ; 2640 ps         ; 2640 ps         ;
; U4_PA[0]                ; 3.3-V LVTTL  ; 2640 ps         ; 2640 ps         ;
; U4_PA[1]                ; 3.3-V LVTTL  ; 2640 ps         ; 2640 ps         ;
; U4_PA[5]                ; 3.3-V LVTTL  ; 2640 ps         ; 2640 ps         ;
; U4_PA[4]                ; 3.3-V LVTTL  ; 2640 ps         ; 2640 ps         ;
; U4_PA[3]                ; 3.3-V LVTTL  ; 2640 ps         ; 2640 ps         ;
; U4_PA[2]                ; 3.3-V LVTTL  ; 2640 ps         ; 2640 ps         ;
; U4_PA[6]                ; 3.3-V LVTTL  ; 2640 ps         ; 2640 ps         ;
; ~ALTERA_ASDO_DATA1~     ; 3.3-V LVTTL  ; 2640 ps         ; 2640 ps         ;
; ~ALTERA_FLASH_nCE_nCSO~ ; 3.3-V LVTTL  ; 2640 ps         ; 2640 ps         ;
; ~ALTERA_DATA0~          ; 3.3-V LVTTL  ; 2640 ps         ; 2640 ps         ;
+-------------------------+--------------+-----------------+-----------------+


+------------------------------------------------------------------------------------------------------------------------------------------------------------------------------------------------------------------------------------------------------------------------------------------------------------------------------------------------------------------------------------------------------------------------------------------------------------------------------------------------------------------------------------------------------------------------------------------------------------------------------------------------------------------------------------------------+
; Signal Integrity Metrics (Slow 1200mv 0c Model)                                                                                                                                                                                                                                                                                                                                                                                                                                                                                                                                                                                                                                                ;
+-------------------+--------------+---------------------+---------------------+------------------------------+------------------------------+---------------------+---------------------+--------------------------------------+--------------------------------------+-----------------------------+-----------------------------+----------------------------+----------------------------+-----------------------------+-----------------------------+--------------------+--------------------+-------------------------------------+-------------------------------------+----------------------------+----------------------------+---------------------------+---------------------------+
; Pin               ; I/O Standard ; Board Delay on Rise ; Board Delay on Fall ; Steady State Voh at FPGA Pin ; Steady State Vol at FPGA Pin ; Voh Max at FPGA Pin ; Vol Min at FPGA Pin ; Ringback Voltage on Rise at FPGA Pin ; Ringback Voltage on Fall at FPGA Pin ; 10-90 Rise Time at FPGA Pin ; 90-10 Fall Time at FPGA Pin ; Monotonic Rise at FPGA Pin ; Monotonic Fall at FPGA Pin ; Steady State Voh at Far-end ; Steady State Vol at Far-end ; Voh Max at Far-end ; Vol Min at Far-end ; Ringback Voltage on Rise at Far-end ; Ringback Voltage on Fall at Far-end ; 10-90 Rise Time at Far-end ; 90-10 Fall Time at Far-end ; Monotonic Rise at Far-end ; Monotonic Fall at Far-end ;
+-------------------+--------------+---------------------+---------------------+------------------------------+------------------------------+---------------------+---------------------+--------------------------------------+--------------------------------------+-----------------------------+-----------------------------+----------------------------+----------------------------+-----------------------------+-----------------------------+--------------------+--------------------+-------------------------------------+-------------------------------------+----------------------------+----------------------------+---------------------------+---------------------------+
; LED_Int           ; 3.3-V LVTTL  ; 0 s                 ; 0 s                 ; 3.08 V                       ; 6.38e-09 V                   ; 3.12 V              ; -0.0818 V           ; 0.205 V                              ; 0.244 V                              ; 8.86e-10 s                  ; 6.56e-10 s                  ; No                         ; No                         ; 3.08 V                      ; 6.38e-09 V                  ; 3.12 V             ; -0.0818 V          ; 0.205 V                             ; 0.244 V                             ; 8.86e-10 s                 ; 6.56e-10 s                 ; No                        ; No                        ;
; LED_SDcard        ; 3.3-V LVTTL  ; 0 s                 ; 0 s                 ; 3.08 V                       ; 6.38e-09 V                   ; 3.13 V              ; -0.117 V            ; 0.15 V                               ; 0.263 V                              ; 6.31e-10 s                  ; 4.46e-10 s                  ; No                         ; No                         ; 3.08 V                      ; 6.38e-09 V                  ; 3.13 V             ; -0.117 V           ; 0.15 V                              ; 0.263 V                             ; 6.31e-10 s                 ; 4.46e-10 s                 ; No                        ; No                        ;
; LED_ON            ; 3.3-V LVTTL  ; 0 s                 ; 0 s                 ; 3.08 V                       ; 6.38e-09 V                   ; 3.13 V              ; -0.117 V            ; 0.15 V                               ; 0.263 V                              ; 6.31e-10 s                  ; 4.46e-10 s                  ; No                         ; No                         ; 3.08 V                      ; 6.38e-09 V                  ; 3.13 V             ; -0.117 V           ; 0.15 V                              ; 0.263 V                             ; 6.31e-10 s                 ; 4.46e-10 s                 ; No                        ; No                        ;
; U4_PB[0]          ; 3.3-V LVTTL  ; 0 s                 ; 0 s                 ; 3.08 V                       ; 8.89e-09 V                   ; 3.09 V              ; -0.011 V            ; 0.196 V                              ; 0.301 V                              ; 4.93e-09 s                  ; 3.56e-09 s                  ; Yes                        ; Yes                        ; 3.08 V                      ; 8.89e-09 V                  ; 3.09 V             ; -0.011 V           ; 0.196 V                             ; 0.301 V                             ; 4.93e-09 s                 ; 3.56e-09 s                 ; Yes                       ; Yes                       ;
; U4_PB[1]          ; 3.3-V LVTTL  ; 0 s                 ; 0 s                 ; 3.08 V                       ; 8.89e-09 V                   ; 3.12 V              ; -0.11 V             ; 0.153 V                              ; 0.272 V                              ; 6.41e-10 s                  ; 4.57e-10 s                  ; No                         ; Yes                        ; 3.08 V                      ; 8.89e-09 V                  ; 3.12 V             ; -0.11 V            ; 0.153 V                             ; 0.272 V                             ; 6.41e-10 s                 ; 4.57e-10 s                 ; No                        ; Yes                       ;
; U4_PB[2]          ; 3.3-V LVTTL  ; 0 s                 ; 0 s                 ; 3.08 V                       ; 8.89e-09 V                   ; 3.12 V              ; -0.11 V             ; 0.153 V                              ; 0.272 V                              ; 6.41e-10 s                  ; 4.57e-10 s                  ; No                         ; Yes                        ; 3.08 V                      ; 8.89e-09 V                  ; 3.12 V             ; -0.11 V            ; 0.153 V                             ; 0.272 V                             ; 6.41e-10 s                 ; 4.57e-10 s                 ; No                        ; Yes                       ;
; U4_PB[3]          ; 3.3-V LVTTL  ; 0 s                 ; 0 s                 ; 3.08 V                       ; 8.89e-09 V                   ; 3.12 V              ; -0.11 V             ; 0.153 V                              ; 0.272 V                              ; 6.41e-10 s                  ; 4.57e-10 s                  ; No                         ; Yes                        ; 3.08 V                      ; 8.89e-09 V                  ; 3.12 V             ; -0.11 V            ; 0.153 V                             ; 0.272 V                             ; 6.41e-10 s                 ; 4.57e-10 s                 ; No                        ; Yes                       ;
; U4_PB[4]          ; 3.3-V LVTTL  ; 0 s                 ; 0 s                 ; 3.08 V                       ; 8.89e-09 V                   ; 3.12 V              ; -0.11 V             ; 0.153 V                              ; 0.272 V                              ; 6.41e-10 s                  ; 4.57e-10 s                  ; No                         ; Yes                        ; 3.08 V                      ; 8.89e-09 V                  ; 3.12 V             ; -0.11 V            ; 0.153 V                             ; 0.272 V                             ; 6.41e-10 s                 ; 4.57e-10 s                 ; No                        ; Yes                       ;
; U4_PB[5]          ; 3.3-V LVTTL  ; 0 s                 ; 0 s                 ; 3.08 V                       ; 8.89e-09 V                   ; 3.12 V              ; -0.11 V             ; 0.153 V                              ; 0.272 V                              ; 6.41e-10 s                  ; 4.57e-10 s                  ; No                         ; Yes                        ; 3.08 V                      ; 8.89e-09 V                  ; 3.12 V             ; -0.11 V            ; 0.153 V                             ; 0.272 V                             ; 6.41e-10 s                 ; 4.57e-10 s                 ; No                        ; Yes                       ;
; U4_PB[6]          ; 3.3-V LVTTL  ; 0 s                 ; 0 s                 ; 3.08 V                       ; 8.89e-09 V                   ; 3.12 V              ; -0.11 V             ; 0.153 V                              ; 0.272 V                              ; 6.41e-10 s                  ; 4.57e-10 s                  ; No                         ; Yes                        ; 3.08 V                      ; 8.89e-09 V                  ; 3.12 V             ; -0.11 V            ; 0.153 V                             ; 0.272 V                             ; 6.41e-10 s                 ; 4.57e-10 s                 ; No                        ; Yes                       ;
; U4_PB[7]          ; 3.3-V LVTTL  ; 0 s                 ; 0 s                 ; 3.08 V                       ; 8.89e-09 V                   ; 3.12 V              ; -0.11 V             ; 0.153 V                              ; 0.272 V                              ; 6.41e-10 s                  ; 4.57e-10 s                  ; No                         ; Yes                        ; 3.08 V                      ; 8.89e-09 V                  ; 3.12 V             ; -0.11 V            ; 0.153 V                             ; 0.272 V                             ; 6.41e-10 s                 ; 4.57e-10 s                 ; No                        ; Yes                       ;
; disp_segments[24] ; 3.3-V LVTTL  ; 0 s                 ; 0 s                 ; 3.08 V                       ; 6.38e-09 V                   ; 3.13 V              ; -0.117 V            ; 0.15 V                               ; 0.263 V                              ; 6.31e-10 s                  ; 4.46e-10 s                  ; No                         ; No                         ; 3.08 V                      ; 6.38e-09 V                  ; 3.13 V             ; -0.117 V           ; 0.15 V                              ; 0.263 V                             ; 6.31e-10 s                 ; 4.46e-10 s                 ; No                        ; No                        ;
; disp_segments[23] ; 3.3-V LVTTL  ; 0 s                 ; 0 s                 ; 3.08 V                       ; 6.38e-09 V                   ; 3.13 V              ; -0.117 V            ; 0.15 V                               ; 0.263 V                              ; 6.31e-10 s                  ; 4.46e-10 s                  ; No                         ; No                         ; 3.08 V                      ; 6.38e-09 V                  ; 3.13 V             ; -0.117 V           ; 0.15 V                              ; 0.263 V                             ; 6.31e-10 s                 ; 4.46e-10 s                 ; No                        ; No                        ;
; disp_segments[22] ; 3.3-V LVTTL  ; 0 s                 ; 0 s                 ; 3.08 V                       ; 8.89e-09 V                   ; 3.12 V              ; -0.11 V             ; 0.153 V                              ; 0.272 V                              ; 6.41e-10 s                  ; 4.57e-10 s                  ; No                         ; Yes                        ; 3.08 V                      ; 8.89e-09 V                  ; 3.12 V             ; -0.11 V            ; 0.153 V                             ; 0.272 V                             ; 6.41e-10 s                 ; 4.57e-10 s                 ; No                        ; Yes                       ;
; disp_segments[21] ; 3.3-V LVTTL  ; 0 s                 ; 0 s                 ; 3.08 V                       ; 8.89e-09 V                   ; 3.12 V              ; -0.11 V             ; 0.153 V                              ; 0.272 V                              ; 6.41e-10 s                  ; 4.57e-10 s                  ; No                         ; Yes                        ; 3.08 V                      ; 8.89e-09 V                  ; 3.12 V             ; -0.11 V            ; 0.153 V                             ; 0.272 V                             ; 6.41e-10 s                 ; 4.57e-10 s                 ; No                        ; Yes                       ;
; disp_segments[20] ; 3.3-V LVTTL  ; 0 s                 ; 0 s                 ; 3.08 V                       ; 8.89e-09 V                   ; 3.12 V              ; -0.11 V             ; 0.153 V                              ; 0.272 V                              ; 6.41e-10 s                  ; 4.57e-10 s                  ; No                         ; Yes                        ; 3.08 V                      ; 8.89e-09 V                  ; 3.12 V             ; -0.11 V            ; 0.153 V                             ; 0.272 V                             ; 6.41e-10 s                 ; 4.57e-10 s                 ; No                        ; Yes                       ;
; disp_segments[19] ; 3.3-V LVTTL  ; 0 s                 ; 0 s                 ; 3.08 V                       ; 8.89e-09 V                   ; 3.12 V              ; -0.11 V             ; 0.153 V                              ; 0.272 V                              ; 6.41e-10 s                  ; 4.57e-10 s                  ; No                         ; Yes                        ; 3.08 V                      ; 8.89e-09 V                  ; 3.12 V             ; -0.11 V            ; 0.153 V                             ; 0.272 V                             ; 6.41e-10 s                 ; 4.57e-10 s                 ; No                        ; Yes                       ;
; disp_segments[18] ; 3.3-V LVTTL  ; 0 s                 ; 0 s                 ; 3.08 V                       ; 8.89e-09 V                   ; 3.12 V              ; -0.11 V             ; 0.153 V                              ; 0.272 V                              ; 6.41e-10 s                  ; 4.57e-10 s                  ; No                         ; Yes                        ; 3.08 V                      ; 8.89e-09 V                  ; 3.12 V             ; -0.11 V            ; 0.153 V                             ; 0.272 V                             ; 6.41e-10 s                 ; 4.57e-10 s                 ; No                        ; Yes                       ;
; disp_segments[17] ; 3.3-V LVTTL  ; 0 s                 ; 0 s                 ; 3.08 V                       ; 8.89e-09 V                   ; 3.12 V              ; -0.11 V             ; 0.153 V                              ; 0.272 V                              ; 6.41e-10 s                  ; 4.57e-10 s                  ; No                         ; Yes                        ; 3.08 V                      ; 8.89e-09 V                  ; 3.12 V             ; -0.11 V            ; 0.153 V                             ; 0.272 V                             ; 6.41e-10 s                 ; 4.57e-10 s                 ; No                        ; Yes                       ;
; disp_segments[16] ; 3.3-V LVTTL  ; 0 s                 ; 0 s                 ; 3.08 V                       ; 8.89e-09 V                   ; 3.12 V              ; -0.11 V             ; 0.153 V                              ; 0.272 V                              ; 6.41e-10 s                  ; 4.57e-10 s                  ; No                         ; Yes                        ; 3.08 V                      ; 8.89e-09 V                  ; 3.12 V             ; -0.11 V            ; 0.153 V                             ; 0.272 V                             ; 6.41e-10 s                 ; 4.57e-10 s                 ; No                        ; Yes                       ;
; disp_segments[15] ; 3.3-V LVTTL  ; 0 s                 ; 0 s                 ; 3.08 V                       ; 8.89e-09 V                   ; 3.09 V              ; -0.011 V            ; 0.196 V                              ; 0.301 V                              ; 4.93e-09 s                  ; 3.56e-09 s                  ; Yes                        ; Yes                        ; 3.08 V                      ; 8.89e-09 V                  ; 3.09 V             ; -0.011 V           ; 0.196 V                             ; 0.301 V                             ; 4.93e-09 s                 ; 3.56e-09 s                 ; Yes                       ; Yes                       ;
; disp_segments[14] ; 3.3-V LVTTL  ; 0 s                 ; 0 s                 ; 3.08 V                       ; 6.38e-09 V                   ; 3.13 V              ; -0.117 V            ; 0.15 V                               ; 0.263 V                              ; 6.31e-10 s                  ; 4.46e-10 s                  ; No                         ; No                         ; 3.08 V                      ; 6.38e-09 V                  ; 3.13 V             ; -0.117 V           ; 0.15 V                              ; 0.263 V                             ; 6.31e-10 s                 ; 4.46e-10 s                 ; No                        ; No                        ;
; disp_segments[13] ; 3.3-V LVTTL  ; 0 s                 ; 0 s                 ; 3.08 V                       ; 8.89e-09 V                   ; 3.12 V              ; -0.11 V             ; 0.153 V                              ; 0.272 V                              ; 6.41e-10 s                  ; 4.57e-10 s                  ; No                         ; Yes                        ; 3.08 V                      ; 8.89e-09 V                  ; 3.12 V             ; -0.11 V            ; 0.153 V                             ; 0.272 V                             ; 6.41e-10 s                 ; 4.57e-10 s                 ; No                        ; Yes                       ;
; disp_segments[12] ; 3.3-V LVTTL  ; 0 s                 ; 0 s                 ; 3.08 V                       ; 8.89e-09 V                   ; 3.12 V              ; -0.11 V             ; 0.153 V                              ; 0.272 V                              ; 6.41e-10 s                  ; 4.57e-10 s                  ; No                         ; Yes                        ; 3.08 V                      ; 8.89e-09 V                  ; 3.12 V             ; -0.11 V            ; 0.153 V                             ; 0.272 V                             ; 6.41e-10 s                 ; 4.57e-10 s                 ; No                        ; Yes                       ;
; disp_segments[11] ; 3.3-V LVTTL  ; 0 s                 ; 0 s                 ; 3.08 V                       ; 8.89e-09 V                   ; 3.12 V              ; -0.11 V             ; 0.153 V                              ; 0.272 V                              ; 6.41e-10 s                  ; 4.57e-10 s                  ; No                         ; Yes                        ; 3.08 V                      ; 8.89e-09 V                  ; 3.12 V             ; -0.11 V            ; 0.153 V                             ; 0.272 V                             ; 6.41e-10 s                 ; 4.57e-10 s                 ; No                        ; Yes                       ;
; disp_segments[10] ; 3.3-V LVTTL  ; 0 s                 ; 0 s                 ; 3.08 V                       ; 8.89e-09 V                   ; 3.12 V              ; -0.11 V             ; 0.153 V                              ; 0.272 V                              ; 6.41e-10 s                  ; 4.57e-10 s                  ; No                         ; Yes                        ; 3.08 V                      ; 8.89e-09 V                  ; 3.12 V             ; -0.11 V            ; 0.153 V                             ; 0.272 V                             ; 6.41e-10 s                 ; 4.57e-10 s                 ; No                        ; Yes                       ;
; disp_segments[9]  ; 3.3-V LVTTL  ; 0 s                 ; 0 s                 ; 3.08 V                       ; 8.89e-09 V                   ; 3.12 V              ; -0.11 V             ; 0.153 V                              ; 0.272 V                              ; 6.41e-10 s                  ; 4.57e-10 s                  ; No                         ; Yes                        ; 3.08 V                      ; 8.89e-09 V                  ; 3.12 V             ; -0.11 V            ; 0.153 V                             ; 0.272 V                             ; 6.41e-10 s                 ; 4.57e-10 s                 ; No                        ; Yes                       ;
; disp_segments[8]  ; 3.3-V LVTTL  ; 0 s                 ; 0 s                 ; 3.08 V                       ; 8.89e-09 V                   ; 3.12 V              ; -0.11 V             ; 0.153 V                              ; 0.272 V                              ; 6.41e-10 s                  ; 4.57e-10 s                  ; No                         ; Yes                        ; 3.08 V                      ; 8.89e-09 V                  ; 3.12 V             ; -0.11 V            ; 0.153 V                             ; 0.272 V                             ; 6.41e-10 s                 ; 4.57e-10 s                 ; No                        ; Yes                       ;
; disp_segments[7]  ; 3.3-V LVTTL  ; 0 s                 ; 0 s                 ; 3.08 V                       ; 8.89e-09 V                   ; 3.12 V              ; -0.11 V             ; 0.153 V                              ; 0.272 V                              ; 6.41e-10 s                  ; 4.57e-10 s                  ; No                         ; Yes                        ; 3.08 V                      ; 8.89e-09 V                  ; 3.12 V             ; -0.11 V            ; 0.153 V                             ; 0.272 V                             ; 6.41e-10 s                 ; 4.57e-10 s                 ; No                        ; Yes                       ;
; disp_segments[6]  ; 3.3-V LVTTL  ; 0 s                 ; 0 s                 ; 3.08 V                       ; 8.89e-09 V                   ; 3.12 V              ; -0.11 V             ; 0.153 V                              ; 0.272 V                              ; 6.41e-10 s                  ; 4.57e-10 s                  ; No                         ; Yes                        ; 3.08 V                      ; 8.89e-09 V                  ; 3.12 V             ; -0.11 V            ; 0.153 V                             ; 0.272 V                             ; 6.41e-10 s                 ; 4.57e-10 s                 ; No                        ; Yes                       ;
; disp_segments[5]  ; 3.3-V LVTTL  ; 0 s                 ; 0 s                 ; 3.08 V                       ; 8.89e-09 V                   ; 3.12 V              ; -0.11 V             ; 0.153 V                              ; 0.272 V                              ; 6.41e-10 s                  ; 4.57e-10 s                  ; No                         ; Yes                        ; 3.08 V                      ; 8.89e-09 V                  ; 3.12 V             ; -0.11 V            ; 0.153 V                             ; 0.272 V                             ; 6.41e-10 s                 ; 4.57e-10 s                 ; No                        ; Yes                       ;
; disp_segments[4]  ; 3.3-V LVTTL  ; 0 s                 ; 0 s                 ; 3.08 V                       ; 8.89e-09 V                   ; 3.12 V              ; -0.11 V             ; 0.153 V                              ; 0.272 V                              ; 6.41e-10 s                  ; 4.57e-10 s                  ; No                         ; Yes                        ; 3.08 V                      ; 8.89e-09 V                  ; 3.12 V             ; -0.11 V            ; 0.153 V                             ; 0.272 V                             ; 6.41e-10 s                 ; 4.57e-10 s                 ; No                        ; Yes                       ;
; disp_segments[3]  ; 3.3-V LVTTL  ; 0 s                 ; 0 s                 ; 3.08 V                       ; 8.89e-09 V                   ; 3.09 V              ; -0.011 V            ; 0.196 V                              ; 0.301 V                              ; 4.93e-09 s                  ; 3.56e-09 s                  ; Yes                        ; Yes                        ; 3.08 V                      ; 8.89e-09 V                  ; 3.09 V             ; -0.011 V           ; 0.196 V                             ; 0.301 V                             ; 4.93e-09 s                 ; 3.56e-09 s                 ; Yes                       ; Yes                       ;
; disp_segments[2]  ; 3.3-V LVTTL  ; 0 s                 ; 0 s                 ; 3.08 V                       ; 8.89e-09 V                   ; 3.12 V              ; -0.11 V             ; 0.153 V                              ; 0.272 V                              ; 6.41e-10 s                  ; 4.57e-10 s                  ; No                         ; Yes                        ; 3.08 V                      ; 8.89e-09 V                  ; 3.12 V             ; -0.11 V            ; 0.153 V                             ; 0.272 V                             ; 6.41e-10 s                 ; 4.57e-10 s                 ; No                        ; Yes                       ;
; disp_segments[1]  ; 3.3-V LVTTL  ; 0 s                 ; 0 s                 ; 3.08 V                       ; 8.89e-09 V                   ; 3.12 V              ; -0.11 V             ; 0.153 V                              ; 0.272 V                              ; 6.41e-10 s                  ; 4.57e-10 s                  ; No                         ; Yes                        ; 3.08 V                      ; 8.89e-09 V                  ; 3.12 V             ; -0.11 V            ; 0.153 V                             ; 0.272 V                             ; 6.41e-10 s                 ; 4.57e-10 s                 ; No                        ; Yes                       ;
; U5_PA[0]          ; 3.3-V LVTTL  ; 0 s                 ; 0 s                 ; 3.08 V                       ; 6.38e-09 V                   ; 3.13 V              ; -0.117 V            ; 0.15 V                               ; 0.263 V                              ; 6.31e-10 s                  ; 4.46e-10 s                  ; No                         ; No                         ; 3.08 V                      ; 6.38e-09 V                  ; 3.13 V             ; -0.117 V           ; 0.15 V                              ; 0.263 V                             ; 6.31e-10 s                 ; 4.46e-10 s                 ; No                        ; No                        ;
; U5_PA[1]          ; 3.3-V LVTTL  ; 0 s                 ; 0 s                 ; 3.08 V                       ; 6.38e-09 V                   ; 3.13 V              ; -0.117 V            ; 0.15 V                               ; 0.263 V                              ; 6.31e-10 s                  ; 4.46e-10 s                  ; No                         ; No                         ; 3.08 V                      ; 6.38e-09 V                  ; 3.13 V             ; -0.117 V           ; 0.15 V                              ; 0.263 V                             ; 6.31e-10 s                 ; 4.46e-10 s                 ; No                        ; No                        ;
; U5_PA[2]          ; 3.3-V LVTTL  ; 0 s                 ; 0 s                 ; 3.08 V                       ; 6.38e-09 V                   ; 3.09 V              ; -0.011 V            ; 0.226 V                              ; 0.296 V                              ; 4.86e-09 s                  ; 3.55e-09 s                  ; Yes                        ; Yes                        ; 3.08 V                      ; 6.38e-09 V                  ; 3.09 V             ; -0.011 V           ; 0.226 V                             ; 0.296 V                             ; 4.86e-09 s                 ; 3.55e-09 s                 ; Yes                       ; Yes                       ;
; U5_PA[3]          ; 3.3-V LVTTL  ; 0 s                 ; 0 s                 ; 3.08 V                       ; 6.38e-09 V                   ; 3.13 V              ; -0.117 V            ; 0.15 V                               ; 0.263 V                              ; 6.31e-10 s                  ; 4.46e-10 s                  ; No                         ; No                         ; 3.08 V                      ; 6.38e-09 V                  ; 3.13 V             ; -0.117 V           ; 0.15 V                              ; 0.263 V                             ; 6.31e-10 s                 ; 4.46e-10 s                 ; No                        ; No                        ;
; U5_PB_7           ; 3.3-V LVTTL  ; 0 s                 ; 0 s                 ; 3.08 V                       ; 8.89e-09 V                   ; 3.12 V              ; -0.11 V             ; 0.153 V                              ; 0.272 V                              ; 6.41e-10 s                  ; 4.57e-10 s                  ; No                         ; Yes                        ; 3.08 V                      ; 8.89e-09 V                  ; 3.12 V             ; -0.11 V            ; 0.153 V                             ; 0.272 V                             ; 6.41e-10 s                 ; 4.57e-10 s                 ; No                        ; Yes                       ;
; U6_PA[0]          ; 3.3-V LVTTL  ; 0 s                 ; 0 s                 ; 3.08 V                       ; 6.38e-09 V                   ; 3.12 V              ; -0.0818 V           ; 0.205 V                              ; 0.244 V                              ; 8.86e-10 s                  ; 6.56e-10 s                  ; No                         ; No                         ; 3.08 V                      ; 6.38e-09 V                  ; 3.12 V             ; -0.0818 V          ; 0.205 V                             ; 0.244 V                             ; 8.86e-10 s                 ; 6.56e-10 s                 ; No                        ; No                        ;
; U6_PA[1]          ; 3.3-V LVTTL  ; 0 s                 ; 0 s                 ; 3.08 V                       ; 6.38e-09 V                   ; 3.09 V              ; -0.011 V            ; 0.226 V                              ; 0.296 V                              ; 4.86e-09 s                  ; 3.55e-09 s                  ; Yes                        ; Yes                        ; 3.08 V                      ; 6.38e-09 V                  ; 3.09 V             ; -0.011 V           ; 0.226 V                             ; 0.296 V                             ; 4.86e-09 s                 ; 3.55e-09 s                 ; Yes                       ; Yes                       ;
; U6_PA[2]          ; 3.3-V LVTTL  ; 0 s                 ; 0 s                 ; 3.08 V                       ; 6.38e-09 V                   ; 3.12 V              ; -0.0818 V           ; 0.205 V                              ; 0.244 V                              ; 8.86e-10 s                  ; 6.56e-10 s                  ; No                         ; No                         ; 3.08 V                      ; 6.38e-09 V                  ; 3.12 V             ; -0.0818 V          ; 0.205 V                             ; 0.244 V                             ; 8.86e-10 s                 ; 6.56e-10 s                 ; No                        ; No                        ;
; U6_PA[3]          ; 3.3-V LVTTL  ; 0 s                 ; 0 s                 ; 3.08 V                       ; 6.38e-09 V                   ; 3.12 V              ; -0.0818 V           ; 0.205 V                              ; 0.244 V                              ; 8.86e-10 s                  ; 6.56e-10 s                  ; No                         ; No                         ; 3.08 V                      ; 6.38e-09 V                  ; 3.12 V             ; -0.0818 V          ; 0.205 V                             ; 0.244 V                             ; 8.86e-10 s                 ; 6.56e-10 s                 ; No                        ; No                        ;
; U6_PA[4]          ; 3.3-V LVTTL  ; 0 s                 ; 0 s                 ; 3.08 V                       ; 8.89e-09 V                   ; 3.12 V              ; -0.11 V             ; 0.153 V                              ; 0.272 V                              ; 6.41e-10 s                  ; 4.57e-10 s                  ; No                         ; Yes                        ; 3.08 V                      ; 8.89e-09 V                  ; 3.12 V             ; -0.11 V            ; 0.153 V                             ; 0.272 V                             ; 6.41e-10 s                 ; 4.57e-10 s                 ; No                        ; Yes                       ;
; U6_PA[5]          ; 3.3-V LVTTL  ; 0 s                 ; 0 s                 ; 3.08 V                       ; 8.89e-09 V                   ; 3.12 V              ; -0.11 V             ; 0.153 V                              ; 0.272 V                              ; 6.41e-10 s                  ; 4.57e-10 s                  ; No                         ; Yes                        ; 3.08 V                      ; 8.89e-09 V                  ; 3.12 V             ; -0.11 V            ; 0.153 V                             ; 0.272 V                             ; 6.41e-10 s                 ; 4.57e-10 s                 ; No                        ; Yes                       ;
; U6_PA[6]          ; 3.3-V LVTTL  ; 0 s                 ; 0 s                 ; 3.08 V                       ; 8.89e-09 V                   ; 3.12 V              ; -0.11 V             ; 0.153 V                              ; 0.272 V                              ; 6.41e-10 s                  ; 4.57e-10 s                  ; No                         ; Yes                        ; 3.08 V                      ; 8.89e-09 V                  ; 3.12 V             ; -0.11 V            ; 0.153 V                             ; 0.272 V                             ; 6.41e-10 s                 ; 4.57e-10 s                 ; No                        ; Yes                       ;
; U6_PA[7]          ; 3.3-V LVTTL  ; 0 s                 ; 0 s                 ; 3.08 V                       ; 8.89e-09 V                   ; 3.12 V              ; -0.11 V             ; 0.153 V                              ; 0.272 V                              ; 6.41e-10 s                  ; 4.57e-10 s                  ; No                         ; Yes                        ; 3.08 V                      ; 8.89e-09 V                  ; 3.12 V             ; -0.11 V            ; 0.153 V                             ; 0.272 V                             ; 6.41e-10 s                 ; 4.57e-10 s                 ; No                        ; Yes                       ;
; U6_PB[0]          ; 3.3-V LVTTL  ; 0 s                 ; 0 s                 ; 3.08 V                       ; 8.89e-09 V                   ; 3.12 V              ; -0.11 V             ; 0.153 V                              ; 0.272 V                              ; 6.41e-10 s                  ; 4.57e-10 s                  ; No                         ; Yes                        ; 3.08 V                      ; 8.89e-09 V                  ; 3.12 V             ; -0.11 V            ; 0.153 V                             ; 0.272 V                             ; 6.41e-10 s                 ; 4.57e-10 s                 ; No                        ; Yes                       ;
; U6_PB[1]          ; 3.3-V LVTTL  ; 0 s                 ; 0 s                 ; 3.08 V                       ; 6.38e-09 V                   ; 3.12 V              ; -0.0818 V           ; 0.205 V                              ; 0.244 V                              ; 8.86e-10 s                  ; 6.56e-10 s                  ; No                         ; No                         ; 3.08 V                      ; 6.38e-09 V                  ; 3.12 V             ; -0.0818 V          ; 0.205 V                             ; 0.244 V                             ; 8.86e-10 s                 ; 6.56e-10 s                 ; No                        ; No                        ;
; U6_PB[2]          ; 3.3-V LVTTL  ; 0 s                 ; 0 s                 ; 3.08 V                       ; 6.38e-09 V                   ; 3.12 V              ; -0.0818 V           ; 0.205 V                              ; 0.244 V                              ; 8.86e-10 s                  ; 6.56e-10 s                  ; No                         ; No                         ; 3.08 V                      ; 6.38e-09 V                  ; 3.12 V             ; -0.0818 V          ; 0.205 V                             ; 0.244 V                             ; 8.86e-10 s                 ; 6.56e-10 s                 ; No                        ; No                        ;
; U6_PB[3]          ; 3.3-V LVTTL  ; 0 s                 ; 0 s                 ; 3.08 V                       ; 6.38e-09 V                   ; 3.12 V              ; -0.0818 V           ; 0.205 V                              ; 0.244 V                              ; 8.86e-10 s                  ; 6.56e-10 s                  ; No                         ; No                         ; 3.08 V                      ; 6.38e-09 V                  ; 3.12 V             ; -0.0818 V          ; 0.205 V                             ; 0.244 V                             ; 8.86e-10 s                 ; 6.56e-10 s                 ; No                        ; No                        ;
; U6_PB[4]          ; 3.3-V LVTTL  ; 0 s                 ; 0 s                 ; 3.08 V                       ; 6.38e-09 V                   ; 3.12 V              ; -0.0818 V           ; 0.205 V                              ; 0.244 V                              ; 8.86e-10 s                  ; 6.56e-10 s                  ; No                         ; No                         ; 3.08 V                      ; 6.38e-09 V                  ; 3.12 V             ; -0.0818 V          ; 0.205 V                             ; 0.244 V                             ; 8.86e-10 s                 ; 6.56e-10 s                 ; No                        ; No                        ;
; U6_PB[5]          ; 3.3-V LVTTL  ; 0 s                 ; 0 s                 ; 3.08 V                       ; 6.38e-09 V                   ; 3.13 V              ; -0.117 V            ; 0.15 V                               ; 0.263 V                              ; 6.31e-10 s                  ; 4.46e-10 s                  ; No                         ; No                         ; 3.08 V                      ; 6.38e-09 V                  ; 3.13 V             ; -0.117 V           ; 0.15 V                              ; 0.263 V                             ; 6.31e-10 s                 ; 4.46e-10 s                 ; No                        ; No                        ;
; U6_PB[6]          ; 3.3-V LVTTL  ; 0 s                 ; 0 s                 ; 3.08 V                       ; 6.38e-09 V                   ; 3.12 V              ; -0.0818 V           ; 0.205 V                              ; 0.244 V                              ; 8.86e-10 s                  ; 6.56e-10 s                  ; No                         ; No                         ; 3.08 V                      ; 6.38e-09 V                  ; 3.12 V             ; -0.0818 V          ; 0.205 V                             ; 0.244 V                             ; 8.86e-10 s                 ; 6.56e-10 s                 ; No                        ; No                        ;
; U6_PB[7]          ; 3.3-V LVTTL  ; 0 s                 ; 0 s                 ; 3.08 V                       ; 6.38e-09 V                   ; 3.12 V              ; -0.0818 V           ; 0.205 V                              ; 0.244 V                              ; 8.86e-10 s                  ; 6.56e-10 s                  ; No                         ; No                         ; 3.08 V                      ; 6.38e-09 V                  ; 3.12 V             ; -0.0818 V          ; 0.205 V                             ; 0.244 V                             ; 8.86e-10 s                 ; 6.56e-10 s                 ; No                        ; No                        ;
; CS_SDcard         ; 3.3-V LVTTL  ; 0 s                 ; 0 s                 ; 3.08 V                       ; 6.38e-09 V                   ; 3.09 V              ; -0.011 V            ; 0.226 V                              ; 0.296 V                              ; 4.86e-09 s                  ; 3.55e-09 s                  ; Yes                        ; Yes                        ; 3.08 V                      ; 6.38e-09 V                  ; 3.09 V             ; -0.011 V           ; 0.226 V                             ; 0.296 V                             ; 4.86e-09 s                 ; 3.55e-09 s                 ; Yes                       ; Yes                       ;
; CS_EEprom         ; 3.3-V LVTTL  ; 0 s                 ; 0 s                 ; 3.08 V                       ; 8.89e-09 V                   ; 3.12 V              ; -0.11 V             ; 0.153 V                              ; 0.272 V                              ; 6.41e-10 s                  ; 4.57e-10 s                  ; No                         ; Yes                        ; 3.08 V                      ; 8.89e-09 V                  ; 3.12 V             ; -0.11 V            ; 0.153 V                             ; 0.272 V                             ; 6.41e-10 s                 ; 4.57e-10 s                 ; No                        ; Yes                       ;
; MOSI              ; 3.3-V LVTTL  ; 0 s                 ; 0 s                 ; 3.08 V                       ; 8.89e-09 V                   ; 3.12 V              ; -0.11 V             ; 0.153 V                              ; 0.272 V                              ; 6.41e-10 s                  ; 4.57e-10 s                  ; No                         ; Yes                        ; 3.08 V                      ; 8.89e-09 V                  ; 3.12 V             ; -0.11 V            ; 0.153 V                             ; 0.272 V                             ; 6.41e-10 s                 ; 4.57e-10 s                 ; No                        ; Yes                       ;
; CLK               ; 3.3-V LVTTL  ; 0 s                 ; 0 s                 ; 3.08 V                       ; 8.89e-09 V                   ; 3.12 V              ; -0.11 V             ; 0.153 V                              ; 0.272 V                              ; 6.41e-10 s                  ; 4.57e-10 s                  ; No                         ; Yes                        ; 3.08 V                      ; 8.89e-09 V                  ; 3.12 V             ; -0.11 V            ; 0.153 V                             ; 0.272 V                             ; 6.41e-10 s                 ; 4.57e-10 s                 ; No                        ; Yes                       ;
; DIP_Strobe[0]     ; 3.3-V LVTTL  ; 0 s                 ; 0 s                 ; 3.08 V                       ; 8.89e-09 V                   ; 3.12 V              ; -0.11 V             ; 0.153 V                              ; 0.272 V                              ; 6.41e-10 s                  ; 4.57e-10 s                  ; No                         ; Yes                        ; 3.08 V                      ; 8.89e-09 V                  ; 3.12 V             ; -0.11 V            ; 0.153 V                             ; 0.272 V                             ; 6.41e-10 s                 ; 4.57e-10 s                 ; No                        ; Yes                       ;
; DIP_Strobe[1]     ; 3.3-V LVTTL  ; 0 s                 ; 0 s                 ; 3.08 V                       ; 6.38e-09 V                   ; 3.12 V              ; -0.0818 V           ; 0.205 V                              ; 0.244 V                              ; 8.86e-10 s                  ; 6.56e-10 s                  ; No                         ; No                         ; 3.08 V                      ; 6.38e-09 V                  ; 3.12 V             ; -0.0818 V          ; 0.205 V                             ; 0.244 V                             ; 8.86e-10 s                 ; 6.56e-10 s                 ; No                        ; No                        ;
; DIP_Strobe[2]     ; 3.3-V LVTTL  ; 0 s                 ; 0 s                 ; 3.08 V                       ; 6.38e-09 V                   ; 3.13 V              ; -0.117 V            ; 0.15 V                               ; 0.263 V                              ; 6.31e-10 s                  ; 4.46e-10 s                  ; No                         ; No                         ; 3.08 V                      ; 6.38e-09 V                  ; 3.13 V             ; -0.117 V           ; 0.15 V                              ; 0.263 V                             ; 6.31e-10 s                 ; 4.46e-10 s                 ; No                        ; No                        ;
; DIP_Strobe[3]     ; 3.3-V LVTTL  ; 0 s                 ; 0 s                 ; 3.08 V                       ; 6.38e-09 V                   ; 3.13 V              ; -0.117 V            ; 0.15 V                               ; 0.263 V                              ; 6.31e-10 s                  ; 4.46e-10 s                  ; No                         ; No                         ; 3.08 V                      ; 6.38e-09 V                  ; 3.13 V             ; -0.117 V           ; 0.15 V                              ; 0.263 V                             ; 6.31e-10 s                 ; 4.46e-10 s                 ; No                        ; No                        ;
; Audio_RX          ; 3.3-V LVTTL  ; 0 s                 ; 0 s                 ; 3.08 V                       ; 6.38e-09 V                   ; 3.13 V              ; -0.117 V            ; 0.15 V                               ; 0.263 V                              ; 6.31e-10 s                  ; 4.46e-10 s                  ; No                         ; No                         ; 3.08 V                      ; 6.38e-09 V                  ; 3.13 V             ; -0.117 V           ; 0.15 V                              ; 0.263 V                             ; 6.31e-10 s                 ; 4.46e-10 s                 ; No                        ; No                        ;
; Sound             ; 3.3-V LVTTL  ; 0 s                 ; 0 s                 ; 3.08 V                       ; 6.38e-09 V                   ; 3.09 V              ; -0.011 V            ; 0.226 V                              ; 0.296 V                              ; 4.86e-09 s                  ; 3.55e-09 s                  ; Yes                        ; Yes                        ; 3.08 V                      ; 6.38e-09 V                  ; 3.09 V             ; -0.011 V           ; 0.226 V                             ; 0.296 V                             ; 4.86e-09 s                 ; 3.55e-09 s                 ; Yes                       ; Yes                       ;
; Debug             ; 3.3-V LVTTL  ; 0 s                 ; 0 s                 ; 3.08 V                       ; 6.38e-09 V                   ; 3.12 V              ; -0.0818 V           ; 0.205 V                              ; 0.244 V                              ; 8.86e-10 s                  ; 6.56e-10 s                  ; No                         ; No                         ; 3.08 V                      ; 6.38e-09 V                  ; 3.12 V             ; -0.0818 V          ; 0.205 V                             ; 0.244 V                             ; 8.86e-10 s                 ; 6.56e-10 s                 ; No                        ; No                        ;
; ~ALTERA_DCLK~     ; 3.3-V LVTTL  ; 0 s                 ; 0 s                 ; 3.08 V                       ; 3.51e-09 V                   ; 3.18 V              ; -0.157 V            ; 0.147 V                              ; 0.259 V                              ; 2.81e-10 s                  ; 2.53e-10 s                  ; Yes                        ; Yes                        ; 3.08 V                      ; 3.51e-09 V                  ; 3.18 V             ; -0.157 V           ; 0.147 V                             ; 0.259 V                             ; 2.81e-10 s                 ; 2.53e-10 s                 ; Yes                       ; Yes                       ;
+-------------------+--------------+---------------------+---------------------+------------------------------+------------------------------+---------------------+---------------------+--------------------------------------+--------------------------------------+-----------------------------+-----------------------------+----------------------------+----------------------------+-----------------------------+-----------------------------+--------------------+--------------------+-------------------------------------+-------------------------------------+----------------------------+----------------------------+---------------------------+---------------------------+


+------------------------------------------------------------------------------------------------------------------------------------------------------------------------------------------------------------------------------------------------------------------------------------------------------------------------------------------------------------------------------------------------------------------------------------------------------------------------------------------------------------------------------------------------------------------------------------------------------------------------------------------------------------------------------------------------+
; Signal Integrity Metrics (Slow 1200mv 85c Model)                                                                                                                                                                                                                                                                                                                                                                                                                                                                                                                                                                                                                                               ;
+-------------------+--------------+---------------------+---------------------+------------------------------+------------------------------+---------------------+---------------------+--------------------------------------+--------------------------------------+-----------------------------+-----------------------------+----------------------------+----------------------------+-----------------------------+-----------------------------+--------------------+--------------------+-------------------------------------+-------------------------------------+----------------------------+----------------------------+---------------------------+---------------------------+
; Pin               ; I/O Standard ; Board Delay on Rise ; Board Delay on Fall ; Steady State Voh at FPGA Pin ; Steady State Vol at FPGA Pin ; Voh Max at FPGA Pin ; Vol Min at FPGA Pin ; Ringback Voltage on Rise at FPGA Pin ; Ringback Voltage on Fall at FPGA Pin ; 10-90 Rise Time at FPGA Pin ; 90-10 Fall Time at FPGA Pin ; Monotonic Rise at FPGA Pin ; Monotonic Fall at FPGA Pin ; Steady State Voh at Far-end ; Steady State Vol at Far-end ; Voh Max at Far-end ; Vol Min at Far-end ; Ringback Voltage on Rise at Far-end ; Ringback Voltage on Fall at Far-end ; 10-90 Rise Time at Far-end ; 90-10 Fall Time at Far-end ; Monotonic Rise at Far-end ; Monotonic Fall at Far-end ;
+-------------------+--------------+---------------------+---------------------+------------------------------+------------------------------+---------------------+---------------------+--------------------------------------+--------------------------------------+-----------------------------+-----------------------------+----------------------------+----------------------------+-----------------------------+-----------------------------+--------------------+--------------------+-------------------------------------+-------------------------------------+----------------------------+----------------------------+---------------------------+---------------------------+
; LED_Int           ; 3.3-V LVTTL  ; 0 s                 ; 0 s                 ; 3.08 V                       ; 5.04e-07 V                   ; 3.11 V              ; -0.0469 V           ; 0.191 V                              ; 0.215 V                              ; 1.08e-09 s                  ; 8.62e-10 s                  ; Yes                        ; No                         ; 3.08 V                      ; 5.04e-07 V                  ; 3.11 V             ; -0.0469 V          ; 0.191 V                             ; 0.215 V                             ; 1.08e-09 s                 ; 8.62e-10 s                 ; Yes                       ; No                        ;
; LED_SDcard        ; 3.3-V LVTTL  ; 0 s                 ; 0 s                 ; 3.08 V                       ; 5.04e-07 V                   ; 3.11 V              ; -0.0624 V           ; 0.233 V                              ; 0.172 V                              ; 6.86e-10 s                  ; 6.33e-10 s                  ; Yes                        ; No                         ; 3.08 V                      ; 5.04e-07 V                  ; 3.11 V             ; -0.0624 V          ; 0.233 V                             ; 0.172 V                             ; 6.86e-10 s                 ; 6.33e-10 s                 ; Yes                       ; No                        ;
; LED_ON            ; 3.3-V LVTTL  ; 0 s                 ; 0 s                 ; 3.08 V                       ; 5.04e-07 V                   ; 3.11 V              ; -0.0624 V           ; 0.233 V                              ; 0.172 V                              ; 6.86e-10 s                  ; 6.33e-10 s                  ; Yes                        ; No                         ; 3.08 V                      ; 5.04e-07 V                  ; 3.11 V             ; -0.0624 V          ; 0.233 V                             ; 0.172 V                             ; 6.86e-10 s                 ; 6.33e-10 s                 ; Yes                       ; No                        ;
; U4_PB[0]          ; 3.3-V LVTTL  ; 0 s                 ; 0 s                 ; 3.08 V                       ; 7.5e-07 V                    ; 3.08 V              ; -0.00457 V          ; 0.185 V                              ; 0.21 V                               ; 5.8e-09 s                   ; 4.46e-09 s                  ; Yes                        ; Yes                        ; 3.08 V                      ; 7.5e-07 V                   ; 3.08 V             ; -0.00457 V         ; 0.185 V                             ; 0.21 V                              ; 5.8e-09 s                  ; 4.46e-09 s                 ; Yes                       ; Yes                       ;
; U4_PB[1]          ; 3.3-V LVTTL  ; 0 s                 ; 0 s                 ; 3.08 V                       ; 7.5e-07 V                    ; 3.11 V              ; -0.0503 V           ; 0.122 V                              ; 0.172 V                              ; 7.08e-10 s                  ; 6.43e-10 s                  ; Yes                        ; Yes                        ; 3.08 V                      ; 7.5e-07 V                   ; 3.11 V             ; -0.0503 V          ; 0.122 V                             ; 0.172 V                             ; 7.08e-10 s                 ; 6.43e-10 s                 ; Yes                       ; Yes                       ;
; U4_PB[2]          ; 3.3-V LVTTL  ; 0 s                 ; 0 s                 ; 3.08 V                       ; 7.5e-07 V                    ; 3.11 V              ; -0.0503 V           ; 0.122 V                              ; 0.172 V                              ; 7.08e-10 s                  ; 6.43e-10 s                  ; Yes                        ; Yes                        ; 3.08 V                      ; 7.5e-07 V                   ; 3.11 V             ; -0.0503 V          ; 0.122 V                             ; 0.172 V                             ; 7.08e-10 s                 ; 6.43e-10 s                 ; Yes                       ; Yes                       ;
; U4_PB[3]          ; 3.3-V LVTTL  ; 0 s                 ; 0 s                 ; 3.08 V                       ; 7.5e-07 V                    ; 3.11 V              ; -0.0503 V           ; 0.122 V                              ; 0.172 V                              ; 7.08e-10 s                  ; 6.43e-10 s                  ; Yes                        ; Yes                        ; 3.08 V                      ; 7.5e-07 V                   ; 3.11 V             ; -0.0503 V          ; 0.122 V                             ; 0.172 V                             ; 7.08e-10 s                 ; 6.43e-10 s                 ; Yes                       ; Yes                       ;
; U4_PB[4]          ; 3.3-V LVTTL  ; 0 s                 ; 0 s                 ; 3.08 V                       ; 7.5e-07 V                    ; 3.11 V              ; -0.0503 V           ; 0.122 V                              ; 0.172 V                              ; 7.08e-10 s                  ; 6.43e-10 s                  ; Yes                        ; Yes                        ; 3.08 V                      ; 7.5e-07 V                   ; 3.11 V             ; -0.0503 V          ; 0.122 V                             ; 0.172 V                             ; 7.08e-10 s                 ; 6.43e-10 s                 ; Yes                       ; Yes                       ;
; U4_PB[5]          ; 3.3-V LVTTL  ; 0 s                 ; 0 s                 ; 3.08 V                       ; 7.5e-07 V                    ; 3.11 V              ; -0.0503 V           ; 0.122 V                              ; 0.172 V                              ; 7.08e-10 s                  ; 6.43e-10 s                  ; Yes                        ; Yes                        ; 3.08 V                      ; 7.5e-07 V                   ; 3.11 V             ; -0.0503 V          ; 0.122 V                             ; 0.172 V                             ; 7.08e-10 s                 ; 6.43e-10 s                 ; Yes                       ; Yes                       ;
; U4_PB[6]          ; 3.3-V LVTTL  ; 0 s                 ; 0 s                 ; 3.08 V                       ; 7.5e-07 V                    ; 3.11 V              ; -0.0503 V           ; 0.122 V                              ; 0.172 V                              ; 7.08e-10 s                  ; 6.43e-10 s                  ; Yes                        ; Yes                        ; 3.08 V                      ; 7.5e-07 V                   ; 3.11 V             ; -0.0503 V          ; 0.122 V                             ; 0.172 V                             ; 7.08e-10 s                 ; 6.43e-10 s                 ; Yes                       ; Yes                       ;
; U4_PB[7]          ; 3.3-V LVTTL  ; 0 s                 ; 0 s                 ; 3.08 V                       ; 7.5e-07 V                    ; 3.11 V              ; -0.0503 V           ; 0.122 V                              ; 0.172 V                              ; 7.08e-10 s                  ; 6.43e-10 s                  ; Yes                        ; Yes                        ; 3.08 V                      ; 7.5e-07 V                   ; 3.11 V             ; -0.0503 V          ; 0.122 V                             ; 0.172 V                             ; 7.08e-10 s                 ; 6.43e-10 s                 ; Yes                       ; Yes                       ;
; disp_segments[24] ; 3.3-V LVTTL  ; 0 s                 ; 0 s                 ; 3.08 V                       ; 5.04e-07 V                   ; 3.11 V              ; -0.0624 V           ; 0.233 V                              ; 0.172 V                              ; 6.86e-10 s                  ; 6.33e-10 s                  ; Yes                        ; No                         ; 3.08 V                      ; 5.04e-07 V                  ; 3.11 V             ; -0.0624 V          ; 0.233 V                             ; 0.172 V                             ; 6.86e-10 s                 ; 6.33e-10 s                 ; Yes                       ; No                        ;
; disp_segments[23] ; 3.3-V LVTTL  ; 0 s                 ; 0 s                 ; 3.08 V                       ; 5.04e-07 V                   ; 3.11 V              ; -0.0624 V           ; 0.233 V                              ; 0.172 V                              ; 6.86e-10 s                  ; 6.33e-10 s                  ; Yes                        ; No                         ; 3.08 V                      ; 5.04e-07 V                  ; 3.11 V             ; -0.0624 V          ; 0.233 V                             ; 0.172 V                             ; 6.86e-10 s                 ; 6.33e-10 s                 ; Yes                       ; No                        ;
; disp_segments[22] ; 3.3-V LVTTL  ; 0 s                 ; 0 s                 ; 3.08 V                       ; 7.5e-07 V                    ; 3.11 V              ; -0.0503 V           ; 0.122 V                              ; 0.172 V                              ; 7.08e-10 s                  ; 6.43e-10 s                  ; Yes                        ; Yes                        ; 3.08 V                      ; 7.5e-07 V                   ; 3.11 V             ; -0.0503 V          ; 0.122 V                             ; 0.172 V                             ; 7.08e-10 s                 ; 6.43e-10 s                 ; Yes                       ; Yes                       ;
; disp_segments[21] ; 3.3-V LVTTL  ; 0 s                 ; 0 s                 ; 3.08 V                       ; 7.5e-07 V                    ; 3.11 V              ; -0.0503 V           ; 0.122 V                              ; 0.172 V                              ; 7.08e-10 s                  ; 6.43e-10 s                  ; Yes                        ; Yes                        ; 3.08 V                      ; 7.5e-07 V                   ; 3.11 V             ; -0.0503 V          ; 0.122 V                             ; 0.172 V                             ; 7.08e-10 s                 ; 6.43e-10 s                 ; Yes                       ; Yes                       ;
; disp_segments[20] ; 3.3-V LVTTL  ; 0 s                 ; 0 s                 ; 3.08 V                       ; 7.5e-07 V                    ; 3.11 V              ; -0.0503 V           ; 0.122 V                              ; 0.172 V                              ; 7.08e-10 s                  ; 6.43e-10 s                  ; Yes                        ; Yes                        ; 3.08 V                      ; 7.5e-07 V                   ; 3.11 V             ; -0.0503 V          ; 0.122 V                             ; 0.172 V                             ; 7.08e-10 s                 ; 6.43e-10 s                 ; Yes                       ; Yes                       ;
; disp_segments[19] ; 3.3-V LVTTL  ; 0 s                 ; 0 s                 ; 3.08 V                       ; 7.5e-07 V                    ; 3.11 V              ; -0.0503 V           ; 0.122 V                              ; 0.172 V                              ; 7.08e-10 s                  ; 6.43e-10 s                  ; Yes                        ; Yes                        ; 3.08 V                      ; 7.5e-07 V                   ; 3.11 V             ; -0.0503 V          ; 0.122 V                             ; 0.172 V                             ; 7.08e-10 s                 ; 6.43e-10 s                 ; Yes                       ; Yes                       ;
; disp_segments[18] ; 3.3-V LVTTL  ; 0 s                 ; 0 s                 ; 3.08 V                       ; 7.5e-07 V                    ; 3.11 V              ; -0.0503 V           ; 0.122 V                              ; 0.172 V                              ; 7.08e-10 s                  ; 6.43e-10 s                  ; Yes                        ; Yes                        ; 3.08 V                      ; 7.5e-07 V                   ; 3.11 V             ; -0.0503 V          ; 0.122 V                             ; 0.172 V                             ; 7.08e-10 s                 ; 6.43e-10 s                 ; Yes                       ; Yes                       ;
; disp_segments[17] ; 3.3-V LVTTL  ; 0 s                 ; 0 s                 ; 3.08 V                       ; 7.5e-07 V                    ; 3.11 V              ; -0.0503 V           ; 0.122 V                              ; 0.172 V                              ; 7.08e-10 s                  ; 6.43e-10 s                  ; Yes                        ; Yes                        ; 3.08 V                      ; 7.5e-07 V                   ; 3.11 V             ; -0.0503 V          ; 0.122 V                             ; 0.172 V                             ; 7.08e-10 s                 ; 6.43e-10 s                 ; Yes                       ; Yes                       ;
; disp_segments[16] ; 3.3-V LVTTL  ; 0 s                 ; 0 s                 ; 3.08 V                       ; 7.5e-07 V                    ; 3.11 V              ; -0.0503 V           ; 0.122 V                              ; 0.172 V                              ; 7.08e-10 s                  ; 6.43e-10 s                  ; Yes                        ; Yes                        ; 3.08 V                      ; 7.5e-07 V                   ; 3.11 V             ; -0.0503 V          ; 0.122 V                             ; 0.172 V                             ; 7.08e-10 s                 ; 6.43e-10 s                 ; Yes                       ; Yes                       ;
; disp_segments[15] ; 3.3-V LVTTL  ; 0 s                 ; 0 s                 ; 3.08 V                       ; 7.5e-07 V                    ; 3.08 V              ; -0.00457 V          ; 0.185 V                              ; 0.21 V                               ; 5.8e-09 s                   ; 4.46e-09 s                  ; Yes                        ; Yes                        ; 3.08 V                      ; 7.5e-07 V                   ; 3.08 V             ; -0.00457 V         ; 0.185 V                             ; 0.21 V                              ; 5.8e-09 s                  ; 4.46e-09 s                 ; Yes                       ; Yes                       ;
; disp_segments[14] ; 3.3-V LVTTL  ; 0 s                 ; 0 s                 ; 3.08 V                       ; 5.04e-07 V                   ; 3.11 V              ; -0.0624 V           ; 0.233 V                              ; 0.172 V                              ; 6.86e-10 s                  ; 6.33e-10 s                  ; Yes                        ; No                         ; 3.08 V                      ; 5.04e-07 V                  ; 3.11 V             ; -0.0624 V          ; 0.233 V                             ; 0.172 V                             ; 6.86e-10 s                 ; 6.33e-10 s                 ; Yes                       ; No                        ;
; disp_segments[13] ; 3.3-V LVTTL  ; 0 s                 ; 0 s                 ; 3.08 V                       ; 7.5e-07 V                    ; 3.11 V              ; -0.0503 V           ; 0.122 V                              ; 0.172 V                              ; 7.08e-10 s                  ; 6.43e-10 s                  ; Yes                        ; Yes                        ; 3.08 V                      ; 7.5e-07 V                   ; 3.11 V             ; -0.0503 V          ; 0.122 V                             ; 0.172 V                             ; 7.08e-10 s                 ; 6.43e-10 s                 ; Yes                       ; Yes                       ;
; disp_segments[12] ; 3.3-V LVTTL  ; 0 s                 ; 0 s                 ; 3.08 V                       ; 7.5e-07 V                    ; 3.11 V              ; -0.0503 V           ; 0.122 V                              ; 0.172 V                              ; 7.08e-10 s                  ; 6.43e-10 s                  ; Yes                        ; Yes                        ; 3.08 V                      ; 7.5e-07 V                   ; 3.11 V             ; -0.0503 V          ; 0.122 V                             ; 0.172 V                             ; 7.08e-10 s                 ; 6.43e-10 s                 ; Yes                       ; Yes                       ;
; disp_segments[11] ; 3.3-V LVTTL  ; 0 s                 ; 0 s                 ; 3.08 V                       ; 7.5e-07 V                    ; 3.11 V              ; -0.0503 V           ; 0.122 V                              ; 0.172 V                              ; 7.08e-10 s                  ; 6.43e-10 s                  ; Yes                        ; Yes                        ; 3.08 V                      ; 7.5e-07 V                   ; 3.11 V             ; -0.0503 V          ; 0.122 V                             ; 0.172 V                             ; 7.08e-10 s                 ; 6.43e-10 s                 ; Yes                       ; Yes                       ;
; disp_segments[10] ; 3.3-V LVTTL  ; 0 s                 ; 0 s                 ; 3.08 V                       ; 7.5e-07 V                    ; 3.11 V              ; -0.0503 V           ; 0.122 V                              ; 0.172 V                              ; 7.08e-10 s                  ; 6.43e-10 s                  ; Yes                        ; Yes                        ; 3.08 V                      ; 7.5e-07 V                   ; 3.11 V             ; -0.0503 V          ; 0.122 V                             ; 0.172 V                             ; 7.08e-10 s                 ; 6.43e-10 s                 ; Yes                       ; Yes                       ;
; disp_segments[9]  ; 3.3-V LVTTL  ; 0 s                 ; 0 s                 ; 3.08 V                       ; 7.5e-07 V                    ; 3.11 V              ; -0.0503 V           ; 0.122 V                              ; 0.172 V                              ; 7.08e-10 s                  ; 6.43e-10 s                  ; Yes                        ; Yes                        ; 3.08 V                      ; 7.5e-07 V                   ; 3.11 V             ; -0.0503 V          ; 0.122 V                             ; 0.172 V                             ; 7.08e-10 s                 ; 6.43e-10 s                 ; Yes                       ; Yes                       ;
; disp_segments[8]  ; 3.3-V LVTTL  ; 0 s                 ; 0 s                 ; 3.08 V                       ; 7.5e-07 V                    ; 3.11 V              ; -0.0503 V           ; 0.122 V                              ; 0.172 V                              ; 7.08e-10 s                  ; 6.43e-10 s                  ; Yes                        ; Yes                        ; 3.08 V                      ; 7.5e-07 V                   ; 3.11 V             ; -0.0503 V          ; 0.122 V                             ; 0.172 V                             ; 7.08e-10 s                 ; 6.43e-10 s                 ; Yes                       ; Yes                       ;
; disp_segments[7]  ; 3.3-V LVTTL  ; 0 s                 ; 0 s                 ; 3.08 V                       ; 7.5e-07 V                    ; 3.11 V              ; -0.0503 V           ; 0.122 V                              ; 0.172 V                              ; 7.08e-10 s                  ; 6.43e-10 s                  ; Yes                        ; Yes                        ; 3.08 V                      ; 7.5e-07 V                   ; 3.11 V             ; -0.0503 V          ; 0.122 V                             ; 0.172 V                             ; 7.08e-10 s                 ; 6.43e-10 s                 ; Yes                       ; Yes                       ;
; disp_segments[6]  ; 3.3-V LVTTL  ; 0 s                 ; 0 s                 ; 3.08 V                       ; 7.5e-07 V                    ; 3.11 V              ; -0.0503 V           ; 0.122 V                              ; 0.172 V                              ; 7.08e-10 s                  ; 6.43e-10 s                  ; Yes                        ; Yes                        ; 3.08 V                      ; 7.5e-07 V                   ; 3.11 V             ; -0.0503 V          ; 0.122 V                             ; 0.172 V                             ; 7.08e-10 s                 ; 6.43e-10 s                 ; Yes                       ; Yes                       ;
; disp_segments[5]  ; 3.3-V LVTTL  ; 0 s                 ; 0 s                 ; 3.08 V                       ; 7.5e-07 V                    ; 3.11 V              ; -0.0503 V           ; 0.122 V                              ; 0.172 V                              ; 7.08e-10 s                  ; 6.43e-10 s                  ; Yes                        ; Yes                        ; 3.08 V                      ; 7.5e-07 V                   ; 3.11 V             ; -0.0503 V          ; 0.122 V                             ; 0.172 V                             ; 7.08e-10 s                 ; 6.43e-10 s                 ; Yes                       ; Yes                       ;
; disp_segments[4]  ; 3.3-V LVTTL  ; 0 s                 ; 0 s                 ; 3.08 V                       ; 7.5e-07 V                    ; 3.11 V              ; -0.0503 V           ; 0.122 V                              ; 0.172 V                              ; 7.08e-10 s                  ; 6.43e-10 s                  ; Yes                        ; Yes                        ; 3.08 V                      ; 7.5e-07 V                   ; 3.11 V             ; -0.0503 V          ; 0.122 V                             ; 0.172 V                             ; 7.08e-10 s                 ; 6.43e-10 s                 ; Yes                       ; Yes                       ;
; disp_segments[3]  ; 3.3-V LVTTL  ; 0 s                 ; 0 s                 ; 3.08 V                       ; 7.5e-07 V                    ; 3.08 V              ; -0.00457 V          ; 0.185 V                              ; 0.21 V                               ; 5.8e-09 s                   ; 4.46e-09 s                  ; Yes                        ; Yes                        ; 3.08 V                      ; 7.5e-07 V                   ; 3.08 V             ; -0.00457 V         ; 0.185 V                             ; 0.21 V                              ; 5.8e-09 s                  ; 4.46e-09 s                 ; Yes                       ; Yes                       ;
; disp_segments[2]  ; 3.3-V LVTTL  ; 0 s                 ; 0 s                 ; 3.08 V                       ; 7.5e-07 V                    ; 3.11 V              ; -0.0503 V           ; 0.122 V                              ; 0.172 V                              ; 7.08e-10 s                  ; 6.43e-10 s                  ; Yes                        ; Yes                        ; 3.08 V                      ; 7.5e-07 V                   ; 3.11 V             ; -0.0503 V          ; 0.122 V                             ; 0.172 V                             ; 7.08e-10 s                 ; 6.43e-10 s                 ; Yes                       ; Yes                       ;
; disp_segments[1]  ; 3.3-V LVTTL  ; 0 s                 ; 0 s                 ; 3.08 V                       ; 7.5e-07 V                    ; 3.11 V              ; -0.0503 V           ; 0.122 V                              ; 0.172 V                              ; 7.08e-10 s                  ; 6.43e-10 s                  ; Yes                        ; Yes                        ; 3.08 V                      ; 7.5e-07 V                   ; 3.11 V             ; -0.0503 V          ; 0.122 V                             ; 0.172 V                             ; 7.08e-10 s                 ; 6.43e-10 s                 ; Yes                       ; Yes                       ;
; U5_PA[0]          ; 3.3-V LVTTL  ; 0 s                 ; 0 s                 ; 3.08 V                       ; 5.04e-07 V                   ; 3.11 V              ; -0.0624 V           ; 0.233 V                              ; 0.172 V                              ; 6.86e-10 s                  ; 6.33e-10 s                  ; Yes                        ; No                         ; 3.08 V                      ; 5.04e-07 V                  ; 3.11 V             ; -0.0624 V          ; 0.233 V                             ; 0.172 V                             ; 6.86e-10 s                 ; 6.33e-10 s                 ; Yes                       ; No                        ;
; U5_PA[1]          ; 3.3-V LVTTL  ; 0 s                 ; 0 s                 ; 3.08 V                       ; 5.04e-07 V                   ; 3.11 V              ; -0.0624 V           ; 0.233 V                              ; 0.172 V                              ; 6.86e-10 s                  ; 6.33e-10 s                  ; Yes                        ; No                         ; 3.08 V                      ; 5.04e-07 V                  ; 3.11 V             ; -0.0624 V          ; 0.233 V                             ; 0.172 V                             ; 6.86e-10 s                 ; 6.33e-10 s                 ; Yes                       ; No                        ;
; U5_PA[2]          ; 3.3-V LVTTL  ; 0 s                 ; 0 s                 ; 3.08 V                       ; 5.04e-07 V                   ; 3.08 V              ; -0.0053 V           ; 0.206 V                              ; 0.247 V                              ; 5.77e-09 s                  ; 4.45e-09 s                  ; Yes                        ; Yes                        ; 3.08 V                      ; 5.04e-07 V                  ; 3.08 V             ; -0.0053 V          ; 0.206 V                             ; 0.247 V                             ; 5.77e-09 s                 ; 4.45e-09 s                 ; Yes                       ; Yes                       ;
; U5_PA[3]          ; 3.3-V LVTTL  ; 0 s                 ; 0 s                 ; 3.08 V                       ; 5.04e-07 V                   ; 3.11 V              ; -0.0624 V           ; 0.233 V                              ; 0.172 V                              ; 6.86e-10 s                  ; 6.33e-10 s                  ; Yes                        ; No                         ; 3.08 V                      ; 5.04e-07 V                  ; 3.11 V             ; -0.0624 V          ; 0.233 V                             ; 0.172 V                             ; 6.86e-10 s                 ; 6.33e-10 s                 ; Yes                       ; No                        ;
; U5_PB_7           ; 3.3-V LVTTL  ; 0 s                 ; 0 s                 ; 3.08 V                       ; 7.5e-07 V                    ; 3.11 V              ; -0.0503 V           ; 0.122 V                              ; 0.172 V                              ; 7.08e-10 s                  ; 6.43e-10 s                  ; Yes                        ; Yes                        ; 3.08 V                      ; 7.5e-07 V                   ; 3.11 V             ; -0.0503 V          ; 0.122 V                             ; 0.172 V                             ; 7.08e-10 s                 ; 6.43e-10 s                 ; Yes                       ; Yes                       ;
; U6_PA[0]          ; 3.3-V LVTTL  ; 0 s                 ; 0 s                 ; 3.08 V                       ; 5.04e-07 V                   ; 3.11 V              ; -0.0469 V           ; 0.191 V                              ; 0.215 V                              ; 1.08e-09 s                  ; 8.62e-10 s                  ; Yes                        ; No                         ; 3.08 V                      ; 5.04e-07 V                  ; 3.11 V             ; -0.0469 V          ; 0.191 V                             ; 0.215 V                             ; 1.08e-09 s                 ; 8.62e-10 s                 ; Yes                       ; No                        ;
; U6_PA[1]          ; 3.3-V LVTTL  ; 0 s                 ; 0 s                 ; 3.08 V                       ; 5.04e-07 V                   ; 3.08 V              ; -0.0053 V           ; 0.206 V                              ; 0.247 V                              ; 5.77e-09 s                  ; 4.45e-09 s                  ; Yes                        ; Yes                        ; 3.08 V                      ; 5.04e-07 V                  ; 3.08 V             ; -0.0053 V          ; 0.206 V                             ; 0.247 V                             ; 5.77e-09 s                 ; 4.45e-09 s                 ; Yes                       ; Yes                       ;
; U6_PA[2]          ; 3.3-V LVTTL  ; 0 s                 ; 0 s                 ; 3.08 V                       ; 5.04e-07 V                   ; 3.11 V              ; -0.0469 V           ; 0.191 V                              ; 0.215 V                              ; 1.08e-09 s                  ; 8.62e-10 s                  ; Yes                        ; No                         ; 3.08 V                      ; 5.04e-07 V                  ; 3.11 V             ; -0.0469 V          ; 0.191 V                             ; 0.215 V                             ; 1.08e-09 s                 ; 8.62e-10 s                 ; Yes                       ; No                        ;
; U6_PA[3]          ; 3.3-V LVTTL  ; 0 s                 ; 0 s                 ; 3.08 V                       ; 5.04e-07 V                   ; 3.11 V              ; -0.0469 V           ; 0.191 V                              ; 0.215 V                              ; 1.08e-09 s                  ; 8.62e-10 s                  ; Yes                        ; No                         ; 3.08 V                      ; 5.04e-07 V                  ; 3.11 V             ; -0.0469 V          ; 0.191 V                             ; 0.215 V                             ; 1.08e-09 s                 ; 8.62e-10 s                 ; Yes                       ; No                        ;
; U6_PA[4]          ; 3.3-V LVTTL  ; 0 s                 ; 0 s                 ; 3.08 V                       ; 7.5e-07 V                    ; 3.11 V              ; -0.0503 V           ; 0.122 V                              ; 0.172 V                              ; 7.08e-10 s                  ; 6.43e-10 s                  ; Yes                        ; Yes                        ; 3.08 V                      ; 7.5e-07 V                   ; 3.11 V             ; -0.0503 V          ; 0.122 V                             ; 0.172 V                             ; 7.08e-10 s                 ; 6.43e-10 s                 ; Yes                       ; Yes                       ;
; U6_PA[5]          ; 3.3-V LVTTL  ; 0 s                 ; 0 s                 ; 3.08 V                       ; 7.5e-07 V                    ; 3.11 V              ; -0.0503 V           ; 0.122 V                              ; 0.172 V                              ; 7.08e-10 s                  ; 6.43e-10 s                  ; Yes                        ; Yes                        ; 3.08 V                      ; 7.5e-07 V                   ; 3.11 V             ; -0.0503 V          ; 0.122 V                             ; 0.172 V                             ; 7.08e-10 s                 ; 6.43e-10 s                 ; Yes                       ; Yes                       ;
; U6_PA[6]          ; 3.3-V LVTTL  ; 0 s                 ; 0 s                 ; 3.08 V                       ; 7.5e-07 V                    ; 3.11 V              ; -0.0503 V           ; 0.122 V                              ; 0.172 V                              ; 7.08e-10 s                  ; 6.43e-10 s                  ; Yes                        ; Yes                        ; 3.08 V                      ; 7.5e-07 V                   ; 3.11 V             ; -0.0503 V          ; 0.122 V                             ; 0.172 V                             ; 7.08e-10 s                 ; 6.43e-10 s                 ; Yes                       ; Yes                       ;
; U6_PA[7]          ; 3.3-V LVTTL  ; 0 s                 ; 0 s                 ; 3.08 V                       ; 7.5e-07 V                    ; 3.11 V              ; -0.0503 V           ; 0.122 V                              ; 0.172 V                              ; 7.08e-10 s                  ; 6.43e-10 s                  ; Yes                        ; Yes                        ; 3.08 V                      ; 7.5e-07 V                   ; 3.11 V             ; -0.0503 V          ; 0.122 V                             ; 0.172 V                             ; 7.08e-10 s                 ; 6.43e-10 s                 ; Yes                       ; Yes                       ;
; U6_PB[0]          ; 3.3-V LVTTL  ; 0 s                 ; 0 s                 ; 3.08 V                       ; 7.5e-07 V                    ; 3.11 V              ; -0.0503 V           ; 0.122 V                              ; 0.172 V                              ; 7.08e-10 s                  ; 6.43e-10 s                  ; Yes                        ; Yes                        ; 3.08 V                      ; 7.5e-07 V                   ; 3.11 V             ; -0.0503 V          ; 0.122 V                             ; 0.172 V                             ; 7.08e-10 s                 ; 6.43e-10 s                 ; Yes                       ; Yes                       ;
; U6_PB[1]          ; 3.3-V LVTTL  ; 0 s                 ; 0 s                 ; 3.08 V                       ; 5.04e-07 V                   ; 3.11 V              ; -0.0469 V           ; 0.191 V                              ; 0.215 V                              ; 1.08e-09 s                  ; 8.62e-10 s                  ; Yes                        ; No                         ; 3.08 V                      ; 5.04e-07 V                  ; 3.11 V             ; -0.0469 V          ; 0.191 V                             ; 0.215 V                             ; 1.08e-09 s                 ; 8.62e-10 s                 ; Yes                       ; No                        ;
; U6_PB[2]          ; 3.3-V LVTTL  ; 0 s                 ; 0 s                 ; 3.08 V                       ; 5.04e-07 V                   ; 3.11 V              ; -0.0469 V           ; 0.191 V                              ; 0.215 V                              ; 1.08e-09 s                  ; 8.62e-10 s                  ; Yes                        ; No                         ; 3.08 V                      ; 5.04e-07 V                  ; 3.11 V             ; -0.0469 V          ; 0.191 V                             ; 0.215 V                             ; 1.08e-09 s                 ; 8.62e-10 s                 ; Yes                       ; No                        ;
; U6_PB[3]          ; 3.3-V LVTTL  ; 0 s                 ; 0 s                 ; 3.08 V                       ; 5.04e-07 V                   ; 3.11 V              ; -0.0469 V           ; 0.191 V                              ; 0.215 V                              ; 1.08e-09 s                  ; 8.62e-10 s                  ; Yes                        ; No                         ; 3.08 V                      ; 5.04e-07 V                  ; 3.11 V             ; -0.0469 V          ; 0.191 V                             ; 0.215 V                             ; 1.08e-09 s                 ; 8.62e-10 s                 ; Yes                       ; No                        ;
; U6_PB[4]          ; 3.3-V LVTTL  ; 0 s                 ; 0 s                 ; 3.08 V                       ; 5.04e-07 V                   ; 3.11 V              ; -0.0469 V           ; 0.191 V                              ; 0.215 V                              ; 1.08e-09 s                  ; 8.62e-10 s                  ; Yes                        ; No                         ; 3.08 V                      ; 5.04e-07 V                  ; 3.11 V             ; -0.0469 V          ; 0.191 V                             ; 0.215 V                             ; 1.08e-09 s                 ; 8.62e-10 s                 ; Yes                       ; No                        ;
; U6_PB[5]          ; 3.3-V LVTTL  ; 0 s                 ; 0 s                 ; 3.08 V                       ; 5.04e-07 V                   ; 3.11 V              ; -0.0624 V           ; 0.233 V                              ; 0.172 V                              ; 6.86e-10 s                  ; 6.33e-10 s                  ; Yes                        ; No                         ; 3.08 V                      ; 5.04e-07 V                  ; 3.11 V             ; -0.0624 V          ; 0.233 V                             ; 0.172 V                             ; 6.86e-10 s                 ; 6.33e-10 s                 ; Yes                       ; No                        ;
; U6_PB[6]          ; 3.3-V LVTTL  ; 0 s                 ; 0 s                 ; 3.08 V                       ; 5.04e-07 V                   ; 3.11 V              ; -0.0469 V           ; 0.191 V                              ; 0.215 V                              ; 1.08e-09 s                  ; 8.62e-10 s                  ; Yes                        ; No                         ; 3.08 V                      ; 5.04e-07 V                  ; 3.11 V             ; -0.0469 V          ; 0.191 V                             ; 0.215 V                             ; 1.08e-09 s                 ; 8.62e-10 s                 ; Yes                       ; No                        ;
; U6_PB[7]          ; 3.3-V LVTTL  ; 0 s                 ; 0 s                 ; 3.08 V                       ; 5.04e-07 V                   ; 3.11 V              ; -0.0469 V           ; 0.191 V                              ; 0.215 V                              ; 1.08e-09 s                  ; 8.62e-10 s                  ; Yes                        ; No                         ; 3.08 V                      ; 5.04e-07 V                  ; 3.11 V             ; -0.0469 V          ; 0.191 V                             ; 0.215 V                             ; 1.08e-09 s                 ; 8.62e-10 s                 ; Yes                       ; No                        ;
; CS_SDcard         ; 3.3-V LVTTL  ; 0 s                 ; 0 s                 ; 3.08 V                       ; 5.04e-07 V                   ; 3.08 V              ; -0.0053 V           ; 0.206 V                              ; 0.247 V                              ; 5.77e-09 s                  ; 4.45e-09 s                  ; Yes                        ; Yes                        ; 3.08 V                      ; 5.04e-07 V                  ; 3.08 V             ; -0.0053 V          ; 0.206 V                             ; 0.247 V                             ; 5.77e-09 s                 ; 4.45e-09 s                 ; Yes                       ; Yes                       ;
; CS_EEprom         ; 3.3-V LVTTL  ; 0 s                 ; 0 s                 ; 3.08 V                       ; 7.5e-07 V                    ; 3.11 V              ; -0.0503 V           ; 0.122 V                              ; 0.172 V                              ; 7.08e-10 s                  ; 6.43e-10 s                  ; Yes                        ; Yes                        ; 3.08 V                      ; 7.5e-07 V                   ; 3.11 V             ; -0.0503 V          ; 0.122 V                             ; 0.172 V                             ; 7.08e-10 s                 ; 6.43e-10 s                 ; Yes                       ; Yes                       ;
; MOSI              ; 3.3-V LVTTL  ; 0 s                 ; 0 s                 ; 3.08 V                       ; 7.5e-07 V                    ; 3.11 V              ; -0.0503 V           ; 0.122 V                              ; 0.172 V                              ; 7.08e-10 s                  ; 6.43e-10 s                  ; Yes                        ; Yes                        ; 3.08 V                      ; 7.5e-07 V                   ; 3.11 V             ; -0.0503 V          ; 0.122 V                             ; 0.172 V                             ; 7.08e-10 s                 ; 6.43e-10 s                 ; Yes                       ; Yes                       ;
; CLK               ; 3.3-V LVTTL  ; 0 s                 ; 0 s                 ; 3.08 V                       ; 7.5e-07 V                    ; 3.11 V              ; -0.0503 V           ; 0.122 V                              ; 0.172 V                              ; 7.08e-10 s                  ; 6.43e-10 s                  ; Yes                        ; Yes                        ; 3.08 V                      ; 7.5e-07 V                   ; 3.11 V             ; -0.0503 V          ; 0.122 V                             ; 0.172 V                             ; 7.08e-10 s                 ; 6.43e-10 s                 ; Yes                       ; Yes                       ;
; DIP_Strobe[0]     ; 3.3-V LVTTL  ; 0 s                 ; 0 s                 ; 3.08 V                       ; 7.5e-07 V                    ; 3.11 V              ; -0.0503 V           ; 0.122 V                              ; 0.172 V                              ; 7.08e-10 s                  ; 6.43e-10 s                  ; Yes                        ; Yes                        ; 3.08 V                      ; 7.5e-07 V                   ; 3.11 V             ; -0.0503 V          ; 0.122 V                             ; 0.172 V                             ; 7.08e-10 s                 ; 6.43e-10 s                 ; Yes                       ; Yes                       ;
; DIP_Strobe[1]     ; 3.3-V LVTTL  ; 0 s                 ; 0 s                 ; 3.08 V                       ; 5.04e-07 V                   ; 3.11 V              ; -0.0469 V           ; 0.191 V                              ; 0.215 V                              ; 1.08e-09 s                  ; 8.62e-10 s                  ; Yes                        ; No                         ; 3.08 V                      ; 5.04e-07 V                  ; 3.11 V             ; -0.0469 V          ; 0.191 V                             ; 0.215 V                             ; 1.08e-09 s                 ; 8.62e-10 s                 ; Yes                       ; No                        ;
; DIP_Strobe[2]     ; 3.3-V LVTTL  ; 0 s                 ; 0 s                 ; 3.08 V                       ; 5.04e-07 V                   ; 3.11 V              ; -0.0624 V           ; 0.233 V                              ; 0.172 V                              ; 6.86e-10 s                  ; 6.33e-10 s                  ; Yes                        ; No                         ; 3.08 V                      ; 5.04e-07 V                  ; 3.11 V             ; -0.0624 V          ; 0.233 V                             ; 0.172 V                             ; 6.86e-10 s                 ; 6.33e-10 s                 ; Yes                       ; No                        ;
; DIP_Strobe[3]     ; 3.3-V LVTTL  ; 0 s                 ; 0 s                 ; 3.08 V                       ; 5.04e-07 V                   ; 3.11 V              ; -0.0624 V           ; 0.233 V                              ; 0.172 V                              ; 6.86e-10 s                  ; 6.33e-10 s                  ; Yes                        ; No                         ; 3.08 V                      ; 5.04e-07 V                  ; 3.11 V             ; -0.0624 V          ; 0.233 V                             ; 0.172 V                             ; 6.86e-10 s                 ; 6.33e-10 s                 ; Yes                       ; No                        ;
; Audio_RX          ; 3.3-V LVTTL  ; 0 s                 ; 0 s                 ; 3.08 V                       ; 5.04e-07 V                   ; 3.11 V              ; -0.0624 V           ; 0.233 V                              ; 0.172 V                              ; 6.86e-10 s                  ; 6.33e-10 s                  ; Yes                        ; No                         ; 3.08 V                      ; 5.04e-07 V                  ; 3.11 V             ; -0.0624 V          ; 0.233 V                             ; 0.172 V                             ; 6.86e-10 s                 ; 6.33e-10 s                 ; Yes                       ; No                        ;
; Sound             ; 3.3-V LVTTL  ; 0 s                 ; 0 s                 ; 3.08 V                       ; 5.04e-07 V                   ; 3.08 V              ; -0.0053 V           ; 0.206 V                              ; 0.247 V                              ; 5.77e-09 s                  ; 4.45e-09 s                  ; Yes                        ; Yes                        ; 3.08 V                      ; 5.04e-07 V                  ; 3.08 V             ; -0.0053 V          ; 0.206 V                             ; 0.247 V                             ; 5.77e-09 s                 ; 4.45e-09 s                 ; Yes                       ; Yes                       ;
; Debug             ; 3.3-V LVTTL  ; 0 s                 ; 0 s                 ; 3.08 V                       ; 5.04e-07 V                   ; 3.11 V              ; -0.0469 V           ; 0.191 V                              ; 0.215 V                              ; 1.08e-09 s                  ; 8.62e-10 s                  ; Yes                        ; No                         ; 3.08 V                      ; 5.04e-07 V                  ; 3.11 V             ; -0.0469 V          ; 0.191 V                             ; 0.215 V                             ; 1.08e-09 s                 ; 8.62e-10 s                 ; Yes                       ; No                        ;
; ~ALTERA_DCLK~     ; 3.3-V LVTTL  ; 0 s                 ; 0 s                 ; 3.08 V                       ; 2.6e-07 V                    ; 3.13 V              ; -0.103 V            ; 0.164 V                              ; 0.134 V                              ; 3.14e-10 s                  ; 4.05e-10 s                  ; Yes                        ; No                         ; 3.08 V                      ; 2.6e-07 V                   ; 3.13 V             ; -0.103 V           ; 0.164 V                             ; 0.134 V                             ; 3.14e-10 s                 ; 4.05e-10 s                 ; Yes                       ; No                        ;
+-------------------+--------------+---------------------+---------------------+------------------------------+------------------------------+---------------------+---------------------+--------------------------------------+--------------------------------------+-----------------------------+-----------------------------+----------------------------+----------------------------+-----------------------------+-----------------------------+--------------------+--------------------+-------------------------------------+-------------------------------------+----------------------------+----------------------------+---------------------------+---------------------------+


+------------------------------------------------------------------------------------------------------------------------------------------------------------------------------------------------------------------------------------------------------------------------------------------------------------------------------------------------------------------------------------------------------------------------------------------------------------------------------------------------------------------------------------------------------------------------------------------------------------------------------------------------------------------------------------------------+
; Signal Integrity Metrics (Fast 1200mv 0c Model)                                                                                                                                                                                                                                                                                                                                                                                                                                                                                                                                                                                                                                                ;
+-------------------+--------------+---------------------+---------------------+------------------------------+------------------------------+---------------------+---------------------+--------------------------------------+--------------------------------------+-----------------------------+-----------------------------+----------------------------+----------------------------+-----------------------------+-----------------------------+--------------------+--------------------+-------------------------------------+-------------------------------------+----------------------------+----------------------------+---------------------------+---------------------------+
; Pin               ; I/O Standard ; Board Delay on Rise ; Board Delay on Fall ; Steady State Voh at FPGA Pin ; Steady State Vol at FPGA Pin ; Voh Max at FPGA Pin ; Vol Min at FPGA Pin ; Ringback Voltage on Rise at FPGA Pin ; Ringback Voltage on Fall at FPGA Pin ; 10-90 Rise Time at FPGA Pin ; 90-10 Fall Time at FPGA Pin ; Monotonic Rise at FPGA Pin ; Monotonic Fall at FPGA Pin ; Steady State Voh at Far-end ; Steady State Vol at Far-end ; Voh Max at Far-end ; Vol Min at Far-end ; Ringback Voltage on Rise at Far-end ; Ringback Voltage on Fall at Far-end ; 10-90 Rise Time at Far-end ; 90-10 Fall Time at Far-end ; Monotonic Rise at Far-end ; Monotonic Fall at Far-end ;
+-------------------+--------------+---------------------+---------------------+------------------------------+------------------------------+---------------------+---------------------+--------------------------------------+--------------------------------------+-----------------------------+-----------------------------+----------------------------+----------------------------+-----------------------------+-----------------------------+--------------------+--------------------+-------------------------------------+-------------------------------------+----------------------------+----------------------------+---------------------------+---------------------------+
; LED_Int           ; 3.3-V LVTTL  ; 0 s                 ; 0 s                 ; 3.46 V                       ; 1.25e-07 V                   ; 3.57 V              ; -0.0855 V           ; 0.315 V                              ; 0.175 V                              ; 6.79e-10 s                  ; 6.15e-10 s                  ; No                         ; No                         ; 3.46 V                      ; 1.25e-07 V                  ; 3.57 V             ; -0.0855 V          ; 0.315 V                             ; 0.175 V                             ; 6.79e-10 s                 ; 6.15e-10 s                 ; No                        ; No                        ;
; LED_SDcard        ; 3.3-V LVTTL  ; 0 s                 ; 0 s                 ; 3.46 V                       ; 1.25e-07 V                   ; 3.6 V               ; -0.127 V            ; 0.302 V                              ; 0.21 V                               ; 4.55e-10 s                  ; 4.11e-10 s                  ; No                         ; No                         ; 3.46 V                      ; 1.25e-07 V                  ; 3.6 V              ; -0.127 V           ; 0.302 V                             ; 0.21 V                              ; 4.55e-10 s                 ; 4.11e-10 s                 ; No                        ; No                        ;
; LED_ON            ; 3.3-V LVTTL  ; 0 s                 ; 0 s                 ; 3.46 V                       ; 1.25e-07 V                   ; 3.6 V               ; -0.127 V            ; 0.302 V                              ; 0.21 V                               ; 4.55e-10 s                  ; 4.11e-10 s                  ; No                         ; No                         ; 3.46 V                      ; 1.25e-07 V                  ; 3.6 V              ; -0.127 V           ; 0.302 V                             ; 0.21 V                              ; 4.55e-10 s                 ; 4.11e-10 s                 ; No                        ; No                        ;
; U4_PB[0]          ; 3.3-V LVTTL  ; 0 s                 ; 0 s                 ; 3.46 V                       ; 1.85e-07 V                   ; 3.48 V              ; -0.0173 V           ; 0.356 V                              ; 0.324 V                              ; 3.89e-09 s                  ; 3.06e-09 s                  ; No                         ; No                         ; 3.46 V                      ; 1.85e-07 V                  ; 3.48 V             ; -0.0173 V          ; 0.356 V                             ; 0.324 V                             ; 3.89e-09 s                 ; 3.06e-09 s                 ; No                        ; No                        ;
; U4_PB[1]          ; 3.3-V LVTTL  ; 0 s                 ; 0 s                 ; 3.46 V                       ; 1.85e-07 V                   ; 3.57 V              ; -0.141 V            ; 0.301 V                              ; 0.239 V                              ; 4.61e-10 s                  ; 4.2e-10 s                   ; No                         ; No                         ; 3.46 V                      ; 1.85e-07 V                  ; 3.57 V             ; -0.141 V           ; 0.301 V                             ; 0.239 V                             ; 4.61e-10 s                 ; 4.2e-10 s                  ; No                        ; No                        ;
; U4_PB[2]          ; 3.3-V LVTTL  ; 0 s                 ; 0 s                 ; 3.46 V                       ; 1.85e-07 V                   ; 3.57 V              ; -0.141 V            ; 0.301 V                              ; 0.239 V                              ; 4.61e-10 s                  ; 4.2e-10 s                   ; No                         ; No                         ; 3.46 V                      ; 1.85e-07 V                  ; 3.57 V             ; -0.141 V           ; 0.301 V                             ; 0.239 V                             ; 4.61e-10 s                 ; 4.2e-10 s                  ; No                        ; No                        ;
; U4_PB[3]          ; 3.3-V LVTTL  ; 0 s                 ; 0 s                 ; 3.46 V                       ; 1.85e-07 V                   ; 3.57 V              ; -0.141 V            ; 0.301 V                              ; 0.239 V                              ; 4.61e-10 s                  ; 4.2e-10 s                   ; No                         ; No                         ; 3.46 V                      ; 1.85e-07 V                  ; 3.57 V             ; -0.141 V           ; 0.301 V                             ; 0.239 V                             ; 4.61e-10 s                 ; 4.2e-10 s                  ; No                        ; No                        ;
; U4_PB[4]          ; 3.3-V LVTTL  ; 0 s                 ; 0 s                 ; 3.46 V                       ; 1.85e-07 V                   ; 3.57 V              ; -0.141 V            ; 0.301 V                              ; 0.239 V                              ; 4.61e-10 s                  ; 4.2e-10 s                   ; No                         ; No                         ; 3.46 V                      ; 1.85e-07 V                  ; 3.57 V             ; -0.141 V           ; 0.301 V                             ; 0.239 V                             ; 4.61e-10 s                 ; 4.2e-10 s                  ; No                        ; No                        ;
; U4_PB[5]          ; 3.3-V LVTTL  ; 0 s                 ; 0 s                 ; 3.46 V                       ; 1.85e-07 V                   ; 3.57 V              ; -0.141 V            ; 0.301 V                              ; 0.239 V                              ; 4.61e-10 s                  ; 4.2e-10 s                   ; No                         ; No                         ; 3.46 V                      ; 1.85e-07 V                  ; 3.57 V             ; -0.141 V           ; 0.301 V                             ; 0.239 V                             ; 4.61e-10 s                 ; 4.2e-10 s                  ; No                        ; No                        ;
; U4_PB[6]          ; 3.3-V LVTTL  ; 0 s                 ; 0 s                 ; 3.46 V                       ; 1.85e-07 V                   ; 3.57 V              ; -0.141 V            ; 0.301 V                              ; 0.239 V                              ; 4.61e-10 s                  ; 4.2e-10 s                   ; No                         ; No                         ; 3.46 V                      ; 1.85e-07 V                  ; 3.57 V             ; -0.141 V           ; 0.301 V                             ; 0.239 V                             ; 4.61e-10 s                 ; 4.2e-10 s                  ; No                        ; No                        ;
; U4_PB[7]          ; 3.3-V LVTTL  ; 0 s                 ; 0 s                 ; 3.46 V                       ; 1.85e-07 V                   ; 3.57 V              ; -0.141 V            ; 0.301 V                              ; 0.239 V                              ; 4.61e-10 s                  ; 4.2e-10 s                   ; No                         ; No                         ; 3.46 V                      ; 1.85e-07 V                  ; 3.57 V             ; -0.141 V           ; 0.301 V                             ; 0.239 V                             ; 4.61e-10 s                 ; 4.2e-10 s                  ; No                        ; No                        ;
; disp_segments[24] ; 3.3-V LVTTL  ; 0 s                 ; 0 s                 ; 3.46 V                       ; 1.25e-07 V                   ; 3.6 V               ; -0.127 V            ; 0.302 V                              ; 0.21 V                               ; 4.55e-10 s                  ; 4.11e-10 s                  ; No                         ; No                         ; 3.46 V                      ; 1.25e-07 V                  ; 3.6 V              ; -0.127 V           ; 0.302 V                             ; 0.21 V                              ; 4.55e-10 s                 ; 4.11e-10 s                 ; No                        ; No                        ;
; disp_segments[23] ; 3.3-V LVTTL  ; 0 s                 ; 0 s                 ; 3.46 V                       ; 1.25e-07 V                   ; 3.6 V               ; -0.127 V            ; 0.302 V                              ; 0.21 V                               ; 4.55e-10 s                  ; 4.11e-10 s                  ; No                         ; No                         ; 3.46 V                      ; 1.25e-07 V                  ; 3.6 V              ; -0.127 V           ; 0.302 V                             ; 0.21 V                              ; 4.55e-10 s                 ; 4.11e-10 s                 ; No                        ; No                        ;
; disp_segments[22] ; 3.3-V LVTTL  ; 0 s                 ; 0 s                 ; 3.46 V                       ; 1.85e-07 V                   ; 3.57 V              ; -0.141 V            ; 0.301 V                              ; 0.239 V                              ; 4.61e-10 s                  ; 4.2e-10 s                   ; No                         ; No                         ; 3.46 V                      ; 1.85e-07 V                  ; 3.57 V             ; -0.141 V           ; 0.301 V                             ; 0.239 V                             ; 4.61e-10 s                 ; 4.2e-10 s                  ; No                        ; No                        ;
; disp_segments[21] ; 3.3-V LVTTL  ; 0 s                 ; 0 s                 ; 3.46 V                       ; 1.85e-07 V                   ; 3.57 V              ; -0.141 V            ; 0.301 V                              ; 0.239 V                              ; 4.61e-10 s                  ; 4.2e-10 s                   ; No                         ; No                         ; 3.46 V                      ; 1.85e-07 V                  ; 3.57 V             ; -0.141 V           ; 0.301 V                             ; 0.239 V                             ; 4.61e-10 s                 ; 4.2e-10 s                  ; No                        ; No                        ;
; disp_segments[20] ; 3.3-V LVTTL  ; 0 s                 ; 0 s                 ; 3.46 V                       ; 1.85e-07 V                   ; 3.57 V              ; -0.141 V            ; 0.301 V                              ; 0.239 V                              ; 4.61e-10 s                  ; 4.2e-10 s                   ; No                         ; No                         ; 3.46 V                      ; 1.85e-07 V                  ; 3.57 V             ; -0.141 V           ; 0.301 V                             ; 0.239 V                             ; 4.61e-10 s                 ; 4.2e-10 s                  ; No                        ; No                        ;
; disp_segments[19] ; 3.3-V LVTTL  ; 0 s                 ; 0 s                 ; 3.46 V                       ; 1.85e-07 V                   ; 3.57 V              ; -0.141 V            ; 0.301 V                              ; 0.239 V                              ; 4.61e-10 s                  ; 4.2e-10 s                   ; No                         ; No                         ; 3.46 V                      ; 1.85e-07 V                  ; 3.57 V             ; -0.141 V           ; 0.301 V                             ; 0.239 V                             ; 4.61e-10 s                 ; 4.2e-10 s                  ; No                        ; No                        ;
; disp_segments[18] ; 3.3-V LVTTL  ; 0 s                 ; 0 s                 ; 3.46 V                       ; 1.85e-07 V                   ; 3.57 V              ; -0.141 V            ; 0.301 V                              ; 0.239 V                              ; 4.61e-10 s                  ; 4.2e-10 s                   ; No                         ; No                         ; 3.46 V                      ; 1.85e-07 V                  ; 3.57 V             ; -0.141 V           ; 0.301 V                             ; 0.239 V                             ; 4.61e-10 s                 ; 4.2e-10 s                  ; No                        ; No                        ;
; disp_segments[17] ; 3.3-V LVTTL  ; 0 s                 ; 0 s                 ; 3.46 V                       ; 1.85e-07 V                   ; 3.57 V              ; -0.141 V            ; 0.301 V                              ; 0.239 V                              ; 4.61e-10 s                  ; 4.2e-10 s                   ; No                         ; No                         ; 3.46 V                      ; 1.85e-07 V                  ; 3.57 V             ; -0.141 V           ; 0.301 V                             ; 0.239 V                             ; 4.61e-10 s                 ; 4.2e-10 s                  ; No                        ; No                        ;
; disp_segments[16] ; 3.3-V LVTTL  ; 0 s                 ; 0 s                 ; 3.46 V                       ; 1.85e-07 V                   ; 3.57 V              ; -0.141 V            ; 0.301 V                              ; 0.239 V                              ; 4.61e-10 s                  ; 4.2e-10 s                   ; No                         ; No                         ; 3.46 V                      ; 1.85e-07 V                  ; 3.57 V             ; -0.141 V           ; 0.301 V                             ; 0.239 V                             ; 4.61e-10 s                 ; 4.2e-10 s                  ; No                        ; No                        ;
; disp_segments[15] ; 3.3-V LVTTL  ; 0 s                 ; 0 s                 ; 3.46 V                       ; 1.85e-07 V                   ; 3.48 V              ; -0.0173 V           ; 0.356 V                              ; 0.324 V                              ; 3.89e-09 s                  ; 3.06e-09 s                  ; No                         ; No                         ; 3.46 V                      ; 1.85e-07 V                  ; 3.48 V             ; -0.0173 V          ; 0.356 V                             ; 0.324 V                             ; 3.89e-09 s                 ; 3.06e-09 s                 ; No                        ; No                        ;
; disp_segments[14] ; 3.3-V LVTTL  ; 0 s                 ; 0 s                 ; 3.46 V                       ; 1.25e-07 V                   ; 3.6 V               ; -0.127 V            ; 0.302 V                              ; 0.21 V                               ; 4.55e-10 s                  ; 4.11e-10 s                  ; No                         ; No                         ; 3.46 V                      ; 1.25e-07 V                  ; 3.6 V              ; -0.127 V           ; 0.302 V                             ; 0.21 V                              ; 4.55e-10 s                 ; 4.11e-10 s                 ; No                        ; No                        ;
; disp_segments[13] ; 3.3-V LVTTL  ; 0 s                 ; 0 s                 ; 3.46 V                       ; 1.85e-07 V                   ; 3.57 V              ; -0.141 V            ; 0.301 V                              ; 0.239 V                              ; 4.61e-10 s                  ; 4.2e-10 s                   ; No                         ; No                         ; 3.46 V                      ; 1.85e-07 V                  ; 3.57 V             ; -0.141 V           ; 0.301 V                             ; 0.239 V                             ; 4.61e-10 s                 ; 4.2e-10 s                  ; No                        ; No                        ;
; disp_segments[12] ; 3.3-V LVTTL  ; 0 s                 ; 0 s                 ; 3.46 V                       ; 1.85e-07 V                   ; 3.57 V              ; -0.141 V            ; 0.301 V                              ; 0.239 V                              ; 4.61e-10 s                  ; 4.2e-10 s                   ; No                         ; No                         ; 3.46 V                      ; 1.85e-07 V                  ; 3.57 V             ; -0.141 V           ; 0.301 V                             ; 0.239 V                             ; 4.61e-10 s                 ; 4.2e-10 s                  ; No                        ; No                        ;
; disp_segments[11] ; 3.3-V LVTTL  ; 0 s                 ; 0 s                 ; 3.46 V                       ; 1.85e-07 V                   ; 3.57 V              ; -0.141 V            ; 0.301 V                              ; 0.239 V                              ; 4.61e-10 s                  ; 4.2e-10 s                   ; No                         ; No                         ; 3.46 V                      ; 1.85e-07 V                  ; 3.57 V             ; -0.141 V           ; 0.301 V                             ; 0.239 V                             ; 4.61e-10 s                 ; 4.2e-10 s                  ; No                        ; No                        ;
; disp_segments[10] ; 3.3-V LVTTL  ; 0 s                 ; 0 s                 ; 3.46 V                       ; 1.85e-07 V                   ; 3.57 V              ; -0.141 V            ; 0.301 V                              ; 0.239 V                              ; 4.61e-10 s                  ; 4.2e-10 s                   ; No                         ; No                         ; 3.46 V                      ; 1.85e-07 V                  ; 3.57 V             ; -0.141 V           ; 0.301 V                             ; 0.239 V                             ; 4.61e-10 s                 ; 4.2e-10 s                  ; No                        ; No                        ;
; disp_segments[9]  ; 3.3-V LVTTL  ; 0 s                 ; 0 s                 ; 3.46 V                       ; 1.85e-07 V                   ; 3.57 V              ; -0.141 V            ; 0.301 V                              ; 0.239 V                              ; 4.61e-10 s                  ; 4.2e-10 s                   ; No                         ; No                         ; 3.46 V                      ; 1.85e-07 V                  ; 3.57 V             ; -0.141 V           ; 0.301 V                             ; 0.239 V                             ; 4.61e-10 s                 ; 4.2e-10 s                  ; No                        ; No                        ;
; disp_segments[8]  ; 3.3-V LVTTL  ; 0 s                 ; 0 s                 ; 3.46 V                       ; 1.85e-07 V                   ; 3.57 V              ; -0.141 V            ; 0.301 V                              ; 0.239 V                              ; 4.61e-10 s                  ; 4.2e-10 s                   ; No                         ; No                         ; 3.46 V                      ; 1.85e-07 V                  ; 3.57 V             ; -0.141 V           ; 0.301 V                             ; 0.239 V                             ; 4.61e-10 s                 ; 4.2e-10 s                  ; No                        ; No                        ;
; disp_segments[7]  ; 3.3-V LVTTL  ; 0 s                 ; 0 s                 ; 3.46 V                       ; 1.85e-07 V                   ; 3.57 V              ; -0.141 V            ; 0.301 V                              ; 0.239 V                              ; 4.61e-10 s                  ; 4.2e-10 s                   ; No                         ; No                         ; 3.46 V                      ; 1.85e-07 V                  ; 3.57 V             ; -0.141 V           ; 0.301 V                             ; 0.239 V                             ; 4.61e-10 s                 ; 4.2e-10 s                  ; No                        ; No                        ;
; disp_segments[6]  ; 3.3-V LVTTL  ; 0 s                 ; 0 s                 ; 3.46 V                       ; 1.85e-07 V                   ; 3.57 V              ; -0.141 V            ; 0.301 V                              ; 0.239 V                              ; 4.61e-10 s                  ; 4.2e-10 s                   ; No                         ; No                         ; 3.46 V                      ; 1.85e-07 V                  ; 3.57 V             ; -0.141 V           ; 0.301 V                             ; 0.239 V                             ; 4.61e-10 s                 ; 4.2e-10 s                  ; No                        ; No                        ;
; disp_segments[5]  ; 3.3-V LVTTL  ; 0 s                 ; 0 s                 ; 3.46 V                       ; 1.85e-07 V                   ; 3.57 V              ; -0.141 V            ; 0.301 V                              ; 0.239 V                              ; 4.61e-10 s                  ; 4.2e-10 s                   ; No                         ; No                         ; 3.46 V                      ; 1.85e-07 V                  ; 3.57 V             ; -0.141 V           ; 0.301 V                             ; 0.239 V                             ; 4.61e-10 s                 ; 4.2e-10 s                  ; No                        ; No                        ;
; disp_segments[4]  ; 3.3-V LVTTL  ; 0 s                 ; 0 s                 ; 3.46 V                       ; 1.85e-07 V                   ; 3.57 V              ; -0.141 V            ; 0.301 V                              ; 0.239 V                              ; 4.61e-10 s                  ; 4.2e-10 s                   ; No                         ; No                         ; 3.46 V                      ; 1.85e-07 V                  ; 3.57 V             ; -0.141 V           ; 0.301 V                             ; 0.239 V                             ; 4.61e-10 s                 ; 4.2e-10 s                  ; No                        ; No                        ;
; disp_segments[3]  ; 3.3-V LVTTL  ; 0 s                 ; 0 s                 ; 3.46 V                       ; 1.85e-07 V                   ; 3.48 V              ; -0.0173 V           ; 0.356 V                              ; 0.324 V                              ; 3.89e-09 s                  ; 3.06e-09 s                  ; No                         ; No                         ; 3.46 V                      ; 1.85e-07 V                  ; 3.48 V             ; -0.0173 V          ; 0.356 V                             ; 0.324 V                             ; 3.89e-09 s                 ; 3.06e-09 s                 ; No                        ; No                        ;
; disp_segments[2]  ; 3.3-V LVTTL  ; 0 s                 ; 0 s                 ; 3.46 V                       ; 1.85e-07 V                   ; 3.57 V              ; -0.141 V            ; 0.301 V                              ; 0.239 V                              ; 4.61e-10 s                  ; 4.2e-10 s                   ; No                         ; No                         ; 3.46 V                      ; 1.85e-07 V                  ; 3.57 V             ; -0.141 V           ; 0.301 V                             ; 0.239 V                             ; 4.61e-10 s                 ; 4.2e-10 s                  ; No                        ; No                        ;
; disp_segments[1]  ; 3.3-V LVTTL  ; 0 s                 ; 0 s                 ; 3.46 V                       ; 1.85e-07 V                   ; 3.57 V              ; -0.141 V            ; 0.301 V                              ; 0.239 V                              ; 4.61e-10 s                  ; 4.2e-10 s                   ; No                         ; No                         ; 3.46 V                      ; 1.85e-07 V                  ; 3.57 V             ; -0.141 V           ; 0.301 V                             ; 0.239 V                             ; 4.61e-10 s                 ; 4.2e-10 s                  ; No                        ; No                        ;
; U5_PA[0]          ; 3.3-V LVTTL  ; 0 s                 ; 0 s                 ; 3.46 V                       ; 1.25e-07 V                   ; 3.6 V               ; -0.127 V            ; 0.302 V                              ; 0.21 V                               ; 4.55e-10 s                  ; 4.11e-10 s                  ; No                         ; No                         ; 3.46 V                      ; 1.25e-07 V                  ; 3.6 V              ; -0.127 V           ; 0.302 V                             ; 0.21 V                              ; 4.55e-10 s                 ; 4.11e-10 s                 ; No                        ; No                        ;
; U5_PA[1]          ; 3.3-V LVTTL  ; 0 s                 ; 0 s                 ; 3.46 V                       ; 1.25e-07 V                   ; 3.6 V               ; -0.127 V            ; 0.302 V                              ; 0.21 V                               ; 4.55e-10 s                  ; 4.11e-10 s                  ; No                         ; No                         ; 3.46 V                      ; 1.25e-07 V                  ; 3.6 V              ; -0.127 V           ; 0.302 V                             ; 0.21 V                              ; 4.55e-10 s                 ; 4.11e-10 s                 ; No                        ; No                        ;
; U5_PA[2]          ; 3.3-V LVTTL  ; 0 s                 ; 0 s                 ; 3.46 V                       ; 1.25e-07 V                   ; 3.48 V              ; -0.0162 V           ; 0.354 V                              ; 0.317 V                              ; 3.88e-09 s                  ; 3.06e-09 s                  ; No                         ; No                         ; 3.46 V                      ; 1.25e-07 V                  ; 3.48 V             ; -0.0162 V          ; 0.354 V                             ; 0.317 V                             ; 3.88e-09 s                 ; 3.06e-09 s                 ; No                        ; No                        ;
; U5_PA[3]          ; 3.3-V LVTTL  ; 0 s                 ; 0 s                 ; 3.46 V                       ; 1.25e-07 V                   ; 3.6 V               ; -0.127 V            ; 0.302 V                              ; 0.21 V                               ; 4.55e-10 s                  ; 4.11e-10 s                  ; No                         ; No                         ; 3.46 V                      ; 1.25e-07 V                  ; 3.6 V              ; -0.127 V           ; 0.302 V                             ; 0.21 V                              ; 4.55e-10 s                 ; 4.11e-10 s                 ; No                        ; No                        ;
; U5_PB_7           ; 3.3-V LVTTL  ; 0 s                 ; 0 s                 ; 3.46 V                       ; 1.85e-07 V                   ; 3.57 V              ; -0.141 V            ; 0.301 V                              ; 0.239 V                              ; 4.61e-10 s                  ; 4.2e-10 s                   ; No                         ; No                         ; 3.46 V                      ; 1.85e-07 V                  ; 3.57 V             ; -0.141 V           ; 0.301 V                             ; 0.239 V                             ; 4.61e-10 s                 ; 4.2e-10 s                  ; No                        ; No                        ;
; U6_PA[0]          ; 3.3-V LVTTL  ; 0 s                 ; 0 s                 ; 3.46 V                       ; 1.25e-07 V                   ; 3.57 V              ; -0.0855 V           ; 0.315 V                              ; 0.175 V                              ; 6.79e-10 s                  ; 6.15e-10 s                  ; No                         ; No                         ; 3.46 V                      ; 1.25e-07 V                  ; 3.57 V             ; -0.0855 V          ; 0.315 V                             ; 0.175 V                             ; 6.79e-10 s                 ; 6.15e-10 s                 ; No                        ; No                        ;
; U6_PA[1]          ; 3.3-V LVTTL  ; 0 s                 ; 0 s                 ; 3.46 V                       ; 1.25e-07 V                   ; 3.48 V              ; -0.0162 V           ; 0.354 V                              ; 0.317 V                              ; 3.88e-09 s                  ; 3.06e-09 s                  ; No                         ; No                         ; 3.46 V                      ; 1.25e-07 V                  ; 3.48 V             ; -0.0162 V          ; 0.354 V                             ; 0.317 V                             ; 3.88e-09 s                 ; 3.06e-09 s                 ; No                        ; No                        ;
; U6_PA[2]          ; 3.3-V LVTTL  ; 0 s                 ; 0 s                 ; 3.46 V                       ; 1.25e-07 V                   ; 3.57 V              ; -0.0855 V           ; 0.315 V                              ; 0.175 V                              ; 6.79e-10 s                  ; 6.15e-10 s                  ; No                         ; No                         ; 3.46 V                      ; 1.25e-07 V                  ; 3.57 V             ; -0.0855 V          ; 0.315 V                             ; 0.175 V                             ; 6.79e-10 s                 ; 6.15e-10 s                 ; No                        ; No                        ;
; U6_PA[3]          ; 3.3-V LVTTL  ; 0 s                 ; 0 s                 ; 3.46 V                       ; 1.25e-07 V                   ; 3.57 V              ; -0.0855 V           ; 0.315 V                              ; 0.175 V                              ; 6.79e-10 s                  ; 6.15e-10 s                  ; No                         ; No                         ; 3.46 V                      ; 1.25e-07 V                  ; 3.57 V             ; -0.0855 V          ; 0.315 V                             ; 0.175 V                             ; 6.79e-10 s                 ; 6.15e-10 s                 ; No                        ; No                        ;
; U6_PA[4]          ; 3.3-V LVTTL  ; 0 s                 ; 0 s                 ; 3.46 V                       ; 1.85e-07 V                   ; 3.57 V              ; -0.141 V            ; 0.301 V                              ; 0.239 V                              ; 4.61e-10 s                  ; 4.2e-10 s                   ; No                         ; No                         ; 3.46 V                      ; 1.85e-07 V                  ; 3.57 V             ; -0.141 V           ; 0.301 V                             ; 0.239 V                             ; 4.61e-10 s                 ; 4.2e-10 s                  ; No                        ; No                        ;
; U6_PA[5]          ; 3.3-V LVTTL  ; 0 s                 ; 0 s                 ; 3.46 V                       ; 1.85e-07 V                   ; 3.57 V              ; -0.141 V            ; 0.301 V                              ; 0.239 V                              ; 4.61e-10 s                  ; 4.2e-10 s                   ; No                         ; No                         ; 3.46 V                      ; 1.85e-07 V                  ; 3.57 V             ; -0.141 V           ; 0.301 V                             ; 0.239 V                             ; 4.61e-10 s                 ; 4.2e-10 s                  ; No                        ; No                        ;
; U6_PA[6]          ; 3.3-V LVTTL  ; 0 s                 ; 0 s                 ; 3.46 V                       ; 1.85e-07 V                   ; 3.57 V              ; -0.141 V            ; 0.301 V                              ; 0.239 V                              ; 4.61e-10 s                  ; 4.2e-10 s                   ; No                         ; No                         ; 3.46 V                      ; 1.85e-07 V                  ; 3.57 V             ; -0.141 V           ; 0.301 V                             ; 0.239 V                             ; 4.61e-10 s                 ; 4.2e-10 s                  ; No                        ; No                        ;
; U6_PA[7]          ; 3.3-V LVTTL  ; 0 s                 ; 0 s                 ; 3.46 V                       ; 1.85e-07 V                   ; 3.57 V              ; -0.141 V            ; 0.301 V                              ; 0.239 V                              ; 4.61e-10 s                  ; 4.2e-10 s                   ; No                         ; No                         ; 3.46 V                      ; 1.85e-07 V                  ; 3.57 V             ; -0.141 V           ; 0.301 V                             ; 0.239 V                             ; 4.61e-10 s                 ; 4.2e-10 s                  ; No                        ; No                        ;
; U6_PB[0]          ; 3.3-V LVTTL  ; 0 s                 ; 0 s                 ; 3.46 V                       ; 1.85e-07 V                   ; 3.57 V              ; -0.141 V            ; 0.301 V                              ; 0.239 V                              ; 4.61e-10 s                  ; 4.2e-10 s                   ; No                         ; No                         ; 3.46 V                      ; 1.85e-07 V                  ; 3.57 V             ; -0.141 V           ; 0.301 V                             ; 0.239 V                             ; 4.61e-10 s                 ; 4.2e-10 s                  ; No                        ; No                        ;
; U6_PB[1]          ; 3.3-V LVTTL  ; 0 s                 ; 0 s                 ; 3.46 V                       ; 1.25e-07 V                   ; 3.57 V              ; -0.0855 V           ; 0.315 V                              ; 0.175 V                              ; 6.79e-10 s                  ; 6.15e-10 s                  ; No                         ; No                         ; 3.46 V                      ; 1.25e-07 V                  ; 3.57 V             ; -0.0855 V          ; 0.315 V                             ; 0.175 V                             ; 6.79e-10 s                 ; 6.15e-10 s                 ; No                        ; No                        ;
; U6_PB[2]          ; 3.3-V LVTTL  ; 0 s                 ; 0 s                 ; 3.46 V                       ; 1.25e-07 V                   ; 3.57 V              ; -0.0855 V           ; 0.315 V                              ; 0.175 V                              ; 6.79e-10 s                  ; 6.15e-10 s                  ; No                         ; No                         ; 3.46 V                      ; 1.25e-07 V                  ; 3.57 V             ; -0.0855 V          ; 0.315 V                             ; 0.175 V                             ; 6.79e-10 s                 ; 6.15e-10 s                 ; No                        ; No                        ;
; U6_PB[3]          ; 3.3-V LVTTL  ; 0 s                 ; 0 s                 ; 3.46 V                       ; 1.25e-07 V                   ; 3.57 V              ; -0.0855 V           ; 0.315 V                              ; 0.175 V                              ; 6.79e-10 s                  ; 6.15e-10 s                  ; No                         ; No                         ; 3.46 V                      ; 1.25e-07 V                  ; 3.57 V             ; -0.0855 V          ; 0.315 V                             ; 0.175 V                             ; 6.79e-10 s                 ; 6.15e-10 s                 ; No                        ; No                        ;
; U6_PB[4]          ; 3.3-V LVTTL  ; 0 s                 ; 0 s                 ; 3.46 V                       ; 1.25e-07 V                   ; 3.57 V              ; -0.0855 V           ; 0.315 V                              ; 0.175 V                              ; 6.79e-10 s                  ; 6.15e-10 s                  ; No                         ; No                         ; 3.46 V                      ; 1.25e-07 V                  ; 3.57 V             ; -0.0855 V          ; 0.315 V                             ; 0.175 V                             ; 6.79e-10 s                 ; 6.15e-10 s                 ; No                        ; No                        ;
; U6_PB[5]          ; 3.3-V LVTTL  ; 0 s                 ; 0 s                 ; 3.46 V                       ; 1.25e-07 V                   ; 3.6 V               ; -0.127 V            ; 0.302 V                              ; 0.21 V                               ; 4.55e-10 s                  ; 4.11e-10 s                  ; No                         ; No                         ; 3.46 V                      ; 1.25e-07 V                  ; 3.6 V              ; -0.127 V           ; 0.302 V                             ; 0.21 V                              ; 4.55e-10 s                 ; 4.11e-10 s                 ; No                        ; No                        ;
; U6_PB[6]          ; 3.3-V LVTTL  ; 0 s                 ; 0 s                 ; 3.46 V                       ; 1.25e-07 V                   ; 3.57 V              ; -0.0855 V           ; 0.315 V                              ; 0.175 V                              ; 6.79e-10 s                  ; 6.15e-10 s                  ; No                         ; No                         ; 3.46 V                      ; 1.25e-07 V                  ; 3.57 V             ; -0.0855 V          ; 0.315 V                             ; 0.175 V                             ; 6.79e-10 s                 ; 6.15e-10 s                 ; No                        ; No                        ;
; U6_PB[7]          ; 3.3-V LVTTL  ; 0 s                 ; 0 s                 ; 3.46 V                       ; 1.25e-07 V                   ; 3.57 V              ; -0.0855 V           ; 0.315 V                              ; 0.175 V                              ; 6.79e-10 s                  ; 6.15e-10 s                  ; No                         ; No                         ; 3.46 V                      ; 1.25e-07 V                  ; 3.57 V             ; -0.0855 V          ; 0.315 V                             ; 0.175 V                             ; 6.79e-10 s                 ; 6.15e-10 s                 ; No                        ; No                        ;
; CS_SDcard         ; 3.3-V LVTTL  ; 0 s                 ; 0 s                 ; 3.46 V                       ; 1.25e-07 V                   ; 3.48 V              ; -0.0162 V           ; 0.354 V                              ; 0.317 V                              ; 3.88e-09 s                  ; 3.06e-09 s                  ; No                         ; No                         ; 3.46 V                      ; 1.25e-07 V                  ; 3.48 V             ; -0.0162 V          ; 0.354 V                             ; 0.317 V                             ; 3.88e-09 s                 ; 3.06e-09 s                 ; No                        ; No                        ;
; CS_EEprom         ; 3.3-V LVTTL  ; 0 s                 ; 0 s                 ; 3.46 V                       ; 1.85e-07 V                   ; 3.57 V              ; -0.141 V            ; 0.301 V                              ; 0.239 V                              ; 4.61e-10 s                  ; 4.2e-10 s                   ; No                         ; No                         ; 3.46 V                      ; 1.85e-07 V                  ; 3.57 V             ; -0.141 V           ; 0.301 V                             ; 0.239 V                             ; 4.61e-10 s                 ; 4.2e-10 s                  ; No                        ; No                        ;
; MOSI              ; 3.3-V LVTTL  ; 0 s                 ; 0 s                 ; 3.46 V                       ; 1.85e-07 V                   ; 3.57 V              ; -0.141 V            ; 0.301 V                              ; 0.239 V                              ; 4.61e-10 s                  ; 4.2e-10 s                   ; No                         ; No                         ; 3.46 V                      ; 1.85e-07 V                  ; 3.57 V             ; -0.141 V           ; 0.301 V                             ; 0.239 V                             ; 4.61e-10 s                 ; 4.2e-10 s                  ; No                        ; No                        ;
; CLK               ; 3.3-V LVTTL  ; 0 s                 ; 0 s                 ; 3.46 V                       ; 1.85e-07 V                   ; 3.57 V              ; -0.141 V            ; 0.301 V                              ; 0.239 V                              ; 4.61e-10 s                  ; 4.2e-10 s                   ; No                         ; No                         ; 3.46 V                      ; 1.85e-07 V                  ; 3.57 V             ; -0.141 V           ; 0.301 V                             ; 0.239 V                             ; 4.61e-10 s                 ; 4.2e-10 s                  ; No                        ; No                        ;
; DIP_Strobe[0]     ; 3.3-V LVTTL  ; 0 s                 ; 0 s                 ; 3.46 V                       ; 1.85e-07 V                   ; 3.57 V              ; -0.141 V            ; 0.301 V                              ; 0.239 V                              ; 4.61e-10 s                  ; 4.2e-10 s                   ; No                         ; No                         ; 3.46 V                      ; 1.85e-07 V                  ; 3.57 V             ; -0.141 V           ; 0.301 V                             ; 0.239 V                             ; 4.61e-10 s                 ; 4.2e-10 s                  ; No                        ; No                        ;
; DIP_Strobe[1]     ; 3.3-V LVTTL  ; 0 s                 ; 0 s                 ; 3.46 V                       ; 1.25e-07 V                   ; 3.57 V              ; -0.0855 V           ; 0.315 V                              ; 0.175 V                              ; 6.79e-10 s                  ; 6.15e-10 s                  ; No                         ; No                         ; 3.46 V                      ; 1.25e-07 V                  ; 3.57 V             ; -0.0855 V          ; 0.315 V                             ; 0.175 V                             ; 6.79e-10 s                 ; 6.15e-10 s                 ; No                        ; No                        ;
; DIP_Strobe[2]     ; 3.3-V LVTTL  ; 0 s                 ; 0 s                 ; 3.46 V                       ; 1.25e-07 V                   ; 3.6 V               ; -0.127 V            ; 0.302 V                              ; 0.21 V                               ; 4.55e-10 s                  ; 4.11e-10 s                  ; No                         ; No                         ; 3.46 V                      ; 1.25e-07 V                  ; 3.6 V              ; -0.127 V           ; 0.302 V                             ; 0.21 V                              ; 4.55e-10 s                 ; 4.11e-10 s                 ; No                        ; No                        ;
; DIP_Strobe[3]     ; 3.3-V LVTTL  ; 0 s                 ; 0 s                 ; 3.46 V                       ; 1.25e-07 V                   ; 3.6 V               ; -0.127 V            ; 0.302 V                              ; 0.21 V                               ; 4.55e-10 s                  ; 4.11e-10 s                  ; No                         ; No                         ; 3.46 V                      ; 1.25e-07 V                  ; 3.6 V              ; -0.127 V           ; 0.302 V                             ; 0.21 V                              ; 4.55e-10 s                 ; 4.11e-10 s                 ; No                        ; No                        ;
; Audio_RX          ; 3.3-V LVTTL  ; 0 s                 ; 0 s                 ; 3.46 V                       ; 1.25e-07 V                   ; 3.6 V               ; -0.127 V            ; 0.302 V                              ; 0.21 V                               ; 4.55e-10 s                  ; 4.11e-10 s                  ; No                         ; No                         ; 3.46 V                      ; 1.25e-07 V                  ; 3.6 V              ; -0.127 V           ; 0.302 V                             ; 0.21 V                              ; 4.55e-10 s                 ; 4.11e-10 s                 ; No                        ; No                        ;
; Sound             ; 3.3-V LVTTL  ; 0 s                 ; 0 s                 ; 3.46 V                       ; 1.25e-07 V                   ; 3.48 V              ; -0.0162 V           ; 0.354 V                              ; 0.317 V                              ; 3.88e-09 s                  ; 3.06e-09 s                  ; No                         ; No                         ; 3.46 V                      ; 1.25e-07 V                  ; 3.48 V             ; -0.0162 V          ; 0.354 V                             ; 0.317 V                             ; 3.88e-09 s                 ; 3.06e-09 s                 ; No                        ; No                        ;
; Debug             ; 3.3-V LVTTL  ; 0 s                 ; 0 s                 ; 3.46 V                       ; 1.25e-07 V                   ; 3.57 V              ; -0.0855 V           ; 0.315 V                              ; 0.175 V                              ; 6.79e-10 s                  ; 6.15e-10 s                  ; No                         ; No                         ; 3.46 V                      ; 1.25e-07 V                  ; 3.57 V             ; -0.0855 V          ; 0.315 V                             ; 0.175 V                             ; 6.79e-10 s                 ; 6.15e-10 s                 ; No                        ; No                        ;
; ~ALTERA_DCLK~     ; 3.3-V LVTTL  ; 0 s                 ; 0 s                 ; 3.46 V                       ; 6.54e-08 V                   ; 3.66 V              ; -0.26 V             ; 0.41 V                               ; 0.32 V                               ; 1.57e-10 s                  ; 2.15e-10 s                  ; No                         ; Yes                        ; 3.46 V                      ; 6.54e-08 V                  ; 3.66 V             ; -0.26 V            ; 0.41 V                              ; 0.32 V                              ; 1.57e-10 s                 ; 2.15e-10 s                 ; No                        ; Yes                       ;
+-------------------+--------------+---------------------+---------------------+------------------------------+------------------------------+---------------------+---------------------+--------------------------------------+--------------------------------------+-----------------------------+-----------------------------+----------------------------+----------------------------+-----------------------------+-----------------------------+--------------------+--------------------+-------------------------------------+-------------------------------------+----------------------------+----------------------------+---------------------------+---------------------------+


+-----------------------------------------------------------------------+
; Setup Transfers                                                       ;
+-------------+-------------+----------+----------+----------+----------+
; From Clock  ; To Clock    ; RR Paths ; FR Paths ; RF Paths ; FF Paths ;
+-------------+-------------+----------+----------+----------+----------+
; clk_50      ; clk_50      ; 142292   ; 0        ; 0        ; 0        ;
; cpu_clk_out ; clk_50      ; 172685   ; 30       ; 0        ; 0        ;
; clk_50      ; cpu_clk_out ; 1770     ; 0        ; 475      ; 0        ;
; cpu_clk_out ; cpu_clk_out ; 569957   ; 890      ; 50776    ; 1975     ;
+-------------+-------------+----------+----------+----------+----------+
Entries labeled "false path" only account for clock-to-clock false paths and not path-based false paths. As a result, actual path counts may be lower than reported.


+-----------------------------------------------------------------------+
; Hold Transfers                                                        ;
+-------------+-------------+----------+----------+----------+----------+
; From Clock  ; To Clock    ; RR Paths ; FR Paths ; RF Paths ; FF Paths ;
+-------------+-------------+----------+----------+----------+----------+
; clk_50      ; clk_50      ; 142292   ; 0        ; 0        ; 0        ;
; cpu_clk_out ; clk_50      ; 172685   ; 30       ; 0        ; 0        ;
; clk_50      ; cpu_clk_out ; 1770     ; 0        ; 475      ; 0        ;
; cpu_clk_out ; cpu_clk_out ; 569957   ; 890      ; 50776    ; 1975     ;
+-------------+-------------+----------+----------+----------+----------+
Entries labeled "false path" only account for clock-to-clock false paths and not path-based false paths. As a result, actual path counts may be lower than reported.


+-----------------------------------------------------------------------+
; Recovery Transfers                                                    ;
+-------------+-------------+----------+----------+----------+----------+
; From Clock  ; To Clock    ; RR Paths ; FR Paths ; RF Paths ; FF Paths ;
+-------------+-------------+----------+----------+----------+----------+
; clk_50      ; clk_50      ; 142      ; 0        ; 0        ; 0        ;
; clk_50      ; cpu_clk_out ; 140      ; 0        ; 0        ; 0        ;
; cpu_clk_out ; cpu_clk_out ; 272      ; 0        ; 0        ; 0        ;
+-------------+-------------+----------+----------+----------+----------+
Entries labeled "false path" only account for clock-to-clock false paths and not path-based false paths. As a result, actual path counts may be lower than reported.


+-----------------------------------------------------------------------+
; Removal Transfers                                                     ;
+-------------+-------------+----------+----------+----------+----------+
; From Clock  ; To Clock    ; RR Paths ; FR Paths ; RF Paths ; FF Paths ;
+-------------+-------------+----------+----------+----------+----------+
; clk_50      ; clk_50      ; 142      ; 0        ; 0        ; 0        ;
; clk_50      ; cpu_clk_out ; 140      ; 0        ; 0        ; 0        ;
; cpu_clk_out ; cpu_clk_out ; 272      ; 0        ; 0        ; 0        ;
+-------------+-------------+----------+----------+----------+----------+
Entries labeled "false path" only account for clock-to-clock false paths and not path-based false paths. As a result, actual path counts may be lower than reported.


---------------
; Report TCCS ;
---------------
No dedicated SERDES Transmitter circuitry present in device or used in design


---------------
; Report RSKM ;
---------------
No non-DPA dedicated SERDES Receiver circuitry present in device or used in design


+------------------------------------------------+
; Unconstrained Paths Summary                    ;
+---------------------------------+-------+------+
; Property                        ; Setup ; Hold ;
+---------------------------------+-------+------+
; Illegal Clocks                  ; 0     ; 0    ;
; Unconstrained Clocks            ; 2     ; 2    ;
; Unconstrained Input Ports       ; 16    ; 16   ;
; Unconstrained Input Port Paths  ; 70    ; 70   ;
; Unconstrained Output Ports      ; 65    ; 65   ;
; Unconstrained Output Port Paths ; 427   ; 427  ;
+---------------------------------+-------+------+


+-------------------------------------------------------------------------------------------------+
; Clock Status Summary                                                                            ;
+-------------------------------------------------------+-------------+-----------+---------------+
; Target                                                ; Clock       ; Type      ; Status        ;
+-------------------------------------------------------+-------------+-----------+---------------+
; clk_50                                                ; clk_50      ; Base      ; Constrained   ;
; cpu_clk_gen:clock_gen|cpu_clk_out                     ; cpu_clk_out ; Generated ; Constrained   ;
; gosof80:SOUNDBOARD|uart_clk_gen:uart_gen|uart_clk_out ;             ; Base      ; Unconstrained ;
; myTest                                                ;             ; Base      ; Unconstrained ;
+-------------------------------------------------------+-------------+-----------+---------------+


+------------------------------------------------------------------------------------------------------+
; Unconstrained Input Ports                                                                            ;
+---------------+--------------------------------------------------------------------------------------+
; Input Port    ; Comment                                                                              ;
+---------------+--------------------------------------------------------------------------------------+
; DIP_Return[0] ; No input delay, min/max delays, false-path exceptions, or max skew assignments found ;
; DIP_Return[1] ; No input delay, min/max delays, false-path exceptions, or max skew assignments found ;
; DIP_Return[2] ; No input delay, min/max delays, false-path exceptions, or max skew assignments found ;
; DIP_Return[3] ; No input delay, min/max delays, false-path exceptions, or max skew assignments found ;
; MISO          ; No input delay, min/max delays, false-path exceptions, or max skew assignments found ;
; U4_PA[0]      ; No input delay, min/max delays, false-path exceptions, or max skew assignments found ;
; U4_PA[1]      ; No input delay, min/max delays, false-path exceptions, or max skew assignments found ;
; U4_PA[2]      ; No input delay, min/max delays, false-path exceptions, or max skew assignments found ;
; U4_PA[3]      ; No input delay, min/max delays, false-path exceptions, or max skew assignments found ;
; U4_PA[4]      ; No input delay, min/max delays, false-path exceptions, or max skew assignments found ;
; U4_PA[5]      ; No input delay, min/max delays, false-path exceptions, or max skew assignments found ;
; U4_PA[6]      ; No input delay, min/max delays, false-path exceptions, or max skew assignments found ;
; U4_PA[7]      ; No input delay, min/max delays, false-path exceptions, or max skew assignments found ;
; U5_PA_7       ; No input delay, min/max delays, false-path exceptions, or max skew assignments found ;
; myTest        ; No input delay, min/max delays, false-path exceptions, or max skew assignments found ;
; reset_sw      ; No input delay, min/max delays, false-path exceptions, or max skew assignments found ;
+---------------+--------------------------------------------------------------------------------------+


+-----------------------------------------------------------------------------------------------------------+
; Unconstrained Output Ports                                                                                ;
+-------------------+---------------------------------------------------------------------------------------+
; Output Port       ; Comment                                                                               ;
+-------------------+---------------------------------------------------------------------------------------+
; Audio_RX          ; No output delay, min/max delays, false-path exceptions, or max skew assignments found ;
; CLK               ; No output delay, min/max delays, false-path exceptions, or max skew assignments found ;
; CS_EEprom         ; No output delay, min/max delays, false-path exceptions, or max skew assignments found ;
; CS_SDcard         ; No output delay, min/max delays, false-path exceptions, or max skew assignments found ;
; DIP_Strobe[0]     ; No output delay, min/max delays, false-path exceptions, or max skew assignments found ;
; DIP_Strobe[1]     ; No output delay, min/max delays, false-path exceptions, or max skew assignments found ;
; DIP_Strobe[2]     ; No output delay, min/max delays, false-path exceptions, or max skew assignments found ;
; DIP_Strobe[3]     ; No output delay, min/max delays, false-path exceptions, or max skew assignments found ;
; LED_Int           ; No output delay, min/max delays, false-path exceptions, or max skew assignments found ;
; LED_SDcard        ; No output delay, min/max delays, false-path exceptions, or max skew assignments found ;
; MOSI              ; No output delay, min/max delays, false-path exceptions, or max skew assignments found ;
; Sound             ; No output delay, min/max delays, false-path exceptions, or max skew assignments found ;
; U4_PB[0]          ; No output delay, min/max delays, false-path exceptions, or max skew assignments found ;
; U4_PB[1]          ; No output delay, min/max delays, false-path exceptions, or max skew assignments found ;
; U4_PB[2]          ; No output delay, min/max delays, false-path exceptions, or max skew assignments found ;
; U4_PB[3]          ; No output delay, min/max delays, false-path exceptions, or max skew assignments found ;
; U4_PB[4]          ; No output delay, min/max delays, false-path exceptions, or max skew assignments found ;
; U4_PB[5]          ; No output delay, min/max delays, false-path exceptions, or max skew assignments found ;
; U4_PB[6]          ; No output delay, min/max delays, false-path exceptions, or max skew assignments found ;
; U4_PB[7]          ; No output delay, min/max delays, false-path exceptions, or max skew assignments found ;
; U5_PA[0]          ; No output delay, min/max delays, false-path exceptions, or max skew assignments found ;
; U5_PA[1]          ; No output delay, min/max delays, false-path exceptions, or max skew assignments found ;
; U5_PA[2]          ; No output delay, min/max delays, false-path exceptions, or max skew assignments found ;
; U5_PA[3]          ; No output delay, min/max delays, false-path exceptions, or max skew assignments found ;
; U5_PB_7           ; No output delay, min/max delays, false-path exceptions, or max skew assignments found ;
; U6_PA[0]          ; No output delay, min/max delays, false-path exceptions, or max skew assignments found ;
; U6_PA[1]          ; No output delay, min/max delays, false-path exceptions, or max skew assignments found ;
; U6_PA[2]          ; No output delay, min/max delays, false-path exceptions, or max skew assignments found ;
; U6_PA[3]          ; No output delay, min/max delays, false-path exceptions, or max skew assignments found ;
; U6_PA[4]          ; No output delay, min/max delays, false-path exceptions, or max skew assignments found ;
; U6_PA[5]          ; No output delay, min/max delays, false-path exceptions, or max skew assignments found ;
; U6_PA[6]          ; No output delay, min/max delays, false-path exceptions, or max skew assignments found ;
; U6_PA[7]          ; No output delay, min/max delays, false-path exceptions, or max skew assignments found ;
; U6_PB[0]          ; No output delay, min/max delays, false-path exceptions, or max skew assignments found ;
; U6_PB[1]          ; No output delay, min/max delays, false-path exceptions, or max skew assignments found ;
; U6_PB[2]          ; No output delay, min/max delays, false-path exceptions, or max skew assignments found ;
; U6_PB[3]          ; No output delay, min/max delays, false-path exceptions, or max skew assignments found ;
; U6_PB[4]          ; No output delay, min/max delays, false-path exceptions, or max skew assignments found ;
; U6_PB[5]          ; No output delay, min/max delays, false-path exceptions, or max skew assignments found ;
; U6_PB[6]          ; No output delay, min/max delays, false-path exceptions, or max skew assignments found ;
; U6_PB[7]          ; No output delay, min/max delays, false-path exceptions, or max skew assignments found ;
; disp_segments[1]  ; No output delay, min/max delays, false-path exceptions, or max skew assignments found ;
; disp_segments[2]  ; No output delay, min/max delays, false-path exceptions, or max skew assignments found ;
; disp_segments[3]  ; No output delay, min/max delays, false-path exceptions, or max skew assignments found ;
; disp_segments[4]  ; No output delay, min/max delays, false-path exceptions, or max skew assignments found ;
; disp_segments[5]  ; No output delay, min/max delays, false-path exceptions, or max skew assignments found ;
; disp_segments[6]  ; No output delay, min/max delays, false-path exceptions, or max skew assignments found ;
; disp_segments[7]  ; No output delay, min/max delays, false-path exceptions, or max skew assignments found ;
; disp_segments[8]  ; No output delay, min/max delays, false-path exceptions, or max skew assignments found ;
; disp_segments[9]  ; No output delay, min/max delays, false-path exceptions, or max skew assignments found ;
; disp_segments[10] ; No output delay, min/max delays, false-path exceptions, or max skew assignments found ;
; disp_segments[11] ; No output delay, min/max delays, false-path exceptions, or max skew assignments found ;
; disp_segments[12] ; No output delay, min/max delays, false-path exceptions, or max skew assignments found ;
; disp_segments[13] ; No output delay, min/max delays, false-path exceptions, or max skew assignments found ;
; disp_segments[14] ; No output delay, min/max delays, false-path exceptions, or max skew assignments found ;
; disp_segments[15] ; No output delay, min/max delays, false-path exceptions, or max skew assignments found ;
; disp_segments[16] ; No output delay, min/max delays, false-path exceptions, or max skew assignments found ;
; disp_segments[17] ; No output delay, min/max delays, false-path exceptions, or max skew assignments found ;
; disp_segments[18] ; No output delay, min/max delays, false-path exceptions, or max skew assignments found ;
; disp_segments[19] ; No output delay, min/max delays, false-path exceptions, or max skew assignments found ;
; disp_segments[20] ; No output delay, min/max delays, false-path exceptions, or max skew assignments found ;
; disp_segments[21] ; No output delay, min/max delays, false-path exceptions, or max skew assignments found ;
; disp_segments[22] ; No output delay, min/max delays, false-path exceptions, or max skew assignments found ;
; disp_segments[23] ; No output delay, min/max delays, false-path exceptions, or max skew assignments found ;
; disp_segments[24] ; No output delay, min/max delays, false-path exceptions, or max skew assignments found ;
+-------------------+---------------------------------------------------------------------------------------+


+------------------------------------------------------------------------------------------------------+
; Unconstrained Input Ports                                                                            ;
+---------------+--------------------------------------------------------------------------------------+
; Input Port    ; Comment                                                                              ;
+---------------+--------------------------------------------------------------------------------------+
; DIP_Return[0] ; No input delay, min/max delays, false-path exceptions, or max skew assignments found ;
; DIP_Return[1] ; No input delay, min/max delays, false-path exceptions, or max skew assignments found ;
; DIP_Return[2] ; No input delay, min/max delays, false-path exceptions, or max skew assignments found ;
; DIP_Return[3] ; No input delay, min/max delays, false-path exceptions, or max skew assignments found ;
; MISO          ; No input delay, min/max delays, false-path exceptions, or max skew assignments found ;
; U4_PA[0]      ; No input delay, min/max delays, false-path exceptions, or max skew assignments found ;
; U4_PA[1]      ; No input delay, min/max delays, false-path exceptions, or max skew assignments found ;
; U4_PA[2]      ; No input delay, min/max delays, false-path exceptions, or max skew assignments found ;
; U4_PA[3]      ; No input delay, min/max delays, false-path exceptions, or max skew assignments found ;
; U4_PA[4]      ; No input delay, min/max delays, false-path exceptions, or max skew assignments found ;
; U4_PA[5]      ; No input delay, min/max delays, false-path exceptions, or max skew assignments found ;
; U4_PA[6]      ; No input delay, min/max delays, false-path exceptions, or max skew assignments found ;
; U4_PA[7]      ; No input delay, min/max delays, false-path exceptions, or max skew assignments found ;
; U5_PA_7       ; No input delay, min/max delays, false-path exceptions, or max skew assignments found ;
; myTest        ; No input delay, min/max delays, false-path exceptions, or max skew assignments found ;
; reset_sw      ; No input delay, min/max delays, false-path exceptions, or max skew assignments found ;
+---------------+--------------------------------------------------------------------------------------+


+-----------------------------------------------------------------------------------------------------------+
; Unconstrained Output Ports                                                                                ;
+-------------------+---------------------------------------------------------------------------------------+
; Output Port       ; Comment                                                                               ;
+-------------------+---------------------------------------------------------------------------------------+
; Audio_RX          ; No output delay, min/max delays, false-path exceptions, or max skew assignments found ;
; CLK               ; No output delay, min/max delays, false-path exceptions, or max skew assignments found ;
; CS_EEprom         ; No output delay, min/max delays, false-path exceptions, or max skew assignments found ;
; CS_SDcard         ; No output delay, min/max delays, false-path exceptions, or max skew assignments found ;
; DIP_Strobe[0]     ; No output delay, min/max delays, false-path exceptions, or max skew assignments found ;
; DIP_Strobe[1]     ; No output delay, min/max delays, false-path exceptions, or max skew assignments found ;
; DIP_Strobe[2]     ; No output delay, min/max delays, false-path exceptions, or max skew assignments found ;
; DIP_Strobe[3]     ; No output delay, min/max delays, false-path exceptions, or max skew assignments found ;
; LED_Int           ; No output delay, min/max delays, false-path exceptions, or max skew assignments found ;
; LED_SDcard        ; No output delay, min/max delays, false-path exceptions, or max skew assignments found ;
; MOSI              ; No output delay, min/max delays, false-path exceptions, or max skew assignments found ;
; Sound             ; No output delay, min/max delays, false-path exceptions, or max skew assignments found ;
; U4_PB[0]          ; No output delay, min/max delays, false-path exceptions, or max skew assignments found ;
; U4_PB[1]          ; No output delay, min/max delays, false-path exceptions, or max skew assignments found ;
; U4_PB[2]          ; No output delay, min/max delays, false-path exceptions, or max skew assignments found ;
; U4_PB[3]          ; No output delay, min/max delays, false-path exceptions, or max skew assignments found ;
; U4_PB[4]          ; No output delay, min/max delays, false-path exceptions, or max skew assignments found ;
; U4_PB[5]          ; No output delay, min/max delays, false-path exceptions, or max skew assignments found ;
; U4_PB[6]          ; No output delay, min/max delays, false-path exceptions, or max skew assignments found ;
; U4_PB[7]          ; No output delay, min/max delays, false-path exceptions, or max skew assignments found ;
; U5_PA[0]          ; No output delay, min/max delays, false-path exceptions, or max skew assignments found ;
; U5_PA[1]          ; No output delay, min/max delays, false-path exceptions, or max skew assignments found ;
; U5_PA[2]          ; No output delay, min/max delays, false-path exceptions, or max skew assignments found ;
; U5_PA[3]          ; No output delay, min/max delays, false-path exceptions, or max skew assignments found ;
; U5_PB_7           ; No output delay, min/max delays, false-path exceptions, or max skew assignments found ;
; U6_PA[0]          ; No output delay, min/max delays, false-path exceptions, or max skew assignments found ;
; U6_PA[1]          ; No output delay, min/max delays, false-path exceptions, or max skew assignments found ;
; U6_PA[2]          ; No output delay, min/max delays, false-path exceptions, or max skew assignments found ;
; U6_PA[3]          ; No output delay, min/max delays, false-path exceptions, or max skew assignments found ;
; U6_PA[4]          ; No output delay, min/max delays, false-path exceptions, or max skew assignments found ;
; U6_PA[5]          ; No output delay, min/max delays, false-path exceptions, or max skew assignments found ;
; U6_PA[6]          ; No output delay, min/max delays, false-path exceptions, or max skew assignments found ;
; U6_PA[7]          ; No output delay, min/max delays, false-path exceptions, or max skew assignments found ;
; U6_PB[0]          ; No output delay, min/max delays, false-path exceptions, or max skew assignments found ;
; U6_PB[1]          ; No output delay, min/max delays, false-path exceptions, or max skew assignments found ;
; U6_PB[2]          ; No output delay, min/max delays, false-path exceptions, or max skew assignments found ;
; U6_PB[3]          ; No output delay, min/max delays, false-path exceptions, or max skew assignments found ;
; U6_PB[4]          ; No output delay, min/max delays, false-path exceptions, or max skew assignments found ;
; U6_PB[5]          ; No output delay, min/max delays, false-path exceptions, or max skew assignments found ;
; U6_PB[6]          ; No output delay, min/max delays, false-path exceptions, or max skew assignments found ;
; U6_PB[7]          ; No output delay, min/max delays, false-path exceptions, or max skew assignments found ;
; disp_segments[1]  ; No output delay, min/max delays, false-path exceptions, or max skew assignments found ;
; disp_segments[2]  ; No output delay, min/max delays, false-path exceptions, or max skew assignments found ;
; disp_segments[3]  ; No output delay, min/max delays, false-path exceptions, or max skew assignments found ;
; disp_segments[4]  ; No output delay, min/max delays, false-path exceptions, or max skew assignments found ;
; disp_segments[5]  ; No output delay, min/max delays, false-path exceptions, or max skew assignments found ;
; disp_segments[6]  ; No output delay, min/max delays, false-path exceptions, or max skew assignments found ;
; disp_segments[7]  ; No output delay, min/max delays, false-path exceptions, or max skew assignments found ;
; disp_segments[8]  ; No output delay, min/max delays, false-path exceptions, or max skew assignments found ;
; disp_segments[9]  ; No output delay, min/max delays, false-path exceptions, or max skew assignments found ;
; disp_segments[10] ; No output delay, min/max delays, false-path exceptions, or max skew assignments found ;
; disp_segments[11] ; No output delay, min/max delays, false-path exceptions, or max skew assignments found ;
; disp_segments[12] ; No output delay, min/max delays, false-path exceptions, or max skew assignments found ;
; disp_segments[13] ; No output delay, min/max delays, false-path exceptions, or max skew assignments found ;
; disp_segments[14] ; No output delay, min/max delays, false-path exceptions, or max skew assignments found ;
; disp_segments[15] ; No output delay, min/max delays, false-path exceptions, or max skew assignments found ;
; disp_segments[16] ; No output delay, min/max delays, false-path exceptions, or max skew assignments found ;
; disp_segments[17] ; No output delay, min/max delays, false-path exceptions, or max skew assignments found ;
; disp_segments[18] ; No output delay, min/max delays, false-path exceptions, or max skew assignments found ;
; disp_segments[19] ; No output delay, min/max delays, false-path exceptions, or max skew assignments found ;
; disp_segments[20] ; No output delay, min/max delays, false-path exceptions, or max skew assignments found ;
; disp_segments[21] ; No output delay, min/max delays, false-path exceptions, or max skew assignments found ;
; disp_segments[22] ; No output delay, min/max delays, false-path exceptions, or max skew assignments found ;
; disp_segments[23] ; No output delay, min/max delays, false-path exceptions, or max skew assignments found ;
; disp_segments[24] ; No output delay, min/max delays, false-path exceptions, or max skew assignments found ;
+-------------------+---------------------------------------------------------------------------------------+


+--------------------------+
; Timing Analyzer Messages ;
+--------------------------+
Info: *******************************************************************
Info: Running Quartus Prime Timing Analyzer
    Info: Version 22.1std.2 Build 922 07/20/2023 SC Lite Edition
    Info: Processing started: Thu Sep 11 19:51:31 2025
Info: Command: quartus_sta SYS80 -c SYS80
Info: qsta_default_script.tcl version: #1
Warning (18236): Number of processors has not been specified which may cause overloading on shared machines.  Set the global assignment NUM_PARALLEL_PROCESSORS in your QSF to an appropriate value for best performance.
Info (20030): Parallel compilation is enabled and will use 14 of the 14 processors detected
Info (21077): Low junction temperature is 0 degrees C
Info (21077): High junction temperature is 85 degrees C
Info (332104): Reading SDC File: 'SYS80.sdc'
Info (332151): Clock uncertainty is not calculated until you update the timing netlist.
Warning (332060): Node: myTest was determined to be a clock but was found without an associated clock assignment.
    Info (13166): Register gosof80:SOUNDBOARD|ma490_irq_n is being clocked by myTest
Warning (332060): Node: gosof80:SOUNDBOARD|uart_clk_gen:uart_gen|uart_clk_out was determined to be a clock but was found without an associated clock assignment.
    Info (13166): Register gosof80:SOUNDBOARD|attract:Attract_S|send_flag is being clocked by gosof80:SOUNDBOARD|uart_clk_gen:uart_gen|uart_clk_out
Info (332123): Deriving Clock Uncertainty. Please refer to report_sdc in the Timing Analyzer to see clock uncertainties.
Info: Found TIMING_ANALYZER_REPORT_SCRIPT_INCLUDE_DEFAULT_ANALYSIS = ON
Info: Analyzing Slow 1200mV 85C Model
Info (332146): Worst-case setup slack is 4.822
    Info (332119):     Slack       End Point TNS Clock 
    Info (332119): ========= =================== =====================
    Info (332119):     4.822               0.000 clk_50 
    Info (332119):     9.663               0.000 cpu_clk_out 
Info (332146): Worst-case hold slack is 0.407
    Info (332119):     Slack       End Point TNS Clock 
    Info (332119): ========= =================== =====================
    Info (332119):     0.407               0.000 clk_50 
    Info (332119):     0.452               0.000 cpu_clk_out 
Info (332146): Worst-case recovery slack is 15.213
    Info (332119):     Slack       End Point TNS Clock 
    Info (332119): ========= =================== =====================
    Info (332119):    15.213               0.000 clk_50 
    Info (332119):    16.968               0.000 cpu_clk_out 
Info (332146): Worst-case removal slack is 0.713
    Info (332119):     Slack       End Point TNS Clock 
    Info (332119): ========= =================== =====================
    Info (332119):     0.713               0.000 cpu_clk_out 
    Info (332119):     2.049               0.000 clk_50 
Info (332146): Worst-case minimum pulse width slack is 9.547
    Info (332119):     Slack       End Point TNS Clock 
    Info (332119): ========= =================== =====================
    Info (332119):     9.547               0.000 clk_50 
    Info (332119):   559.524               0.000 cpu_clk_out 
Info (332114): Report Metastability: Found 11 synchronizer chains.
    Info (332114): The design MTBF is not calculated because there are no specified synchronizers in the design.
    Info (332114): Number of Synchronizer Chains Found: 11
    Info (332114): Shortest Synchronizer Chain: 2 Registers
    Info (332114): Fraction of Chains for which MTBFs Could Not be Calculated: 1.000
    Info (332114): Worst Case Available Settling Time: 170.086 ns
    Info (332114): 
Info: Analyzing Slow 1200mV 0C Model
Info (334003): Started post-fitting delay annotation
Info (334004): Delay annotation completed successfully
Warning (332060): Node: myTest was determined to be a clock but was found without an associated clock assignment.
    Info (13166): Register gosof80:SOUNDBOARD|ma490_irq_n is being clocked by myTest
Warning (332060): Node: gosof80:SOUNDBOARD|uart_clk_gen:uart_gen|uart_clk_out was determined to be a clock but was found without an associated clock assignment.
    Info (13166): Register gosof80:SOUNDBOARD|attract:Attract_S|send_flag is being clocked by gosof80:SOUNDBOARD|uart_clk_gen:uart_gen|uart_clk_out
Info (332123): Deriving Clock Uncertainty. Please refer to report_sdc in the Timing Analyzer to see clock uncertainties.
Info (332146): Worst-case setup slack is 5.701
    Info (332119):     Slack       End Point TNS Clock 
    Info (332119): ========= =================== =====================
    Info (332119):     5.701               0.000 clk_50 
    Info (332119):    10.243               0.000 cpu_clk_out 
Info (332146): Worst-case hold slack is 0.391
    Info (332119):     Slack       End Point TNS Clock 
    Info (332119): ========= =================== =====================
    Info (332119):     0.391               0.000 clk_50 
    Info (332119):     0.400               0.000 cpu_clk_out 
Info (332146): Worst-case recovery slack is 15.542
    Info (332119):     Slack       End Point TNS Clock 
    Info (332119): ========= =================== =====================
    Info (332119):    15.542               0.000 clk_50 
    Info (332119):    17.001               0.000 cpu_clk_out 
Info (332146): Worst-case removal slack is 0.572
    Info (332119):     Slack       End Point TNS Clock 
    Info (332119): ========= =================== =====================
    Info (332119):     0.572               0.000 cpu_clk_out 
    Info (332119):     1.834               0.000 clk_50 
Info (332146): Worst-case minimum pulse width slack is 9.556
    Info (332119):     Slack       End Point TNS Clock 
    Info (332119): ========= =================== =====================
    Info (332119):     9.556               0.000 clk_50 
    Info (332119):   559.378               0.000 cpu_clk_out 
Info (332114): Report Metastability: Found 11 synchronizer chains.
    Info (332114): The design MTBF is not calculated because there are no specified synchronizers in the design.
    Info (332114): Number of Synchronizer Chains Found: 11
    Info (332114): Shortest Synchronizer Chain: 2 Registers
    Info (332114): Fraction of Chains for which MTBFs Could Not be Calculated: 1.000
    Info (332114): Worst Case Available Settling Time: 170.915 ns
    Info (332114): 
Info: Analyzing Fast 1200mV 0C Model
Warning (332060): Node: myTest was determined to be a clock but was found without an associated clock assignment.
    Info (13166): Register gosof80:SOUNDBOARD|ma490_irq_n is being clocked by myTest
Warning (332060): Node: gosof80:SOUNDBOARD|uart_clk_gen:uart_gen|uart_clk_out was determined to be a clock but was found without an associated clock assignment.
    Info (13166): Register gosof80:SOUNDBOARD|attract:Attract_S|send_flag is being clocked by gosof80:SOUNDBOARD|uart_clk_gen:uart_gen|uart_clk_out
Info (332123): Deriving Clock Uncertainty. Please refer to report_sdc in the Timing Analyzer to see clock uncertainties.
Info (332146): Worst-case setup slack is 13.495
    Info (332119):     Slack       End Point TNS Clock 
    Info (332119): ========= =================== =====================
    Info (332119):    13.495               0.000 clk_50 
    Info (332119):    15.500               0.000 cpu_clk_out 
Info (332146): Worst-case hold slack is 0.150
    Info (332119):     Slack       End Point TNS Clock 
    Info (332119): ========= =================== =====================
    Info (332119):     0.150               0.000 clk_50 
    Info (332119):     0.185               0.000 cpu_clk_out 
Info (332146): Worst-case recovery slack is 17.733
    Info (332119):     Slack       End Point TNS Clock 
    Info (332119): ========= =================== =====================
    Info (332119):    17.733               0.000 clk_50 
    Info (332119):    18.472               0.000 cpu_clk_out 
Info (332146): Worst-case removal slack is 0.333
    Info (332119):     Slack       End Point TNS Clock 
    Info (332119): ========= =================== =====================
    Info (332119):     0.333               0.000 cpu_clk_out 
    Info (332119):     0.874               0.000 clk_50 
Info (332146): Worst-case minimum pulse width slack is 9.172
    Info (332119):     Slack       End Point TNS Clock 
    Info (332119): ========= =================== =====================
    Info (332119):     9.172               0.000 clk_50 
    Info (332119):   559.657               0.000 cpu_clk_out 
Info (332114): Report Metastability: Found 11 synchronizer chains.
    Info (332114): The design MTBF is not calculated because there are no specified synchronizers in the design.
    Info (332114): Number of Synchronizer Chains Found: 11
    Info (332114): Shortest Synchronizer Chain: 2 Registers
    Info (332114): Fraction of Chains for which MTBFs Could Not be Calculated: 1.000
    Info (332114): Worst Case Available Settling Time: 175.713 ns
    Info (332114): 
Info (332102): Design is not fully constrained for setup requirements
Info (332102): Design is not fully constrained for hold requirements
Info: Quartus Prime Timing Analyzer was successful. 0 errors, 7 warnings
    Info: Peak virtual memory: 5005 megabytes
    Info: Processing ended: Thu Sep 11 19:51:35 2025
    Info: Elapsed time: 00:00:04
    Info: Total CPU time (on all processors): 00:00:04


