Fitter report for SYS80
Thu Sep 11 19:51:25 2025
Quartus Prime Version 22.1std.2 Build 922 07/20/2023 SC Lite Edition


---------------------
; Table of Contents ;
---------------------
  1. Legal Notice
  2. Fitter Summary
  3. Fitter Settings
  4. Parallel Compilation
  5. Fitter Netlist Optimizations
  6. Incremental Compilation Preservation Summary
  7. Incremental Compilation Partition Settings
  8. Incremental Compilation Placement Preservation
  9. Pin-Out File
 10. Fitter Resource Usage Summary
 11. Fitter Partition Statistics
 12. Input Pins
 13. Output Pins
 14. Dual Purpose and Dedicated Pins
 15. I/O Bank Usage
 16. All Package Pins
 17. I/O Assignment Warnings
 18. Fitter Resource Utilization by Entity
 19. Delay Chain Summary
 20. Pad To Core Delay Chain Fanout
 21. Control Signals
 22. Global & Other Fast Signals
 23. Fitter RAM Summary
 24. Routing Usage Summary
 25. LAB Logic Elements
 26. LAB-wide Signals
 27. LAB Signals Sourced
 28. LAB Signals Sourced Out
 29. LAB Distinct Inputs
 30. I/O Rules Summary
 31. I/O Rules Details
 32. I/O Rules Matrix
 33. Fitter Device Options
 34. Operating Settings and Conditions
 35. Estimated Delay Added for Hold Timing Summary
 36. Estimated Delay Added for Hold Timing Details
 37. Fitter Messages
 38. Fitter Suppressed Messages



----------------
; Legal Notice ;
----------------
Copyright (C) 2023  Intel Corporation. All rights reserved.
Your use of Intel Corporation's design tools, logic functions 
and other software and tools, and any partner logic 
functions, and any output files from any of the foregoing 
(including device programming or simulation files), and any 
associated documentation or information are expressly subject 
to the terms and conditions of the Intel Program License 
Subscription Agreement, the Intel Quartus Prime License Agreement,
the Intel FPGA IP License Agreement, or other applicable license
agreement, including, without limitation, that your use is for
the sole purpose of programming logic devices manufactured by
Intel and sold by Intel or its authorized distributors.  Please
refer to the applicable agreement for further details, at
https://fpgasoftware.intel.com/eula.



+-------------------------------------------------------------------------------------+
; Fitter Summary                                                                      ;
+------------------------------------+------------------------------------------------+
; Fitter Status                      ; Successful - Thu Sep 11 19:51:25 2025          ;
; Quartus Prime Version              ; 22.1std.2 Build 922 07/20/2023 SC Lite Edition ;
; Revision Name                      ; SYS80                                          ;
; Top-level Entity Name              ; SYS80                                          ;
; Family                             ; Cyclone 10 LP                                  ;
; Device                             ; 10CL006YE144C8G                                ;
; Timing Models                      ; Final                                          ;
; Total logic elements               ; 5,173 / 6,272 ( 82 % )                         ;
;     Total combinational functions  ; 4,858 / 6,272 ( 77 % )                         ;
;     Dedicated logic registers      ; 1,853 / 6,272 ( 30 % )                         ;
; Total registers                    ; 1853                                           ;
; Total pins                         ; 84 / 89 ( 94 % )                               ;
; Total virtual pins                 ; 0                                              ;
; Total memory bits                  ; 139,264 / 276,480 ( 50 % )                     ;
; Embedded Multiplier 9-bit elements ; 0 / 30 ( 0 % )                                 ;
; Total PLLs                         ; 0 / 2 ( 0 % )                                  ;
+------------------------------------+------------------------------------------------+


+----------------------------------------------------------------------------------------------------------------------------------------------------+
; Fitter Settings                                                                                                                                    ;
+--------------------------------------------------------------------+---------------------------------------+---------------------------------------+
; Option                                                             ; Setting                               ; Default Value                         ;
+--------------------------------------------------------------------+---------------------------------------+---------------------------------------+
; Device                                                             ; 10CL006YE144C8G                       ;                                       ;
; Minimum Core Junction Temperature                                  ; 0                                     ;                                       ;
; Maximum Core Junction Temperature                                  ; 85                                    ;                                       ;
; Fit Attempts to Skip                                               ; 0                                     ; 0.0                                   ;
; Device I/O Standard                                                ; 3.3-V LVTTL                           ;                                       ;
; Use smart compilation                                              ; Off                                   ; Off                                   ;
; Enable parallel Assembler and Timing Analyzer during compilation   ; On                                    ; On                                    ;
; Enable compact report table                                        ; Off                                   ; Off                                   ;
; Auto Merge PLLs                                                    ; On                                    ; On                                    ;
; Router Timing Optimization Level                                   ; Normal                                ; Normal                                ;
; Perform Clocking Topology Analysis During Routing                  ; Off                                   ; Off                                   ;
; Placement Effort Multiplier                                        ; 1.0                                   ; 1.0                                   ;
; Router Effort Multiplier                                           ; 1.0                                   ; 1.0                                   ;
; Optimize Hold Timing                                               ; All Paths                             ; All Paths                             ;
; Optimize Multi-Corner Timing                                       ; On                                    ; On                                    ;
; Power Optimization During Fitting                                  ; Normal compilation                    ; Normal compilation                    ;
; SSN Optimization                                                   ; Off                                   ; Off                                   ;
; Optimize Timing                                                    ; Normal compilation                    ; Normal compilation                    ;
; Optimize Timing for ECOs                                           ; Off                                   ; Off                                   ;
; Regenerate Full Fit Report During ECO Compiles                     ; Off                                   ; Off                                   ;
; Optimize IOC Register Placement for Timing                         ; Normal                                ; Normal                                ;
; Limit to One Fitting Attempt                                       ; Off                                   ; Off                                   ;
; Final Placement Optimizations                                      ; Automatically                         ; Automatically                         ;
; Fitter Aggressive Routability Optimizations                        ; Automatically                         ; Automatically                         ;
; Fitter Initial Placement Seed                                      ; 1                                     ; 1                                     ;
; Periphery to Core Placement and Routing Optimization               ; Off                                   ; Off                                   ;
; PCI I/O                                                            ; Off                                   ; Off                                   ;
; Weak Pull-Up Resistor                                              ; Off                                   ; Off                                   ;
; Enable Bus-Hold Circuitry                                          ; Off                                   ; Off                                   ;
; Auto Packed Registers                                              ; Auto                                  ; Auto                                  ;
; Auto Delay Chains                                                  ; On                                    ; On                                    ;
; Auto Delay Chains for High Fanout Input Pins                       ; Off                                   ; Off                                   ;
; Allow Single-ended Buffer for Differential-XSTL Input              ; Off                                   ; Off                                   ;
; Treat Bidirectional Pin as Output Pin                              ; Off                                   ; Off                                   ;
; Perform Physical Synthesis for Combinational Logic for Fitting     ; Off                                   ; Off                                   ;
; Perform Physical Synthesis for Combinational Logic for Performance ; Off                                   ; Off                                   ;
; Perform Register Duplication for Performance                       ; Off                                   ; Off                                   ;
; Perform Logic to Memory Mapping for Fitting                        ; Off                                   ; Off                                   ;
; Perform Register Retiming for Performance                          ; Off                                   ; Off                                   ;
; Perform Asynchronous Signal Pipelining                             ; Off                                   ; Off                                   ;
; Fitter Effort                                                      ; Auto Fit                              ; Auto Fit                              ;
; Physical Synthesis Effort Level                                    ; Normal                                ; Normal                                ;
; Logic Cell Insertion - Logic Duplication                           ; Auto                                  ; Auto                                  ;
; Auto Register Duplication                                          ; Auto                                  ; Auto                                  ;
; Auto Global Clock                                                  ; On                                    ; On                                    ;
; Auto Global Register Control Signals                               ; On                                    ; On                                    ;
; Reserve all unused pins                                            ; As input tri-stated with weak pull-up ; As input tri-stated with weak pull-up ;
; Synchronizer Identification                                        ; Auto                                  ; Auto                                  ;
; Enable Beneficial Skew Optimization                                ; On                                    ; On                                    ;
; Optimize Design for Metastability                                  ; On                                    ; On                                    ;
; Force Fitter to Avoid Periphery Placement Warnings                 ; Off                                   ; Off                                   ;
; Enable input tri-state on active configuration pins in user mode   ; Off                                   ; Off                                   ;
+--------------------------------------------------------------------+---------------------------------------+---------------------------------------+


+------------------------------------------+
; Parallel Compilation                     ;
+----------------------------+-------------+
; Processors                 ; Number      ;
+----------------------------+-------------+
; Number detected on machine ; 20          ;
; Maximum allowed            ; 14          ;
;                            ;             ;
; Average used               ; 1.64        ;
; Maximum used               ; 14          ;
;                            ;             ;
; Usage by Processor         ; % Time Used ;
;     Processor 1            ; 100.0%      ;
;     Processor 2            ;   5.6%      ;
;     Processor 3            ;   5.3%      ;
;     Processor 4            ;   5.2%      ;
;     Processor 5            ;   5.1%      ;
;     Processor 6            ;   5.0%      ;
;     Processor 7            ;   4.9%      ;
;     Processor 8            ;   4.9%      ;
;     Processors 9-14        ;   4.6%      ;
+----------------------------+-------------+


+------------------------------------------------------------------------------------------------------------------------------------------------------------------------------------------------------------------------------------------------+
; Fitter Netlist Optimizations                                                                                                                                                                                                                   ;
+----------------------------+-----------------+------------------+---------------------+-----------+----------------+--------------------------------------------------------------------------------+------------------+-----------------------+
; Node                       ; Action          ; Operation        ; Reason              ; Node Port ; Node Port Name ; Destination Node                                                               ; Destination Port ; Destination Port Name ;
+----------------------------+-----------------+------------------+---------------------+-----------+----------------+--------------------------------------------------------------------------------+------------------+-----------------------+
; EEprom:EEprom|TX_Data_W[0] ; Packed Register ; Register Packing ; Timing optimization ; Q         ;                ; R5101:Z5|altsyncram:altsyncram_component|altsyncram_jpq3:auto_generated|q_b[0] ; PORTBDATAOUT     ;                       ;
; EEprom:EEprom|TX_Data_W[1] ; Packed Register ; Register Packing ; Timing optimization ; Q         ;                ; R5101:Z5|altsyncram:altsyncram_component|altsyncram_jpq3:auto_generated|q_b[1] ; PORTBDATAOUT     ;                       ;
; EEprom:EEprom|TX_Data_W[2] ; Packed Register ; Register Packing ; Timing optimization ; Q         ;                ; R5101:Z5|altsyncram:altsyncram_component|altsyncram_jpq3:auto_generated|q_b[2] ; PORTBDATAOUT     ;                       ;
; EEprom:EEprom|TX_Data_W[3] ; Packed Register ; Register Packing ; Timing optimization ; Q         ;                ; R5101:Z5|altsyncram:altsyncram_component|altsyncram_jpq3:auto_generated|q_b[3] ; PORTBDATAOUT     ;                       ;
; EEprom:EEprom|TX_Data_W[4] ; Packed Register ; Register Packing ; Timing optimization ; Q         ;                ; R5101:Z5|altsyncram:altsyncram_component|altsyncram_jpq3:auto_generated|q_b[4] ; PORTBDATAOUT     ;                       ;
; EEprom:EEprom|TX_Data_W[5] ; Packed Register ; Register Packing ; Timing optimization ; Q         ;                ; R5101:Z5|altsyncram:altsyncram_component|altsyncram_jpq3:auto_generated|q_b[5] ; PORTBDATAOUT     ;                       ;
; EEprom:EEprom|TX_Data_W[6] ; Packed Register ; Register Packing ; Timing optimization ; Q         ;                ; R5101:Z5|altsyncram:altsyncram_component|altsyncram_jpq3:auto_generated|q_b[6] ; PORTBDATAOUT     ;                       ;
; EEprom:EEprom|TX_Data_W[7] ; Packed Register ; Register Packing ; Timing optimization ; Q         ;                ; R5101:Z5|altsyncram:altsyncram_component|altsyncram_jpq3:auto_generated|q_b[7] ; PORTBDATAOUT     ;                       ;
+----------------------------+-----------------+------------------+---------------------+-----------+----------------+--------------------------------------------------------------------------------+------------------+-----------------------+


+---------------------------------------------------------------------------------------------------+
; Incremental Compilation Preservation Summary                                                      ;
+---------------------+---------------------+----------------------------+--------------------------+
; Type                ; Total [A + B]       ; From Design Partitions [A] ; From Rapid Recompile [B] ;
+---------------------+---------------------+----------------------------+--------------------------+
; Placement (by node) ;                     ;                            ;                          ;
;     -- Requested    ; 0.00 % ( 0 / 6970 ) ; 0.00 % ( 0 / 6970 )        ; 0.00 % ( 0 / 6970 )      ;
;     -- Achieved     ; 0.00 % ( 0 / 6970 ) ; 0.00 % ( 0 / 6970 )        ; 0.00 % ( 0 / 6970 )      ;
;                     ;                     ;                            ;                          ;
; Routing (by net)    ;                     ;                            ;                          ;
;     -- Requested    ; 0.00 % ( 0 / 0 )    ; 0.00 % ( 0 / 0 )           ; 0.00 % ( 0 / 0 )         ;
;     -- Achieved     ; 0.00 % ( 0 / 0 )    ; 0.00 % ( 0 / 0 )           ; 0.00 % ( 0 / 0 )         ;
+---------------------+---------------------+----------------------------+--------------------------+


+----------------------------------------------------------------------------------------------------------------------------------------------------------------------------------------+
; Incremental Compilation Partition Settings                                                                                                                                             ;
+--------------------------------+----------------+-------------------+-------------------------+------------------------+------------------------------+--------------------------------+
; Partition Name                 ; Partition Type ; Netlist Type Used ; Preservation Level Used ; Netlist Type Requested ; Preservation Level Requested ; Contents                       ;
+--------------------------------+----------------+-------------------+-------------------------+------------------------+------------------------------+--------------------------------+
; Top                            ; User-created   ; Source File       ; N/A                     ; Source File            ; N/A                          ;                                ;
; hard_block:auto_generated_inst ; Auto-generated ; Source File       ; N/A                     ; Source File            ; N/A                          ; hard_block:auto_generated_inst ;
+--------------------------------+----------------+-------------------+-------------------------+------------------------+------------------------------+--------------------------------+


+------------------------------------------------------------------------------------------------------------------------------------+
; Incremental Compilation Placement Preservation                                                                                     ;
+--------------------------------+-----------------------+-------------------------+-------------------+---------------------+-------+
; Partition Name                 ; Preservation Achieved ; Preservation Level Used ; Netlist Type Used ; Preservation Method ; Notes ;
+--------------------------------+-----------------------+-------------------------+-------------------+---------------------+-------+
; Top                            ; 0.00 % ( 0 / 6962 )   ; N/A                     ; Source File       ; N/A                 ;       ;
; hard_block:auto_generated_inst ; 0.00 % ( 0 / 8 )      ; N/A                     ; Source File       ; N/A                 ;       ;
+--------------------------------+-----------------------+-------------------------+-------------------+---------------------+-------+


+--------------+
; Pin-Out File ;
+--------------+
The pin-out file can be found in N:/Projekte/FPGA System80/FPGA_source/GottFA80_PLuS_HW21x_Cyclone_10/output_files/SYS80.pin.


+--------------------------------------------------------------------------+
; Fitter Resource Usage Summary                                            ;
+---------------------------------------------+----------------------------+
; Resource                                    ; Usage                      ;
+---------------------------------------------+----------------------------+
; Total logic elements                        ; 5,173 / 6,272 ( 82 % )     ;
;     -- Combinational with no register       ; 3320                       ;
;     -- Register only                        ; 315                        ;
;     -- Combinational with a register        ; 1538                       ;
;                                             ;                            ;
; Logic element usage by number of LUT inputs ;                            ;
;     -- 4 input functions                    ; 2527                       ;
;     -- 3 input functions                    ; 1005                       ;
;     -- <=2 input functions                  ; 1326                       ;
;     -- Register only                        ; 315                        ;
;                                             ;                            ;
; Logic elements by mode                      ;                            ;
;     -- normal mode                          ; 3910                       ;
;     -- arithmetic mode                      ; 948                        ;
;                                             ;                            ;
; Total registers*                            ; 1,853 / 6,666 ( 28 % )     ;
;     -- Dedicated logic registers            ; 1,853 / 6,272 ( 30 % )     ;
;     -- I/O registers                        ; 0 / 394 ( 0 % )            ;
;                                             ;                            ;
; Total LABs:  partially or completely used   ; 387 / 392 ( 99 % )         ;
; Virtual pins                                ; 0                          ;
; I/O pins                                    ; 84 / 89 ( 94 % )           ;
;     -- Clock pins                           ; 4 / 4 ( 100 % )            ;
;     -- Dedicated input pins                 ; 0 / 9 ( 0 % )              ;
;                                             ;                            ;
; M9Ks                                        ; 21 / 30 ( 70 % )           ;
; Total block memory bits                     ; 139,264 / 276,480 ( 50 % ) ;
; Total block memory implementation bits      ; 193,536 / 276,480 ( 70 % ) ;
; Embedded Multiplier 9-bit elements          ; 0 / 30 ( 0 % )             ;
; PLLs                                        ; 0 / 2 ( 0 % )              ;
; Global signals                              ; 6                          ;
;     -- Global clocks                        ; 6 / 10 ( 60 % )            ;
; JTAGs                                       ; 0 / 1 ( 0 % )              ;
; CRC blocks                                  ; 0 / 1 ( 0 % )              ;
; ASMI blocks                                 ; 0 / 1 ( 0 % )              ;
; Oscillator blocks                           ; 0 / 1 ( 0 % )              ;
; Impedance control blocks                    ; 0 / 4 ( 0 % )              ;
; Average interconnect usage (total/H/V)      ; 14.4% / 13.3% / 15.9%      ;
; Peak interconnect usage (total/H/V)         ; 20.4% / 19.7% / 21.6%      ;
; Maximum fan-out                             ; 927                        ;
; Highest non-global fan-out                  ; 289                        ;
; Total fan-out                               ; 22557                      ;
; Average fan-out                             ; 3.15                       ;
+---------------------------------------------+----------------------------+
*  Register count does not include registers inside RAM blocks or DSP blocks.



+-----------------------------------------------------------------------------------------------------+
; Fitter Partition Statistics                                                                         ;
+---------------------------------------------+----------------------+--------------------------------+
; Statistic                                   ; Top                  ; hard_block:auto_generated_inst ;
+---------------------------------------------+----------------------+--------------------------------+
; Difficulty Clustering Region                ; Low                  ; Low                            ;
;                                             ;                      ;                                ;
; Total logic elements                        ; 5173 / 6272 ( 82 % ) ; 0 / 6272 ( 0 % )               ;
;     -- Combinational with no register       ; 3320                 ; 0                              ;
;     -- Register only                        ; 315                  ; 0                              ;
;     -- Combinational with a register        ; 1538                 ; 0                              ;
;                                             ;                      ;                                ;
; Logic element usage by number of LUT inputs ;                      ;                                ;
;     -- 4 input functions                    ; 2527                 ; 0                              ;
;     -- 3 input functions                    ; 1005                 ; 0                              ;
;     -- <=2 input functions                  ; 1326                 ; 0                              ;
;     -- Register only                        ; 315                  ; 0                              ;
;                                             ;                      ;                                ;
; Logic elements by mode                      ;                      ;                                ;
;     -- normal mode                          ; 3910                 ; 0                              ;
;     -- arithmetic mode                      ; 948                  ; 0                              ;
;                                             ;                      ;                                ;
; Total registers                             ; 1853                 ; 0                              ;
;     -- Dedicated logic registers            ; 1853 / 6272 ( 30 % ) ; 0 / 6272 ( 0 % )               ;
;     -- I/O registers                        ; 0                    ; 0                              ;
;                                             ;                      ;                                ;
; Total LABs:  partially or completely used   ; 387 / 392 ( 99 % )   ; 0 / 392 ( 0 % )                ;
;                                             ;                      ;                                ;
; Virtual pins                                ; 0                    ; 0                              ;
; I/O pins                                    ; 84                   ; 0                              ;
; Embedded Multiplier 9-bit elements          ; 0 / 30 ( 0 % )       ; 0 / 30 ( 0 % )                 ;
; Total memory bits                           ; 139264               ; 0                              ;
; Total RAM block bits                        ; 193536               ; 0                              ;
; M9K                                         ; 21 / 30 ( 70 % )     ; 0 / 30 ( 0 % )                 ;
; Clock control block                         ; 6 / 12 ( 50 % )      ; 0 / 12 ( 0 % )                 ;
;                                             ;                      ;                                ;
; Connections                                 ;                      ;                                ;
;     -- Input Connections                    ; 0                    ; 0                              ;
;     -- Registered Input Connections         ; 0                    ; 0                              ;
;     -- Output Connections                   ; 0                    ; 0                              ;
;     -- Registered Output Connections        ; 0                    ; 0                              ;
;                                             ;                      ;                                ;
; Internal Connections                        ;                      ;                                ;
;     -- Total Connections                    ; 22553                ; 4                              ;
;     -- Registered Connections               ; 8507                 ; 0                              ;
;                                             ;                      ;                                ;
; External Connections                        ;                      ;                                ;
;     -- Top                                  ; 0                    ; 0                              ;
;     -- hard_block:auto_generated_inst       ; 0                    ; 0                              ;
;                                             ;                      ;                                ;
; Partition Interface                         ;                      ;                                ;
;     -- Input Ports                          ; 17                   ; 0                              ;
;     -- Output Ports                         ; 67                   ; 0                              ;
;     -- Bidir Ports                          ; 0                    ; 0                              ;
;                                             ;                      ;                                ;
; Registered Ports                            ;                      ;                                ;
;     -- Registered Input Ports               ; 0                    ; 0                              ;
;     -- Registered Output Ports              ; 0                    ; 0                              ;
;                                             ;                      ;                                ;
; Port Connectivity                           ;                      ;                                ;
;     -- Input Ports driven by GND            ; 0                    ; 0                              ;
;     -- Output Ports driven by GND           ; 0                    ; 0                              ;
;     -- Input Ports driven by VCC            ; 0                    ; 0                              ;
;     -- Output Ports driven by VCC           ; 0                    ; 0                              ;
;     -- Input Ports with no Source           ; 0                    ; 0                              ;
;     -- Output Ports with no Source          ; 0                    ; 0                              ;
;     -- Input Ports with no Fanout           ; 0                    ; 0                              ;
;     -- Output Ports with no Fanout          ; 0                    ; 0                              ;
+---------------------------------------------+----------------------+--------------------------------+


+------------------------------------------------------------------------------------------------------------------------------------------------------------------------------------------------------------------------------------------------------------------------------------------------+
; Input Pins                                                                                                                                                                                                                                                                                     ;
+---------------+-------+----------+--------------+--------------+--------------+-----------------------+--------------------+--------+----------------+---------------+-----------------+----------+--------------+--------------+---------------------------+----------------------+-----------+
; Name          ; Pin # ; I/O Bank ; X coordinate ; Y coordinate ; Z coordinate ; Combinational Fan-Out ; Registered Fan-Out ; Global ; Input Register ; Power Up High ; PCI I/O Enabled ; Bus Hold ; Weak Pull Up ; I/O Standard ; Termination Control Block ; Location assigned by ; Slew Rate ;
+---------------+-------+----------+--------------+--------------+--------------+-----------------------+--------------------+--------+----------------+---------------+-----------------+----------+--------------+--------------+---------------------------+----------------------+-----------+
; DIP_Return[0] ; 24    ; 2        ; 0            ; 11           ; 14           ; 4                     ; 0                  ; no     ; no             ; no            ; yes             ; no       ; Off          ; 3.3-V LVTTL  ; --                        ; User                 ; no        ;
; DIP_Return[1] ; 25    ; 2        ; 0            ; 11           ; 21           ; 4                     ; 0                  ; no     ; no             ; no            ; yes             ; no       ; Off          ; 3.3-V LVTTL  ; --                        ; User                 ; no        ;
; DIP_Return[2] ; 22    ; 1        ; 0            ; 11           ; 0            ; 4                     ; 0                  ; no     ; no             ; no            ; yes             ; no       ; Off          ; 3.3-V LVTTL  ; --                        ; User                 ; no        ;
; DIP_Return[3] ; 88    ; 5        ; 34           ; 12           ; 21           ; 4                     ; 0                  ; no     ; no             ; no            ; yes             ; no       ; Off          ; 3.3-V LVTTL  ; --                        ; User                 ; no        ;
; MISO          ; 34    ; 2        ; 0            ; 5            ; 14           ; 4                     ; 0                  ; no     ; no             ; no            ; yes             ; no       ; Off          ; 3.3-V LVTTL  ; --                        ; User                 ; no        ;
; U4_PA[0]      ; 129   ; 8        ; 16           ; 24           ; 21           ; 1                     ; 0                  ; no     ; no             ; no            ; yes             ; no       ; Off          ; 3.3-V LVTTL  ; --                        ; User                 ; no        ;
; U4_PA[1]      ; 135   ; 8        ; 11           ; 24           ; 14           ; 1                     ; 0                  ; no     ; no             ; no            ; yes             ; no       ; Off          ; 3.3-V LVTTL  ; --                        ; User                 ; no        ;
; U4_PA[2]      ; 133   ; 8        ; 13           ; 24           ; 21           ; 1                     ; 0                  ; no     ; no             ; no            ; yes             ; no       ; Off          ; 3.3-V LVTTL  ; --                        ; User                 ; no        ;
; U4_PA[3]      ; 137   ; 8        ; 7            ; 24           ; 0            ; 1                     ; 0                  ; no     ; no             ; no            ; yes             ; no       ; Off          ; 3.3-V LVTTL  ; --                        ; User                 ; no        ;
; U4_PA[4]      ; 136   ; 8        ; 9            ; 24           ; 7            ; 1                     ; 0                  ; no     ; no             ; no            ; yes             ; no       ; Off          ; 3.3-V LVTTL  ; --                        ; User                 ; no        ;
; U4_PA[5]      ; 141   ; 8        ; 5            ; 24           ; 7            ; 1                     ; 0                  ; no     ; no             ; no            ; yes             ; no       ; Off          ; 3.3-V LVTTL  ; --                        ; User                 ; no        ;
; U4_PA[6]      ; 138   ; 8        ; 7            ; 24           ; 7            ; 1                     ; 0                  ; no     ; no             ; no            ; yes             ; no       ; Off          ; 3.3-V LVTTL  ; --                        ; User                 ; no        ;
; U4_PA[7]      ; 143   ; 8        ; 1            ; 24           ; 0            ; 1                     ; 0                  ; no     ; no             ; no            ; yes             ; no       ; Off          ; 3.3-V LVTTL  ; --                        ; User                 ; no        ;
; U5_PA_7       ; 91    ; 6        ; 34           ; 12           ; 0            ; 1                     ; 0                  ; no     ; no             ; no            ; yes             ; no       ; Off          ; 3.3-V LVTTL  ; --                        ; User                 ; no        ;
; clk_50        ; 23    ; 1        ; 0            ; 11           ; 7            ; 928                   ; 0                  ; yes    ; no             ; no            ; yes             ; no       ; Off          ; 3.3-V LVTTL  ; --                        ; User                 ; no        ;
; myTest        ; 90    ; 6        ; 34           ; 12           ; 7            ; 8                     ; 0                  ; no     ; no             ; no            ; yes             ; no       ; Off          ; 3.3-V LVTTL  ; --                        ; User                 ; no        ;
; reset_sw      ; 144   ; 8        ; 1            ; 24           ; 7            ; 1                     ; 0                  ; no     ; no             ; no            ; yes             ; no       ; On           ; 3.3-V LVTTL  ; --                        ; User                 ; no        ;
+---------------+-------+----------+--------------+--------------+--------------+-----------------------+--------------------+--------+----------------+---------------+-----------------+----------+--------------+--------------+---------------------------+----------------------+-----------+


+----------------------------------------------------------------------------------------------------------------------------------------------------------------------------------------------------------------------------------------------------------------------------------------------------------------------------------------------------------------------------------------------------------------------------------------------+
; Output Pins                                                                                                                                                                                                                                                                                                                                                                                                                                  ;
+-------------------+-------+----------+--------------+--------------+--------------+-----------------+------------------------+---------------+-----------+-----------------+------------+---------------+----------+--------------+--------------+------------------+-------------+---------------------------+----------------------------+-----------------------------+----------------------+----------------------+---------------------+
; Name              ; Pin # ; I/O Bank ; X coordinate ; Y coordinate ; Z coordinate ; Output Register ; Output Enable Register ; Power Up High ; Slew Rate ; PCI I/O Enabled ; Open Drain ; TRI Primitive ; Bus Hold ; Weak Pull Up ; I/O Standard ; Current Strength ; Termination ; Termination Control Block ; Output Buffer Pre-emphasis ; Voltage Output Differential ; Location assigned by ; Output Enable Source ; Output Enable Group ;
+-------------------+-------+----------+--------------+--------------+--------------+-----------------+------------------------+---------------+-----------+-----------------+------------+---------------+----------+--------------+--------------+------------------+-------------+---------------------------+----------------------------+-----------------------------+----------------------+----------------------+---------------------+
; Audio_RX          ; 2     ; 1        ; 0            ; 23           ; 7            ; no              ; no                     ; no            ; 2         ; no              ; no         ; no            ; no       ; Off          ; 3.3-V LVTTL  ; 8mA              ; Off         ; --                        ; no                         ; no                          ; User                 ; -                    ; -                   ;
; CLK               ; 39    ; 3        ; 1            ; 0            ; 14           ; no              ; no                     ; no            ; 2         ; no              ; no         ; no            ; no       ; Off          ; 3.3-V LVTTL  ; 8mA              ; Off         ; --                        ; no                         ; no                          ; User                 ; -                    ; -                   ;
; CS_EEprom         ; 38    ; 3        ; 1            ; 0            ; 21           ; no              ; no                     ; no            ; 2         ; no              ; no         ; no            ; no       ; Off          ; 3.3-V LVTTL  ; 8mA              ; Off         ; --                        ; no                         ; no                          ; User                 ; -                    ; -                   ;
; CS_SDcard         ; 31    ; 2        ; 0            ; 7            ; 0            ; no              ; no                     ; no            ; 2         ; no              ; no         ; no            ; no       ; Off          ; 3.3-V LVTTL  ; 8mA              ; Off         ; --                        ; no                         ; no                          ; User                 ; -                    ; -                   ;
; DIP_Strobe[0]     ; 142   ; 8        ; 3            ; 24           ; 21           ; no              ; no                     ; no            ; 2         ; no              ; no         ; no            ; no       ; Off          ; 3.3-V LVTTL  ; 8mA              ; Off         ; --                        ; no                         ; no                          ; User                 ; -                    ; -                   ;
; DIP_Strobe[1]     ; 28    ; 2        ; 0            ; 9            ; 7            ; no              ; no                     ; no            ; 2         ; no              ; no         ; no            ; no       ; Off          ; 3.3-V LVTTL  ; 8mA              ; Off         ; --                        ; no                         ; no                          ; User                 ; -                    ; -                   ;
; DIP_Strobe[2]     ; 33    ; 2        ; 0            ; 6            ; 21           ; no              ; no                     ; no            ; 2         ; no              ; no         ; no            ; no       ; Off          ; 3.3-V LVTTL  ; 8mA              ; Off         ; --                        ; no                         ; no                          ; User                 ; -                    ; -                   ;
; DIP_Strobe[3]     ; 32    ; 2        ; 0            ; 6            ; 14           ; no              ; no                     ; no            ; 2         ; no              ; no         ; no            ; no       ; Off          ; 3.3-V LVTTL  ; 8mA              ; Off         ; --                        ; no                         ; no                          ; User                 ; -                    ; -                   ;
; Debug             ; 11    ; 1        ; 0            ; 18           ; 21           ; no              ; no                     ; no            ; 2         ; no              ; no         ; no            ; no       ; Off          ; 3.3-V LVTTL  ; 8mA              ; Off         ; --                        ; no                         ; no                          ; User                 ; -                    ; -                   ;
; LED_Int           ; 10    ; 1        ; 0            ; 18           ; 14           ; no              ; no                     ; no            ; 2         ; no              ; no         ; no            ; no       ; Off          ; 3.3-V LVTTL  ; 8mA              ; Off         ; --                        ; no                         ; no                          ; User                 ; -                    ; -                   ;
; LED_ON            ; 1     ; 1        ; 0            ; 23           ; 0            ; no              ; no                     ; no            ; 2         ; no              ; no         ; no            ; no       ; Off          ; 3.3-V LVTTL  ; 8mA              ; Off         ; --                        ; no                         ; no                          ; User                 ; -                    ; -                   ;
; LED_SDcard        ; 3     ; 1        ; 0            ; 23           ; 14           ; no              ; no                     ; no            ; 2         ; no              ; no         ; no            ; no       ; Off          ; 3.3-V LVTTL  ; 8mA              ; Off         ; --                        ; no                         ; no                          ; User                 ; -                    ; -                   ;
; MOSI              ; 42    ; 3        ; 3            ; 0            ; 0            ; no              ; no                     ; no            ; 2         ; no              ; no         ; no            ; no       ; Off          ; 3.3-V LVTTL  ; 8mA              ; Off         ; --                        ; no                         ; no                          ; User                 ; -                    ; -                   ;
; Sound             ; 7     ; 1        ; 0            ; 21           ; 7            ; no              ; no                     ; no            ; 2         ; no              ; no         ; no            ; no       ; Off          ; 3.3-V LVTTL  ; 8mA              ; Off         ; --                        ; no                         ; no                          ; User                 ; -                    ; -                   ;
; U4_PB[0]          ; 119   ; 7        ; 23           ; 24           ; 0            ; no              ; no                     ; no            ; 2         ; no              ; no         ; no            ; no       ; Off          ; 3.3-V LVTTL  ; 8mA              ; Off         ; --                        ; no                         ; no                          ; User                 ; -                    ; -                   ;
; U4_PB[1]          ; 124   ; 7        ; 18           ; 24           ; 14           ; no              ; no                     ; no            ; 2         ; no              ; no         ; no            ; no       ; Off          ; 3.3-V LVTTL  ; 8mA              ; Off         ; --                        ; no                         ; no                          ; User                 ; -                    ; -                   ;
; U4_PB[2]          ; 121   ; 7        ; 23           ; 24           ; 14           ; no              ; no                     ; no            ; 2         ; no              ; no         ; no            ; no       ; Off          ; 3.3-V LVTTL  ; 8mA              ; Off         ; --                        ; no                         ; no                          ; User                 ; -                    ; -                   ;
; U4_PB[3]          ; 126   ; 7        ; 16           ; 24           ; 0            ; no              ; no                     ; no            ; 2         ; no              ; no         ; no            ; no       ; Off          ; 3.3-V LVTTL  ; 8mA              ; Off         ; --                        ; no                         ; no                          ; User                 ; -                    ; -                   ;
; U4_PB[4]          ; 125   ; 7        ; 18           ; 24           ; 21           ; no              ; no                     ; no            ; 2         ; no              ; no         ; no            ; no       ; Off          ; 3.3-V LVTTL  ; 8mA              ; Off         ; --                        ; no                         ; no                          ; User                 ; -                    ; -                   ;
; U4_PB[5]          ; 128   ; 8        ; 16           ; 24           ; 14           ; no              ; no                     ; no            ; 2         ; no              ; no         ; no            ; no       ; Off          ; 3.3-V LVTTL  ; 8mA              ; Off         ; --                        ; no                         ; no                          ; User                 ; -                    ; -                   ;
; U4_PB[6]          ; 127   ; 7        ; 16           ; 24           ; 7            ; no              ; no                     ; no            ; 2         ; no              ; no         ; no            ; no       ; Off          ; 3.3-V LVTTL  ; 8mA              ; Off         ; --                        ; no                         ; no                          ; User                 ; -                    ; -                   ;
; U4_PB[7]          ; 132   ; 8        ; 13           ; 24           ; 14           ; no              ; no                     ; no            ; 2         ; no              ; no         ; no            ; no       ; Off          ; 3.3-V LVTTL  ; 8mA              ; Off         ; --                        ; no                         ; no                          ; User                 ; -                    ; -                   ;
; U5_PA[0]          ; 76    ; 5        ; 34           ; 4            ; 21           ; no              ; no                     ; no            ; 2         ; no              ; no         ; no            ; no       ; Off          ; 3.3-V LVTTL  ; 8mA              ; Off         ; --                        ; no                         ; no                          ; User                 ; -                    ; -                   ;
; U5_PA[1]          ; 77    ; 5        ; 34           ; 4            ; 14           ; no              ; no                     ; no            ; 2         ; no              ; no         ; no            ; no       ; Off          ; 3.3-V LVTTL  ; 8mA              ; Off         ; --                        ; no                         ; no                          ; User                 ; -                    ; -                   ;
; U5_PA[2]          ; 80    ; 5        ; 34           ; 7            ; 7            ; no              ; no                     ; no            ; 2         ; no              ; no         ; no            ; no       ; Off          ; 3.3-V LVTTL  ; 8mA              ; Off         ; --                        ; no                         ; no                          ; User                 ; -                    ; -                   ;
; U5_PA[3]          ; 83    ; 5        ; 34           ; 9            ; 21           ; no              ; no                     ; no            ; 2         ; no              ; no         ; no            ; no       ; Off          ; 3.3-V LVTTL  ; 8mA              ; Off         ; --                        ; no                         ; no                          ; User                 ; -                    ; -                   ;
; U5_PB_7           ; 120   ; 7        ; 23           ; 24           ; 7            ; no              ; no                     ; no            ; 2         ; no              ; no         ; no            ; no       ; Off          ; 3.3-V LVTTL  ; 8mA              ; Off         ; --                        ; no                         ; no                          ; User                 ; -                    ; -                   ;
; U6_PA[0]          ; 85    ; 5        ; 34           ; 9            ; 7            ; no              ; no                     ; no            ; 2         ; no              ; no         ; no            ; no       ; Off          ; 3.3-V LVTTL  ; 8mA              ; Off         ; --                        ; no                         ; no                          ; User                 ; -                    ; -                   ;
; U6_PA[1]          ; 105   ; 6        ; 34           ; 19           ; 14           ; no              ; no                     ; no            ; 2         ; no              ; no         ; no            ; no       ; Off          ; 3.3-V LVTTL  ; 8mA              ; Off         ; --                        ; no                         ; no                          ; User                 ; -                    ; -                   ;
; U6_PA[2]          ; 106   ; 6        ; 34           ; 20           ; 7            ; no              ; no                     ; no            ; 2         ; no              ; no         ; no            ; no       ; Off          ; 3.3-V LVTTL  ; 8mA              ; Off         ; --                        ; no                         ; no                          ; User                 ; -                    ; -                   ;
; U6_PA[3]          ; 84    ; 5        ; 34           ; 9            ; 14           ; no              ; no                     ; no            ; 2         ; no              ; no         ; no            ; no       ; Off          ; 3.3-V LVTTL  ; 8mA              ; Off         ; --                        ; no                         ; no                          ; User                 ; -                    ; -                   ;
; U6_PA[4]          ; 113   ; 7        ; 28           ; 24           ; 7            ; no              ; no                     ; no            ; 2         ; no              ; no         ; no            ; no       ; Off          ; 3.3-V LVTTL  ; 8mA              ; Off         ; --                        ; no                         ; no                          ; User                 ; -                    ; -                   ;
; U6_PA[5]          ; 115   ; 7        ; 28           ; 24           ; 21           ; no              ; no                     ; no            ; 2         ; no              ; no         ; no            ; no       ; Off          ; 3.3-V LVTTL  ; 8mA              ; Off         ; --                        ; no                         ; no                          ; User                 ; -                    ; -                   ;
; U6_PA[6]          ; 111   ; 7        ; 30           ; 24           ; 21           ; no              ; no                     ; no            ; 2         ; no              ; no         ; no            ; no       ; Off          ; 3.3-V LVTTL  ; 8mA              ; Off         ; --                        ; no                         ; no                          ; User                 ; -                    ; -                   ;
; U6_PA[7]          ; 114   ; 7        ; 28           ; 24           ; 14           ; no              ; no                     ; no            ; 2         ; no              ; no         ; no            ; no       ; Off          ; 3.3-V LVTTL  ; 8mA              ; Off         ; --                        ; no                         ; no                          ; User                 ; -                    ; -                   ;
; U6_PB[0]          ; 112   ; 7        ; 28           ; 24           ; 0            ; no              ; no                     ; no            ; 2         ; no              ; no         ; no            ; no       ; Off          ; 3.3-V LVTTL  ; 8mA              ; Off         ; --                        ; no                         ; no                          ; User                 ; -                    ; -                   ;
; U6_PB[1]          ; 87    ; 5        ; 34           ; 10           ; 7            ; no              ; no                     ; no            ; 2         ; no              ; no         ; no            ; no       ; Off          ; 3.3-V LVTTL  ; 8mA              ; Off         ; --                        ; no                         ; no                          ; User                 ; -                    ; -                   ;
; U6_PB[2]          ; 86    ; 5        ; 34           ; 9            ; 0            ; no              ; no                     ; no            ; 2         ; no              ; no         ; no            ; no       ; Off          ; 3.3-V LVTTL  ; 8mA              ; Off         ; --                        ; no                         ; no                          ; User                 ; -                    ; -                   ;
; U6_PB[3]          ; 98    ; 6        ; 34           ; 17           ; 21           ; no              ; no                     ; no            ; 2         ; no              ; no         ; no            ; no       ; Off          ; 3.3-V LVTTL  ; 8mA              ; Off         ; --                        ; no                         ; no                          ; User                 ; -                    ; -                   ;
; U6_PB[4]          ; 99    ; 6        ; 34           ; 17           ; 14           ; no              ; no                     ; no            ; 2         ; no              ; no         ; no            ; no       ; Off          ; 3.3-V LVTTL  ; 8mA              ; Off         ; --                        ; no                         ; no                          ; User                 ; -                    ; -                   ;
; U6_PB[5]          ; 100   ; 6        ; 34           ; 17           ; 0            ; no              ; no                     ; no            ; 2         ; no              ; no         ; no            ; no       ; Off          ; 3.3-V LVTTL  ; 8mA              ; Off         ; --                        ; no                         ; no                          ; User                 ; -                    ; -                   ;
; U6_PB[6]          ; 101   ; 6        ; 34           ; 18           ; 21           ; no              ; no                     ; no            ; 2         ; no              ; no         ; no            ; no       ; Off          ; 3.3-V LVTTL  ; 8mA              ; Off         ; --                        ; no                         ; no                          ; User                 ; -                    ; -                   ;
; U6_PB[7]          ; 103   ; 6        ; 34           ; 18           ; 14           ; no              ; no                     ; no            ; 2         ; no              ; no         ; no            ; no       ; Off          ; 3.3-V LVTTL  ; 8mA              ; Off         ; --                        ; no                         ; no                          ; User                 ; -                    ; -                   ;
; disp_segments[10] ; 55    ; 4        ; 18           ; 0            ; 14           ; no              ; no                     ; no            ; 2         ; no              ; no         ; no            ; no       ; Off          ; 3.3-V LVTTL  ; 8mA              ; Off         ; --                        ; no                         ; no                          ; User                 ; -                    ; -                   ;
; disp_segments[11] ; 58    ; 4        ; 21           ; 0            ; 7            ; no              ; no                     ; no            ; 2         ; no              ; no         ; no            ; no       ; Off          ; 3.3-V LVTTL  ; 8mA              ; Off         ; --                        ; no                         ; no                          ; User                 ; -                    ; -                   ;
; disp_segments[12] ; 59    ; 4        ; 23           ; 0            ; 14           ; no              ; no                     ; no            ; 2         ; no              ; no         ; no            ; no       ; Off          ; 3.3-V LVTTL  ; 8mA              ; Off         ; --                        ; no                         ; no                          ; User                 ; -                    ; -                   ;
; disp_segments[13] ; 60    ; 4        ; 23           ; 0            ; 7            ; no              ; no                     ; no            ; 2         ; no              ; no         ; no            ; no       ; Off          ; 3.3-V LVTTL  ; 8mA              ; Off         ; --                        ; no                         ; no                          ; User                 ; -                    ; -                   ;
; disp_segments[14] ; 75    ; 5        ; 34           ; 3            ; 21           ; no              ; no                     ; no            ; 2         ; no              ; no         ; no            ; no       ; Off          ; 3.3-V LVTTL  ; 8mA              ; Off         ; --                        ; no                         ; no                          ; User                 ; -                    ; -                   ;
; disp_segments[15] ; 65    ; 4        ; 28           ; 0            ; 21           ; no              ; no                     ; no            ; 2         ; no              ; no         ; no            ; no       ; Off          ; 3.3-V LVTTL  ; 8mA              ; Off         ; --                        ; no                         ; no                          ; User                 ; -                    ; -                   ;
; disp_segments[16] ; 66    ; 4        ; 28           ; 0            ; 0            ; no              ; no                     ; no            ; 2         ; no              ; no         ; no            ; no       ; Off          ; 3.3-V LVTTL  ; 8mA              ; Off         ; --                        ; no                         ; no                          ; User                 ; -                    ; -                   ;
; disp_segments[17] ; 67    ; 4        ; 30           ; 0            ; 21           ; no              ; no                     ; no            ; 2         ; no              ; no         ; no            ; no       ; Off          ; 3.3-V LVTTL  ; 8mA              ; Off         ; --                        ; no                         ; no                          ; User                 ; -                    ; -                   ;
; disp_segments[18] ; 68    ; 4        ; 30           ; 0            ; 7            ; no              ; no                     ; no            ; 2         ; no              ; no         ; no            ; no       ; Off          ; 3.3-V LVTTL  ; 8mA              ; Off         ; --                        ; no                         ; no                          ; User                 ; -                    ; -                   ;
; disp_segments[19] ; 69    ; 4        ; 30           ; 0            ; 0            ; no              ; no                     ; no            ; 2         ; no              ; no         ; no            ; no       ; Off          ; 3.3-V LVTTL  ; 8mA              ; Off         ; --                        ; no                         ; no                          ; User                 ; -                    ; -                   ;
; disp_segments[1]  ; 43    ; 3        ; 5            ; 0            ; 21           ; no              ; no                     ; no            ; 2         ; no              ; no         ; no            ; no       ; Off          ; 3.3-V LVTTL  ; 8mA              ; Off         ; --                        ; no                         ; no                          ; User                 ; -                    ; -                   ;
; disp_segments[20] ; 70    ; 4        ; 32           ; 0            ; 21           ; no              ; no                     ; no            ; 2         ; no              ; no         ; no            ; no       ; Off          ; 3.3-V LVTTL  ; 8mA              ; Off         ; --                        ; no                         ; no                          ; User                 ; -                    ; -                   ;
; disp_segments[21] ; 71    ; 4        ; 32           ; 0            ; 14           ; no              ; no                     ; no            ; 2         ; no              ; no         ; no            ; no       ; Off          ; 3.3-V LVTTL  ; 8mA              ; Off         ; --                        ; no                         ; no                          ; User                 ; -                    ; -                   ;
; disp_segments[22] ; 72    ; 4        ; 32           ; 0            ; 7            ; no              ; no                     ; no            ; 2         ; no              ; no         ; no            ; no       ; Off          ; 3.3-V LVTTL  ; 8mA              ; Off         ; --                        ; no                         ; no                          ; User                 ; -                    ; -                   ;
; disp_segments[23] ; 73    ; 5        ; 34           ; 2            ; 21           ; no              ; no                     ; no            ; 2         ; no              ; no         ; no            ; no       ; Off          ; 3.3-V LVTTL  ; 8mA              ; Off         ; --                        ; no                         ; no                          ; User                 ; -                    ; -                   ;
; disp_segments[24] ; 74    ; 5        ; 34           ; 2            ; 14           ; no              ; no                     ; no            ; 2         ; no              ; no         ; no            ; no       ; Off          ; 3.3-V LVTTL  ; 8mA              ; Off         ; --                        ; no                         ; no                          ; User                 ; -                    ; -                   ;
; disp_segments[2]  ; 44    ; 3        ; 5            ; 0            ; 14           ; no              ; no                     ; no            ; 2         ; no              ; no         ; no            ; no       ; Off          ; 3.3-V LVTTL  ; 8mA              ; Off         ; --                        ; no                         ; no                          ; User                 ; -                    ; -                   ;
; disp_segments[3]  ; 46    ; 3        ; 7            ; 0            ; 0            ; no              ; no                     ; no            ; 2         ; no              ; no         ; no            ; no       ; Off          ; 3.3-V LVTTL  ; 8mA              ; Off         ; --                        ; no                         ; no                          ; User                 ; -                    ; -                   ;
; disp_segments[4]  ; 49    ; 3        ; 13           ; 0            ; 14           ; no              ; no                     ; no            ; 2         ; no              ; no         ; no            ; no       ; Off          ; 3.3-V LVTTL  ; 8mA              ; Off         ; --                        ; no                         ; no                          ; User                 ; -                    ; -                   ;
; disp_segments[5]  ; 52    ; 3        ; 16           ; 0            ; 7            ; no              ; no                     ; no            ; 2         ; no              ; no         ; no            ; no       ; Off          ; 3.3-V LVTTL  ; 8mA              ; Off         ; --                        ; no                         ; no                          ; User                 ; -                    ; -                   ;
; disp_segments[6]  ; 50    ; 3        ; 13           ; 0            ; 0            ; no              ; no                     ; no            ; 2         ; no              ; no         ; no            ; no       ; Off          ; 3.3-V LVTTL  ; 8mA              ; Off         ; --                        ; no                         ; no                          ; User                 ; -                    ; -                   ;
; disp_segments[7]  ; 51    ; 3        ; 16           ; 0            ; 21           ; no              ; no                     ; no            ; 2         ; no              ; no         ; no            ; no       ; Off          ; 3.3-V LVTTL  ; 8mA              ; Off         ; --                        ; no                         ; no                          ; User                 ; -                    ; -                   ;
; disp_segments[8]  ; 53    ; 3        ; 16           ; 0            ; 0            ; no              ; no                     ; no            ; 2         ; no              ; no         ; no            ; no       ; Off          ; 3.3-V LVTTL  ; 8mA              ; Off         ; --                        ; no                         ; no                          ; User                 ; -                    ; -                   ;
; disp_segments[9]  ; 54    ; 4        ; 18           ; 0            ; 21           ; no              ; no                     ; no            ; 2         ; no              ; no         ; no            ; no       ; Off          ; 3.3-V LVTTL  ; 8mA              ; Off         ; --                        ; no                         ; no                          ; User                 ; -                    ; -                   ;
+-------------------+-------+----------+--------------+--------------+--------------+-----------------+------------------------+---------------+-----------+-----------------+------------+---------------+----------+--------------+--------------+------------------+-------------+---------------------------+----------------------------+-----------------------------+----------------------+----------------------+---------------------+


+-------------------------------------------------------------------------------------------------------------------------+
; Dual Purpose and Dedicated Pins                                                                                         ;
+----------+-----------------------------+--------------------------+-------------------------+---------------------------+
; Location ; Pin Name                    ; Reserved As              ; User Signal Name        ; Pin Type                  ;
+----------+-----------------------------+--------------------------+-------------------------+---------------------------+
; 6        ; DIFFIO_L1n, DATA1, ASDO     ; As input tri-stated      ; ~ALTERA_ASDO_DATA1~     ; Dual Purpose Pin          ;
; 8        ; DIFFIO_L2p, FLASH_nCE, nCSO ; As input tri-stated      ; ~ALTERA_FLASH_nCE_nCSO~ ; Dual Purpose Pin          ;
; 9        ; nSTATUS                     ; -                        ; -                       ; Dedicated Programming Pin ;
; 12       ; DCLK                        ; As output driving ground ; ~ALTERA_DCLK~           ; Dual Purpose Pin          ;
; 13       ; DATA0                       ; As input tri-stated      ; ~ALTERA_DATA0~          ; Dual Purpose Pin          ;
; 14       ; nCONFIG                     ; -                        ; -                       ; Dedicated Programming Pin ;
; 21       ; nCE                         ; -                        ; -                       ; Dedicated Programming Pin ;
; 86       ; DIFFIO_R7n, DEV_OE          ; Use as regular IO        ; U6_PB[2]                ; Dual Purpose Pin          ;
; 87       ; DIFFIO_R7p, DEV_CLRn        ; Use as regular IO        ; U6_PB[1]                ; Dual Purpose Pin          ;
; 92       ; CONF_DONE                   ; -                        ; -                       ; Dedicated Programming Pin ;
; 94       ; MSEL0                       ; -                        ; -                       ; Dedicated Programming Pin ;
; 96       ; MSEL1                       ; -                        ; -                       ; Dedicated Programming Pin ;
; 97       ; MSEL2                       ; -                        ; -                       ; Dedicated Programming Pin ;
; 97       ; MSEL3                       ; -                        ; -                       ; Dedicated Programming Pin ;
; 98       ; DIFFIO_R4n, INIT_DONE       ; Use as regular IO        ; U6_PB[3]                ; Dual Purpose Pin          ;
; 99       ; DIFFIO_R4p, CRC_ERROR       ; Use as regular IO        ; U6_PB[4]                ; Dual Purpose Pin          ;
; 101      ; DIFFIO_R3n, nCEO            ; Use as programming pin   ; U6_PB[6]                ; Dual Purpose Pin          ;
; 103      ; DIFFIO_R3p, CLKUSR          ; Use as regular IO        ; U6_PB[7]                ; Dual Purpose Pin          ;
; 132      ; DIFFIO_T10n, DATA2          ; Use as regular IO        ; U4_PB[7]                ; Dual Purpose Pin          ;
; 133      ; DIFFIO_T10p, DATA3          ; Use as regular IO        ; U4_PA[2]                ; Dual Purpose Pin          ;
; 137      ; DATA5                       ; Use as regular IO        ; U4_PA[3]                ; Dual Purpose Pin          ;
; 138      ; DATA6                       ; Use as regular IO        ; U4_PA[6]                ; Dual Purpose Pin          ;
+----------+-----------------------------+--------------------------+-------------------------+---------------------------+


+-------------------------------------------------------------+
; I/O Bank Usage                                              ;
+----------+-------------------+---------------+--------------+
; I/O Bank ; Usage             ; VCCIO Voltage ; VREF Voltage ;
+----------+-------------------+---------------+--------------+
; 1        ; 12 / 12 ( 100 % ) ; 3.3V          ; --           ;
; 2        ; 7 / 7 ( 100 % )   ; 3.3V          ; --           ;
; 3        ; 11 / 11 ( 100 % ) ; 3.3V          ; --           ;
; 4        ; 13 / 13 ( 100 % ) ; 3.3V          ; --           ;
; 5        ; 12 / 13 ( 92 % )  ; 3.3V          ; --           ;
; 6        ; 9 / 9 ( 100 % )   ; 3.3V          ; --           ;
; 7        ; 12 / 12 ( 100 % ) ; 3.3V          ; --           ;
; 8        ; 12 / 12 ( 100 % ) ; 3.3V          ; --           ;
+----------+-------------------+---------------+--------------+


+-----------------------------------------------------------------------------------------------------------------------------------------------------------------------------------------+
; All Package Pins                                                                                                                                                                        ;
+----------+------------+----------+-----------------------------------------------------------+--------+--------------+---------+------------+-----------------+----------+--------------+
; Location ; Pad Number ; I/O Bank ; Pin Name/Usage                                            ; Dir.   ; I/O Standard ; Voltage ; I/O Type   ; User Assignment ; Bus Hold ; Weak Pull Up ;
+----------+------------+----------+-----------------------------------------------------------+--------+--------------+---------+------------+-----------------+----------+--------------+
; 1        ; 0          ; 1        ; LED_ON                                                    ; output ; 3.3-V LVTTL  ;         ; Row I/O    ; Y               ; no       ; Off          ;
; 2        ; 1          ; 1        ; Audio_RX                                                  ; output ; 3.3-V LVTTL  ;         ; Row I/O    ; Y               ; no       ; Off          ;
; 3        ; 2          ; 1        ; LED_SDcard                                                ; output ; 3.3-V LVTTL  ;         ; Row I/O    ; Y               ; no       ; Off          ;
; 4        ;            ;          ; GND                                                       ; gnd    ;              ;         ; --         ;                 ; --       ; --           ;
; 5        ;            ;          ; VCCINT                                                    ; power  ;              ; 1.2V    ; --         ;                 ; --       ; --           ;
; 6        ; 5          ; 1        ; ~ALTERA_ASDO_DATA1~ / RESERVED_INPUT_WITH_WEAK_PULLUP     ; input  ; 3.3-V LVTTL  ;         ; Row I/O    ; N               ; no       ; On           ;
; 7        ; 6          ; 1        ; Sound                                                     ; output ; 3.3-V LVTTL  ;         ; Row I/O    ; Y               ; no       ; Off          ;
; 8        ; 7          ; 1        ; ~ALTERA_FLASH_nCE_nCSO~ / RESERVED_INPUT_WITH_WEAK_PULLUP ; input  ; 3.3-V LVTTL  ;         ; Row I/O    ; N               ; no       ; On           ;
; 9        ; 9          ; 1        ; ^nSTATUS                                                  ;        ;              ;         ; --         ;                 ; --       ; --           ;
; 10       ; 13         ; 1        ; LED_Int                                                   ; output ; 3.3-V LVTTL  ;         ; Row I/O    ; Y               ; no       ; Off          ;
; 11       ; 14         ; 1        ; Debug                                                     ; output ; 3.3-V LVTTL  ;         ; Row I/O    ; Y               ; no       ; Off          ;
; 12       ; 15         ; 1        ; ~ALTERA_DCLK~                                             ; output ; 3.3-V LVTTL  ;         ; Row I/O    ; N               ; no       ; On           ;
; 13       ; 16         ; 1        ; ~ALTERA_DATA0~ / RESERVED_INPUT_WITH_WEAK_PULLUP          ; input  ; 3.3-V LVTTL  ;         ; Row I/O    ; N               ; no       ; On           ;
; 14       ; 17         ; 1        ; ^nCONFIG                                                  ;        ;              ;         ; --         ;                 ; --       ; --           ;
; 15       ; 18         ; 1        ; #TDI                                                      ; input  ;              ;         ; --         ;                 ; --       ; --           ;
; 16       ; 19         ; 1        ; #TCK                                                      ; input  ;              ;         ; --         ;                 ; --       ; --           ;
; 17       ;            ; 1        ; VCCIO1                                                    ; power  ;              ; 3.3V    ; --         ;                 ; --       ; --           ;
; 18       ; 20         ; 1        ; #TMS                                                      ; input  ;              ;         ; --         ;                 ; --       ; --           ;
; 19       ;            ;          ; GND                                                       ; gnd    ;              ;         ; --         ;                 ; --       ; --           ;
; 20       ; 21         ; 1        ; #TDO                                                      ; output ;              ;         ; --         ;                 ; --       ; --           ;
; 21       ; 22         ; 1        ; ^nCE                                                      ;        ;              ;         ; --         ;                 ; --       ; --           ;
; 22       ; 23         ; 1        ; DIP_Return[2]                                             ; input  ; 3.3-V LVTTL  ;         ; Row I/O    ; Y               ; no       ; Off          ;
; 23       ; 24         ; 1        ; clk_50                                                    ; input  ; 3.3-V LVTTL  ;         ; Row I/O    ; Y               ; no       ; Off          ;
; 24       ; 25         ; 2        ; DIP_Return[0]                                             ; input  ; 3.3-V LVTTL  ;         ; Row I/O    ; Y               ; no       ; Off          ;
; 25       ; 26         ; 2        ; DIP_Return[1]                                             ; input  ; 3.3-V LVTTL  ;         ; Row I/O    ; Y               ; no       ; Off          ;
; 26       ;            ; 2        ; VCCIO2                                                    ; power  ;              ; 3.3V    ; --         ;                 ; --       ; --           ;
; 27       ;            ;          ; GND                                                       ; gnd    ;              ;         ; --         ;                 ; --       ; --           ;
; 28       ; 31         ; 2        ; DIP_Strobe[1]                                             ; output ; 3.3-V LVTTL  ;         ; Row I/O    ; Y               ; no       ; Off          ;
; 29       ;            ;          ; VCCINT                                                    ; power  ;              ; 1.2V    ; --         ;                 ; --       ; --           ;
; 30       ;            ;          ; GND                                                       ; gnd    ;              ;         ; --         ;                 ; --       ; --           ;
; 31       ; 36         ; 2        ; CS_SDcard                                                 ; output ; 3.3-V LVTTL  ;         ; Row I/O    ; Y               ; no       ; Off          ;
; 32       ; 39         ; 2        ; DIP_Strobe[3]                                             ; output ; 3.3-V LVTTL  ;         ; Row I/O    ; Y               ; no       ; Off          ;
; 33       ; 40         ; 2        ; DIP_Strobe[2]                                             ; output ; 3.3-V LVTTL  ;         ; Row I/O    ; Y               ; no       ; Off          ;
; 34       ; 41         ; 2        ; MISO                                                      ; input  ; 3.3-V LVTTL  ;         ; Row I/O    ; Y               ; no       ; Off          ;
; 35       ;            ; --       ; VCCA1                                                     ; power  ;              ; 2.5V    ; --         ;                 ; --       ; --           ;
; 36       ;            ;          ; GNDA1                                                     ; gnd    ;              ;         ; --         ;                 ; --       ; --           ;
; 37       ;            ;          ; VCCD_PLL1                                                 ; power  ;              ; 1.2V    ; --         ;                 ; --       ; --           ;
; 38       ; 45         ; 3        ; CS_EEprom                                                 ; output ; 3.3-V LVTTL  ;         ; Column I/O ; Y               ; no       ; Off          ;
; 39       ; 46         ; 3        ; CLK                                                       ; output ; 3.3-V LVTTL  ;         ; Column I/O ; Y               ; no       ; Off          ;
; 40       ;            ; 3        ; VCCIO3                                                    ; power  ;              ; 3.3V    ; --         ;                 ; --       ; --           ;
; 41       ;            ;          ; GND                                                       ; gnd    ;              ;         ; --         ;                 ; --       ; --           ;
; 42       ; 52         ; 3        ; MOSI                                                      ; output ; 3.3-V LVTTL  ;         ; Column I/O ; Y               ; no       ; Off          ;
; 43       ; 53         ; 3        ; disp_segments[1]                                          ; output ; 3.3-V LVTTL  ;         ; Column I/O ; Y               ; no       ; Off          ;
; 44       ; 54         ; 3        ; disp_segments[2]                                          ; output ; 3.3-V LVTTL  ;         ; Column I/O ; Y               ; no       ; Off          ;
; 45       ;            ;          ; VCCINT                                                    ; power  ;              ; 1.2V    ; --         ;                 ; --       ; --           ;
; 46       ; 58         ; 3        ; disp_segments[3]                                          ; output ; 3.3-V LVTTL  ;         ; Column I/O ; Y               ; no       ; Off          ;
; 47       ;            ; 3        ; VCCIO3                                                    ; power  ;              ; 3.3V    ; --         ;                 ; --       ; --           ;
; 48       ;            ;          ; GND                                                       ; gnd    ;              ;         ; --         ;                 ; --       ; --           ;
; 49       ; 68         ; 3        ; disp_segments[4]                                          ; output ; 3.3-V LVTTL  ;         ; Column I/O ; Y               ; no       ; Off          ;
; 50       ; 69         ; 3        ; disp_segments[6]                                          ; output ; 3.3-V LVTTL  ;         ; Column I/O ; Y               ; no       ; Off          ;
; 51       ; 70         ; 3        ; disp_segments[7]                                          ; output ; 3.3-V LVTTL  ;         ; Column I/O ; Y               ; no       ; Off          ;
; 52       ; 72         ; 3        ; disp_segments[5]                                          ; output ; 3.3-V LVTTL  ;         ; Column I/O ; Y               ; no       ; Off          ;
; 53       ; 73         ; 3        ; disp_segments[8]                                          ; output ; 3.3-V LVTTL  ;         ; Column I/O ; Y               ; no       ; Off          ;
; 54       ; 74         ; 4        ; disp_segments[9]                                          ; output ; 3.3-V LVTTL  ;         ; Column I/O ; Y               ; no       ; Off          ;
; 55       ; 75         ; 4        ; disp_segments[10]                                         ; output ; 3.3-V LVTTL  ;         ; Column I/O ; Y               ; no       ; Off          ;
; 56       ;            ; 4        ; VCCIO4                                                    ; power  ;              ; 3.3V    ; --         ;                 ; --       ; --           ;
; 57       ;            ;          ; GND                                                       ; gnd    ;              ;         ; --         ;                 ; --       ; --           ;
; 58       ; 80         ; 4        ; disp_segments[11]                                         ; output ; 3.3-V LVTTL  ;         ; Column I/O ; Y               ; no       ; Off          ;
; 59       ; 83         ; 4        ; disp_segments[12]                                         ; output ; 3.3-V LVTTL  ;         ; Column I/O ; Y               ; no       ; Off          ;
; 60       ; 84         ; 4        ; disp_segments[13]                                         ; output ; 3.3-V LVTTL  ;         ; Column I/O ; Y               ; no       ; Off          ;
; 61       ;            ;          ; VCCINT                                                    ; power  ;              ; 1.2V    ; --         ;                 ; --       ; --           ;
; 62       ;            ; 4        ; VCCIO4                                                    ; power  ;              ; 3.3V    ; --         ;                 ; --       ; --           ;
; 63       ;            ;          ; GND                                                       ; gnd    ;              ;         ; --         ;                 ; --       ; --           ;
; 64       ;            ;          ; GND                                                       ; gnd    ;              ;         ; --         ;                 ; --       ; --           ;
; 65       ; 90         ; 4        ; disp_segments[15]                                         ; output ; 3.3-V LVTTL  ;         ; Column I/O ; Y               ; no       ; Off          ;
; 66       ; 93         ; 4        ; disp_segments[16]                                         ; output ; 3.3-V LVTTL  ;         ; Column I/O ; Y               ; no       ; Off          ;
; 67       ; 94         ; 4        ; disp_segments[17]                                         ; output ; 3.3-V LVTTL  ;         ; Column I/O ; Y               ; no       ; Off          ;
; 68       ; 96         ; 4        ; disp_segments[18]                                         ; output ; 3.3-V LVTTL  ;         ; Column I/O ; Y               ; no       ; Off          ;
; 69       ; 97         ; 4        ; disp_segments[19]                                         ; output ; 3.3-V LVTTL  ;         ; Column I/O ; Y               ; no       ; Off          ;
; 70       ; 98         ; 4        ; disp_segments[20]                                         ; output ; 3.3-V LVTTL  ;         ; Column I/O ; Y               ; no       ; Off          ;
; 71       ; 99         ; 4        ; disp_segments[21]                                         ; output ; 3.3-V LVTTL  ;         ; Column I/O ; Y               ; no       ; Off          ;
; 72       ; 100        ; 4        ; disp_segments[22]                                         ; output ; 3.3-V LVTTL  ;         ; Column I/O ; Y               ; no       ; Off          ;
; 73       ; 102        ; 5        ; disp_segments[23]                                         ; output ; 3.3-V LVTTL  ;         ; Row I/O    ; Y               ; no       ; Off          ;
; 74       ; 103        ; 5        ; disp_segments[24]                                         ; output ; 3.3-V LVTTL  ;         ; Row I/O    ; Y               ; no       ; Off          ;
; 75       ; 104        ; 5        ; disp_segments[14]                                         ; output ; 3.3-V LVTTL  ;         ; Row I/O    ; Y               ; no       ; Off          ;
; 76       ; 106        ; 5        ; U5_PA[0]                                                  ; output ; 3.3-V LVTTL  ;         ; Row I/O    ; Y               ; no       ; Off          ;
; 77       ; 107        ; 5        ; U5_PA[1]                                                  ; output ; 3.3-V LVTTL  ;         ; Row I/O    ; Y               ; no       ; Off          ;
; 78       ;            ;          ; VCCINT                                                    ; power  ;              ; 1.2V    ; --         ;                 ; --       ; --           ;
; 79       ;            ;          ; GND                                                       ; gnd    ;              ;         ; --         ;                 ; --       ; --           ;
; 80       ; 113        ; 5        ; U5_PA[2]                                                  ; output ; 3.3-V LVTTL  ;         ; Row I/O    ; Y               ; no       ; Off          ;
; 81       ;            ; 5        ; VCCIO5                                                    ; power  ;              ; 3.3V    ; --         ;                 ; --       ; --           ;
; 82       ;            ;          ; GND                                                       ; gnd    ;              ;         ; --         ;                 ; --       ; --           ;
; 83       ; 117        ; 5        ; U5_PA[3]                                                  ; output ; 3.3-V LVTTL  ;         ; Row I/O    ; Y               ; no       ; Off          ;
; 84       ; 118        ; 5        ; U6_PA[3]                                                  ; output ; 3.3-V LVTTL  ;         ; Row I/O    ; Y               ; no       ; Off          ;
; 85       ; 119        ; 5        ; U6_PA[0]                                                  ; output ; 3.3-V LVTTL  ;         ; Row I/O    ; Y               ; no       ; Off          ;
; 86       ; 120        ; 5        ; U6_PB[2]                                                  ; output ; 3.3-V LVTTL  ;         ; Row I/O    ; Y               ; no       ; Off          ;
; 87       ; 121        ; 5        ; U6_PB[1]                                                  ; output ; 3.3-V LVTTL  ;         ; Row I/O    ; Y               ; no       ; Off          ;
; 88       ; 125        ; 5        ; DIP_Return[3]                                             ; input  ; 3.3-V LVTTL  ;         ; Row I/O    ; Y               ; no       ; Off          ;
; 89       ; 126        ; 5        ; GND+                                                      ;        ;              ;         ; Row I/O    ;                 ; --       ; --           ;
; 90       ; 127        ; 6        ; myTest                                                    ; input  ; 3.3-V LVTTL  ;         ; Row I/O    ; Y               ; no       ; Off          ;
; 91       ; 128        ; 6        ; U5_PA_7                                                   ; input  ; 3.3-V LVTTL  ;         ; Row I/O    ; Y               ; no       ; Off          ;
; 92       ; 129        ; 6        ; ^CONF_DONE                                                ;        ;              ;         ; --         ;                 ; --       ; --           ;
; 93       ;            ; 6        ; VCCIO6                                                    ; power  ;              ; 3.3V    ; --         ;                 ; --       ; --           ;
; 94       ; 130        ; 6        ; ^MSEL0                                                    ;        ;              ;         ; --         ;                 ; --       ; --           ;
; 95       ;            ;          ; GND                                                       ; gnd    ;              ;         ; --         ;                 ; --       ; --           ;
; 96       ; 131        ; 6        ; ^MSEL1                                                    ;        ;              ;         ; --         ;                 ; --       ; --           ;
; 97       ; 132        ; 6        ; ^MSEL2                                                    ;        ;              ;         ; --         ;                 ; --       ; --           ;
; 97       ; 133        ; 6        ; ^MSEL3                                                    ;        ;              ;         ; --         ;                 ; --       ; --           ;
; 98       ; 136        ; 6        ; U6_PB[3]                                                  ; output ; 3.3-V LVTTL  ;         ; Row I/O    ; Y               ; no       ; Off          ;
; 99       ; 137        ; 6        ; U6_PB[4]                                                  ; output ; 3.3-V LVTTL  ;         ; Row I/O    ; Y               ; no       ; Off          ;
; 100      ; 138        ; 6        ; U6_PB[5]                                                  ; output ; 3.3-V LVTTL  ;         ; Row I/O    ; Y               ; no       ; Off          ;
; 101      ; 139        ; 6        ; U6_PB[6]                                                  ; output ; 3.3-V LVTTL  ;         ; Row I/O    ; Y               ; no       ; Off          ;
; 102      ;            ;          ; VCCINT                                                    ; power  ;              ; 1.2V    ; --         ;                 ; --       ; --           ;
; 103      ; 140        ; 6        ; U6_PB[7]                                                  ; output ; 3.3-V LVTTL  ;         ; Row I/O    ; Y               ; no       ; Off          ;
; 104      ;            ;          ; GND                                                       ; gnd    ;              ;         ; --         ;                 ; --       ; --           ;
; 105      ; 142        ; 6        ; U6_PA[1]                                                  ; output ; 3.3-V LVTTL  ;         ; Row I/O    ; Y               ; no       ; Off          ;
; 106      ; 146        ; 6        ; U6_PA[2]                                                  ; output ; 3.3-V LVTTL  ;         ; Row I/O    ; Y               ; no       ; Off          ;
; 107      ;            ; --       ; VCCA2                                                     ; power  ;              ; 2.5V    ; --         ;                 ; --       ; --           ;
; 108      ;            ;          ; GNDA2                                                     ; gnd    ;              ;         ; --         ;                 ; --       ; --           ;
; 109      ;            ;          ; VCCD_PLL2                                                 ; power  ;              ; 1.2V    ; --         ;                 ; --       ; --           ;
; 110      ;            ;          ; GND                                                       ; gnd    ;              ;         ; --         ;                 ; --       ; --           ;
; 111      ; 154        ; 7        ; U6_PA[6]                                                  ; output ; 3.3-V LVTTL  ;         ; Column I/O ; Y               ; no       ; Off          ;
; 112      ; 155        ; 7        ; U6_PB[0]                                                  ; output ; 3.3-V LVTTL  ;         ; Column I/O ; Y               ; no       ; Off          ;
; 113      ; 156        ; 7        ; U6_PA[4]                                                  ; output ; 3.3-V LVTTL  ;         ; Column I/O ; Y               ; no       ; Off          ;
; 114      ; 157        ; 7        ; U6_PA[7]                                                  ; output ; 3.3-V LVTTL  ;         ; Column I/O ; Y               ; no       ; Off          ;
; 115      ; 158        ; 7        ; U6_PA[5]                                                  ; output ; 3.3-V LVTTL  ;         ; Column I/O ; Y               ; no       ; Off          ;
; 116      ;            ;          ; VCCINT                                                    ; power  ;              ; 1.2V    ; --         ;                 ; --       ; --           ;
; 117      ;            ; 7        ; VCCIO7                                                    ; power  ;              ; 3.3V    ; --         ;                 ; --       ; --           ;
; 118      ;            ;          ; GND                                                       ; gnd    ;              ;         ; --         ;                 ; --       ; --           ;
; 119      ; 163        ; 7        ; U4_PB[0]                                                  ; output ; 3.3-V LVTTL  ;         ; Column I/O ; Y               ; no       ; Off          ;
; 120      ; 164        ; 7        ; U5_PB_7                                                   ; output ; 3.3-V LVTTL  ;         ; Column I/O ; Y               ; no       ; Off          ;
; 121      ; 165        ; 7        ; U4_PB[2]                                                  ; output ; 3.3-V LVTTL  ;         ; Column I/O ; Y               ; no       ; Off          ;
; 122      ;            ; 7        ; VCCIO7                                                    ; power  ;              ; 3.3V    ; --         ;                 ; --       ; --           ;
; 123      ;            ;          ; GND                                                       ; gnd    ;              ;         ; --         ;                 ; --       ; --           ;
; 124      ; 173        ; 7        ; U4_PB[1]                                                  ; output ; 3.3-V LVTTL  ;         ; Column I/O ; Y               ; no       ; Off          ;
; 125      ; 174        ; 7        ; U4_PB[4]                                                  ; output ; 3.3-V LVTTL  ;         ; Column I/O ; Y               ; no       ; Off          ;
; 126      ; 175        ; 7        ; U4_PB[3]                                                  ; output ; 3.3-V LVTTL  ;         ; Column I/O ; Y               ; no       ; Off          ;
; 127      ; 176        ; 7        ; U4_PB[6]                                                  ; output ; 3.3-V LVTTL  ;         ; Column I/O ; Y               ; no       ; Off          ;
; 128      ; 177        ; 8        ; U4_PB[5]                                                  ; output ; 3.3-V LVTTL  ;         ; Column I/O ; Y               ; no       ; Off          ;
; 129      ; 178        ; 8        ; U4_PA[0]                                                  ; input  ; 3.3-V LVTTL  ;         ; Column I/O ; Y               ; no       ; Off          ;
; 130      ;            ; 8        ; VCCIO8                                                    ; power  ;              ; 3.3V    ; --         ;                 ; --       ; --           ;
; 131      ;            ;          ; GND                                                       ; gnd    ;              ;         ; --         ;                 ; --       ; --           ;
; 132      ; 181        ; 8        ; U4_PB[7]                                                  ; output ; 3.3-V LVTTL  ;         ; Column I/O ; Y               ; no       ; Off          ;
; 133      ; 182        ; 8        ; U4_PA[2]                                                  ; input  ; 3.3-V LVTTL  ;         ; Column I/O ; Y               ; no       ; Off          ;
; 134      ;            ;          ; VCCINT                                                    ; power  ;              ; 1.2V    ; --         ;                 ; --       ; --           ;
; 135      ; 185        ; 8        ; U4_PA[1]                                                  ; input  ; 3.3-V LVTTL  ;         ; Column I/O ; Y               ; no       ; Off          ;
; 136      ; 187        ; 8        ; U4_PA[4]                                                  ; input  ; 3.3-V LVTTL  ;         ; Column I/O ; Y               ; no       ; Off          ;
; 137      ; 190        ; 8        ; U4_PA[3]                                                  ; input  ; 3.3-V LVTTL  ;         ; Column I/O ; Y               ; no       ; Off          ;
; 138      ; 191        ; 8        ; U4_PA[6]                                                  ; input  ; 3.3-V LVTTL  ;         ; Column I/O ; Y               ; no       ; Off          ;
; 139      ;            ; 8        ; VCCIO8                                                    ; power  ;              ; 3.3V    ; --         ;                 ; --       ; --           ;
; 140      ;            ;          ; GND                                                       ; gnd    ;              ;         ; --         ;                 ; --       ; --           ;
; 141      ; 195        ; 8        ; U4_PA[5]                                                  ; input  ; 3.3-V LVTTL  ;         ; Column I/O ; Y               ; no       ; Off          ;
; 142      ; 201        ; 8        ; DIP_Strobe[0]                                             ; output ; 3.3-V LVTTL  ;         ; Column I/O ; Y               ; no       ; Off          ;
; 143      ; 202        ; 8        ; U4_PA[7]                                                  ; input  ; 3.3-V LVTTL  ;         ; Column I/O ; Y               ; no       ; Off          ;
; 144      ; 203        ; 8        ; reset_sw                                                  ; input  ; 3.3-V LVTTL  ;         ; Column I/O ; Y               ; no       ; On           ;
; EPAD     ;            ;          ; GND                                                       ;        ;              ;         ; --         ;                 ; --       ; --           ;
+----------+------------+----------+-----------------------------------------------------------+--------+--------------+---------+------------+-----------------+----------+--------------+
Note: Pin directions (input, output or bidir) are based on device operating in user mode.


+--------------------------------------------+
; I/O Assignment Warnings                    ;
+-------------------+------------------------+
; Pin Name          ; Reason                 ;
+-------------------+------------------------+
; LED_Int           ; Missing drive strength ;
; LED_SDcard        ; Missing drive strength ;
; LED_ON            ; Missing drive strength ;
; U4_PB[0]          ; Missing drive strength ;
; U4_PB[1]          ; Missing drive strength ;
; U4_PB[2]          ; Missing drive strength ;
; U4_PB[3]          ; Missing drive strength ;
; U4_PB[4]          ; Missing drive strength ;
; U4_PB[5]          ; Missing drive strength ;
; U4_PB[6]          ; Missing drive strength ;
; U4_PB[7]          ; Missing drive strength ;
; disp_segments[24] ; Missing drive strength ;
; disp_segments[23] ; Missing drive strength ;
; disp_segments[22] ; Missing drive strength ;
; disp_segments[21] ; Missing drive strength ;
; disp_segments[20] ; Missing drive strength ;
; disp_segments[19] ; Missing drive strength ;
; disp_segments[18] ; Missing drive strength ;
; disp_segments[17] ; Missing drive strength ;
; disp_segments[16] ; Missing drive strength ;
; disp_segments[15] ; Missing drive strength ;
; disp_segments[14] ; Missing drive strength ;
; disp_segments[13] ; Missing drive strength ;
; disp_segments[12] ; Missing drive strength ;
; disp_segments[11] ; Missing drive strength ;
; disp_segments[10] ; Missing drive strength ;
; disp_segments[9]  ; Missing drive strength ;
; disp_segments[8]  ; Missing drive strength ;
; disp_segments[7]  ; Missing drive strength ;
; disp_segments[6]  ; Missing drive strength ;
; disp_segments[5]  ; Missing drive strength ;
; disp_segments[4]  ; Missing drive strength ;
; disp_segments[3]  ; Missing drive strength ;
; disp_segments[2]  ; Missing drive strength ;
; disp_segments[1]  ; Missing drive strength ;
; U5_PA[0]          ; Missing drive strength ;
; U5_PA[1]          ; Missing drive strength ;
; U5_PA[2]          ; Missing drive strength ;
; U5_PA[3]          ; Missing drive strength ;
; U5_PB_7           ; Missing drive strength ;
; U6_PA[0]          ; Missing drive strength ;
; U6_PA[1]          ; Missing drive strength ;
; U6_PA[2]          ; Missing drive strength ;
; U6_PA[3]          ; Missing drive strength ;
; U6_PA[4]          ; Missing drive strength ;
; U6_PA[5]          ; Missing drive strength ;
; U6_PA[6]          ; Missing drive strength ;
; U6_PA[7]          ; Missing drive strength ;
; U6_PB[0]          ; Missing drive strength ;
; U6_PB[1]          ; Missing drive strength ;
; U6_PB[2]          ; Missing drive strength ;
; U6_PB[3]          ; Missing drive strength ;
; U6_PB[4]          ; Missing drive strength ;
; U6_PB[5]          ; Missing drive strength ;
; U6_PB[6]          ; Missing drive strength ;
; U6_PB[7]          ; Missing drive strength ;
; CS_SDcard         ; Missing drive strength ;
; CS_EEprom         ; Missing drive strength ;
; MOSI              ; Missing drive strength ;
; CLK               ; Missing drive strength ;
; DIP_Strobe[0]     ; Missing drive strength ;
; DIP_Strobe[1]     ; Missing drive strength ;
; DIP_Strobe[2]     ; Missing drive strength ;
; DIP_Strobe[3]     ; Missing drive strength ;
; Audio_RX          ; Missing drive strength ;
; Sound             ; Missing drive strength ;
; Debug             ; Missing drive strength ;
+-------------------+------------------------+


+----------------------------------------------------------------------------------------------------------------------------------------------------------------------------------------------------------------------------------------------------------------------------------------------------------------------------------------------------------------------------------------------------------------------------+
; Fitter Resource Utilization by Entity                                                                                                                                                                                                                                                                                                                                                                                      ;
+-------------------------------------------------+-------------+---------------------------+---------------+-------------+------+--------------+---------+-----------+------+--------------+--------------+-------------------+------------------+----------------------------------------------------------------------------------------------------------------------------+------------------------------+--------------+
; Compilation Hierarchy Node                      ; Logic Cells ; Dedicated Logic Registers ; I/O Registers ; Memory Bits ; M9Ks ; DSP Elements ; DSP 9x9 ; DSP 18x18 ; Pins ; Virtual Pins ; LUT-Only LCs ; Register-Only LCs ; LUT/Register LCs ; Full Hierarchy Name                                                                                                        ; Entity Name                  ; Library Name ;
+-------------------------------------------------+-------------+---------------------------+---------------+-------------+------+--------------+---------+-----------+------+--------------+--------------+-------------------+------------------+----------------------------------------------------------------------------------------------------------------------------+------------------------------+--------------+
; |SYS80                                          ; 5173 (197)  ; 1853 (0)                  ; 0 (0)         ; 139264      ; 21   ; 0            ; 0       ; 0         ; 84   ; 0            ; 3320 (194)   ; 315 (0)           ; 1538 (39)        ; |SYS80                                                                                                                     ; SYS80                        ; work         ;
;    |Cross_Slow_To_Fast_Clock:META1|             ; 3 (3)       ; 3 (3)                     ; 0 (0)         ; 0           ; 0    ; 0            ; 0       ; 0         ; 0    ; 0            ; 0 (0)        ; 2 (2)             ; 1 (1)            ; |SYS80|Cross_Slow_To_Fast_Clock:META1                                                                                      ; Cross_Slow_To_Fast_Clock     ; work         ;
;    |Cross_Slow_To_Fast_Clock_Bus:META2|         ; 24 (24)     ; 24 (24)                   ; 0 (0)         ; 0           ; 0    ; 0            ; 0       ; 0         ; 0    ; 0            ; 0 (0)        ; 17 (17)           ; 7 (7)            ; |SYS80|Cross_Slow_To_Fast_Clock_Bus:META2                                                                                  ; Cross_Slow_To_Fast_Clock_Bus ; work         ;
;    |EEprom:EEprom|                              ; 356 (145)   ; 247 (98)                  ; 0 (0)         ; 0           ; 0    ; 0            ; 0       ; 0         ; 0    ; 0            ; 109 (48)     ; 32 (21)           ; 215 (75)         ; |SYS80|EEprom:EEprom                                                                                                       ; EEprom                       ; work         ;
;       |SPI_Master:EEPROM_CMD|                   ; 36 (36)     ; 23 (23)                   ; 0 (0)         ; 0           ; 0    ; 0            ; 0       ; 0         ; 0    ; 0            ; 13 (13)      ; 1 (1)             ; 22 (22)          ; |SYS80|EEprom:EEprom|SPI_Master:EEPROM_CMD                                                                                 ; SPI_Master                   ; work         ;
;       |SPI_Master:EEPROM_READ|                  ; 68 (68)     ; 50 (50)                   ; 0 (0)         ; 0           ; 0    ; 0            ; 0       ; 0         ; 0    ; 0            ; 16 (16)      ; 9 (9)             ; 43 (43)          ; |SYS80|EEprom:EEprom|SPI_Master:EEPROM_READ                                                                                ; SPI_Master                   ; work         ;
;       |SPI_Master:EEPROM_STAT|                  ; 42 (42)     ; 26 (26)                   ; 0 (0)         ; 0           ; 0    ; 0            ; 0       ; 0         ; 0    ; 0            ; 16 (16)      ; 1 (1)             ; 25 (25)          ; |SYS80|EEprom:EEprom|SPI_Master:EEPROM_STAT                                                                                ; SPI_Master                   ; work         ;
;       |SPI_Master:EEPROM_WRITE|                 ; 66 (66)     ; 50 (50)                   ; 0 (0)         ; 0           ; 0    ; 0            ; 0       ; 0         ; 0    ; 0            ; 16 (16)      ; 0 (0)             ; 50 (50)          ; |SYS80|EEprom:EEprom|SPI_Master:EEPROM_WRITE                                                                               ; SPI_Master                   ; work         ;
;    |GAME_ROM:GAME2|                             ; 0 (0)       ; 0 (0)                     ; 0 (0)         ; 16384       ; 2    ; 0            ; 0       ; 0         ; 0    ; 0            ; 0 (0)        ; 0 (0)             ; 0 (0)            ; |SYS80|GAME_ROM:GAME2                                                                                                      ; GAME_ROM                     ; work         ;
;       |altsyncram:altsyncram_component|         ; 0 (0)       ; 0 (0)                     ; 0 (0)         ; 16384       ; 2    ; 0            ; 0       ; 0         ; 0    ; 0            ; 0 (0)        ; 0 (0)             ; 0 (0)            ; |SYS80|GAME_ROM:GAME2|altsyncram:altsyncram_component                                                                      ; altsyncram                   ; work         ;
;          |altsyncram_k1q3:auto_generated|       ; 0 (0)       ; 0 (0)                     ; 0 (0)         ; 16384       ; 2    ; 0            ; 0       ; 0         ; 0    ; 0            ; 0 (0)        ; 0 (0)             ; 0 (0)            ; |SYS80|GAME_ROM:GAME2|altsyncram:altsyncram_component|altsyncram_k1q3:auto_generated                                       ; altsyncram_k1q3              ; work         ;
;    |GAME_ROM:GAME|                              ; 0 (0)       ; 0 (0)                     ; 0 (0)         ; 16384       ; 2    ; 0            ; 0       ; 0         ; 0    ; 0            ; 0 (0)        ; 0 (0)             ; 0 (0)            ; |SYS80|GAME_ROM:GAME                                                                                                       ; GAME_ROM                     ; work         ;
;       |altsyncram:altsyncram_component|         ; 0 (0)       ; 0 (0)                     ; 0 (0)         ; 16384       ; 2    ; 0            ; 0       ; 0         ; 0    ; 0            ; 0 (0)        ; 0 (0)             ; 0 (0)            ; |SYS80|GAME_ROM:GAME|altsyncram:altsyncram_component                                                                       ; altsyncram                   ; work         ;
;          |altsyncram_k1q3:auto_generated|       ; 0 (0)       ; 0 (0)                     ; 0 (0)         ; 16384       ; 2    ; 0            ; 0       ; 0         ; 0    ; 0            ; 0 (0)        ; 0 (0)             ; 0 (0)            ; |SYS80|GAME_ROM:GAME|altsyncram:altsyncram_component|altsyncram_k1q3:auto_generated                                        ; altsyncram_k1q3              ; work         ;
;    |GAME_ROM:SOUNDROM1|                         ; 0 (0)       ; 0 (0)                     ; 0 (0)         ; 16384       ; 2    ; 0            ; 0       ; 0         ; 0    ; 0            ; 0 (0)        ; 0 (0)             ; 0 (0)            ; |SYS80|GAME_ROM:SOUNDROM1                                                                                                  ; GAME_ROM                     ; work         ;
;       |altsyncram:altsyncram_component|         ; 0 (0)       ; 0 (0)                     ; 0 (0)         ; 16384       ; 2    ; 0            ; 0       ; 0         ; 0    ; 0            ; 0 (0)        ; 0 (0)             ; 0 (0)            ; |SYS80|GAME_ROM:SOUNDROM1|altsyncram:altsyncram_component                                                                  ; altsyncram                   ; work         ;
;          |altsyncram_k1q3:auto_generated|       ; 0 (0)       ; 0 (0)                     ; 0 (0)         ; 16384       ; 2    ; 0            ; 0       ; 0         ; 0    ; 0            ; 0 (0)        ; 0 (0)             ; 0 (0)            ; |SYS80|GAME_ROM:SOUNDROM1|altsyncram:altsyncram_component|altsyncram_k1q3:auto_generated                                   ; altsyncram_k1q3              ; work         ;
;    |GAME_ROM:SOUNDROM2|                         ; 0 (0)       ; 0 (0)                     ; 0 (0)         ; 16384       ; 2    ; 0            ; 0       ; 0         ; 0    ; 0            ; 0 (0)        ; 0 (0)             ; 0 (0)            ; |SYS80|GAME_ROM:SOUNDROM2                                                                                                  ; GAME_ROM                     ; work         ;
;       |altsyncram:altsyncram_component|         ; 0 (0)       ; 0 (0)                     ; 0 (0)         ; 16384       ; 2    ; 0            ; 0       ; 0         ; 0    ; 0            ; 0 (0)        ; 0 (0)             ; 0 (0)            ; |SYS80|GAME_ROM:SOUNDROM2|altsyncram:altsyncram_component                                                                  ; altsyncram                   ; work         ;
;          |altsyncram_k1q3:auto_generated|       ; 0 (0)       ; 0 (0)                     ; 0 (0)         ; 16384       ; 2    ; 0            ; 0       ; 0         ; 0    ; 0            ; 0 (0)        ; 0 (0)             ; 0 (0)            ; |SYS80|GAME_ROM:SOUNDROM2|altsyncram:altsyncram_component|altsyncram_k1q3:auto_generated                                   ; altsyncram_k1q3              ; work         ;
;    |R5101:Z5|                                   ; 0 (0)       ; 0 (0)                     ; 0 (0)         ; 1024        ; 1    ; 0            ; 0       ; 0         ; 0    ; 0            ; 0 (0)        ; 0 (0)             ; 0 (0)            ; |SYS80|R5101:Z5                                                                                                            ; R5101                        ; work         ;
;       |altsyncram:altsyncram_component|         ; 0 (0)       ; 0 (0)                     ; 0 (0)         ; 1024        ; 1    ; 0            ; 0       ; 0         ; 0    ; 0            ; 0 (0)        ; 0 (0)             ; 0 (0)            ; |SYS80|R5101:Z5|altsyncram:altsyncram_component                                                                            ; altsyncram                   ; work         ;
;          |altsyncram_jpq3:auto_generated|       ; 0 (0)       ; 0 (0)                     ; 0 (0)         ; 1024        ; 1    ; 0            ; 0       ; 0         ; 0    ; 0            ; 0 (0)        ; 0 (0)             ; 0 (0)            ; |SYS80|R5101:Z5|altsyncram:altsyncram_component|altsyncram_jpq3:auto_generated                                             ; altsyncram_jpq3              ; work         ;
;    |R6532:U4_IO|                                ; 139 (139)   ; 76 (76)                   ; 0 (0)         ; 0           ; 0    ; 0            ; 0       ; 0         ; 0    ; 0            ; 56 (56)      ; 23 (23)           ; 60 (60)          ; |SYS80|R6532:U4_IO                                                                                                         ; R6532                        ; work         ;
;    |R6532:U5_IO|                                ; 127 (127)   ; 83 (83)                   ; 0 (0)         ; 0           ; 0    ; 0            ; 0       ; 0         ; 0    ; 0            ; 44 (44)      ; 16 (16)           ; 67 (67)          ; |SYS80|R6532:U5_IO                                                                                                         ; R6532                        ; work         ;
;    |R6532:U6_IO|                                ; 134 (134)   ; 80 (80)                   ; 0 (0)         ; 0           ; 0    ; 0            ; 0       ; 0         ; 0    ; 0            ; 53 (53)      ; 18 (18)           ; 63 (63)          ; |SYS80|R6532:U6_IO                                                                                                         ; R6532                        ; work         ;
;    |RIOT_RAM:U4_RAM|                            ; 0 (0)       ; 0 (0)                     ; 0 (0)         ; 2048        ; 1    ; 0            ; 0       ; 0         ; 0    ; 0            ; 0 (0)        ; 0 (0)             ; 0 (0)            ; |SYS80|RIOT_RAM:U4_RAM                                                                                                     ; RIOT_RAM                     ; work         ;
;       |altsyncram:altsyncram_component|         ; 0 (0)       ; 0 (0)                     ; 0 (0)         ; 2048        ; 1    ; 0            ; 0       ; 0         ; 0    ; 0            ; 0 (0)        ; 0 (0)             ; 0 (0)            ; |SYS80|RIOT_RAM:U4_RAM|altsyncram:altsyncram_component                                                                     ; altsyncram                   ; work         ;
;          |altsyncram_48p3:auto_generated|       ; 0 (0)       ; 0 (0)                     ; 0 (0)         ; 2048        ; 1    ; 0            ; 0       ; 0         ; 0    ; 0            ; 0 (0)        ; 0 (0)             ; 0 (0)            ; |SYS80|RIOT_RAM:U4_RAM|altsyncram:altsyncram_component|altsyncram_48p3:auto_generated                                      ; altsyncram_48p3              ; work         ;
;    |RIOT_RAM:U5_RAM|                            ; 0 (0)       ; 0 (0)                     ; 0 (0)         ; 2048        ; 1    ; 0            ; 0       ; 0         ; 0    ; 0            ; 0 (0)        ; 0 (0)             ; 0 (0)            ; |SYS80|RIOT_RAM:U5_RAM                                                                                                     ; RIOT_RAM                     ; work         ;
;       |altsyncram:altsyncram_component|         ; 0 (0)       ; 0 (0)                     ; 0 (0)         ; 2048        ; 1    ; 0            ; 0       ; 0         ; 0    ; 0            ; 0 (0)        ; 0 (0)             ; 0 (0)            ; |SYS80|RIOT_RAM:U5_RAM|altsyncram:altsyncram_component                                                                     ; altsyncram                   ; work         ;
;          |altsyncram_48p3:auto_generated|       ; 0 (0)       ; 0 (0)                     ; 0 (0)         ; 2048        ; 1    ; 0            ; 0       ; 0         ; 0    ; 0            ; 0 (0)        ; 0 (0)             ; 0 (0)            ; |SYS80|RIOT_RAM:U5_RAM|altsyncram:altsyncram_component|altsyncram_48p3:auto_generated                                      ; altsyncram_48p3              ; work         ;
;    |RIOT_RAM:U6_RAM|                            ; 0 (0)       ; 0 (0)                     ; 0 (0)         ; 2048        ; 1    ; 0            ; 0       ; 0         ; 0    ; 0            ; 0 (0)        ; 0 (0)             ; 0 (0)            ; |SYS80|RIOT_RAM:U6_RAM                                                                                                     ; RIOT_RAM                     ; work         ;
;       |altsyncram:altsyncram_component|         ; 0 (0)       ; 0 (0)                     ; 0 (0)         ; 2048        ; 1    ; 0            ; 0       ; 0         ; 0    ; 0            ; 0 (0)        ; 0 (0)             ; 0 (0)            ; |SYS80|RIOT_RAM:U6_RAM|altsyncram:altsyncram_component                                                                     ; altsyncram                   ; work         ;
;          |altsyncram_48p3:auto_generated|       ; 0 (0)       ; 0 (0)                     ; 0 (0)         ; 2048        ; 1    ; 0            ; 0       ; 0         ; 0    ; 0            ; 0 (0)        ; 0 (0)             ; 0 (0)            ; |SYS80|RIOT_RAM:U6_RAM|altsyncram:altsyncram_component|altsyncram_48p3:auto_generated                                      ; altsyncram_48p3              ; work         ;
;    |SD_Card:SD_CARD|                            ; 545 (295)   ; 358 (146)                 ; 0 (0)         ; 0           ; 0    ; 0            ; 0       ; 0         ; 0    ; 0            ; 186 (148)    ; 79 (24)           ; 280 (125)        ; |SYS80|SD_Card:SD_CARD                                                                                                     ; SD_Card                      ; work         ;
;       |SPI_Master:SD_CARD_ACCESS|               ; 201 (201)   ; 180 (180)                 ; 0 (0)         ; 0           ; 0    ; 0            ; 0       ; 0         ; 0    ; 0            ; 21 (21)      ; 48 (48)           ; 132 (132)        ; |SYS80|SD_Card:SD_CARD|SPI_Master:SD_CARD_ACCESS                                                                           ; SPI_Master                   ; work         ;
;       |SPI_Master:SD_CARD_READ|                 ; 49 (49)     ; 32 (32)                   ; 0 (0)         ; 0           ; 0    ; 0            ; 0       ; 0         ; 0    ; 0            ; 17 (17)      ; 7 (7)             ; 25 (25)          ; |SYS80|SD_Card:SD_CARD|SPI_Master:SD_CARD_READ                                                                             ; SPI_Master                   ; work         ;
;    |SYSTEM_ROM:SYSTEM|                          ; 0 (0)       ; 0 (0)                     ; 0 (0)         ; 65536       ; 8    ; 0            ; 0       ; 0         ; 0    ; 0            ; 0 (0)        ; 0 (0)             ; 0 (0)            ; |SYS80|SYSTEM_ROM:SYSTEM                                                                                                   ; SYSTEM_ROM                   ; work         ;
;       |altsyncram:altsyncram_component|         ; 0 (0)       ; 0 (0)                     ; 0 (0)         ; 65536       ; 8    ; 0            ; 0       ; 0         ; 0    ; 0            ; 0 (0)        ; 0 (0)             ; 0 (0)            ; |SYS80|SYSTEM_ROM:SYSTEM|altsyncram:altsyncram_component                                                                   ; altsyncram                   ; work         ;
;          |altsyncram_s1q3:auto_generated|       ; 0 (0)       ; 0 (0)                     ; 0 (0)         ; 65536       ; 8    ; 0            ; 0       ; 0         ; 0    ; 0            ; 0 (0)        ; 0 (0)             ; 0 (0)            ; |SYS80|SYSTEM_ROM:SYSTEM|altsyncram:altsyncram_component|altsyncram_s1q3:auto_generated                                    ; altsyncram_s1q3              ; work         ;
;    |T65:U1|                                     ; 1055 (488)  ; 163 (163)                 ; 0 (0)         ; 0           ; 0    ; 0            ; 0       ; 0         ; 0    ; 0            ; 892 (325)    ; 17 (17)           ; 146 (112)        ; |SYS80|T65:U1                                                                                                              ; T65                          ; work         ;
;       |T65_ALU:alu|                             ; 180 (180)   ; 0 (0)                     ; 0 (0)         ; 0           ; 0    ; 0            ; 0       ; 0         ; 0    ; 0            ; 179 (179)    ; 0 (0)             ; 1 (1)            ; |SYS80|T65:U1|T65_ALU:alu                                                                                                  ; T65_ALU                      ; work         ;
;       |T65_MCode:mcode|                         ; 421 (421)   ; 0 (0)                     ; 0 (0)         ; 0           ; 0    ; 0            ; 0       ; 0         ; 0    ; 0            ; 388 (388)    ; 0 (0)             ; 33 (33)          ; |SYS80|T65:U1|T65_MCode:mcode                                                                                              ; T65_MCode                    ; work         ;
;    |anti_thunk:AT|                              ; 29 (29)     ; 23 (23)                   ; 0 (0)         ; 0           ; 0    ; 0            ; 0       ; 0         ; 0    ; 0            ; 6 (6)        ; 1 (1)             ; 22 (22)          ; |SYS80|anti_thunk:AT                                                                                                       ; anti_thunk                   ; work         ;
;    |boot_message:BM|                            ; 136 (122)   ; 31 (31)                   ; 0 (0)         ; 0           ; 0    ; 0            ; 0       ; 0         ; 0    ; 0            ; 96 (82)      ; 5 (5)             ; 35 (35)          ; |SYS80|boot_message:BM                                                                                                     ; boot_message                 ; work         ;
;       |sn7448_gtb:sn7448_gtb_1|                 ; 7 (7)       ; 0 (0)                     ; 0 (0)         ; 0           ; 0    ; 0            ; 0       ; 0         ; 0    ; 0            ; 7 (7)        ; 0 (0)             ; 0 (0)            ; |SYS80|boot_message:BM|sn7448_gtb:sn7448_gtb_1                                                                             ; sn7448_gtb                   ; work         ;
;       |sn7448_gtb:sn7448_gtb_3|                 ; 7 (7)       ; 0 (0)                     ; 0 (0)         ; 0           ; 0    ; 0            ; 0       ; 0         ; 0    ; 0            ; 7 (7)        ; 0 (0)             ; 0 (0)            ; |SYS80|boot_message:BM|sn7448_gtb:sn7448_gtb_3                                                                             ; sn7448_gtb                   ; work         ;
;    |byte_to_ascii:CONVG|                        ; 147 (76)    ; 47 (47)                   ; 0 (0)         ; 0           ; 0    ; 0            ; 0       ; 0         ; 0    ; 0            ; 100 (29)     ; 28 (28)           ; 19 (19)          ; |SYS80|byte_to_ascii:CONVG                                                                                                 ; byte_to_ascii                ; work         ;
;       |lpm_divide:Div0|                         ; 18 (0)      ; 0 (0)                     ; 0 (0)         ; 0           ; 0    ; 0            ; 0       ; 0         ; 0    ; 0            ; 18 (0)       ; 0 (0)             ; 0 (0)            ; |SYS80|byte_to_ascii:CONVG|lpm_divide:Div0                                                                                 ; lpm_divide                   ; work         ;
;          |lpm_divide_fhm:auto_generated|        ; 18 (0)      ; 0 (0)                     ; 0 (0)         ; 0           ; 0    ; 0            ; 0       ; 0         ; 0    ; 0            ; 18 (0)       ; 0 (0)             ; 0 (0)            ; |SYS80|byte_to_ascii:CONVG|lpm_divide:Div0|lpm_divide_fhm:auto_generated                                                   ; lpm_divide_fhm               ; work         ;
;             |sign_div_unsign_ekh:divider|       ; 18 (0)      ; 0 (0)                     ; 0 (0)         ; 0           ; 0    ; 0            ; 0       ; 0         ; 0    ; 0            ; 18 (0)       ; 0 (0)             ; 0 (0)            ; |SYS80|byte_to_ascii:CONVG|lpm_divide:Div0|lpm_divide_fhm:auto_generated|sign_div_unsign_ekh:divider                       ; sign_div_unsign_ekh          ; work         ;
;                |alt_u_div_g4f:divider|          ; 18 (18)     ; 0 (0)                     ; 0 (0)         ; 0           ; 0    ; 0            ; 0       ; 0         ; 0    ; 0            ; 18 (18)      ; 0 (0)             ; 0 (0)            ; |SYS80|byte_to_ascii:CONVG|lpm_divide:Div0|lpm_divide_fhm:auto_generated|sign_div_unsign_ekh:divider|alt_u_div_g4f:divider ; alt_u_div_g4f                ; work         ;
;       |lpm_divide:Div1|                         ; 51 (0)      ; 0 (0)                     ; 0 (0)         ; 0           ; 0    ; 0            ; 0       ; 0         ; 0    ; 0            ; 51 (0)       ; 0 (0)             ; 0 (0)            ; |SYS80|byte_to_ascii:CONVG|lpm_divide:Div1                                                                                 ; lpm_divide                   ; work         ;
;          |lpm_divide_chm:auto_generated|        ; 51 (0)      ; 0 (0)                     ; 0 (0)         ; 0           ; 0    ; 0            ; 0       ; 0         ; 0    ; 0            ; 51 (0)       ; 0 (0)             ; 0 (0)            ; |SYS80|byte_to_ascii:CONVG|lpm_divide:Div1|lpm_divide_chm:auto_generated                                                   ; lpm_divide_chm               ; work         ;
;             |sign_div_unsign_bkh:divider|       ; 51 (0)      ; 0 (0)                     ; 0 (0)         ; 0           ; 0    ; 0            ; 0       ; 0         ; 0    ; 0            ; 51 (0)       ; 0 (0)             ; 0 (0)            ; |SYS80|byte_to_ascii:CONVG|lpm_divide:Div1|lpm_divide_chm:auto_generated|sign_div_unsign_bkh:divider                       ; sign_div_unsign_bkh          ; work         ;
;                |alt_u_div_a4f:divider|          ; 51 (51)     ; 0 (0)                     ; 0 (0)         ; 0           ; 0    ; 0            ; 0       ; 0         ; 0    ; 0            ; 51 (51)      ; 0 (0)             ; 0 (0)            ; |SYS80|byte_to_ascii:CONVG|lpm_divide:Div1|lpm_divide_chm:auto_generated|sign_div_unsign_bkh:divider|alt_u_div_a4f:divider ; alt_u_div_a4f                ; work         ;
;       |lpm_mult:Mult0|                          ; 2 (0)       ; 0 (0)                     ; 0 (0)         ; 0           ; 0    ; 0            ; 0       ; 0         ; 0    ; 0            ; 2 (0)        ; 0 (0)             ; 0 (0)            ; |SYS80|byte_to_ascii:CONVG|lpm_mult:Mult0                                                                                  ; lpm_mult                     ; work         ;
;          |multcore:mult_core|                   ; 2 (2)       ; 0 (0)                     ; 0 (0)         ; 0           ; 0    ; 0            ; 0       ; 0         ; 0    ; 0            ; 2 (2)        ; 0 (0)             ; 0 (0)            ; |SYS80|byte_to_ascii:CONVG|lpm_mult:Mult0|multcore:mult_core                                                               ; multcore                     ; work         ;
;    |byte_to_ascii:CONVO|                        ; 129 (58)    ; 34 (34)                   ; 0 (0)         ; 0           ; 0    ; 0            ; 0       ; 0         ; 0    ; 0            ; 95 (29)      ; 13 (13)           ; 21 (16)          ; |SYS80|byte_to_ascii:CONVO                                                                                                 ; byte_to_ascii                ; work         ;
;       |lpm_divide:Div0|                         ; 18 (0)      ; 0 (0)                     ; 0 (0)         ; 0           ; 0    ; 0            ; 0       ; 0         ; 0    ; 0            ; 18 (0)       ; 0 (0)             ; 0 (0)            ; |SYS80|byte_to_ascii:CONVO|lpm_divide:Div0                                                                                 ; lpm_divide                   ; work         ;
;          |lpm_divide_fhm:auto_generated|        ; 18 (0)      ; 0 (0)                     ; 0 (0)         ; 0           ; 0    ; 0            ; 0       ; 0         ; 0    ; 0            ; 18 (0)       ; 0 (0)             ; 0 (0)            ; |SYS80|byte_to_ascii:CONVO|lpm_divide:Div0|lpm_divide_fhm:auto_generated                                                   ; lpm_divide_fhm               ; work         ;
;             |sign_div_unsign_ekh:divider|       ; 18 (0)      ; 0 (0)                     ; 0 (0)         ; 0           ; 0    ; 0            ; 0       ; 0         ; 0    ; 0            ; 18 (0)       ; 0 (0)             ; 0 (0)            ; |SYS80|byte_to_ascii:CONVO|lpm_divide:Div0|lpm_divide_fhm:auto_generated|sign_div_unsign_ekh:divider                       ; sign_div_unsign_ekh          ; work         ;
;                |alt_u_div_g4f:divider|          ; 18 (18)     ; 0 (0)                     ; 0 (0)         ; 0           ; 0    ; 0            ; 0       ; 0         ; 0    ; 0            ; 18 (18)      ; 0 (0)             ; 0 (0)            ; |SYS80|byte_to_ascii:CONVO|lpm_divide:Div0|lpm_divide_fhm:auto_generated|sign_div_unsign_ekh:divider|alt_u_div_g4f:divider ; alt_u_div_g4f                ; work         ;
;       |lpm_divide:Div1|                         ; 51 (0)      ; 0 (0)                     ; 0 (0)         ; 0           ; 0    ; 0            ; 0       ; 0         ; 0    ; 0            ; 46 (0)       ; 0 (0)             ; 5 (0)            ; |SYS80|byte_to_ascii:CONVO|lpm_divide:Div1                                                                                 ; lpm_divide                   ; work         ;
;          |lpm_divide_chm:auto_generated|        ; 51 (0)      ; 0 (0)                     ; 0 (0)         ; 0           ; 0    ; 0            ; 0       ; 0         ; 0    ; 0            ; 46 (0)       ; 0 (0)             ; 5 (0)            ; |SYS80|byte_to_ascii:CONVO|lpm_divide:Div1|lpm_divide_chm:auto_generated                                                   ; lpm_divide_chm               ; work         ;
;             |sign_div_unsign_bkh:divider|       ; 51 (0)      ; 0 (0)                     ; 0 (0)         ; 0           ; 0    ; 0            ; 0       ; 0         ; 0    ; 0            ; 46 (0)       ; 0 (0)             ; 5 (0)            ; |SYS80|byte_to_ascii:CONVO|lpm_divide:Div1|lpm_divide_chm:auto_generated|sign_div_unsign_bkh:divider                       ; sign_div_unsign_bkh          ; work         ;
;                |alt_u_div_a4f:divider|          ; 51 (51)     ; 0 (0)                     ; 0 (0)         ; 0           ; 0    ; 0            ; 0       ; 0         ; 0    ; 0            ; 46 (46)      ; 0 (0)             ; 5 (5)            ; |SYS80|byte_to_ascii:CONVO|lpm_divide:Div1|lpm_divide_chm:auto_generated|sign_div_unsign_bkh:divider|alt_u_div_a4f:divider ; alt_u_div_a4f                ; work         ;
;       |lpm_mult:Mult0|                          ; 2 (0)       ; 0 (0)                     ; 0 (0)         ; 0           ; 0    ; 0            ; 0       ; 0         ; 0    ; 0            ; 2 (0)        ; 0 (0)             ; 0 (0)            ; |SYS80|byte_to_ascii:CONVO|lpm_mult:Mult0                                                                                  ; lpm_mult                     ; work         ;
;          |multcore:mult_core|                   ; 2 (2)       ; 0 (0)                     ; 0 (0)         ; 0           ; 0    ; 0            ; 0       ; 0         ; 0    ; 0            ; 2 (2)        ; 0 (0)             ; 0 (0)            ; |SYS80|byte_to_ascii:CONVO|lpm_mult:Mult0|multcore:mult_core                                                               ; multcore                     ; work         ;
;    |byte_to_ascii:CONVS|                        ; 132 (61)    ; 34 (34)                   ; 0 (0)         ; 0           ; 0    ; 0            ; 0       ; 0         ; 0    ; 0            ; 98 (27)      ; 11 (11)           ; 23 (23)          ; |SYS80|byte_to_ascii:CONVS                                                                                                 ; byte_to_ascii                ; work         ;
;       |lpm_divide:Div0|                         ; 18 (0)      ; 0 (0)                     ; 0 (0)         ; 0           ; 0    ; 0            ; 0       ; 0         ; 0    ; 0            ; 18 (0)       ; 0 (0)             ; 0 (0)            ; |SYS80|byte_to_ascii:CONVS|lpm_divide:Div0                                                                                 ; lpm_divide                   ; work         ;
;          |lpm_divide_fhm:auto_generated|        ; 18 (0)      ; 0 (0)                     ; 0 (0)         ; 0           ; 0    ; 0            ; 0       ; 0         ; 0    ; 0            ; 18 (0)       ; 0 (0)             ; 0 (0)            ; |SYS80|byte_to_ascii:CONVS|lpm_divide:Div0|lpm_divide_fhm:auto_generated                                                   ; lpm_divide_fhm               ; work         ;
;             |sign_div_unsign_ekh:divider|       ; 18 (0)      ; 0 (0)                     ; 0 (0)         ; 0           ; 0    ; 0            ; 0       ; 0         ; 0    ; 0            ; 18 (0)       ; 0 (0)             ; 0 (0)            ; |SYS80|byte_to_ascii:CONVS|lpm_divide:Div0|lpm_divide_fhm:auto_generated|sign_div_unsign_ekh:divider                       ; sign_div_unsign_ekh          ; work         ;
;                |alt_u_div_g4f:divider|          ; 18 (18)     ; 0 (0)                     ; 0 (0)         ; 0           ; 0    ; 0            ; 0       ; 0         ; 0    ; 0            ; 18 (18)      ; 0 (0)             ; 0 (0)            ; |SYS80|byte_to_ascii:CONVS|lpm_divide:Div0|lpm_divide_fhm:auto_generated|sign_div_unsign_ekh:divider|alt_u_div_g4f:divider ; alt_u_div_g4f                ; work         ;
;       |lpm_divide:Div1|                         ; 51 (0)      ; 0 (0)                     ; 0 (0)         ; 0           ; 0    ; 0            ; 0       ; 0         ; 0    ; 0            ; 51 (0)       ; 0 (0)             ; 0 (0)            ; |SYS80|byte_to_ascii:CONVS|lpm_divide:Div1                                                                                 ; lpm_divide                   ; work         ;
;          |lpm_divide_chm:auto_generated|        ; 51 (0)      ; 0 (0)                     ; 0 (0)         ; 0           ; 0    ; 0            ; 0       ; 0         ; 0    ; 0            ; 51 (0)       ; 0 (0)             ; 0 (0)            ; |SYS80|byte_to_ascii:CONVS|lpm_divide:Div1|lpm_divide_chm:auto_generated                                                   ; lpm_divide_chm               ; work         ;
;             |sign_div_unsign_bkh:divider|       ; 51 (0)      ; 0 (0)                     ; 0 (0)         ; 0           ; 0    ; 0            ; 0       ; 0         ; 0    ; 0            ; 51 (0)       ; 0 (0)             ; 0 (0)            ; |SYS80|byte_to_ascii:CONVS|lpm_divide:Div1|lpm_divide_chm:auto_generated|sign_div_unsign_bkh:divider                       ; sign_div_unsign_bkh          ; work         ;
;                |alt_u_div_a4f:divider|          ; 51 (51)     ; 0 (0)                     ; 0 (0)         ; 0           ; 0    ; 0            ; 0       ; 0         ; 0    ; 0            ; 51 (51)      ; 0 (0)             ; 0 (0)            ; |SYS80|byte_to_ascii:CONVS|lpm_divide:Div1|lpm_divide_chm:auto_generated|sign_div_unsign_bkh:divider|alt_u_div_a4f:divider ; alt_u_div_a4f                ; work         ;
;       |lpm_mult:Mult0|                          ; 2 (0)       ; 0 (0)                     ; 0 (0)         ; 0           ; 0    ; 0            ; 0       ; 0         ; 0    ; 0            ; 2 (0)        ; 0 (0)             ; 0 (0)            ; |SYS80|byte_to_ascii:CONVS|lpm_mult:Mult0                                                                                  ; lpm_mult                     ; work         ;
;          |multcore:mult_core|                   ; 2 (2)       ; 0 (0)                     ; 0 (0)         ; 0           ; 0    ; 0            ; 0       ; 0         ; 0    ; 0            ; 2 (2)        ; 0 (0)             ; 0 (0)            ; |SYS80|byte_to_ascii:CONVS|lpm_mult:Mult0|multcore:mult_core                                                               ; multcore                     ; work         ;
;    |count_to_zero:COUNT_INTS|                   ; 23 (23)     ; 11 (11)                   ; 0 (0)         ; 0           ; 0    ; 0            ; 0       ; 0         ; 0    ; 0            ; 12 (12)      ; 2 (2)             ; 9 (9)            ; |SYS80|count_to_zero:COUNT_INTS                                                                                            ; count_to_zero                ; work         ;
;    |count_to_zero:COUNT_STROBES|                ; 18 (18)     ; 11 (11)                   ; 0 (0)         ; 0           ; 0    ; 0            ; 0       ; 0         ; 0    ; 0            ; 7 (7)        ; 1 (1)             ; 10 (10)          ; |SYS80|count_to_zero:COUNT_STROBES                                                                                         ; count_to_zero                ; work         ;
;    |cpu_clk_gen:clock_gen|                      ; 10 (10)     ; 8 (8)                     ; 0 (0)         ; 0           ; 0    ; 0            ; 0       ; 0         ; 0    ; 0            ; 2 (2)        ; 0 (0)             ; 8 (8)            ; |SYS80|cpu_clk_gen:clock_gen                                                                                               ; cpu_clk_gen                  ; work         ;
;    |detect_sw:detect_credit_sw|                 ; 83 (83)     ; 54 (54)                   ; 0 (0)         ; 0           ; 0    ; 0            ; 0       ; 0         ; 0    ; 0            ; 29 (29)      ; 0 (0)             ; 54 (54)          ; |SYS80|detect_sw:detect_credit_sw                                                                                          ; detect_sw                    ; work         ;
;    |detect_sw:detect_test_sw|                   ; 81 (81)     ; 54 (54)                   ; 0 (0)         ; 0           ; 0    ; 0            ; 0       ; 0         ; 0    ; 0            ; 27 (27)      ; 0 (0)             ; 54 (54)          ; |SYS80|detect_sw:detect_test_sw                                                                                            ; detect_sw                    ; work         ;
;    |detect_sw_trigger:detect_credit_sw_trigger| ; 45 (45)     ; 30 (30)                   ; 0 (0)         ; 0           ; 0    ; 0            ; 0       ; 0         ; 0    ; 0            ; 15 (15)      ; 1 (1)             ; 29 (29)          ; |SYS80|detect_sw_trigger:detect_credit_sw_trigger                                                                          ; detect_sw_trigger            ; work         ;
;    |gosof80:SOUNDBOARD|                         ; 1720 (112)  ; 419 (9)                   ; 0 (0)         ; 1024        ; 1    ; 0            ; 0       ; 0         ; 0    ; 0            ; 1291 (92)    ; 33 (0)            ; 396 (48)         ; |SYS80|gosof80:SOUNDBOARD                                                                                                  ; gosof80                      ; work         ;
;       |DFPlayer_Mini_CMD:DFP_send|              ; 76 (76)     ; 39 (39)                   ; 0 (0)         ; 0           ; 0    ; 0            ; 0       ; 0         ; 0    ; 0            ; 37 (37)      ; 0 (0)             ; 39 (39)          ; |SYS80|gosof80:SOUNDBOARD|DFPlayer_Mini_CMD:DFP_send                                                                       ; DFPlayer_Mini_CMD            ; work         ;
;       |R6532:RIOT|                              ; 147 (147)   ; 77 (77)                   ; 0 (0)         ; 0           ; 0    ; 0            ; 0       ; 0         ; 0    ; 0            ; 70 (70)      ; 15 (15)           ; 62 (62)          ; |SYS80|gosof80:SOUNDBOARD|R6532:RIOT                                                                                       ; R6532                        ; work         ;
;       |SB_RAM:RIOT_RAM|                         ; 0 (0)       ; 0 (0)                     ; 0 (0)         ; 1024        ; 1    ; 0            ; 0       ; 0         ; 0    ; 0            ; 0 (0)        ; 0 (0)             ; 0 (0)            ; |SYS80|gosof80:SOUNDBOARD|SB_RAM:RIOT_RAM                                                                                  ; SB_RAM                       ; work         ;
;          |altsyncram:altsyncram_component|      ; 0 (0)       ; 0 (0)                     ; 0 (0)         ; 1024        ; 1    ; 0            ; 0       ; 0         ; 0    ; 0            ; 0 (0)        ; 0 (0)             ; 0 (0)            ; |SYS80|gosof80:SOUNDBOARD|SB_RAM:RIOT_RAM|altsyncram:altsyncram_component                                                  ; altsyncram                   ; work         ;
;             |altsyncram_18p3:auto_generated|    ; 0 (0)       ; 0 (0)                     ; 0 (0)         ; 1024        ; 1    ; 0            ; 0       ; 0         ; 0    ; 0            ; 0 (0)        ; 0 (0)             ; 0 (0)            ; |SYS80|gosof80:SOUNDBOARD|SB_RAM:RIOT_RAM|altsyncram:altsyncram_component|altsyncram_18p3:auto_generated                   ; altsyncram_18p3              ; work         ;
;       |SC01:SC01_Simu|                          ; 176 (150)   ; 47 (47)                   ; 0 (0)         ; 0           ; 0    ; 0            ; 0       ; 0         ; 0    ; 0            ; 129 (103)    ; 0 (0)             ; 47 (44)          ; |SYS80|gosof80:SOUNDBOARD|SC01:SC01_Simu                                                                                   ; SC01                         ; work         ;
;          |lpm_mult:Mult0|                       ; 29 (0)      ; 0 (0)                     ; 0 (0)         ; 0           ; 0    ; 0            ; 0       ; 0         ; 0    ; 0            ; 26 (0)       ; 0 (0)             ; 3 (0)            ; |SYS80|gosof80:SOUNDBOARD|SC01:SC01_Simu|lpm_mult:Mult0                                                                    ; lpm_mult                     ; work         ;
;             |multcore:mult_core|                ; 29 (29)     ; 0 (0)                     ; 0 (0)         ; 0           ; 0    ; 0            ; 0       ; 0         ; 0    ; 0            ; 26 (26)      ; 0 (0)             ; 3 (3)            ; |SYS80|gosof80:SOUNDBOARD|SC01:SC01_Simu|lpm_mult:Mult0|multcore:mult_core                                                 ; multcore                     ; work         ;
;       |T65:CPU|                                 ; 1058 (502)  ; 163 (163)                 ; 0 (0)         ; 0           ; 0    ; 0            ; 0       ; 0         ; 0    ; 0            ; 895 (339)    ; 15 (15)           ; 148 (116)        ; |SYS80|gosof80:SOUNDBOARD|T65:CPU                                                                                          ; T65                          ; work         ;
;          |T65_ALU:alu|                          ; 178 (178)   ; 0 (0)                     ; 0 (0)         ; 0           ; 0    ; 0            ; 0       ; 0         ; 0    ; 0            ; 177 (177)    ; 0 (0)             ; 1 (1)            ; |SYS80|gosof80:SOUNDBOARD|T65:CPU|T65_ALU:alu                                                                              ; T65_ALU                      ; work         ;
;          |T65_MCode:mcode|                      ; 410 (410)   ; 0 (0)                     ; 0 (0)         ; 0           ; 0    ; 0            ; 0       ; 0         ; 0    ; 0            ; 379 (379)    ; 0 (0)             ; 31 (31)          ; |SYS80|gosof80:SOUNDBOARD|T65:CPU|T65_MCode:mcode                                                                          ; T65_MCode                    ; work         ;
;       |attract:Attract_S|                       ; 119 (119)   ; 58 (58)                   ; 0 (0)         ; 0           ; 0    ; 0            ; 0       ; 0         ; 0    ; 0            ; 61 (61)      ; 2 (2)             ; 56 (56)          ; |SYS80|gosof80:SOUNDBOARD|attract:Attract_S                                                                                ; attract                      ; work         ;
;       |dac:Audio_DAC|                           ; 11 (11)     ; 11 (11)                   ; 0 (0)         ; 0           ; 0    ; 0            ; 0       ; 0         ; 0    ; 0            ; 0 (0)        ; 1 (1)             ; 10 (10)          ; |SYS80|gosof80:SOUNDBOARD|dac:Audio_DAC                                                                                    ; dac                          ; work         ;
;       |uart_clk_gen:uart_gen|                   ; 22 (22)     ; 15 (15)                   ; 0 (0)         ; 0           ; 0    ; 0            ; 0       ; 0         ; 0    ; 0            ; 7 (7)        ; 0 (0)             ; 15 (15)          ; |SYS80|gosof80:SOUNDBOARD|uart_clk_gen:uart_gen                                                                            ; uart_clk_gen                 ; work         ;
;    |read_the_dips:RDIPS|                        ; 30 (30)     ; 27 (27)                   ; 0 (0)         ; 0           ; 0    ; 0            ; 0       ; 0         ; 0    ; 0            ; 2 (2)        ; 9 (9)             ; 19 (19)          ; |SYS80|read_the_dips:RDIPS                                                                                                 ; read_the_dips                ; work         ;
;    |sn74175:sn74175_80B_1|                      ; 6 (6)       ; 6 (6)                     ; 0 (0)         ; 0           ; 0    ; 0            ; 0       ; 0         ; 0    ; 0            ; 0 (0)        ; 1 (1)             ; 5 (5)            ; |SYS80|sn74175:sn74175_80B_1                                                                                               ; sn74175                      ; work         ;
;    |sn74175:sn74175_80B_2|                      ; 6 (6)       ; 6 (6)                     ; 0 (0)         ; 0           ; 0    ; 0            ; 0       ; 0         ; 0    ; 0            ; 0 (0)        ; 0 (0)             ; 6 (6)            ; |SYS80|sn74175:sn74175_80B_2                                                                                               ; sn74175                      ; work         ;
;    |sn74175:sn74175_80_1|                       ; 6 (6)       ; 6 (6)                     ; 0 (0)         ; 0           ; 0    ; 0            ; 0       ; 0         ; 0    ; 0            ; 0 (0)        ; 1 (1)             ; 5 (5)            ; |SYS80|sn74175:sn74175_80_1                                                                                                ; sn74175                      ; work         ;
;    |sn74175:sn74175_80_2|                       ; 6 (6)       ; 6 (6)                     ; 0 (0)         ; 0           ; 0    ; 0            ; 0       ; 0         ; 0    ; 0            ; 0 (0)        ; 1 (1)             ; 5 (5)            ; |SYS80|sn74175:sn74175_80_2                                                                                                ; sn74175                      ; work         ;
;    |sn74175:sn74175_80_3|                       ; 6 (6)       ; 6 (6)                     ; 0 (0)         ; 0           ; 0    ; 0            ; 0       ; 0         ; 0    ; 0            ; 0 (0)        ; 2 (2)             ; 4 (4)            ; |SYS80|sn74175:sn74175_80_3                                                                                                ; sn74175                      ; work         ;
;    |sn74175:sn74175_Game_O|                     ; 3 (3)       ; 3 (3)                     ; 0 (0)         ; 0           ; 0    ; 0            ; 0       ; 0         ; 0    ; 0            ; 0 (0)        ; 1 (1)             ; 2 (2)            ; |SYS80|sn74175:sn74175_Game_O                                                                                              ; sn74175                      ; work         ;
;    |sn74175:sn74175_Sound16|                    ; 3 (3)       ; 3 (3)                     ; 0 (0)         ; 0           ; 0    ; 0            ; 0       ; 0         ; 0    ; 0            ; 0 (0)        ; 1 (1)             ; 2 (2)            ; |SYS80|sn74175:sn74175_Sound16                                                                                             ; sn74175                      ; work         ;
;    |sn7448:sn7448_1|                            ; 5 (5)       ; 0 (0)                     ; 0 (0)         ; 0           ; 0    ; 0            ; 0       ; 0         ; 0    ; 0            ; 2 (2)        ; 0 (0)             ; 3 (3)            ; |SYS80|sn7448:sn7448_1                                                                                                     ; sn7448                       ; work         ;
;    |sn7448:sn7448_2|                            ; 5 (5)       ; 0 (0)                     ; 0 (0)         ; 0           ; 0    ; 0            ; 0       ; 0         ; 0    ; 0            ; 2 (2)        ; 0 (0)             ; 3 (3)            ; |SYS80|sn7448:sn7448_2                                                                                                     ; sn7448                       ; work         ;
;    |sn7448:sn7448_3|                            ; 5 (5)       ; 0 (0)                     ; 0 (0)         ; 0           ; 0    ; 0            ; 0       ; 0         ; 0    ; 0            ; 2 (2)        ; 0 (0)             ; 3 (3)            ; |SYS80|sn7448:sn7448_3                                                                                                     ; sn7448                       ; work         ;
+-------------------------------------------------+-------------+---------------------------+---------------+-------------+------+--------------+---------+-----------+------+--------------+--------------+-------------------+------------------+----------------------------------------------------------------------------------------------------------------------------+------------------------------+--------------+
Note: For table entries with two numbers listed, the numbers in parentheses indicate the number of resources of the given type used by the specific entity alone. The numbers listed outside of parentheses indicate the total resources of the given type used by the specific entity and all of its sub-entities in the hierarchy.


+---------------------------------------------------------------------------------------------------+
; Delay Chain Summary                                                                               ;
+-------------------+----------+---------------+---------------+-----------------------+-----+------+
; Name              ; Pin Type ; Pad to Core 0 ; Pad to Core 1 ; Pad to Input Register ; TCO ; TCOE ;
+-------------------+----------+---------------+---------------+-----------------------+-----+------+
; LED_Int           ; Output   ; --            ; --            ; --                    ; --  ; --   ;
; LED_SDcard        ; Output   ; --            ; --            ; --                    ; --  ; --   ;
; LED_ON            ; Output   ; --            ; --            ; --                    ; --  ; --   ;
; U4_PB[0]          ; Output   ; --            ; --            ; --                    ; --  ; --   ;
; U4_PB[1]          ; Output   ; --            ; --            ; --                    ; --  ; --   ;
; U4_PB[2]          ; Output   ; --            ; --            ; --                    ; --  ; --   ;
; U4_PB[3]          ; Output   ; --            ; --            ; --                    ; --  ; --   ;
; U4_PB[4]          ; Output   ; --            ; --            ; --                    ; --  ; --   ;
; U4_PB[5]          ; Output   ; --            ; --            ; --                    ; --  ; --   ;
; U4_PB[6]          ; Output   ; --            ; --            ; --                    ; --  ; --   ;
; U4_PB[7]          ; Output   ; --            ; --            ; --                    ; --  ; --   ;
; disp_segments[24] ; Output   ; --            ; --            ; --                    ; --  ; --   ;
; disp_segments[23] ; Output   ; --            ; --            ; --                    ; --  ; --   ;
; disp_segments[22] ; Output   ; --            ; --            ; --                    ; --  ; --   ;
; disp_segments[21] ; Output   ; --            ; --            ; --                    ; --  ; --   ;
; disp_segments[20] ; Output   ; --            ; --            ; --                    ; --  ; --   ;
; disp_segments[19] ; Output   ; --            ; --            ; --                    ; --  ; --   ;
; disp_segments[18] ; Output   ; --            ; --            ; --                    ; --  ; --   ;
; disp_segments[17] ; Output   ; --            ; --            ; --                    ; --  ; --   ;
; disp_segments[16] ; Output   ; --            ; --            ; --                    ; --  ; --   ;
; disp_segments[15] ; Output   ; --            ; --            ; --                    ; --  ; --   ;
; disp_segments[14] ; Output   ; --            ; --            ; --                    ; --  ; --   ;
; disp_segments[13] ; Output   ; --            ; --            ; --                    ; --  ; --   ;
; disp_segments[12] ; Output   ; --            ; --            ; --                    ; --  ; --   ;
; disp_segments[11] ; Output   ; --            ; --            ; --                    ; --  ; --   ;
; disp_segments[10] ; Output   ; --            ; --            ; --                    ; --  ; --   ;
; disp_segments[9]  ; Output   ; --            ; --            ; --                    ; --  ; --   ;
; disp_segments[8]  ; Output   ; --            ; --            ; --                    ; --  ; --   ;
; disp_segments[7]  ; Output   ; --            ; --            ; --                    ; --  ; --   ;
; disp_segments[6]  ; Output   ; --            ; --            ; --                    ; --  ; --   ;
; disp_segments[5]  ; Output   ; --            ; --            ; --                    ; --  ; --   ;
; disp_segments[4]  ; Output   ; --            ; --            ; --                    ; --  ; --   ;
; disp_segments[3]  ; Output   ; --            ; --            ; --                    ; --  ; --   ;
; disp_segments[2]  ; Output   ; --            ; --            ; --                    ; --  ; --   ;
; disp_segments[1]  ; Output   ; --            ; --            ; --                    ; --  ; --   ;
; U5_PA[0]          ; Output   ; --            ; --            ; --                    ; --  ; --   ;
; U5_PA[1]          ; Output   ; --            ; --            ; --                    ; --  ; --   ;
; U5_PA[2]          ; Output   ; --            ; --            ; --                    ; --  ; --   ;
; U5_PA[3]          ; Output   ; --            ; --            ; --                    ; --  ; --   ;
; U5_PB_7           ; Output   ; --            ; --            ; --                    ; --  ; --   ;
; U6_PA[0]          ; Output   ; --            ; --            ; --                    ; --  ; --   ;
; U6_PA[1]          ; Output   ; --            ; --            ; --                    ; --  ; --   ;
; U6_PA[2]          ; Output   ; --            ; --            ; --                    ; --  ; --   ;
; U6_PA[3]          ; Output   ; --            ; --            ; --                    ; --  ; --   ;
; U6_PA[4]          ; Output   ; --            ; --            ; --                    ; --  ; --   ;
; U6_PA[5]          ; Output   ; --            ; --            ; --                    ; --  ; --   ;
; U6_PA[6]          ; Output   ; --            ; --            ; --                    ; --  ; --   ;
; U6_PA[7]          ; Output   ; --            ; --            ; --                    ; --  ; --   ;
; U6_PB[0]          ; Output   ; --            ; --            ; --                    ; --  ; --   ;
; U6_PB[1]          ; Output   ; --            ; --            ; --                    ; --  ; --   ;
; U6_PB[2]          ; Output   ; --            ; --            ; --                    ; --  ; --   ;
; U6_PB[3]          ; Output   ; --            ; --            ; --                    ; --  ; --   ;
; U6_PB[4]          ; Output   ; --            ; --            ; --                    ; --  ; --   ;
; U6_PB[5]          ; Output   ; --            ; --            ; --                    ; --  ; --   ;
; U6_PB[6]          ; Output   ; --            ; --            ; --                    ; --  ; --   ;
; U6_PB[7]          ; Output   ; --            ; --            ; --                    ; --  ; --   ;
; CS_SDcard         ; Output   ; --            ; --            ; --                    ; --  ; --   ;
; CS_EEprom         ; Output   ; --            ; --            ; --                    ; --  ; --   ;
; MOSI              ; Output   ; --            ; --            ; --                    ; --  ; --   ;
; CLK               ; Output   ; --            ; --            ; --                    ; --  ; --   ;
; DIP_Strobe[0]     ; Output   ; --            ; --            ; --                    ; --  ; --   ;
; DIP_Strobe[1]     ; Output   ; --            ; --            ; --                    ; --  ; --   ;
; DIP_Strobe[2]     ; Output   ; --            ; --            ; --                    ; --  ; --   ;
; DIP_Strobe[3]     ; Output   ; --            ; --            ; --                    ; --  ; --   ;
; Audio_RX          ; Output   ; --            ; --            ; --                    ; --  ; --   ;
; Sound             ; Output   ; --            ; --            ; --                    ; --  ; --   ;
; Debug             ; Output   ; --            ; --            ; --                    ; --  ; --   ;
; clk_50            ; Input    ; (0) 0 ps      ; --            ; --                    ; --  ; --   ;
; myTest            ; Input    ; (0) 0 ps      ; --            ; --                    ; --  ; --   ;
; DIP_Return[2]     ; Input    ; (0) 0 ps      ; --            ; --                    ; --  ; --   ;
; DIP_Return[3]     ; Input    ; (0) 0 ps      ; --            ; --                    ; --  ; --   ;
; DIP_Return[1]     ; Input    ; (0) 0 ps      ; --            ; --                    ; --  ; --   ;
; DIP_Return[0]     ; Input    ; (0) 0 ps      ; --            ; --                    ; --  ; --   ;
; U5_PA_7           ; Input    ; (0) 0 ps      ; --            ; --                    ; --  ; --   ;
; MISO              ; Input    ; --            ; (6) 1314 ps   ; --                    ; --  ; --   ;
; reset_sw          ; Input    ; (6) 1314 ps   ; --            ; --                    ; --  ; --   ;
; U4_PA[7]          ; Input    ; --            ; (6) 1314 ps   ; --                    ; --  ; --   ;
; U4_PA[0]          ; Input    ; --            ; (6) 1314 ps   ; --                    ; --  ; --   ;
; U4_PA[1]          ; Input    ; (6) 1314 ps   ; --            ; --                    ; --  ; --   ;
; U4_PA[5]          ; Input    ; (6) 1314 ps   ; --            ; --                    ; --  ; --   ;
; U4_PA[4]          ; Input    ; (6) 1314 ps   ; --            ; --                    ; --  ; --   ;
; U4_PA[3]          ; Input    ; --            ; (6) 1314 ps   ; --                    ; --  ; --   ;
; U4_PA[2]          ; Input    ; (6) 1314 ps   ; --            ; --                    ; --  ; --   ;
; U4_PA[6]          ; Input    ; (6) 1314 ps   ; --            ; --                    ; --  ; --   ;
+-------------------+----------+---------------+---------------+-----------------------+-----+------+


+-------------------------------------------------------------------------------------------------+
; Pad To Core Delay Chain Fanout                                                                  ;
+-------------------------------------------------------------------+-------------------+---------+
; Source Pin / Fanout                                               ; Pad To Core Index ; Setting ;
+-------------------------------------------------------------------+-------------------+---------+
; clk_50                                                            ;                   ;         ;
; myTest                                                            ;                   ;         ;
; DIP_Return[2]                                                     ;                   ;         ;
; DIP_Return[3]                                                     ;                   ;         ;
; DIP_Return[1]                                                     ;                   ;         ;
; DIP_Return[0]                                                     ;                   ;         ;
; U5_PA_7                                                           ;                   ;         ;
; MISO                                                              ;                   ;         ;
;      - EEprom:EEprom|SPI_Master:EEPROM_STAT|rx_reg[0]~0           ; 1                 ; 6       ;
;      - EEprom:EEprom|SPI_Master:EEPROM_READ|rx_reg[0]~feeder      ; 1                 ; 6       ;
;      - SD_Card:SD_CARD|SPI_Master:SD_CARD_READ|rx_reg[0]~feeder   ; 1                 ; 6       ;
;      - SD_Card:SD_CARD|SPI_Master:SD_CARD_ACCESS|rx_reg[0]~feeder ; 1                 ; 6       ;
; reset_sw                                                          ;                   ;         ;
;      - Cross_Slow_To_Fast_Clock:META1|r1_Data~feeder              ; 0                 ; 6       ;
; U4_PA[7]                                                          ;                   ;         ;
;      - Cross_Slow_To_Fast_Clock_Bus:META2|r1_Data[7]~feeder       ; 1                 ; 6       ;
; U4_PA[0]                                                          ;                   ;         ;
;      - Cross_Slow_To_Fast_Clock_Bus:META2|r1_Data[0]              ; 1                 ; 6       ;
; U4_PA[1]                                                          ;                   ;         ;
;      - Cross_Slow_To_Fast_Clock_Bus:META2|r1_Data[1]              ; 0                 ; 6       ;
; U4_PA[5]                                                          ;                   ;         ;
;      - Cross_Slow_To_Fast_Clock_Bus:META2|r1_Data[5]~feeder       ; 0                 ; 6       ;
; U4_PA[4]                                                          ;                   ;         ;
;      - Cross_Slow_To_Fast_Clock_Bus:META2|r1_Data[4]              ; 0                 ; 6       ;
; U4_PA[3]                                                          ;                   ;         ;
;      - Cross_Slow_To_Fast_Clock_Bus:META2|r1_Data[3]~feeder       ; 1                 ; 6       ;
; U4_PA[2]                                                          ;                   ;         ;
;      - Cross_Slow_To_Fast_Clock_Bus:META2|r1_Data[2]~feeder       ; 0                 ; 6       ;
; U4_PA[6]                                                          ;                   ;         ;
;      - Cross_Slow_To_Fast_Clock_Bus:META2|r1_Data[6]              ; 0                 ; 6       ;
+-------------------------------------------------------------------+-------------------+---------+


+-------------------------------------------------------------------------------------------------------------------------------------------------------------------------------------------------------------------------------------------------+
; Control Signals                                                                                                                                                                                                                                 ;
+-----------------------------------------------------------------------------+--------------------+---------+-----------------------------------------------------+--------+----------------------+------------------+---------------------------+
; Name                                                                        ; Location           ; Fan-Out ; Usage                                               ; Global ; Global Resource Used ; Global Line Name ; Enable Signal Source Name ;
+-----------------------------------------------------------------------------+--------------------+---------+-----------------------------------------------------+--------+----------------------+------------------+---------------------------+
; EEprom:EEprom|SPI_Master:EEPROM_CMD|delay[0]~15                             ; LCCOMB_X26_Y6_N20  ; 5       ; Sync. load                                          ; no     ; --                   ; --               ; --                        ;
; EEprom:EEprom|SPI_Master:EEPROM_CMD|tx_reg[7]~1                             ; LCCOMB_X28_Y7_N14  ; 6       ; Clock enable                                        ; no     ; --                   ; --               ; --                        ;
; EEprom:EEprom|SPI_Master:EEPROM_READ|delay[4]~15                            ; LCCOMB_X23_Y8_N14  ; 5       ; Sync. load                                          ; no     ; --                   ; --               ; --                        ;
; EEprom:EEprom|SPI_Master:EEPROM_READ|process_1~0                            ; LCCOMB_X22_Y6_N12  ; 8       ; Clock enable                                        ; no     ; --                   ; --               ; --                        ;
; EEprom:EEprom|SPI_Master:EEPROM_READ|tx_reg[23]~1                           ; LCCOMB_X22_Y7_N8   ; 23      ; Clock enable                                        ; no     ; --                   ; --               ; --                        ;
; EEprom:EEprom|SPI_Master:EEPROM_STAT|delay[1]~7                             ; LCCOMB_X22_Y5_N28  ; 5       ; Sync. load                                          ; no     ; --                   ; --               ; --                        ;
; EEprom:EEprom|SPI_Master:EEPROM_STAT|tx_reg[9]~1                            ; LCCOMB_X19_Y6_N14  ; 7       ; Clock enable                                        ; no     ; --                   ; --               ; --                        ;
; EEprom:EEprom|SPI_Master:EEPROM_WRITE|delay[1]~15                           ; LCCOMB_X24_Y7_N30  ; 5       ; Sync. load                                          ; no     ; --                   ; --               ; --                        ;
; EEprom:EEprom|SPI_Master:EEPROM_WRITE|tx_reg[24]~1                          ; LCCOMB_X16_Y7_N18  ; 31      ; Clock enable                                        ; no     ; --                   ; --               ; --                        ;
; EEprom:EEprom|TX_Data_R[20]~0                                               ; LCCOMB_X23_Y5_N22  ; 13      ; Clock enable                                        ; no     ; --                   ; --               ; --                        ;
; EEprom:EEprom|TX_Data_W[20]~0                                               ; LCCOMB_X24_Y6_N22  ; 14      ; Clock enable                                        ; no     ; --                   ; --               ; --                        ;
; EEprom:EEprom|WideOr11~0                                                    ; LCCOMB_X23_Y5_N0   ; 30      ; Clock enable                                        ; no     ; --                   ; --               ; --                        ;
; EEprom:EEprom|address_eeprom[1]~10                                          ; LCCOMB_X23_Y6_N10  ; 7       ; Clock enable                                        ; no     ; --                   ; --               ; --                        ;
; EEprom:EEprom|c_count[28]~29                                                ; LCCOMB_X25_Y3_N4   ; 30      ; Sync. clear                                         ; no     ; --                   ; --               ; --                        ;
; EEprom:EEprom|data_eeprom[1]~1                                              ; LCCOMB_X23_Y5_N4   ; 8       ; Clock enable                                        ; no     ; --                   ; --               ; --                        ;
; EEprom:EEprom|old_w_trigger[3]~2                                            ; LCCOMB_X23_Y6_N4   ; 4       ; Clock enable                                        ; no     ; --                   ; --               ; --                        ;
; EEprom:EEprom|state.Idle                                                    ; FF_X23_Y6_N7       ; 12      ; Sync. clear                                         ; no     ; --                   ; --               ; --                        ;
; EEprom:EEprom|wr_ram                                                        ; FF_X23_Y5_N3       ; 2       ; Write enable                                        ; no     ; --                   ; --               ; --                        ;
; R6532:U4_IO|s_ddra[5]~0                                                     ; LCCOMB_X23_Y17_N30 ; 8       ; Clock enable                                        ; no     ; --                   ; --               ; --                        ;
; R6532:U4_IO|s_ddrb[6]~0                                                     ; LCCOMB_X24_Y18_N0  ; 8       ; Clock enable                                        ; no     ; --                   ; --               ; --                        ;
; R6532:U4_IO|s_divider[0]~3                                                  ; LCCOMB_X24_Y18_N10 ; 3       ; Clock enable                                        ; no     ; --                   ; --               ; --                        ;
; R6532:U4_IO|s_dout~8                                                        ; LCCOMB_X21_Y17_N28 ; 8       ; Clock enable                                        ; no     ; --                   ; --               ; --                        ;
; R6532:U4_IO|s_irq_pa7_en~2                                                  ; LCCOMB_X23_Y17_N14 ; 2       ; Clock enable                                        ; no     ; --                   ; --               ; --                        ;
; R6532:U4_IO|s_ora[2]~0                                                      ; LCCOMB_X24_Y18_N26 ; 8       ; Clock enable                                        ; no     ; --                   ; --               ; --                        ;
; R6532:U4_IO|s_orb[5]~2                                                      ; LCCOMB_X18_Y17_N10 ; 8       ; Clock enable                                        ; no     ; --                   ; --               ; --                        ;
; R6532:U4_IO|s_timer[4]~0                                                    ; LCCOMB_X19_Y18_N26 ; 18      ; Clock enable, Sync. clear                           ; no     ; --                   ; --               ; --                        ;
; R6532:U5_IO|s_ddra[1]~1                                                     ; LCCOMB_X23_Y17_N10 ; 8       ; Clock enable                                        ; no     ; --                   ; --               ; --                        ;
; R6532:U5_IO|s_ddrb[1]~0                                                     ; LCCOMB_X18_Y14_N8  ; 8       ; Clock enable                                        ; no     ; --                   ; --               ; --                        ;
; R6532:U5_IO|s_divider[3]~3                                                  ; LCCOMB_X23_Y19_N2  ; 3       ; Clock enable                                        ; no     ; --                   ; --               ; --                        ;
; R6532:U5_IO|s_dout[5]~4                                                     ; LCCOMB_X19_Y16_N8  ; 8       ; Clock enable                                        ; no     ; --                   ; --               ; --                        ;
; R6532:U5_IO|s_irq_pa7_en~0                                                  ; LCCOMB_X23_Y17_N8  ; 2       ; Clock enable                                        ; no     ; --                   ; --               ; --                        ;
; R6532:U5_IO|s_ora[5]~0                                                      ; LCCOMB_X24_Y18_N20 ; 8       ; Clock enable                                        ; no     ; --                   ; --               ; --                        ;
; R6532:U5_IO|s_orb[0]~0                                                      ; LCCOMB_X26_Y14_N10 ; 8       ; Clock enable                                        ; no     ; --                   ; --               ; --                        ;
; R6532:U5_IO|s_timer[2]~0                                                    ; LCCOMB_X19_Y18_N20 ; 18      ; Clock enable, Sync. clear                           ; no     ; --                   ; --               ; --                        ;
; R6532:U6_IO|s_ddra[6]~0                                                     ; LCCOMB_X23_Y17_N28 ; 8       ; Clock enable                                        ; no     ; --                   ; --               ; --                        ;
; R6532:U6_IO|s_ddrb[5]~0                                                     ; LCCOMB_X24_Y18_N8  ; 8       ; Clock enable                                        ; no     ; --                   ; --               ; --                        ;
; R6532:U6_IO|s_divider[0]~3                                                  ; LCCOMB_X19_Y15_N26 ; 3       ; Clock enable                                        ; no     ; --                   ; --               ; --                        ;
; R6532:U6_IO|s_dout[1]~5                                                     ; LCCOMB_X21_Y14_N22 ; 7       ; Clock enable                                        ; no     ; --                   ; --               ; --                        ;
; R6532:U6_IO|s_ora[0]~0                                                      ; LCCOMB_X24_Y18_N30 ; 8       ; Clock enable                                        ; no     ; --                   ; --               ; --                        ;
; R6532:U6_IO|s_orb[3]~0                                                      ; LCCOMB_X19_Y15_N8  ; 8       ; Clock enable                                        ; no     ; --                   ; --               ; --                        ;
; R6532:U6_IO|s_timer[7]~1                                                    ; LCCOMB_X19_Y15_N6  ; 18      ; Clock enable, Sync. clear                           ; no     ; --                   ; --               ; --                        ;
; SD_Card:SD_CARD|R1_response_2[7]~1                                          ; LCCOMB_X21_Y11_N28 ; 24      ; Clock enable                                        ; no     ; --                   ; --               ; --                        ;
; SD_Card:SD_CARD|SPI_Master:SD_CARD_ACCESS|bitcounter[4]~0                   ; LCCOMB_X23_Y16_N6  ; 7       ; Clock enable                                        ; no     ; --                   ; --               ; --                        ;
; SD_Card:SD_CARD|SPI_Master:SD_CARD_ACCESS|delay[4]~8                        ; LCCOMB_X23_Y14_N18 ; 6       ; Sync. load                                          ; no     ; --                   ; --               ; --                        ;
; SD_Card:SD_CARD|SPI_Master:SD_CARD_ACCESS|process_1~0                       ; LCCOMB_X23_Y16_N16 ; 48      ; Clock enable                                        ; no     ; --                   ; --               ; --                        ;
; SD_Card:SD_CARD|SPI_Master:SD_CARD_ACCESS|tx_reg[29]~1                      ; LCCOMB_X23_Y16_N22 ; 111     ; Clock enable                                        ; no     ; --                   ; --               ; --                        ;
; SD_Card:SD_CARD|SPI_Master:SD_CARD_READ|delay[0]~9                          ; LCCOMB_X22_Y15_N26 ; 6       ; Sync. load                                          ; no     ; --                   ; --               ; --                        ;
; SD_Card:SD_CARD|SPI_Master:SD_CARD_READ|process_1~0                         ; LCCOMB_X17_Y15_N28 ; 8       ; Clock enable                                        ; no     ; --                   ; --               ; --                        ;
; SD_Card:SD_CARD|SPI_Master:SD_CARD_READ|tx_reg[3]~1                         ; LCCOMB_X17_Y15_N14 ; 7       ; Clock enable                                        ; no     ; --                   ; --               ; --                        ;
; SD_Card:SD_CARD|TX_Data_A[77]~1                                             ; LCCOMB_X19_Y14_N8  ; 20      ; Clock enable                                        ; no     ; --                   ; --               ; --                        ;
; SD_Card:SD_CARD|address_sd_card[0]~38                                       ; LCCOMB_X18_Y13_N16 ; 14      ; Sync. clear                                         ; no     ; --                   ; --               ; --                        ;
; SD_Card:SD_CARD|address_sd_card[0]~39                                       ; LCCOMB_X21_Y13_N6  ; 14      ; Clock enable                                        ; no     ; --                   ; --               ; --                        ;
; SD_Card:SD_CARD|attempts[12]~40                                             ; LCCOMB_X24_Y11_N4  ; 13      ; Sync. clear                                         ; no     ; --                   ; --               ; --                        ;
; SD_Card:SD_CARD|attempts[12]~43                                             ; LCCOMB_X24_Y11_N2  ; 13      ; Clock enable                                        ; no     ; --                   ; --               ; --                        ;
; SD_Card:SD_CARD|byte_count[9]~30                                            ; LCCOMB_X19_Y13_N22 ; 10      ; Sync. clear                                         ; no     ; --                   ; --               ; --                        ;
; SD_Card:SD_CARD|byte_count[9]~33                                            ; LCCOMB_X22_Y13_N6  ; 10      ; Clock enable                                        ; no     ; --                   ; --               ; --                        ;
; SD_Card:SD_CARD|cmd_count[4]~4                                              ; LCCOMB_X22_Y11_N30 ; 5       ; Clock enable                                        ; no     ; --                   ; --               ; --                        ;
; SD_Card:SD_CARD|counter[18]~56                                              ; LCCOMB_X22_Y11_N12 ; 27      ; Sync. clear                                         ; no     ; --                   ; --               ; --                        ;
; SD_Card:SD_CARD|counter[18]~58                                              ; LCCOMB_X19_Y12_N28 ; 27      ; Clock enable                                        ; no     ; --                   ; --               ; --                        ;
; SD_Card:SD_CARD|cpu_reset_l                                                 ; FF_X21_Y13_N1      ; 289     ; Async. clear, Clock enable, Sync. clear, Sync. load ; no     ; --                   ; --               ; --                        ;
; SD_Card:SD_CARD|data_sd_card[1]~0                                           ; LCCOMB_X19_Y13_N24 ; 8       ; Clock enable                                        ; no     ; --                   ; --               ; --                        ;
; T65:U1|ABC[7]~1                                                             ; LCCOMB_X4_Y18_N6   ; 8       ; Clock enable                                        ; no     ; --                   ; --               ; --                        ;
; T65:U1|AD[1]~5                                                              ; LCCOMB_X14_Y19_N16 ; 8       ; Clock enable                                        ; no     ; --                   ; --               ; --                        ;
; T65:U1|BAH[0]~0                                                             ; LCCOMB_X14_Y17_N4  ; 8       ; Clock enable                                        ; no     ; --                   ; --               ; --                        ;
; T65:U1|BAL[4]~7                                                             ; LCCOMB_X12_Y17_N2  ; 7       ; Clock enable                                        ; no     ; --                   ; --               ; --                        ;
; T65:U1|DL[2]~8                                                              ; LCCOMB_X11_Y20_N22 ; 8       ; Clock enable                                        ; no     ; --                   ; --               ; --                        ;
; T65:U1|Equal0~4                                                             ; LCCOMB_X10_Y18_N20 ; 12      ; Clock enable                                        ; no     ; --                   ; --               ; --                        ;
; T65:U1|IR[3]                                                                ; FF_X11_Y20_N31     ; 98      ; Sync. load                                          ; no     ; --                   ; --               ; --                        ;
; T65:U1|PC[0]~13                                                             ; LCCOMB_X10_Y19_N4  ; 8       ; Clock enable                                        ; no     ; --                   ; --               ; --                        ;
; T65:U1|PC[11]~12                                                            ; LCCOMB_X10_Y19_N2  ; 8       ; Clock enable                                        ; no     ; --                   ; --               ; --                        ;
; T65:U1|Res_n_i                                                              ; FF_X11_Y13_N9      ; 272     ; Async. clear                                        ; yes    ; Global Clock         ; GCLK0            ; --                        ;
; T65:U1|Res_n_i                                                              ; FF_X11_Y13_N9      ; 6       ; Clock enable                                        ; no     ; --                   ; --               ; --                        ;
; T65:U1|S[4]~10                                                              ; LCCOMB_X6_Y22_N12  ; 8       ; Clock enable                                        ; no     ; --                   ; --               ; --                        ;
; T65:U1|T65_MCode:mcode|Mux259~14                                            ; LCCOMB_X8_Y19_N0   ; 13      ; Sync. load                                          ; no     ; --                   ; --               ; --                        ;
; T65:U1|T65_MCode:mcode|Mux271~4                                             ; LCCOMB_X5_Y18_N8   ; 7       ; Sync. load                                          ; no     ; --                   ; --               ; --                        ;
; T65:U1|T65_MCode:mcode|Mux283~6                                             ; LCCOMB_X11_Y20_N4  ; 9       ; Sync. load                                          ; no     ; --                   ; --               ; --                        ;
; T65:U1|X[7]~0                                                               ; LCCOMB_X4_Y18_N12  ; 8       ; Clock enable                                        ; no     ; --                   ; --               ; --                        ;
; T65:U1|Y[7]~1                                                               ; LCCOMB_X4_Y18_N10  ; 8       ; Clock enable                                        ; no     ; --                   ; --               ; --                        ;
; T65:U1|process_1~0                                                          ; LCCOMB_X7_Y18_N14  ; 9       ; Sync. load                                          ; no     ; --                   ; --               ; --                        ;
; T65:U1|process_3~0                                                          ; LCCOMB_X14_Y18_N2  ; 7       ; Clock enable                                        ; no     ; --                   ; --               ; --                        ;
; T65:U1|process_4~0                                                          ; LCCOMB_X5_Y18_N22  ; 5       ; Clock enable                                        ; no     ; --                   ; --               ; --                        ;
; anti_thunk:AT|count_ds[3]~2                                                 ; LCCOMB_X30_Y8_N4   ; 19      ; Clock enable, Sync. clear                           ; no     ; --                   ; --               ; --                        ;
; boot_message:BM|Din_Seg_B[2]~5                                              ; LCCOMB_X31_Y13_N6  ; 10      ; Clock enable                                        ; no     ; --                   ; --               ; --                        ;
; boot_message:BM|Equal8~0                                                    ; LCCOMB_X30_Y14_N30 ; 8       ; Sync. load                                          ; no     ; --                   ; --               ; --                        ;
; boot_message:BM|Selector3~0                                                 ; LCCOMB_X30_Y13_N20 ; 7       ; Sync. clear                                         ; no     ; --                   ; --               ; --                        ;
; boot_message:BM|count[14]~33                                                ; LCCOMB_X30_Y13_N12 ; 15      ; Sync. clear                                         ; no     ; --                   ; --               ; --                        ;
; byte_to_ascii:CONVG|state.CONVERT                                           ; FF_X28_Y18_N25     ; 28      ; Clock enable                                        ; no     ; --                   ; --               ; --                        ;
; byte_to_ascii:CONVG|state.HUND1                                             ; FF_X28_Y18_N3      ; 7       ; Clock enable                                        ; no     ; --                   ; --               ; --                        ;
; byte_to_ascii:CONVG|state.INIT                                              ; FF_X28_Y18_N5      ; 8       ; Clock enable                                        ; no     ; --                   ; --               ; --                        ;
; byte_to_ascii:CONVG|state.ONE1                                              ; FF_X28_Y18_N21     ; 13      ; Clock enable                                        ; no     ; --                   ; --               ; --                        ;
; byte_to_ascii:CONVG|state.ONE2                                              ; FF_X28_Y18_N19     ; 27      ; Clock enable                                        ; no     ; --                   ; --               ; --                        ;
; byte_to_ascii:CONVG|state.TEN1                                              ; FF_X28_Y18_N27     ; 13      ; Clock enable                                        ; no     ; --                   ; --               ; --                        ;
; byte_to_ascii:CONVG|state.TEN2                                              ; FF_X30_Y16_N23     ; 23      ; Sync. load                                          ; no     ; --                   ; --               ; --                        ;
; byte_to_ascii:CONVS|WideOr0~0                                               ; LCCOMB_X30_Y16_N26 ; 21      ; Clock enable                                        ; no     ; --                   ; --               ; --                        ;
; clk_50                                                                      ; PIN_23             ; 927     ; Clock                                               ; yes    ; Global Clock         ; GCLK2            ; --                        ;
; clk_50                                                                      ; PIN_23             ; 2       ; Clock                                               ; no     ; --                   ; --               ; --                        ;
; comb~2                                                                      ; LCCOMB_X21_Y16_N22 ; 1       ; Write enable                                        ; no     ; --                   ; --               ; --                        ;
; comb~3                                                                      ; LCCOMB_X22_Y16_N26 ; 1       ; Write enable                                        ; no     ; --                   ; --               ; --                        ;
; comb~5                                                                      ; LCCOMB_X22_Y16_N22 ; 1       ; Write enable                                        ; no     ; --                   ; --               ; --                        ;
; comb~6                                                                      ; LCCOMB_X14_Y14_N14 ; 1       ; Write enable                                        ; no     ; --                   ; --               ; --                        ;
; count_to_zero:COUNT_INTS|d_out                                              ; FF_X12_Y14_N17     ; 40      ; Clock enable, Sync. clear                           ; no     ; --                   ; --               ; --                        ;
; count_to_zero:COUNT_INTS|d_out                                              ; FF_X12_Y14_N17     ; 156     ; Async. clear                                        ; yes    ; Global Clock         ; GCLK3            ; --                        ;
; count_to_zero:COUNT_INTS|int_count[7]~1                                     ; LCCOMB_X12_Y14_N28 ; 7       ; Clock enable                                        ; no     ; --                   ; --               ; --                        ;
; count_to_zero:COUNT_STROBES|int_count[7]~1                                  ; LCCOMB_X24_Y4_N24  ; 7       ; Clock enable                                        ; no     ; --                   ; --               ; --                        ;
; cpu_clk_gen:clock_gen|LessThan0~0                                           ; LCCOMB_X25_Y12_N30 ; 7       ; Sync. clear                                         ; no     ; --                   ; --               ; --                        ;
; cpu_clk_gen:clock_gen|cpu_clk_out                                           ; FF_X25_Y12_N5      ; 41      ; Clock                                               ; no     ; --                   ; --               ; --                        ;
; cpu_clk_gen:clock_gen|cpu_clk_out                                           ; FF_X25_Y12_N5      ; 874     ; Clock                                               ; yes    ; Global Clock         ; GCLK6            ; --                        ;
; detect_sw:detect_credit_sw|LessThan0~7                                      ; LCCOMB_X12_Y10_N2  ; 25      ; Sync. clear                                         ; no     ; --                   ; --               ; --                        ;
; detect_sw:detect_credit_sw|Selector0~0                                      ; LCCOMB_X12_Y10_N18 ; 28      ; Sync. clear                                         ; no     ; --                   ; --               ; --                        ;
; detect_sw:detect_credit_sw|closed_counter[24]~63                            ; LCCOMB_X12_Y10_N28 ; 25      ; Clock enable                                        ; no     ; --                   ; --               ; --                        ;
; detect_sw:detect_credit_sw|state.Idle                                       ; FF_X12_Y10_N11     ; 28      ; Clock enable                                        ; no     ; --                   ; --               ; --                        ;
; detect_sw:detect_test_sw|LessThan0~7                                        ; LCCOMB_X18_Y10_N26 ; 29      ; Sync. clear                                         ; no     ; --                   ; --               ; --                        ;
; detect_sw:detect_test_sw|closed_counter[24]~55                              ; LCCOMB_X18_Y10_N14 ; 25      ; Clock enable                                        ; no     ; --                   ; --               ; --                        ;
; detect_sw:detect_test_sw|short_push~0                                       ; LCCOMB_X18_Y10_N4  ; 27      ; Sync. clear                                         ; no     ; --                   ; --               ; --                        ;
; detect_sw:detect_test_sw|state.Idle                                         ; FF_X18_Y10_N17     ; 27      ; Clock enable                                        ; no     ; --                   ; --               ; --                        ;
; detect_sw_trigger:detect_credit_sw_trigger|counter[16]~80                   ; LCCOMB_X23_Y9_N22  ; 26      ; Sync. clear                                         ; no     ; --                   ; --               ; --                        ;
; detect_sw_trigger:detect_credit_sw_trigger|state.counting                   ; FF_X23_Y9_N3       ; 31      ; Clock enable                                        ; no     ; --                   ; --               ; --                        ;
; gosof80:SOUNDBOARD|DAC_latch~0                                              ; LCCOMB_X14_Y9_N30  ; 8       ; Clock enable                                        ; no     ; --                   ; --               ; --                        ;
; gosof80:SOUNDBOARD|DFPlayer_Mini_CMD:DFP_send|LessThan0~3                   ; LCCOMB_X26_Y19_N30 ; 15      ; Sync. clear                                         ; no     ; --                   ; --               ; --                        ;
; gosof80:SOUNDBOARD|DFPlayer_Mini_CMD:DFP_send|\DFPLAYR_Mini:bitcounter[6]~1 ; LCCOMB_X28_Y8_N14  ; 7       ; Clock enable                                        ; no     ; --                   ; --               ; --                        ;
; gosof80:SOUNDBOARD|DFPlayer_Mini_CMD:DFP_send|command[28]~0                 ; LCCOMB_X28_Y8_N0   ; 14      ; Clock enable                                        ; no     ; --                   ; --               ; --                        ;
; gosof80:SOUNDBOARD|DFPlayer_Mini_CMD:DFP_send|state.Delay                   ; FF_X28_Y8_N21      ; 16      ; Clock enable                                        ; no     ; --                   ; --               ; --                        ;
; gosof80:SOUNDBOARD|R6532:RIOT|pb_out[6]                                     ; FF_X21_Y12_N3      ; 1       ; Async. clear                                        ; no     ; --                   ; --               ; --                        ;
; gosof80:SOUNDBOARD|R6532:RIOT|s_ddra[6]~0                                   ; LCCOMB_X18_Y8_N20  ; 8       ; Clock enable                                        ; no     ; --                   ; --               ; --                        ;
; gosof80:SOUNDBOARD|R6532:RIOT|s_ddrb[3]~0                                   ; LCCOMB_X18_Y8_N6   ; 8       ; Clock enable                                        ; no     ; --                   ; --               ; --                        ;
; gosof80:SOUNDBOARD|R6532:RIOT|s_divider[6]~1                                ; LCCOMB_X19_Y9_N30  ; 3       ; Clock enable                                        ; no     ; --                   ; --               ; --                        ;
; gosof80:SOUNDBOARD|R6532:RIOT|s_dout~2                                      ; LCCOMB_X18_Y6_N18  ; 8       ; Clock enable                                        ; no     ; --                   ; --               ; --                        ;
; gosof80:SOUNDBOARD|R6532:RIOT|s_edge~1                                      ; LCCOMB_X21_Y9_N2   ; 2       ; Clock enable                                        ; no     ; --                   ; --               ; --                        ;
; gosof80:SOUNDBOARD|R6532:RIOT|s_ora[1]~2                                    ; LCCOMB_X18_Y8_N10  ; 8       ; Clock enable                                        ; no     ; --                   ; --               ; --                        ;
; gosof80:SOUNDBOARD|R6532:RIOT|s_orb[5]~0                                    ; LCCOMB_X18_Y8_N12  ; 8       ; Clock enable                                        ; no     ; --                   ; --               ; --                        ;
; gosof80:SOUNDBOARD|R6532:RIOT|s_timer[3]~1                                  ; LCCOMB_X19_Y9_N18  ; 18      ; Clock enable, Sync. clear                           ; no     ; --                   ; --               ; --                        ;
; gosof80:SOUNDBOARD|SC01:SC01_Simu|\SC01:duration[5]~0                       ; LCCOMB_X17_Y2_N30  ; 19      ; Clock enable                                        ; no     ; --                   ; --               ; --                        ;
; gosof80:SOUNDBOARD|SC01:SC01_Simu|state.Calc                                ; FF_X22_Y3_N25      ; 27      ; Clock enable                                        ; no     ; --                   ; --               ; --                        ;
; gosof80:SOUNDBOARD|T65:CPU|ABC[7]~1                                         ; LCCOMB_X7_Y8_N30   ; 8       ; Clock enable                                        ; no     ; --                   ; --               ; --                        ;
; gosof80:SOUNDBOARD|T65:CPU|AD[2]~5                                          ; LCCOMB_X10_Y8_N10  ; 8       ; Clock enable                                        ; no     ; --                   ; --               ; --                        ;
; gosof80:SOUNDBOARD|T65:CPU|BAH[4]~0                                         ; LCCOMB_X10_Y8_N14  ; 7       ; Clock enable                                        ; no     ; --                   ; --               ; --                        ;
; gosof80:SOUNDBOARD|T65:CPU|BAL[7]~5                                         ; LCCOMB_X9_Y7_N12   ; 7       ; Clock enable                                        ; no     ; --                   ; --               ; --                        ;
; gosof80:SOUNDBOARD|T65:CPU|DL[5]~8                                          ; LCCOMB_X10_Y7_N2   ; 8       ; Clock enable                                        ; no     ; --                   ; --               ; --                        ;
; gosof80:SOUNDBOARD|T65:CPU|Equal0~2                                         ; LCCOMB_X8_Y10_N2   ; 12      ; Clock enable                                        ; no     ; --                   ; --               ; --                        ;
; gosof80:SOUNDBOARD|T65:CPU|IRQ_n_o~0                                        ; LCCOMB_X12_Y9_N24  ; 2       ; Clock enable                                        ; no     ; --                   ; --               ; --                        ;
; gosof80:SOUNDBOARD|T65:CPU|IR[3]                                            ; FF_X9_Y8_N15       ; 101     ; Sync. load                                          ; no     ; --                   ; --               ; --                        ;
; gosof80:SOUNDBOARD|T65:CPU|PC[13]~12                                        ; LCCOMB_X13_Y8_N0   ; 8       ; Clock enable                                        ; no     ; --                   ; --               ; --                        ;
; gosof80:SOUNDBOARD|T65:CPU|PC[2]~13                                         ; LCCOMB_X13_Y8_N26  ; 8       ; Clock enable                                        ; no     ; --                   ; --               ; --                        ;
; gosof80:SOUNDBOARD|T65:CPU|S[6]~11                                          ; LCCOMB_X9_Y9_N16   ; 8       ; Clock enable                                        ; no     ; --                   ; --               ; --                        ;
; gosof80:SOUNDBOARD|T65:CPU|T65_MCode:mcode|Mux259~5                         ; LCCOMB_X7_Y10_N4   ; 13      ; Sync. load                                          ; no     ; --                   ; --               ; --                        ;
; gosof80:SOUNDBOARD|T65:CPU|T65_MCode:mcode|Mux271~5                         ; LCCOMB_X11_Y8_N16  ; 8       ; Sync. load                                          ; no     ; --                   ; --               ; --                        ;
; gosof80:SOUNDBOARD|T65:CPU|T65_MCode:mcode|Mux281~5                         ; LCCOMB_X9_Y7_N22   ; 9       ; Sync. load                                          ; no     ; --                   ; --               ; --                        ;
; gosof80:SOUNDBOARD|T65:CPU|T65_MCode:mcode|Mux283~6                         ; LCCOMB_X7_Y8_N8    ; 9       ; Sync. load                                          ; no     ; --                   ; --               ; --                        ;
; gosof80:SOUNDBOARD|T65:CPU|X[7]~0                                           ; LCCOMB_X7_Y8_N2    ; 8       ; Clock enable                                        ; no     ; --                   ; --               ; --                        ;
; gosof80:SOUNDBOARD|T65:CPU|Y[7]~1                                           ; LCCOMB_X7_Y8_N4    ; 8       ; Clock enable                                        ; no     ; --                   ; --               ; --                        ;
; gosof80:SOUNDBOARD|T65:CPU|process_1~3                                      ; LCCOMB_X9_Y9_N20   ; 9       ; Sync. load                                          ; no     ; --                   ; --               ; --                        ;
; gosof80:SOUNDBOARD|T65:CPU|process_3~0                                      ; LCCOMB_X9_Y3_N0    ; 7       ; Clock enable                                        ; no     ; --                   ; --               ; --                        ;
; gosof80:SOUNDBOARD|T65:CPU|process_4~0                                      ; LCCOMB_X11_Y9_N18  ; 7       ; Clock enable                                        ; no     ; --                   ; --               ; --                        ;
; gosof80:SOUNDBOARD|attract:Attract_S|\attract:attract_sound[15]~0           ; LCCOMB_X31_Y14_N20 ; 32      ; Clock enable                                        ; no     ; --                   ; --               ; --                        ;
; gosof80:SOUNDBOARD|attract:Attract_S|attract~0                              ; LCCOMB_X29_Y13_N10 ; 24      ; Async. clear                                        ; yes    ; Global Clock         ; GCLK5            ; --                        ;
; gosof80:SOUNDBOARD|attract:Attract_S|counter[6]~66                          ; LCCOMB_X26_Y16_N22 ; 22      ; Sync. clear                                         ; no     ; --                   ; --               ; --                        ;
; gosof80:SOUNDBOARD|attract:Attract_S|state                                  ; FF_X31_Y14_N9      ; 27      ; Clock enable, Sync. clear                           ; no     ; --                   ; --               ; --                        ;
; gosof80:SOUNDBOARD|comb~0                                                   ; LCCOMB_X14_Y9_N18  ; 1       ; Write enable                                        ; no     ; --                   ; --               ; --                        ;
; gosof80:SOUNDBOARD|ma490_U11_q~0                                            ; LCCOMB_X24_Y12_N26 ; 1       ; Clock                                               ; no     ; --                   ; --               ; --                        ;
; gosof80:SOUNDBOARD|uart_clk_gen:uart_gen|LessThan0~2                        ; LCCOMB_X1_Y11_N18  ; 14      ; Sync. clear                                         ; no     ; --                   ; --               ; --                        ;
; gosof80:SOUNDBOARD|uart_clk_gen:uart_gen|uart_clk_out                       ; FF_X1_Y11_N15      ; 57      ; Clock                                               ; yes    ; Global Clock         ; GCLK1            ; --                        ;
; read_the_dips:RDIPS|readingdips                                             ; FF_X17_Y14_N17     ; 43      ; Sync. clear, Sync. load                             ; no     ; --                   ; --               ; --                        ;
; read_the_dips:RDIPS|sb_option[1]~0                                          ; LCCOMB_X17_Y14_N4  ; 4       ; Clock enable                                        ; no     ; --                   ; --               ; --                        ;
; read_the_dips:RDIPS|state~10                                                ; LCCOMB_X17_Y14_N8  ; 5       ; Clock enable                                        ; no     ; --                   ; --               ; --                        ;
; read_the_dips:RDIPS|state~11                                                ; LCCOMB_X17_Y14_N26 ; 5       ; Clock enable                                        ; no     ; --                   ; --               ; --                        ;
; read_the_dips:RDIPS|state~12                                                ; LCCOMB_X17_Y14_N12 ; 5       ; Clock enable                                        ; no     ; --                   ; --               ; --                        ;
; read_the_dips:RDIPS|strobes[1]~0                                            ; LCCOMB_X17_Y14_N18 ; 4       ; Clock enable                                        ; no     ; --                   ; --               ; --                        ;
; sn74175:sn74175_80B_1|process_0~0                                           ; LCCOMB_X31_Y6_N0   ; 4       ; Clock enable                                        ; no     ; --                   ; --               ; --                        ;
; sn74175:sn74175_80B_2|process_0~0                                           ; LCCOMB_X30_Y6_N0   ; 4       ; Clock enable                                        ; no     ; --                   ; --               ; --                        ;
; sn74175:sn74175_80_1|process_0~0                                            ; LCCOMB_X28_Y6_N4   ; 4       ; Clock enable                                        ; no     ; --                   ; --               ; --                        ;
; sn74175:sn74175_80_2|process_0~0                                            ; LCCOMB_X31_Y10_N10 ; 4       ; Clock enable                                        ; no     ; --                   ; --               ; --                        ;
; sn74175:sn74175_80_3|process_0~0                                            ; LCCOMB_X28_Y10_N18 ; 4       ; Clock enable                                        ; no     ; --                   ; --               ; --                        ;
; wr_game_rom                                                                 ; LCCOMB_X14_Y14_N18 ; 13      ; Write enable                                        ; no     ; --                   ; --               ; --                        ;
; wr_game_rom2~0                                                              ; LCCOMB_X14_Y14_N8  ; 13      ; Write enable                                        ; no     ; --                   ; --               ; --                        ;
; wr_soundrom1                                                                ; LCCOMB_X14_Y14_N12 ; 13      ; Write enable                                        ; no     ; --                   ; --               ; --                        ;
; wr_soundrom2                                                                ; LCCOMB_X14_Y14_N30 ; 13      ; Write enable                                        ; no     ; --                   ; --               ; --                        ;
; wr_system_rom                                                               ; LCCOMB_X14_Y13_N6  ; 9       ; Write enable                                        ; no     ; --                   ; --               ; --                        ;
+-----------------------------------------------------------------------------+--------------------+---------+-----------------------------------------------------+--------+----------------------+------------------+---------------------------+


+---------------------------------------------------------------------------------------------------------------------------------------------------------------------------------------------------+
; Global & Other Fast Signals                                                                                                                                                                       ;
+-------------------------------------------------------+--------------------+---------+--------------------------------------+----------------------+------------------+---------------------------+
; Name                                                  ; Location           ; Fan-Out ; Fan-Out Using Intentional Clock Skew ; Global Resource Used ; Global Line Name ; Enable Signal Source Name ;
+-------------------------------------------------------+--------------------+---------+--------------------------------------+----------------------+------------------+---------------------------+
; T65:U1|Res_n_i                                        ; FF_X11_Y13_N9      ; 272     ; 0                                    ; Global Clock         ; GCLK0            ; --                        ;
; clk_50                                                ; PIN_23             ; 927     ; 0                                    ; Global Clock         ; GCLK2            ; --                        ;
; count_to_zero:COUNT_INTS|d_out                        ; FF_X12_Y14_N17     ; 156     ; 0                                    ; Global Clock         ; GCLK3            ; --                        ;
; cpu_clk_gen:clock_gen|cpu_clk_out                     ; FF_X25_Y12_N5      ; 874     ; 0                                    ; Global Clock         ; GCLK6            ; --                        ;
; gosof80:SOUNDBOARD|attract:Attract_S|attract~0        ; LCCOMB_X29_Y13_N10 ; 24      ; 0                                    ; Global Clock         ; GCLK5            ; --                        ;
; gosof80:SOUNDBOARD|uart_clk_gen:uart_gen|uart_clk_out ; FF_X1_Y11_N15      ; 57      ; 0                                    ; Global Clock         ; GCLK1            ; --                        ;
+-------------------------------------------------------+--------------------+---------+--------------------------------------+----------------------+------------------+---------------------------+


+---------------------------------------------------------------------------------------------------------------------------------------------------------------------------------------------------------------------------------------------------------------------------------------------------------------------------------------------------------------------------------------------------------------------------------------------------------------------------------------------------------------------------------------------------------------------------------------------------------------------------------------------------------------------------------------------------------------------------------------------------------+
; Fitter RAM Summary                                                                                                                                                                                                                                                                                                                                                                                                                                                                                                                                                                                                                                                                                                                                      ;
+--------------------------------------------------------------------------------------------------------------+------+----------------+--------------+--------------+--------------+--------------+--------------+------------------------+-------------------------+------------------------+-------------------------+-------+-----------------------------+-----------------------------+-----------------------------+-----------------------------+---------------------+------+------+--------------------------------------------------------------------------------------------------------------------------------+----------------------+------------------------+------------------------+----------+------------------------+---------------+
; Name                                                                                                         ; Type ; Mode           ; Clock Mode   ; Port A Depth ; Port A Width ; Port B Depth ; Port B Width ; Port A Input Registers ; Port A Output Registers ; Port B Input Registers ; Port B Output Registers ; Size  ; Implementation Port A Depth ; Implementation Port A Width ; Implementation Port B Depth ; Implementation Port B Width ; Implementation Bits ; M9Ks ; MIF  ; Location                                                                                                                       ; Mixed Width RDW Mode ; Port A RDW Mode        ; Port B RDW Mode        ; ECC Mode ; ECC Pipeline Registers ; Fits in MLABs ;
+--------------------------------------------------------------------------------------------------------------+------+----------------+--------------+--------------+--------------+--------------+--------------+------------------------+-------------------------+------------------------+-------------------------+-------+-----------------------------+-----------------------------+-----------------------------+-----------------------------+---------------------+------+------+--------------------------------------------------------------------------------------------------------------------------------+----------------------+------------------------+------------------------+----------+------------------------+---------------+
; GAME_ROM:GAME2|altsyncram:altsyncram_component|altsyncram_k1q3:auto_generated|ALTSYNCRAM                     ; AUTO ; Single Port    ; Single Clock ; 2048         ; 8            ; --           ; --           ; yes                    ; no                      ; --                     ; --                      ; 16384 ; 2048                        ; 8                           ; --                          ; --                          ; 16384               ; 2    ; None ; M9K_X15_Y14_N0, M9K_X15_Y15_N0                                                                                                 ; Don't care           ; New data with NBE Read ; New data with NBE Read ; Off      ; No                     ; No - Unknown  ;
; GAME_ROM:GAME|altsyncram:altsyncram_component|altsyncram_k1q3:auto_generated|ALTSYNCRAM                      ; AUTO ; Single Port    ; Single Clock ; 2048         ; 8            ; --           ; --           ; yes                    ; no                      ; --                     ; --                      ; 16384 ; 2048                        ; 8                           ; --                          ; --                          ; 16384               ; 2    ; None ; M9K_X15_Y13_N0, M9K_X15_Y12_N0                                                                                                 ; Don't care           ; New data with NBE Read ; New data with NBE Read ; Off      ; No                     ; No - Unknown  ;
; GAME_ROM:SOUNDROM1|altsyncram:altsyncram_component|altsyncram_k1q3:auto_generated|ALTSYNCRAM                 ; AUTO ; Single Port    ; Single Clock ; 2048         ; 8            ; --           ; --           ; yes                    ; no                      ; --                     ; --                      ; 16384 ; 2048                        ; 8                           ; --                          ; --                          ; 16384               ; 2    ; None ; M9K_X15_Y10_N0, M9K_X15_Y11_N0                                                                                                 ; Don't care           ; New data with NBE Read ; New data with NBE Read ; Off      ; No                     ; No - Unknown  ;
; GAME_ROM:SOUNDROM2|altsyncram:altsyncram_component|altsyncram_k1q3:auto_generated|ALTSYNCRAM                 ; AUTO ; Single Port    ; Single Clock ; 2048         ; 8            ; --           ; --           ; yes                    ; no                      ; --                     ; --                      ; 16384 ; 2048                        ; 8                           ; --                          ; --                          ; 16384               ; 2    ; None ; M9K_X15_Y8_N0, M9K_X15_Y9_N0                                                                                                   ; Don't care           ; New data with NBE Read ; New data with NBE Read ; Off      ; No                     ; No - Unknown  ;
; R5101:Z5|altsyncram:altsyncram_component|altsyncram_jpq3:auto_generated|ALTSYNCRAM                           ; AUTO ; True Dual Port ; Single Clock ; 256          ; 4            ; 128          ; 8            ; yes                    ; no                      ; yes                    ; yes                     ; 1024  ; 256                         ; 4                           ; 128                         ; 8                           ; 1024                ; 1    ; None ; M9K_X15_Y7_N0                                                                                                                  ; Don't care           ; New data with NBE Read ; New data with NBE Read ; Off      ; No                     ; No - Unknown  ;
; RIOT_RAM:U4_RAM|altsyncram:altsyncram_component|altsyncram_48p3:auto_generated|ALTSYNCRAM                    ; AUTO ; Single Port    ; Single Clock ; 256          ; 8            ; --           ; --           ; yes                    ; yes                     ; --                     ; --                      ; 2048  ; 256                         ; 8                           ; --                          ; --                          ; 2048                ; 1    ; None ; M9K_X27_Y16_N0                                                                                                                 ; Don't care           ; New data with NBE Read ; New data with NBE Read ; Off      ; No                     ; No - Unknown  ;
; RIOT_RAM:U5_RAM|altsyncram:altsyncram_component|altsyncram_48p3:auto_generated|ALTSYNCRAM                    ; AUTO ; Single Port    ; Single Clock ; 256          ; 8            ; --           ; --           ; yes                    ; yes                     ; --                     ; --                      ; 2048  ; 256                         ; 8                           ; --                          ; --                          ; 2048                ; 1    ; None ; M9K_X15_Y16_N0                                                                                                                 ; Don't care           ; New data with NBE Read ; New data with NBE Read ; Off      ; No                     ; No - Unknown  ;
; RIOT_RAM:U6_RAM|altsyncram:altsyncram_component|altsyncram_48p3:auto_generated|ALTSYNCRAM                    ; AUTO ; Single Port    ; Single Clock ; 256          ; 8            ; --           ; --           ; yes                    ; yes                     ; --                     ; --                      ; 2048  ; 256                         ; 8                           ; --                          ; --                          ; 2048                ; 1    ; None ; M9K_X27_Y17_N0                                                                                                                 ; Don't care           ; New data with NBE Read ; New data with NBE Read ; Off      ; No                     ; No - Unknown  ;
; SYSTEM_ROM:SYSTEM|altsyncram:altsyncram_component|altsyncram_s1q3:auto_generated|ALTSYNCRAM                  ; AUTO ; Single Port    ; Single Clock ; 8192         ; 8            ; --           ; --           ; yes                    ; no                      ; --                     ; --                      ; 65536 ; 8192                        ; 8                           ; --                          ; --                          ; 65536               ; 8    ; None ; M9K_X15_Y18_N0, M9K_X27_Y18_N0, M9K_X27_Y14_N0, M9K_X27_Y13_N0, M9K_X27_Y19_N0, M9K_X15_Y19_N0, M9K_X27_Y15_N0, M9K_X15_Y17_N0 ; Don't care           ; New data with NBE Read ; New data with NBE Read ; Off      ; No                     ; No - Unknown  ;
; gosof80:SOUNDBOARD|SB_RAM:RIOT_RAM|altsyncram:altsyncram_component|altsyncram_18p3:auto_generated|ALTSYNCRAM ; AUTO ; Single Port    ; Single Clock ; 128          ; 8            ; --           ; --           ; yes                    ; yes                     ; --                     ; --                      ; 1024  ; 128                         ; 8                           ; --                          ; --                          ; 1024                ; 1    ; None ; M9K_X15_Y6_N0                                                                                                                  ; Don't care           ; New data with NBE Read ; New data with NBE Read ; Off      ; No                     ; No - Unknown  ;
+--------------------------------------------------------------------------------------------------------------+------+----------------+--------------+--------------+--------------+--------------+--------------+------------------------+-------------------------+------------------------+-------------------------+-------+-----------------------------+-----------------------------+-----------------------------+-----------------------------+---------------------+------+------+--------------------------------------------------------------------------------------------------------------------------------+----------------------+------------------------+------------------------+----------+------------------------+---------------+
Note: Fitter may spread logical memories into multiple blocks to improve timing. The actual required RAM blocks can be found in the Fitter Resource Usage section.


+-------------------------------------------------+
; Routing Usage Summary                           ;
+-----------------------+-------------------------+
; Routing Resource Type ; Usage                   ;
+-----------------------+-------------------------+
; Block interconnects   ; 6,501 / 32,401 ( 20 % ) ;
; C16 interconnects     ; 50 / 1,326 ( 4 % )      ;
; C4 interconnects      ; 3,449 / 21,816 ( 16 % ) ;
; Direct links          ; 1,113 / 32,401 ( 3 % )  ;
; Global clocks         ; 6 / 10 ( 60 % )         ;
; Local interconnects   ; 2,874 / 10,320 ( 28 % ) ;
; R24 interconnects     ; 60 / 1,289 ( 5 % )      ;
; R4 interconnects      ; 3,771 / 28,186 ( 13 % ) ;
+-----------------------+-------------------------+


+-----------------------------------------------------------------------------+
; LAB Logic Elements                                                          ;
+---------------------------------------------+-------------------------------+
; Number of Logic Elements  (Average = 13.37) ; Number of LABs  (Total = 387) ;
+---------------------------------------------+-------------------------------+
; 1                                           ; 19                            ;
; 2                                           ; 6                             ;
; 3                                           ; 7                             ;
; 4                                           ; 3                             ;
; 5                                           ; 9                             ;
; 6                                           ; 1                             ;
; 7                                           ; 7                             ;
; 8                                           ; 5                             ;
; 9                                           ; 6                             ;
; 10                                          ; 2                             ;
; 11                                          ; 13                            ;
; 12                                          ; 14                            ;
; 13                                          ; 10                            ;
; 14                                          ; 28                            ;
; 15                                          ; 50                            ;
; 16                                          ; 207                           ;
+---------------------------------------------+-------------------------------+


+--------------------------------------------------------------------+
; LAB-wide Signals                                                   ;
+------------------------------------+-------------------------------+
; LAB-wide Signals  (Average = 1.53) ; Number of LABs  (Total = 387) ;
+------------------------------------+-------------------------------+
; 1 Async. clear                     ; 103                           ;
; 1 Clock                            ; 270                           ;
; 1 Clock enable                     ; 129                           ;
; 1 Sync. clear                      ; 37                            ;
; 1 Sync. load                       ; 13                            ;
; 2 Async. clears                    ; 1                             ;
; 2 Clock enables                    ; 36                            ;
; 2 Clocks                           ; 5                             ;
+------------------------------------+-------------------------------+


+------------------------------------------------------------------------------+
; LAB Signals Sourced                                                          ;
+----------------------------------------------+-------------------------------+
; Number of Signals Sourced  (Average = 17.79) ; Number of LABs  (Total = 387) ;
+----------------------------------------------+-------------------------------+
; 0                                            ; 0                             ;
; 1                                            ; 12                            ;
; 2                                            ; 8                             ;
; 3                                            ; 5                             ;
; 4                                            ; 3                             ;
; 5                                            ; 7                             ;
; 6                                            ; 5                             ;
; 7                                            ; 5                             ;
; 8                                            ; 5                             ;
; 9                                            ; 4                             ;
; 10                                           ; 2                             ;
; 11                                           ; 7                             ;
; 12                                           ; 6                             ;
; 13                                           ; 8                             ;
; 14                                           ; 8                             ;
; 15                                           ; 33                            ;
; 16                                           ; 59                            ;
; 17                                           ; 14                            ;
; 18                                           ; 23                            ;
; 19                                           ; 24                            ;
; 20                                           ; 14                            ;
; 21                                           ; 15                            ;
; 22                                           ; 19                            ;
; 23                                           ; 13                            ;
; 24                                           ; 20                            ;
; 25                                           ; 13                            ;
; 26                                           ; 5                             ;
; 27                                           ; 6                             ;
; 28                                           ; 10                            ;
; 29                                           ; 12                            ;
; 30                                           ; 7                             ;
; 31                                           ; 7                             ;
; 32                                           ; 8                             ;
+----------------------------------------------+-------------------------------+


+---------------------------------------------------------------------------------+
; LAB Signals Sourced Out                                                         ;
+-------------------------------------------------+-------------------------------+
; Number of Signals Sourced Out  (Average = 7.50) ; Number of LABs  (Total = 387) ;
+-------------------------------------------------+-------------------------------+
; 0                                               ; 0                             ;
; 1                                               ; 34                            ;
; 2                                               ; 25                            ;
; 3                                               ; 22                            ;
; 4                                               ; 22                            ;
; 5                                               ; 24                            ;
; 6                                               ; 26                            ;
; 7                                               ; 48                            ;
; 8                                               ; 44                            ;
; 9                                               ; 30                            ;
; 10                                              ; 28                            ;
; 11                                              ; 18                            ;
; 12                                              ; 16                            ;
; 13                                              ; 11                            ;
; 14                                              ; 13                            ;
; 15                                              ; 4                             ;
; 16                                              ; 16                            ;
; 17                                              ; 0                             ;
; 18                                              ; 1                             ;
; 19                                              ; 3                             ;
; 20                                              ; 1                             ;
; 21                                              ; 0                             ;
; 22                                              ; 0                             ;
; 23                                              ; 0                             ;
; 24                                              ; 0                             ;
; 25                                              ; 1                             ;
+-------------------------------------------------+-------------------------------+


+------------------------------------------------------------------------------+
; LAB Distinct Inputs                                                          ;
+----------------------------------------------+-------------------------------+
; Number of Distinct Inputs  (Average = 15.01) ; Number of LABs  (Total = 387) ;
+----------------------------------------------+-------------------------------+
; 0                                            ; 0                             ;
; 1                                            ; 0                             ;
; 2                                            ; 10                            ;
; 3                                            ; 10                            ;
; 4                                            ; 30                            ;
; 5                                            ; 17                            ;
; 6                                            ; 20                            ;
; 7                                            ; 6                             ;
; 8                                            ; 8                             ;
; 9                                            ; 7                             ;
; 10                                           ; 11                            ;
; 11                                           ; 11                            ;
; 12                                           ; 17                            ;
; 13                                           ; 17                            ;
; 14                                           ; 20                            ;
; 15                                           ; 23                            ;
; 16                                           ; 19                            ;
; 17                                           ; 18                            ;
; 18                                           ; 18                            ;
; 19                                           ; 15                            ;
; 20                                           ; 15                            ;
; 21                                           ; 13                            ;
; 22                                           ; 14                            ;
; 23                                           ; 11                            ;
; 24                                           ; 8                             ;
; 25                                           ; 5                             ;
; 26                                           ; 4                             ;
; 27                                           ; 8                             ;
; 28                                           ; 6                             ;
; 29                                           ; 6                             ;
; 30                                           ; 6                             ;
; 31                                           ; 2                             ;
; 32                                           ; 2                             ;
; 33                                           ; 3                             ;
; 34                                           ; 3                             ;
; 35                                           ; 1                             ;
; 36                                           ; 0                             ;
; 37                                           ; 3                             ;
+----------------------------------------------+-------------------------------+


+------------------------------------------+
; I/O Rules Summary                        ;
+----------------------------------+-------+
; I/O Rules Statistic              ; Total ;
+----------------------------------+-------+
; Total I/O Rules                  ; 30    ;
; Number of I/O Rules Passed       ; 11    ;
; Number of I/O Rules Failed       ; 0     ;
; Number of I/O Rules Unchecked    ; 0     ;
; Number of I/O Rules Inapplicable ; 19    ;
+----------------------------------+-------+


+-------------------------------------------------------------------------------------------------------------------------------------------------------------------------------------------------------------------------------------------------------------------+
; I/O Rules Details                                                                                                                                                                                                                                                 ;
+--------------+-----------+-----------------------------------+------------------------------------------------------------------------------------------------------+----------+-------------------------------------------------------+------+-------------------+
; Status       ; ID        ; Category                          ; Rule Description                                                                                     ; Severity ; Information                                           ; Area ; Extra Information ;
+--------------+-----------+-----------------------------------+------------------------------------------------------------------------------------------------------+----------+-------------------------------------------------------+------+-------------------+
; Pass         ; IO_000001 ; Capacity Checks                   ; Number of pins in an I/O bank should not exceed the number of locations available.                   ; Critical ; 0 such failures found.                                ; I/O  ;                   ;
; Inapplicable ; IO_000002 ; Capacity Checks                   ; Number of clocks in an I/O bank should not exceed the number of clocks available.                    ; Critical ; No Global Signal assignments found.                   ; I/O  ;                   ;
; Pass         ; IO_000003 ; Capacity Checks                   ; Number of pins in a Vrefgroup should not exceed the number of locations available.                   ; Critical ; 0 such failures found.                                ; I/O  ;                   ;
; Inapplicable ; IO_000004 ; Voltage Compatibility Checks      ; The I/O bank should support the requested VCCIO.                                                     ; Critical ; No IOBANK_VCCIO assignments found.                    ; I/O  ;                   ;
; Inapplicable ; IO_000005 ; Voltage Compatibility Checks      ; The I/O bank should not have competing VREF values.                                                  ; Critical ; No VREF I/O Standard assignments found.               ; I/O  ;                   ;
; Pass         ; IO_000006 ; Voltage Compatibility Checks      ; The I/O bank should not have competing VCCIO values.                                                 ; Critical ; 0 such failures found.                                ; I/O  ;                   ;
; Pass         ; IO_000007 ; Valid Location Checks             ; Checks for unavailable locations.                                                                    ; Critical ; 0 such failures found.                                ; I/O  ;                   ;
; Inapplicable ; IO_000008 ; Valid Location Checks             ; Checks for reserved locations.                                                                       ; Critical ; No reserved LogicLock region found.                   ; I/O  ;                   ;
; Pass         ; IO_000009 ; I/O Properties Checks for One I/O ; The location should support the requested I/O standard.                                              ; Critical ; 0 such failures found.                                ; I/O  ;                   ;
; Pass         ; IO_000010 ; I/O Properties Checks for One I/O ; The location should support the requested I/O direction.                                             ; Critical ; 0 such failures found.                                ; I/O  ;                   ;
; Inapplicable ; IO_000011 ; I/O Properties Checks for One I/O ; The location should support the requested Current Strength.                                          ; Critical ; No Current Strength assignments found.                ; I/O  ;                   ;
; Inapplicable ; IO_000012 ; I/O Properties Checks for One I/O ; The location should support the requested On Chip Termination value.                                 ; Critical ; No Termination assignments found.                     ; I/O  ;                   ;
; Inapplicable ; IO_000013 ; I/O Properties Checks for One I/O ; The location should support the requested Bus Hold value.                                            ; Critical ; No Enable Bus-Hold Circuitry assignments found.       ; I/O  ;                   ;
; Pass         ; IO_000014 ; I/O Properties Checks for One I/O ; The location should support the requested Weak Pull Up value.                                        ; Critical ; 0 such failures found.                                ; I/O  ;                   ;
; Pass         ; IO_000015 ; I/O Properties Checks for One I/O ; The location should support the requested PCI Clamp Diode.                                           ; Critical ; 0 such failures found.                                ; I/O  ;                   ;
; Inapplicable ; IO_000018 ; I/O Properties Checks for One I/O ; The I/O standard should support the requested Current Strength.                                      ; Critical ; No Current Strength assignments found.                ; I/O  ;                   ;
; Inapplicable ; IO_000019 ; I/O Properties Checks for One I/O ; The I/O standard should support the requested On Chip Termination value.                             ; Critical ; No Termination assignments found.                     ; I/O  ;                   ;
; Pass         ; IO_000020 ; I/O Properties Checks for One I/O ; The I/O standard should support the requested PCI Clamp Diode.                                       ; Critical ; 0 such failures found.                                ; I/O  ;                   ;
; Pass         ; IO_000021 ; I/O Properties Checks for One I/O ; The I/O standard should support the requested Weak Pull Up value.                                    ; Critical ; 0 such failures found.                                ; I/O  ;                   ;
; Inapplicable ; IO_000022 ; I/O Properties Checks for One I/O ; The I/O standard should support the requested Bus Hold value.                                        ; Critical ; No Enable Bus-Hold Circuitry assignments found.       ; I/O  ;                   ;
; Inapplicable ; IO_000023 ; I/O Properties Checks for One I/O ; The I/O standard should support the Open Drain value.                                                ; Critical ; No open drain assignments found.                      ; I/O  ;                   ;
; Inapplicable ; IO_000024 ; I/O Properties Checks for One I/O ; The I/O direction should support the On Chip Termination value.                                      ; Critical ; No Termination assignments found.                     ; I/O  ;                   ;
; Inapplicable ; IO_000026 ; I/O Properties Checks for One I/O ; On Chip Termination and Current Strength should not be used at the same time.                        ; Critical ; No Current Strength or Termination assignments found. ; I/O  ;                   ;
; Inapplicable ; IO_000027 ; I/O Properties Checks for One I/O ; Weak Pull Up and Bus Hold should not be used at the same time.                                       ; Critical ; No Enable Bus-Hold Circuitry assignments found.       ; I/O  ;                   ;
; Inapplicable ; IO_000045 ; I/O Properties Checks for One I/O ; The I/O standard should support the requested Slew Rate value.                                       ; Critical ; No Slew Rate assignments found.                       ; I/O  ;                   ;
; Inapplicable ; IO_000046 ; I/O Properties Checks for One I/O ; The location should support the requested Slew Rate value.                                           ; Critical ; No Slew Rate assignments found.                       ; I/O  ;                   ;
; Inapplicable ; IO_000047 ; I/O Properties Checks for One I/O ; On Chip Termination and Slew Rate should not be used at the same time.                               ; Critical ; No Slew Rate assignments found.                       ; I/O  ;                   ;
; Pass         ; IO_000033 ; Electromigration Checks           ; Current density for consecutive I/Os should not exceed 240mA for row I/Os and 240mA for column I/Os. ; Critical ; 0 such failures found.                                ; I/O  ;                   ;
; Inapplicable ; IO_000034 ; SI Related Distance Checks        ; Single-ended outputs should be 5 LAB row(s) away from a differential I/O.                            ; High     ; No Differential I/O Standard assignments found.       ; I/O  ;                   ;
; Inapplicable ; IO_000042 ; SI Related SSO Limit Checks       ; No more than 20 outputs are allowed in a VREF group when VREF is being read from.                    ; High     ; No VREF I/O Standard assignments found.               ; I/O  ;                   ;
+--------------+-----------+-----------------------------------+------------------------------------------------------------------------------------------------------+----------+-------------------------------------------------------+------+-------------------+


+-----------------------------------------------------------------------------------------------------------------------------------------------------------------------------------------------------------------------------------------------------------------------------------------------------------------------------------------------------------------------------------------------------------------------------------------------------------------+
; I/O Rules Matrix                                                                                                                                                                                                                                                                                                                                                                                                                                                ;
+--------------------+-----------+--------------+-----------+--------------+--------------+-----------+-----------+--------------+-----------+-----------+--------------+--------------+--------------+--------------+--------------+--------------+--------------+--------------+--------------+--------------+--------------+--------------+--------------+--------------+--------------+--------------+--------------+-----------+--------------+--------------+
; Pin/Rules          ; IO_000001 ; IO_000002    ; IO_000003 ; IO_000004    ; IO_000005    ; IO_000006 ; IO_000007 ; IO_000008    ; IO_000009 ; IO_000010 ; IO_000011    ; IO_000012    ; IO_000013    ; IO_000014    ; IO_000015    ; IO_000018    ; IO_000019    ; IO_000020    ; IO_000021    ; IO_000022    ; IO_000023    ; IO_000024    ; IO_000026    ; IO_000027    ; IO_000045    ; IO_000046    ; IO_000047    ; IO_000033 ; IO_000034    ; IO_000042    ;
+--------------------+-----------+--------------+-----------+--------------+--------------+-----------+-----------+--------------+-----------+-----------+--------------+--------------+--------------+--------------+--------------+--------------+--------------+--------------+--------------+--------------+--------------+--------------+--------------+--------------+--------------+--------------+--------------+-----------+--------------+--------------+
; Total Pass         ; 84        ; 0            ; 84        ; 0            ; 0            ; 84        ; 84        ; 0            ; 84        ; 84        ; 0            ; 0            ; 0            ; 1            ; 17           ; 0            ; 0            ; 17           ; 1            ; 0            ; 0            ; 0            ; 0            ; 0            ; 0            ; 0            ; 0            ; 84        ; 0            ; 0            ;
; Total Unchecked    ; 0         ; 0            ; 0         ; 0            ; 0            ; 0         ; 0         ; 0            ; 0         ; 0         ; 0            ; 0            ; 0            ; 0            ; 0            ; 0            ; 0            ; 0            ; 0            ; 0            ; 0            ; 0            ; 0            ; 0            ; 0            ; 0            ; 0            ; 0         ; 0            ; 0            ;
; Total Inapplicable ; 0         ; 84           ; 0         ; 84           ; 84           ; 0         ; 0         ; 84           ; 0         ; 0         ; 84           ; 84           ; 84           ; 83           ; 67           ; 84           ; 84           ; 67           ; 83           ; 84           ; 84           ; 84           ; 84           ; 84           ; 84           ; 84           ; 84           ; 0         ; 84           ; 84           ;
; Total Fail         ; 0         ; 0            ; 0         ; 0            ; 0            ; 0         ; 0         ; 0            ; 0         ; 0         ; 0            ; 0            ; 0            ; 0            ; 0            ; 0            ; 0            ; 0            ; 0            ; 0            ; 0            ; 0            ; 0            ; 0            ; 0            ; 0            ; 0            ; 0         ; 0            ; 0            ;
; LED_Int            ; Pass      ; Inapplicable ; Pass      ; Inapplicable ; Inapplicable ; Pass      ; Pass      ; Inapplicable ; Pass      ; Pass      ; Inapplicable ; Inapplicable ; Inapplicable ; Inapplicable ; Inapplicable ; Inapplicable ; Inapplicable ; Inapplicable ; Inapplicable ; Inapplicable ; Inapplicable ; Inapplicable ; Inapplicable ; Inapplicable ; Inapplicable ; Inapplicable ; Inapplicable ; Pass      ; Inapplicable ; Inapplicable ;
; LED_SDcard         ; Pass      ; Inapplicable ; Pass      ; Inapplicable ; Inapplicable ; Pass      ; Pass      ; Inapplicable ; Pass      ; Pass      ; Inapplicable ; Inapplicable ; Inapplicable ; Inapplicable ; Inapplicable ; Inapplicable ; Inapplicable ; Inapplicable ; Inapplicable ; Inapplicable ; Inapplicable ; Inapplicable ; Inapplicable ; Inapplicable ; Inapplicable ; Inapplicable ; Inapplicable ; Pass      ; Inapplicable ; Inapplicable ;
; LED_ON             ; Pass      ; Inapplicable ; Pass      ; Inapplicable ; Inapplicable ; Pass      ; Pass      ; Inapplicable ; Pass      ; Pass      ; Inapplicable ; Inapplicable ; Inapplicable ; Inapplicable ; Inapplicable ; Inapplicable ; Inapplicable ; Inapplicable ; Inapplicable ; Inapplicable ; Inapplicable ; Inapplicable ; Inapplicable ; Inapplicable ; Inapplicable ; Inapplicable ; Inapplicable ; Pass      ; Inapplicable ; Inapplicable ;
; U4_PB[0]           ; Pass      ; Inapplicable ; Pass      ; Inapplicable ; Inapplicable ; Pass      ; Pass      ; Inapplicable ; Pass      ; Pass      ; Inapplicable ; Inapplicable ; Inapplicable ; Inapplicable ; Inapplicable ; Inapplicable ; Inapplicable ; Inapplicable ; Inapplicable ; Inapplicable ; Inapplicable ; Inapplicable ; Inapplicable ; Inapplicable ; Inapplicable ; Inapplicable ; Inapplicable ; Pass      ; Inapplicable ; Inapplicable ;
; U4_PB[1]           ; Pass      ; Inapplicable ; Pass      ; Inapplicable ; Inapplicable ; Pass      ; Pass      ; Inapplicable ; Pass      ; Pass      ; Inapplicable ; Inapplicable ; Inapplicable ; Inapplicable ; Inapplicable ; Inapplicable ; Inapplicable ; Inapplicable ; Inapplicable ; Inapplicable ; Inapplicable ; Inapplicable ; Inapplicable ; Inapplicable ; Inapplicable ; Inapplicable ; Inapplicable ; Pass      ; Inapplicable ; Inapplicable ;
; U4_PB[2]           ; Pass      ; Inapplicable ; Pass      ; Inapplicable ; Inapplicable ; Pass      ; Pass      ; Inapplicable ; Pass      ; Pass      ; Inapplicable ; Inapplicable ; Inapplicable ; Inapplicable ; Inapplicable ; Inapplicable ; Inapplicable ; Inapplicable ; Inapplicable ; Inapplicable ; Inapplicable ; Inapplicable ; Inapplicable ; Inapplicable ; Inapplicable ; Inapplicable ; Inapplicable ; Pass      ; Inapplicable ; Inapplicable ;
; U4_PB[3]           ; Pass      ; Inapplicable ; Pass      ; Inapplicable ; Inapplicable ; Pass      ; Pass      ; Inapplicable ; Pass      ; Pass      ; Inapplicable ; Inapplicable ; Inapplicable ; Inapplicable ; Inapplicable ; Inapplicable ; Inapplicable ; Inapplicable ; Inapplicable ; Inapplicable ; Inapplicable ; Inapplicable ; Inapplicable ; Inapplicable ; Inapplicable ; Inapplicable ; Inapplicable ; Pass      ; Inapplicable ; Inapplicable ;
; U4_PB[4]           ; Pass      ; Inapplicable ; Pass      ; Inapplicable ; Inapplicable ; Pass      ; Pass      ; Inapplicable ; Pass      ; Pass      ; Inapplicable ; Inapplicable ; Inapplicable ; Inapplicable ; Inapplicable ; Inapplicable ; Inapplicable ; Inapplicable ; Inapplicable ; Inapplicable ; Inapplicable ; Inapplicable ; Inapplicable ; Inapplicable ; Inapplicable ; Inapplicable ; Inapplicable ; Pass      ; Inapplicable ; Inapplicable ;
; U4_PB[5]           ; Pass      ; Inapplicable ; Pass      ; Inapplicable ; Inapplicable ; Pass      ; Pass      ; Inapplicable ; Pass      ; Pass      ; Inapplicable ; Inapplicable ; Inapplicable ; Inapplicable ; Inapplicable ; Inapplicable ; Inapplicable ; Inapplicable ; Inapplicable ; Inapplicable ; Inapplicable ; Inapplicable ; Inapplicable ; Inapplicable ; Inapplicable ; Inapplicable ; Inapplicable ; Pass      ; Inapplicable ; Inapplicable ;
; U4_PB[6]           ; Pass      ; Inapplicable ; Pass      ; Inapplicable ; Inapplicable ; Pass      ; Pass      ; Inapplicable ; Pass      ; Pass      ; Inapplicable ; Inapplicable ; Inapplicable ; Inapplicable ; Inapplicable ; Inapplicable ; Inapplicable ; Inapplicable ; Inapplicable ; Inapplicable ; Inapplicable ; Inapplicable ; Inapplicable ; Inapplicable ; Inapplicable ; Inapplicable ; Inapplicable ; Pass      ; Inapplicable ; Inapplicable ;
; U4_PB[7]           ; Pass      ; Inapplicable ; Pass      ; Inapplicable ; Inapplicable ; Pass      ; Pass      ; Inapplicable ; Pass      ; Pass      ; Inapplicable ; Inapplicable ; Inapplicable ; Inapplicable ; Inapplicable ; Inapplicable ; Inapplicable ; Inapplicable ; Inapplicable ; Inapplicable ; Inapplicable ; Inapplicable ; Inapplicable ; Inapplicable ; Inapplicable ; Inapplicable ; Inapplicable ; Pass      ; Inapplicable ; Inapplicable ;
; disp_segments[24]  ; Pass      ; Inapplicable ; Pass      ; Inapplicable ; Inapplicable ; Pass      ; Pass      ; Inapplicable ; Pass      ; Pass      ; Inapplicable ; Inapplicable ; Inapplicable ; Inapplicable ; Inapplicable ; Inapplicable ; Inapplicable ; Inapplicable ; Inapplicable ; Inapplicable ; Inapplicable ; Inapplicable ; Inapplicable ; Inapplicable ; Inapplicable ; Inapplicable ; Inapplicable ; Pass      ; Inapplicable ; Inapplicable ;
; disp_segments[23]  ; Pass      ; Inapplicable ; Pass      ; Inapplicable ; Inapplicable ; Pass      ; Pass      ; Inapplicable ; Pass      ; Pass      ; Inapplicable ; Inapplicable ; Inapplicable ; Inapplicable ; Inapplicable ; Inapplicable ; Inapplicable ; Inapplicable ; Inapplicable ; Inapplicable ; Inapplicable ; Inapplicable ; Inapplicable ; Inapplicable ; Inapplicable ; Inapplicable ; Inapplicable ; Pass      ; Inapplicable ; Inapplicable ;
; disp_segments[22]  ; Pass      ; Inapplicable ; Pass      ; Inapplicable ; Inapplicable ; Pass      ; Pass      ; Inapplicable ; Pass      ; Pass      ; Inapplicable ; Inapplicable ; Inapplicable ; Inapplicable ; Inapplicable ; Inapplicable ; Inapplicable ; Inapplicable ; Inapplicable ; Inapplicable ; Inapplicable ; Inapplicable ; Inapplicable ; Inapplicable ; Inapplicable ; Inapplicable ; Inapplicable ; Pass      ; Inapplicable ; Inapplicable ;
; disp_segments[21]  ; Pass      ; Inapplicable ; Pass      ; Inapplicable ; Inapplicable ; Pass      ; Pass      ; Inapplicable ; Pass      ; Pass      ; Inapplicable ; Inapplicable ; Inapplicable ; Inapplicable ; Inapplicable ; Inapplicable ; Inapplicable ; Inapplicable ; Inapplicable ; Inapplicable ; Inapplicable ; Inapplicable ; Inapplicable ; Inapplicable ; Inapplicable ; Inapplicable ; Inapplicable ; Pass      ; Inapplicable ; Inapplicable ;
; disp_segments[20]  ; Pass      ; Inapplicable ; Pass      ; Inapplicable ; Inapplicable ; Pass      ; Pass      ; Inapplicable ; Pass      ; Pass      ; Inapplicable ; Inapplicable ; Inapplicable ; Inapplicable ; Inapplicable ; Inapplicable ; Inapplicable ; Inapplicable ; Inapplicable ; Inapplicable ; Inapplicable ; Inapplicable ; Inapplicable ; Inapplicable ; Inapplicable ; Inapplicable ; Inapplicable ; Pass      ; Inapplicable ; Inapplicable ;
; disp_segments[19]  ; Pass      ; Inapplicable ; Pass      ; Inapplicable ; Inapplicable ; Pass      ; Pass      ; Inapplicable ; Pass      ; Pass      ; Inapplicable ; Inapplicable ; Inapplicable ; Inapplicable ; Inapplicable ; Inapplicable ; Inapplicable ; Inapplicable ; Inapplicable ; Inapplicable ; Inapplicable ; Inapplicable ; Inapplicable ; Inapplicable ; Inapplicable ; Inapplicable ; Inapplicable ; Pass      ; Inapplicable ; Inapplicable ;
; disp_segments[18]  ; Pass      ; Inapplicable ; Pass      ; Inapplicable ; Inapplicable ; Pass      ; Pass      ; Inapplicable ; Pass      ; Pass      ; Inapplicable ; Inapplicable ; Inapplicable ; Inapplicable ; Inapplicable ; Inapplicable ; Inapplicable ; Inapplicable ; Inapplicable ; Inapplicable ; Inapplicable ; Inapplicable ; Inapplicable ; Inapplicable ; Inapplicable ; Inapplicable ; Inapplicable ; Pass      ; Inapplicable ; Inapplicable ;
; disp_segments[17]  ; Pass      ; Inapplicable ; Pass      ; Inapplicable ; Inapplicable ; Pass      ; Pass      ; Inapplicable ; Pass      ; Pass      ; Inapplicable ; Inapplicable ; Inapplicable ; Inapplicable ; Inapplicable ; Inapplicable ; Inapplicable ; Inapplicable ; Inapplicable ; Inapplicable ; Inapplicable ; Inapplicable ; Inapplicable ; Inapplicable ; Inapplicable ; Inapplicable ; Inapplicable ; Pass      ; Inapplicable ; Inapplicable ;
; disp_segments[16]  ; Pass      ; Inapplicable ; Pass      ; Inapplicable ; Inapplicable ; Pass      ; Pass      ; Inapplicable ; Pass      ; Pass      ; Inapplicable ; Inapplicable ; Inapplicable ; Inapplicable ; Inapplicable ; Inapplicable ; Inapplicable ; Inapplicable ; Inapplicable ; Inapplicable ; Inapplicable ; Inapplicable ; Inapplicable ; Inapplicable ; Inapplicable ; Inapplicable ; Inapplicable ; Pass      ; Inapplicable ; Inapplicable ;
; disp_segments[15]  ; Pass      ; Inapplicable ; Pass      ; Inapplicable ; Inapplicable ; Pass      ; Pass      ; Inapplicable ; Pass      ; Pass      ; Inapplicable ; Inapplicable ; Inapplicable ; Inapplicable ; Inapplicable ; Inapplicable ; Inapplicable ; Inapplicable ; Inapplicable ; Inapplicable ; Inapplicable ; Inapplicable ; Inapplicable ; Inapplicable ; Inapplicable ; Inapplicable ; Inapplicable ; Pass      ; Inapplicable ; Inapplicable ;
; disp_segments[14]  ; Pass      ; Inapplicable ; Pass      ; Inapplicable ; Inapplicable ; Pass      ; Pass      ; Inapplicable ; Pass      ; Pass      ; Inapplicable ; Inapplicable ; Inapplicable ; Inapplicable ; Inapplicable ; Inapplicable ; Inapplicable ; Inapplicable ; Inapplicable ; Inapplicable ; Inapplicable ; Inapplicable ; Inapplicable ; Inapplicable ; Inapplicable ; Inapplicable ; Inapplicable ; Pass      ; Inapplicable ; Inapplicable ;
; disp_segments[13]  ; Pass      ; Inapplicable ; Pass      ; Inapplicable ; Inapplicable ; Pass      ; Pass      ; Inapplicable ; Pass      ; Pass      ; Inapplicable ; Inapplicable ; Inapplicable ; Inapplicable ; Inapplicable ; Inapplicable ; Inapplicable ; Inapplicable ; Inapplicable ; Inapplicable ; Inapplicable ; Inapplicable ; Inapplicable ; Inapplicable ; Inapplicable ; Inapplicable ; Inapplicable ; Pass      ; Inapplicable ; Inapplicable ;
; disp_segments[12]  ; Pass      ; Inapplicable ; Pass      ; Inapplicable ; Inapplicable ; Pass      ; Pass      ; Inapplicable ; Pass      ; Pass      ; Inapplicable ; Inapplicable ; Inapplicable ; Inapplicable ; Inapplicable ; Inapplicable ; Inapplicable ; Inapplicable ; Inapplicable ; Inapplicable ; Inapplicable ; Inapplicable ; Inapplicable ; Inapplicable ; Inapplicable ; Inapplicable ; Inapplicable ; Pass      ; Inapplicable ; Inapplicable ;
; disp_segments[11]  ; Pass      ; Inapplicable ; Pass      ; Inapplicable ; Inapplicable ; Pass      ; Pass      ; Inapplicable ; Pass      ; Pass      ; Inapplicable ; Inapplicable ; Inapplicable ; Inapplicable ; Inapplicable ; Inapplicable ; Inapplicable ; Inapplicable ; Inapplicable ; Inapplicable ; Inapplicable ; Inapplicable ; Inapplicable ; Inapplicable ; Inapplicable ; Inapplicable ; Inapplicable ; Pass      ; Inapplicable ; Inapplicable ;
; disp_segments[10]  ; Pass      ; Inapplicable ; Pass      ; Inapplicable ; Inapplicable ; Pass      ; Pass      ; Inapplicable ; Pass      ; Pass      ; Inapplicable ; Inapplicable ; Inapplicable ; Inapplicable ; Inapplicable ; Inapplicable ; Inapplicable ; Inapplicable ; Inapplicable ; Inapplicable ; Inapplicable ; Inapplicable ; Inapplicable ; Inapplicable ; Inapplicable ; Inapplicable ; Inapplicable ; Pass      ; Inapplicable ; Inapplicable ;
; disp_segments[9]   ; Pass      ; Inapplicable ; Pass      ; Inapplicable ; Inapplicable ; Pass      ; Pass      ; Inapplicable ; Pass      ; Pass      ; Inapplicable ; Inapplicable ; Inapplicable ; Inapplicable ; Inapplicable ; Inapplicable ; Inapplicable ; Inapplicable ; Inapplicable ; Inapplicable ; Inapplicable ; Inapplicable ; Inapplicable ; Inapplicable ; Inapplicable ; Inapplicable ; Inapplicable ; Pass      ; Inapplicable ; Inapplicable ;
; disp_segments[8]   ; Pass      ; Inapplicable ; Pass      ; Inapplicable ; Inapplicable ; Pass      ; Pass      ; Inapplicable ; Pass      ; Pass      ; Inapplicable ; Inapplicable ; Inapplicable ; Inapplicable ; Inapplicable ; Inapplicable ; Inapplicable ; Inapplicable ; Inapplicable ; Inapplicable ; Inapplicable ; Inapplicable ; Inapplicable ; Inapplicable ; Inapplicable ; Inapplicable ; Inapplicable ; Pass      ; Inapplicable ; Inapplicable ;
; disp_segments[7]   ; Pass      ; Inapplicable ; Pass      ; Inapplicable ; Inapplicable ; Pass      ; Pass      ; Inapplicable ; Pass      ; Pass      ; Inapplicable ; Inapplicable ; Inapplicable ; Inapplicable ; Inapplicable ; Inapplicable ; Inapplicable ; Inapplicable ; Inapplicable ; Inapplicable ; Inapplicable ; Inapplicable ; Inapplicable ; Inapplicable ; Inapplicable ; Inapplicable ; Inapplicable ; Pass      ; Inapplicable ; Inapplicable ;
; disp_segments[6]   ; Pass      ; Inapplicable ; Pass      ; Inapplicable ; Inapplicable ; Pass      ; Pass      ; Inapplicable ; Pass      ; Pass      ; Inapplicable ; Inapplicable ; Inapplicable ; Inapplicable ; Inapplicable ; Inapplicable ; Inapplicable ; Inapplicable ; Inapplicable ; Inapplicable ; Inapplicable ; Inapplicable ; Inapplicable ; Inapplicable ; Inapplicable ; Inapplicable ; Inapplicable ; Pass      ; Inapplicable ; Inapplicable ;
; disp_segments[5]   ; Pass      ; Inapplicable ; Pass      ; Inapplicable ; Inapplicable ; Pass      ; Pass      ; Inapplicable ; Pass      ; Pass      ; Inapplicable ; Inapplicable ; Inapplicable ; Inapplicable ; Inapplicable ; Inapplicable ; Inapplicable ; Inapplicable ; Inapplicable ; Inapplicable ; Inapplicable ; Inapplicable ; Inapplicable ; Inapplicable ; Inapplicable ; Inapplicable ; Inapplicable ; Pass      ; Inapplicable ; Inapplicable ;
; disp_segments[4]   ; Pass      ; Inapplicable ; Pass      ; Inapplicable ; Inapplicable ; Pass      ; Pass      ; Inapplicable ; Pass      ; Pass      ; Inapplicable ; Inapplicable ; Inapplicable ; Inapplicable ; Inapplicable ; Inapplicable ; Inapplicable ; Inapplicable ; Inapplicable ; Inapplicable ; Inapplicable ; Inapplicable ; Inapplicable ; Inapplicable ; Inapplicable ; Inapplicable ; Inapplicable ; Pass      ; Inapplicable ; Inapplicable ;
; disp_segments[3]   ; Pass      ; Inapplicable ; Pass      ; Inapplicable ; Inapplicable ; Pass      ; Pass      ; Inapplicable ; Pass      ; Pass      ; Inapplicable ; Inapplicable ; Inapplicable ; Inapplicable ; Inapplicable ; Inapplicable ; Inapplicable ; Inapplicable ; Inapplicable ; Inapplicable ; Inapplicable ; Inapplicable ; Inapplicable ; Inapplicable ; Inapplicable ; Inapplicable ; Inapplicable ; Pass      ; Inapplicable ; Inapplicable ;
; disp_segments[2]   ; Pass      ; Inapplicable ; Pass      ; Inapplicable ; Inapplicable ; Pass      ; Pass      ; Inapplicable ; Pass      ; Pass      ; Inapplicable ; Inapplicable ; Inapplicable ; Inapplicable ; Inapplicable ; Inapplicable ; Inapplicable ; Inapplicable ; Inapplicable ; Inapplicable ; Inapplicable ; Inapplicable ; Inapplicable ; Inapplicable ; Inapplicable ; Inapplicable ; Inapplicable ; Pass      ; Inapplicable ; Inapplicable ;
; disp_segments[1]   ; Pass      ; Inapplicable ; Pass      ; Inapplicable ; Inapplicable ; Pass      ; Pass      ; Inapplicable ; Pass      ; Pass      ; Inapplicable ; Inapplicable ; Inapplicable ; Inapplicable ; Inapplicable ; Inapplicable ; Inapplicable ; Inapplicable ; Inapplicable ; Inapplicable ; Inapplicable ; Inapplicable ; Inapplicable ; Inapplicable ; Inapplicable ; Inapplicable ; Inapplicable ; Pass      ; Inapplicable ; Inapplicable ;
; U5_PA[0]           ; Pass      ; Inapplicable ; Pass      ; Inapplicable ; Inapplicable ; Pass      ; Pass      ; Inapplicable ; Pass      ; Pass      ; Inapplicable ; Inapplicable ; Inapplicable ; Inapplicable ; Inapplicable ; Inapplicable ; Inapplicable ; Inapplicable ; Inapplicable ; Inapplicable ; Inapplicable ; Inapplicable ; Inapplicable ; Inapplicable ; Inapplicable ; Inapplicable ; Inapplicable ; Pass      ; Inapplicable ; Inapplicable ;
; U5_PA[1]           ; Pass      ; Inapplicable ; Pass      ; Inapplicable ; Inapplicable ; Pass      ; Pass      ; Inapplicable ; Pass      ; Pass      ; Inapplicable ; Inapplicable ; Inapplicable ; Inapplicable ; Inapplicable ; Inapplicable ; Inapplicable ; Inapplicable ; Inapplicable ; Inapplicable ; Inapplicable ; Inapplicable ; Inapplicable ; Inapplicable ; Inapplicable ; Inapplicable ; Inapplicable ; Pass      ; Inapplicable ; Inapplicable ;
; U5_PA[2]           ; Pass      ; Inapplicable ; Pass      ; Inapplicable ; Inapplicable ; Pass      ; Pass      ; Inapplicable ; Pass      ; Pass      ; Inapplicable ; Inapplicable ; Inapplicable ; Inapplicable ; Inapplicable ; Inapplicable ; Inapplicable ; Inapplicable ; Inapplicable ; Inapplicable ; Inapplicable ; Inapplicable ; Inapplicable ; Inapplicable ; Inapplicable ; Inapplicable ; Inapplicable ; Pass      ; Inapplicable ; Inapplicable ;
; U5_PA[3]           ; Pass      ; Inapplicable ; Pass      ; Inapplicable ; Inapplicable ; Pass      ; Pass      ; Inapplicable ; Pass      ; Pass      ; Inapplicable ; Inapplicable ; Inapplicable ; Inapplicable ; Inapplicable ; Inapplicable ; Inapplicable ; Inapplicable ; Inapplicable ; Inapplicable ; Inapplicable ; Inapplicable ; Inapplicable ; Inapplicable ; Inapplicable ; Inapplicable ; Inapplicable ; Pass      ; Inapplicable ; Inapplicable ;
; U5_PB_7            ; Pass      ; Inapplicable ; Pass      ; Inapplicable ; Inapplicable ; Pass      ; Pass      ; Inapplicable ; Pass      ; Pass      ; Inapplicable ; Inapplicable ; Inapplicable ; Inapplicable ; Inapplicable ; Inapplicable ; Inapplicable ; Inapplicable ; Inapplicable ; Inapplicable ; Inapplicable ; Inapplicable ; Inapplicable ; Inapplicable ; Inapplicable ; Inapplicable ; Inapplicable ; Pass      ; Inapplicable ; Inapplicable ;
; U6_PA[0]           ; Pass      ; Inapplicable ; Pass      ; Inapplicable ; Inapplicable ; Pass      ; Pass      ; Inapplicable ; Pass      ; Pass      ; Inapplicable ; Inapplicable ; Inapplicable ; Inapplicable ; Inapplicable ; Inapplicable ; Inapplicable ; Inapplicable ; Inapplicable ; Inapplicable ; Inapplicable ; Inapplicable ; Inapplicable ; Inapplicable ; Inapplicable ; Inapplicable ; Inapplicable ; Pass      ; Inapplicable ; Inapplicable ;
; U6_PA[1]           ; Pass      ; Inapplicable ; Pass      ; Inapplicable ; Inapplicable ; Pass      ; Pass      ; Inapplicable ; Pass      ; Pass      ; Inapplicable ; Inapplicable ; Inapplicable ; Inapplicable ; Inapplicable ; Inapplicable ; Inapplicable ; Inapplicable ; Inapplicable ; Inapplicable ; Inapplicable ; Inapplicable ; Inapplicable ; Inapplicable ; Inapplicable ; Inapplicable ; Inapplicable ; Pass      ; Inapplicable ; Inapplicable ;
; U6_PA[2]           ; Pass      ; Inapplicable ; Pass      ; Inapplicable ; Inapplicable ; Pass      ; Pass      ; Inapplicable ; Pass      ; Pass      ; Inapplicable ; Inapplicable ; Inapplicable ; Inapplicable ; Inapplicable ; Inapplicable ; Inapplicable ; Inapplicable ; Inapplicable ; Inapplicable ; Inapplicable ; Inapplicable ; Inapplicable ; Inapplicable ; Inapplicable ; Inapplicable ; Inapplicable ; Pass      ; Inapplicable ; Inapplicable ;
; U6_PA[3]           ; Pass      ; Inapplicable ; Pass      ; Inapplicable ; Inapplicable ; Pass      ; Pass      ; Inapplicable ; Pass      ; Pass      ; Inapplicable ; Inapplicable ; Inapplicable ; Inapplicable ; Inapplicable ; Inapplicable ; Inapplicable ; Inapplicable ; Inapplicable ; Inapplicable ; Inapplicable ; Inapplicable ; Inapplicable ; Inapplicable ; Inapplicable ; Inapplicable ; Inapplicable ; Pass      ; Inapplicable ; Inapplicable ;
; U6_PA[4]           ; Pass      ; Inapplicable ; Pass      ; Inapplicable ; Inapplicable ; Pass      ; Pass      ; Inapplicable ; Pass      ; Pass      ; Inapplicable ; Inapplicable ; Inapplicable ; Inapplicable ; Inapplicable ; Inapplicable ; Inapplicable ; Inapplicable ; Inapplicable ; Inapplicable ; Inapplicable ; Inapplicable ; Inapplicable ; Inapplicable ; Inapplicable ; Inapplicable ; Inapplicable ; Pass      ; Inapplicable ; Inapplicable ;
; U6_PA[5]           ; Pass      ; Inapplicable ; Pass      ; Inapplicable ; Inapplicable ; Pass      ; Pass      ; Inapplicable ; Pass      ; Pass      ; Inapplicable ; Inapplicable ; Inapplicable ; Inapplicable ; Inapplicable ; Inapplicable ; Inapplicable ; Inapplicable ; Inapplicable ; Inapplicable ; Inapplicable ; Inapplicable ; Inapplicable ; Inapplicable ; Inapplicable ; Inapplicable ; Inapplicable ; Pass      ; Inapplicable ; Inapplicable ;
; U6_PA[6]           ; Pass      ; Inapplicable ; Pass      ; Inapplicable ; Inapplicable ; Pass      ; Pass      ; Inapplicable ; Pass      ; Pass      ; Inapplicable ; Inapplicable ; Inapplicable ; Inapplicable ; Inapplicable ; Inapplicable ; Inapplicable ; Inapplicable ; Inapplicable ; Inapplicable ; Inapplicable ; Inapplicable ; Inapplicable ; Inapplicable ; Inapplicable ; Inapplicable ; Inapplicable ; Pass      ; Inapplicable ; Inapplicable ;
; U6_PA[7]           ; Pass      ; Inapplicable ; Pass      ; Inapplicable ; Inapplicable ; Pass      ; Pass      ; Inapplicable ; Pass      ; Pass      ; Inapplicable ; Inapplicable ; Inapplicable ; Inapplicable ; Inapplicable ; Inapplicable ; Inapplicable ; Inapplicable ; Inapplicable ; Inapplicable ; Inapplicable ; Inapplicable ; Inapplicable ; Inapplicable ; Inapplicable ; Inapplicable ; Inapplicable ; Pass      ; Inapplicable ; Inapplicable ;
; U6_PB[0]           ; Pass      ; Inapplicable ; Pass      ; Inapplicable ; Inapplicable ; Pass      ; Pass      ; Inapplicable ; Pass      ; Pass      ; Inapplicable ; Inapplicable ; Inapplicable ; Inapplicable ; Inapplicable ; Inapplicable ; Inapplicable ; Inapplicable ; Inapplicable ; Inapplicable ; Inapplicable ; Inapplicable ; Inapplicable ; Inapplicable ; Inapplicable ; Inapplicable ; Inapplicable ; Pass      ; Inapplicable ; Inapplicable ;
; U6_PB[1]           ; Pass      ; Inapplicable ; Pass      ; Inapplicable ; Inapplicable ; Pass      ; Pass      ; Inapplicable ; Pass      ; Pass      ; Inapplicable ; Inapplicable ; Inapplicable ; Inapplicable ; Inapplicable ; Inapplicable ; Inapplicable ; Inapplicable ; Inapplicable ; Inapplicable ; Inapplicable ; Inapplicable ; Inapplicable ; Inapplicable ; Inapplicable ; Inapplicable ; Inapplicable ; Pass      ; Inapplicable ; Inapplicable ;
; U6_PB[2]           ; Pass      ; Inapplicable ; Pass      ; Inapplicable ; Inapplicable ; Pass      ; Pass      ; Inapplicable ; Pass      ; Pass      ; Inapplicable ; Inapplicable ; Inapplicable ; Inapplicable ; Inapplicable ; Inapplicable ; Inapplicable ; Inapplicable ; Inapplicable ; Inapplicable ; Inapplicable ; Inapplicable ; Inapplicable ; Inapplicable ; Inapplicable ; Inapplicable ; Inapplicable ; Pass      ; Inapplicable ; Inapplicable ;
; U6_PB[3]           ; Pass      ; Inapplicable ; Pass      ; Inapplicable ; Inapplicable ; Pass      ; Pass      ; Inapplicable ; Pass      ; Pass      ; Inapplicable ; Inapplicable ; Inapplicable ; Inapplicable ; Inapplicable ; Inapplicable ; Inapplicable ; Inapplicable ; Inapplicable ; Inapplicable ; Inapplicable ; Inapplicable ; Inapplicable ; Inapplicable ; Inapplicable ; Inapplicable ; Inapplicable ; Pass      ; Inapplicable ; Inapplicable ;
; U6_PB[4]           ; Pass      ; Inapplicable ; Pass      ; Inapplicable ; Inapplicable ; Pass      ; Pass      ; Inapplicable ; Pass      ; Pass      ; Inapplicable ; Inapplicable ; Inapplicable ; Inapplicable ; Inapplicable ; Inapplicable ; Inapplicable ; Inapplicable ; Inapplicable ; Inapplicable ; Inapplicable ; Inapplicable ; Inapplicable ; Inapplicable ; Inapplicable ; Inapplicable ; Inapplicable ; Pass      ; Inapplicable ; Inapplicable ;
; U6_PB[5]           ; Pass      ; Inapplicable ; Pass      ; Inapplicable ; Inapplicable ; Pass      ; Pass      ; Inapplicable ; Pass      ; Pass      ; Inapplicable ; Inapplicable ; Inapplicable ; Inapplicable ; Inapplicable ; Inapplicable ; Inapplicable ; Inapplicable ; Inapplicable ; Inapplicable ; Inapplicable ; Inapplicable ; Inapplicable ; Inapplicable ; Inapplicable ; Inapplicable ; Inapplicable ; Pass      ; Inapplicable ; Inapplicable ;
; U6_PB[6]           ; Pass      ; Inapplicable ; Pass      ; Inapplicable ; Inapplicable ; Pass      ; Pass      ; Inapplicable ; Pass      ; Pass      ; Inapplicable ; Inapplicable ; Inapplicable ; Inapplicable ; Inapplicable ; Inapplicable ; Inapplicable ; Inapplicable ; Inapplicable ; Inapplicable ; Inapplicable ; Inapplicable ; Inapplicable ; Inapplicable ; Inapplicable ; Inapplicable ; Inapplicable ; Pass      ; Inapplicable ; Inapplicable ;
; U6_PB[7]           ; Pass      ; Inapplicable ; Pass      ; Inapplicable ; Inapplicable ; Pass      ; Pass      ; Inapplicable ; Pass      ; Pass      ; Inapplicable ; Inapplicable ; Inapplicable ; Inapplicable ; Inapplicable ; Inapplicable ; Inapplicable ; Inapplicable ; Inapplicable ; Inapplicable ; Inapplicable ; Inapplicable ; Inapplicable ; Inapplicable ; Inapplicable ; Inapplicable ; Inapplicable ; Pass      ; Inapplicable ; Inapplicable ;
; CS_SDcard          ; Pass      ; Inapplicable ; Pass      ; Inapplicable ; Inapplicable ; Pass      ; Pass      ; Inapplicable ; Pass      ; Pass      ; Inapplicable ; Inapplicable ; Inapplicable ; Inapplicable ; Inapplicable ; Inapplicable ; Inapplicable ; Inapplicable ; Inapplicable ; Inapplicable ; Inapplicable ; Inapplicable ; Inapplicable ; Inapplicable ; Inapplicable ; Inapplicable ; Inapplicable ; Pass      ; Inapplicable ; Inapplicable ;
; CS_EEprom          ; Pass      ; Inapplicable ; Pass      ; Inapplicable ; Inapplicable ; Pass      ; Pass      ; Inapplicable ; Pass      ; Pass      ; Inapplicable ; Inapplicable ; Inapplicable ; Inapplicable ; Inapplicable ; Inapplicable ; Inapplicable ; Inapplicable ; Inapplicable ; Inapplicable ; Inapplicable ; Inapplicable ; Inapplicable ; Inapplicable ; Inapplicable ; Inapplicable ; Inapplicable ; Pass      ; Inapplicable ; Inapplicable ;
; MOSI               ; Pass      ; Inapplicable ; Pass      ; Inapplicable ; Inapplicable ; Pass      ; Pass      ; Inapplicable ; Pass      ; Pass      ; Inapplicable ; Inapplicable ; Inapplicable ; Inapplicable ; Inapplicable ; Inapplicable ; Inapplicable ; Inapplicable ; Inapplicable ; Inapplicable ; Inapplicable ; Inapplicable ; Inapplicable ; Inapplicable ; Inapplicable ; Inapplicable ; Inapplicable ; Pass      ; Inapplicable ; Inapplicable ;
; CLK                ; Pass      ; Inapplicable ; Pass      ; Inapplicable ; Inapplicable ; Pass      ; Pass      ; Inapplicable ; Pass      ; Pass      ; Inapplicable ; Inapplicable ; Inapplicable ; Inapplicable ; Inapplicable ; Inapplicable ; Inapplicable ; Inapplicable ; Inapplicable ; Inapplicable ; Inapplicable ; Inapplicable ; Inapplicable ; Inapplicable ; Inapplicable ; Inapplicable ; Inapplicable ; Pass      ; Inapplicable ; Inapplicable ;
; DIP_Strobe[0]      ; Pass      ; Inapplicable ; Pass      ; Inapplicable ; Inapplicable ; Pass      ; Pass      ; Inapplicable ; Pass      ; Pass      ; Inapplicable ; Inapplicable ; Inapplicable ; Inapplicable ; Inapplicable ; Inapplicable ; Inapplicable ; Inapplicable ; Inapplicable ; Inapplicable ; Inapplicable ; Inapplicable ; Inapplicable ; Inapplicable ; Inapplicable ; Inapplicable ; Inapplicable ; Pass      ; Inapplicable ; Inapplicable ;
; DIP_Strobe[1]      ; Pass      ; Inapplicable ; Pass      ; Inapplicable ; Inapplicable ; Pass      ; Pass      ; Inapplicable ; Pass      ; Pass      ; Inapplicable ; Inapplicable ; Inapplicable ; Inapplicable ; Inapplicable ; Inapplicable ; Inapplicable ; Inapplicable ; Inapplicable ; Inapplicable ; Inapplicable ; Inapplicable ; Inapplicable ; Inapplicable ; Inapplicable ; Inapplicable ; Inapplicable ; Pass      ; Inapplicable ; Inapplicable ;
; DIP_Strobe[2]      ; Pass      ; Inapplicable ; Pass      ; Inapplicable ; Inapplicable ; Pass      ; Pass      ; Inapplicable ; Pass      ; Pass      ; Inapplicable ; Inapplicable ; Inapplicable ; Inapplicable ; Inapplicable ; Inapplicable ; Inapplicable ; Inapplicable ; Inapplicable ; Inapplicable ; Inapplicable ; Inapplicable ; Inapplicable ; Inapplicable ; Inapplicable ; Inapplicable ; Inapplicable ; Pass      ; Inapplicable ; Inapplicable ;
; DIP_Strobe[3]      ; Pass      ; Inapplicable ; Pass      ; Inapplicable ; Inapplicable ; Pass      ; Pass      ; Inapplicable ; Pass      ; Pass      ; Inapplicable ; Inapplicable ; Inapplicable ; Inapplicable ; Inapplicable ; Inapplicable ; Inapplicable ; Inapplicable ; Inapplicable ; Inapplicable ; Inapplicable ; Inapplicable ; Inapplicable ; Inapplicable ; Inapplicable ; Inapplicable ; Inapplicable ; Pass      ; Inapplicable ; Inapplicable ;
; Audio_RX           ; Pass      ; Inapplicable ; Pass      ; Inapplicable ; Inapplicable ; Pass      ; Pass      ; Inapplicable ; Pass      ; Pass      ; Inapplicable ; Inapplicable ; Inapplicable ; Inapplicable ; Inapplicable ; Inapplicable ; Inapplicable ; Inapplicable ; Inapplicable ; Inapplicable ; Inapplicable ; Inapplicable ; Inapplicable ; Inapplicable ; Inapplicable ; Inapplicable ; Inapplicable ; Pass      ; Inapplicable ; Inapplicable ;
; Sound              ; Pass      ; Inapplicable ; Pass      ; Inapplicable ; Inapplicable ; Pass      ; Pass      ; Inapplicable ; Pass      ; Pass      ; Inapplicable ; Inapplicable ; Inapplicable ; Inapplicable ; Inapplicable ; Inapplicable ; Inapplicable ; Inapplicable ; Inapplicable ; Inapplicable ; Inapplicable ; Inapplicable ; Inapplicable ; Inapplicable ; Inapplicable ; Inapplicable ; Inapplicable ; Pass      ; Inapplicable ; Inapplicable ;
; Debug              ; Pass      ; Inapplicable ; Pass      ; Inapplicable ; Inapplicable ; Pass      ; Pass      ; Inapplicable ; Pass      ; Pass      ; Inapplicable ; Inapplicable ; Inapplicable ; Inapplicable ; Inapplicable ; Inapplicable ; Inapplicable ; Inapplicable ; Inapplicable ; Inapplicable ; Inapplicable ; Inapplicable ; Inapplicable ; Inapplicable ; Inapplicable ; Inapplicable ; Inapplicable ; Pass      ; Inapplicable ; Inapplicable ;
; clk_50             ; Pass      ; Inapplicable ; Pass      ; Inapplicable ; Inapplicable ; Pass      ; Pass      ; Inapplicable ; Pass      ; Pass      ; Inapplicable ; Inapplicable ; Inapplicable ; Inapplicable ; Pass         ; Inapplicable ; Inapplicable ; Pass         ; Inapplicable ; Inapplicable ; Inapplicable ; Inapplicable ; Inapplicable ; Inapplicable ; Inapplicable ; Inapplicable ; Inapplicable ; Pass      ; Inapplicable ; Inapplicable ;
; myTest             ; Pass      ; Inapplicable ; Pass      ; Inapplicable ; Inapplicable ; Pass      ; Pass      ; Inapplicable ; Pass      ; Pass      ; Inapplicable ; Inapplicable ; Inapplicable ; Inapplicable ; Pass         ; Inapplicable ; Inapplicable ; Pass         ; Inapplicable ; Inapplicable ; Inapplicable ; Inapplicable ; Inapplicable ; Inapplicable ; Inapplicable ; Inapplicable ; Inapplicable ; Pass      ; Inapplicable ; Inapplicable ;
; DIP_Return[2]      ; Pass      ; Inapplicable ; Pass      ; Inapplicable ; Inapplicable ; Pass      ; Pass      ; Inapplicable ; Pass      ; Pass      ; Inapplicable ; Inapplicable ; Inapplicable ; Inapplicable ; Pass         ; Inapplicable ; Inapplicable ; Pass         ; Inapplicable ; Inapplicable ; Inapplicable ; Inapplicable ; Inapplicable ; Inapplicable ; Inapplicable ; Inapplicable ; Inapplicable ; Pass      ; Inapplicable ; Inapplicable ;
; DIP_Return[3]      ; Pass      ; Inapplicable ; Pass      ; Inapplicable ; Inapplicable ; Pass      ; Pass      ; Inapplicable ; Pass      ; Pass      ; Inapplicable ; Inapplicable ; Inapplicable ; Inapplicable ; Pass         ; Inapplicable ; Inapplicable ; Pass         ; Inapplicable ; Inapplicable ; Inapplicable ; Inapplicable ; Inapplicable ; Inapplicable ; Inapplicable ; Inapplicable ; Inapplicable ; Pass      ; Inapplicable ; Inapplicable ;
; DIP_Return[1]      ; Pass      ; Inapplicable ; Pass      ; Inapplicable ; Inapplicable ; Pass      ; Pass      ; Inapplicable ; Pass      ; Pass      ; Inapplicable ; Inapplicable ; Inapplicable ; Inapplicable ; Pass         ; Inapplicable ; Inapplicable ; Pass         ; Inapplicable ; Inapplicable ; Inapplicable ; Inapplicable ; Inapplicable ; Inapplicable ; Inapplicable ; Inapplicable ; Inapplicable ; Pass      ; Inapplicable ; Inapplicable ;
; DIP_Return[0]      ; Pass      ; Inapplicable ; Pass      ; Inapplicable ; Inapplicable ; Pass      ; Pass      ; Inapplicable ; Pass      ; Pass      ; Inapplicable ; Inapplicable ; Inapplicable ; Inapplicable ; Pass         ; Inapplicable ; Inapplicable ; Pass         ; Inapplicable ; Inapplicable ; Inapplicable ; Inapplicable ; Inapplicable ; Inapplicable ; Inapplicable ; Inapplicable ; Inapplicable ; Pass      ; Inapplicable ; Inapplicable ;
; U5_PA_7            ; Pass      ; Inapplicable ; Pass      ; Inapplicable ; Inapplicable ; Pass      ; Pass      ; Inapplicable ; Pass      ; Pass      ; Inapplicable ; Inapplicable ; Inapplicable ; Inapplicable ; Pass         ; Inapplicable ; Inapplicable ; Pass         ; Inapplicable ; Inapplicable ; Inapplicable ; Inapplicable ; Inapplicable ; Inapplicable ; Inapplicable ; Inapplicable ; Inapplicable ; Pass      ; Inapplicable ; Inapplicable ;
; MISO               ; Pass      ; Inapplicable ; Pass      ; Inapplicable ; Inapplicable ; Pass      ; Pass      ; Inapplicable ; Pass      ; Pass      ; Inapplicable ; Inapplicable ; Inapplicable ; Inapplicable ; Pass         ; Inapplicable ; Inapplicable ; Pass         ; Inapplicable ; Inapplicable ; Inapplicable ; Inapplicable ; Inapplicable ; Inapplicable ; Inapplicable ; Inapplicable ; Inapplicable ; Pass      ; Inapplicable ; Inapplicable ;
; reset_sw           ; Pass      ; Inapplicable ; Pass      ; Inapplicable ; Inapplicable ; Pass      ; Pass      ; Inapplicable ; Pass      ; Pass      ; Inapplicable ; Inapplicable ; Inapplicable ; Pass         ; Pass         ; Inapplicable ; Inapplicable ; Pass         ; Pass         ; Inapplicable ; Inapplicable ; Inapplicable ; Inapplicable ; Inapplicable ; Inapplicable ; Inapplicable ; Inapplicable ; Pass      ; Inapplicable ; Inapplicable ;
; U4_PA[7]           ; Pass      ; Inapplicable ; Pass      ; Inapplicable ; Inapplicable ; Pass      ; Pass      ; Inapplicable ; Pass      ; Pass      ; Inapplicable ; Inapplicable ; Inapplicable ; Inapplicable ; Pass         ; Inapplicable ; Inapplicable ; Pass         ; Inapplicable ; Inapplicable ; Inapplicable ; Inapplicable ; Inapplicable ; Inapplicable ; Inapplicable ; Inapplicable ; Inapplicable ; Pass      ; Inapplicable ; Inapplicable ;
; U4_PA[0]           ; Pass      ; Inapplicable ; Pass      ; Inapplicable ; Inapplicable ; Pass      ; Pass      ; Inapplicable ; Pass      ; Pass      ; Inapplicable ; Inapplicable ; Inapplicable ; Inapplicable ; Pass         ; Inapplicable ; Inapplicable ; Pass         ; Inapplicable ; Inapplicable ; Inapplicable ; Inapplicable ; Inapplicable ; Inapplicable ; Inapplicable ; Inapplicable ; Inapplicable ; Pass      ; Inapplicable ; Inapplicable ;
; U4_PA[1]           ; Pass      ; Inapplicable ; Pass      ; Inapplicable ; Inapplicable ; Pass      ; Pass      ; Inapplicable ; Pass      ; Pass      ; Inapplicable ; Inapplicable ; Inapplicable ; Inapplicable ; Pass         ; Inapplicable ; Inapplicable ; Pass         ; Inapplicable ; Inapplicable ; Inapplicable ; Inapplicable ; Inapplicable ; Inapplicable ; Inapplicable ; Inapplicable ; Inapplicable ; Pass      ; Inapplicable ; Inapplicable ;
; U4_PA[5]           ; Pass      ; Inapplicable ; Pass      ; Inapplicable ; Inapplicable ; Pass      ; Pass      ; Inapplicable ; Pass      ; Pass      ; Inapplicable ; Inapplicable ; Inapplicable ; Inapplicable ; Pass         ; Inapplicable ; Inapplicable ; Pass         ; Inapplicable ; Inapplicable ; Inapplicable ; Inapplicable ; Inapplicable ; Inapplicable ; Inapplicable ; Inapplicable ; Inapplicable ; Pass      ; Inapplicable ; Inapplicable ;
; U4_PA[4]           ; Pass      ; Inapplicable ; Pass      ; Inapplicable ; Inapplicable ; Pass      ; Pass      ; Inapplicable ; Pass      ; Pass      ; Inapplicable ; Inapplicable ; Inapplicable ; Inapplicable ; Pass         ; Inapplicable ; Inapplicable ; Pass         ; Inapplicable ; Inapplicable ; Inapplicable ; Inapplicable ; Inapplicable ; Inapplicable ; Inapplicable ; Inapplicable ; Inapplicable ; Pass      ; Inapplicable ; Inapplicable ;
; U4_PA[3]           ; Pass      ; Inapplicable ; Pass      ; Inapplicable ; Inapplicable ; Pass      ; Pass      ; Inapplicable ; Pass      ; Pass      ; Inapplicable ; Inapplicable ; Inapplicable ; Inapplicable ; Pass         ; Inapplicable ; Inapplicable ; Pass         ; Inapplicable ; Inapplicable ; Inapplicable ; Inapplicable ; Inapplicable ; Inapplicable ; Inapplicable ; Inapplicable ; Inapplicable ; Pass      ; Inapplicable ; Inapplicable ;
; U4_PA[2]           ; Pass      ; Inapplicable ; Pass      ; Inapplicable ; Inapplicable ; Pass      ; Pass      ; Inapplicable ; Pass      ; Pass      ; Inapplicable ; Inapplicable ; Inapplicable ; Inapplicable ; Pass         ; Inapplicable ; Inapplicable ; Pass         ; Inapplicable ; Inapplicable ; Inapplicable ; Inapplicable ; Inapplicable ; Inapplicable ; Inapplicable ; Inapplicable ; Inapplicable ; Pass      ; Inapplicable ; Inapplicable ;
; U4_PA[6]           ; Pass      ; Inapplicable ; Pass      ; Inapplicable ; Inapplicable ; Pass      ; Pass      ; Inapplicable ; Pass      ; Pass      ; Inapplicable ; Inapplicable ; Inapplicable ; Inapplicable ; Pass         ; Inapplicable ; Inapplicable ; Pass         ; Inapplicable ; Inapplicable ; Inapplicable ; Inapplicable ; Inapplicable ; Inapplicable ; Inapplicable ; Inapplicable ; Inapplicable ; Pass      ; Inapplicable ; Inapplicable ;
+--------------------+-----------+--------------+-----------+--------------+--------------+-----------+-----------+--------------+-----------+-----------+--------------+--------------+--------------+--------------+--------------+--------------+--------------+--------------+--------------+--------------+--------------+--------------+--------------+--------------+--------------+--------------+--------------+-----------+--------------+--------------+


+---------------------------------------------------------------------------------------------+
; Fitter Device Options                                                                       ;
+------------------------------------------------------------------+--------------------------+
; Option                                                           ; Setting                  ;
+------------------------------------------------------------------+--------------------------+
; Enable user-supplied start-up clock (CLKUSR)                     ; Off                      ;
; Enable device-wide reset (DEV_CLRn)                              ; Off                      ;
; Enable device-wide output enable (DEV_OE)                        ; Off                      ;
; Enable INIT_DONE output                                          ; Off                      ;
; Configuration scheme                                             ; Active Serial            ;
; Error detection CRC                                              ; Off                      ;
; Enable open drain on CRC_ERROR pin                               ; Off                      ;
; Enable input tri-state on active configuration pins in user mode ; Off                      ;
; Configuration Voltage Level                                      ; Auto                     ;
; Force Configuration Voltage Level                                ; Off                      ;
; nCEO                                                             ; Unreserved               ;
; Data[0]                                                          ; As input tri-stated      ;
; Data[1]/ASDO                                                     ; As input tri-stated      ;
; Data[7..2]                                                       ; Unreserved               ;
; FLASH_nCE/nCSO                                                   ; As input tri-stated      ;
; Other Active Parallel pins                                       ; Unreserved               ;
; DCLK                                                             ; As output driving ground ;
+------------------------------------------------------------------+--------------------------+


+------------------------------------+
; Operating Settings and Conditions  ;
+---------------------------+--------+
; Setting                   ; Value  ;
+---------------------------+--------+
; Nominal Core Voltage      ; 1.20 V ;
; Low Junction Temperature  ; 0 °C   ;
; High Junction Temperature ; 85 °C  ;
+---------------------------+--------+


+---------------------------------------------------------------+
; Estimated Delay Added for Hold Timing Summary                 ;
+--------------------+----------------------+-------------------+
; Source Clock(s)    ; Destination Clock(s) ; Delay Added in ns ;
+--------------------+----------------------+-------------------+
; clk_50,cpu_clk_out ; cpu_clk_out          ; 279.1             ;
; clk_50             ; cpu_clk_out          ; 181.1             ;
+--------------------+----------------------+-------------------+
Note: For more information on problematic transfers, consider running the Fitter again with the Optimize hold timing option (Settings Menu) turned off.
This will disable optimization of problematic paths and expose them for further analysis using the Timing Analyzer.


+------------------------------------------------------------------------------------------------------------------------------------------------------------------------+
; Estimated Delay Added for Hold Timing Details                                                                                                                          ;
+----------------------------------------------------------------------------------------------------------+-----------------------------------------+-------------------+
; Source Register                                                                                          ; Destination Register                    ; Delay Added in ns ;
+----------------------------------------------------------------------------------------------------------+-----------------------------------------+-------------------+
; SD_Card:SD_CARD|cpu_reset_l                                                                              ; R6532:U6_IO|s_irq_timer_en              ; 3.702             ;
; gosof80:SOUNDBOARD|SB_RAM:RIOT_RAM|altsyncram:altsyncram_component|altsyncram_18p3:auto_generated|q_a[5] ; gosof80:SOUNDBOARD|T65:CPU|AD[5]        ; 3.513             ;
; gosof80:SOUNDBOARD|SB_RAM:RIOT_RAM|altsyncram:altsyncram_component|altsyncram_18p3:auto_generated|q_a[1] ; gosof80:SOUNDBOARD|T65:CPU|AD[1]        ; 3.469             ;
; byte_to_ascii:CONVG|dig2_ascii[0]                                                                        ; boot_message:BM|Din_Seg_A[0]            ; 3.398             ;
; byte_to_ascii:CONVG|dig2_ascii[1]                                                                        ; boot_message:BM|Din_Seg_A[1]            ; 3.387             ;
; byte_to_ascii:CONVG|dig1_ascii[0]                                                                        ; boot_message:BM|Din_Seg_A[0]            ; 3.299             ;
; byte_to_ascii:CONVG|dig1_ascii[3]                                                                        ; boot_message:BM|Din_Seg_A[3]            ; 3.294             ;
; byte_to_ascii:CONVG|dig1_ascii[2]                                                                        ; boot_message:BM|Din_Seg_A[2]            ; 3.283             ;
; byte_to_ascii:CONVG|dig1_ascii[5]                                                                        ; boot_message:BM|Din_Seg_A[4]            ; 3.277             ;
; R6532:U6_IO|s_ora[4]                                                                                     ; R6532:U6_IO|s_dout[4]                   ; 3.244             ;
; R6532:U6_IO|s_ddra[4]                                                                                    ; R6532:U6_IO|s_dout[4]                   ; 3.244             ;
; R6532:U6_IO|s_orb[2]                                                                                     ; R6532:U6_IO|s_dout[2]                   ; 3.244             ;
; R6532:U6_IO|s_ddrb[2]                                                                                    ; R6532:U6_IO|s_dout[2]                   ; 3.244             ;
; R6532:U6_IO|s_ora[2]                                                                                     ; R6532:U6_IO|s_dout[2]                   ; 3.244             ;
; R6532:U6_IO|s_ddra[2]                                                                                    ; R6532:U6_IO|s_dout[2]                   ; 3.244             ;
; R6532:U6_IO|s_timer[4]                                                                                   ; R6532:U6_IO|s_dout[4]                   ; 3.244             ;
; R6532:U6_IO|s_timer[2]                                                                                   ; R6532:U6_IO|s_dout[2]                   ; 3.244             ;
; R6532:U6_IO|s_timer[3]                                                                                   ; R6532:U6_IO|s_dout[3]                   ; 3.244             ;
; R6532:U6_IO|s_orb[3]                                                                                     ; R6532:U6_IO|s_dout[3]                   ; 3.244             ;
; R6532:U6_IO|s_ora[3]                                                                                     ; R6532:U6_IO|s_dout[3]                   ; 3.244             ;
; R6532:U6_IO|s_ddra[3]                                                                                    ; R6532:U6_IO|s_dout[3]                   ; 3.244             ;
; R6532:U6_IO|s_ddrb[3]                                                                                    ; R6532:U6_IO|s_dout[3]                   ; 3.244             ;
; R6532:U6_IO|s_orb[4]                                                                                     ; R6532:U6_IO|s_dout[4]                   ; 3.244             ;
; R6532:U6_IO|s_ddrb[4]                                                                                    ; R6532:U6_IO|s_dout[4]                   ; 3.244             ;
; T65:U1|DL[0]                                                                                             ; R6532:U6_IO|s_dout[4]                   ; 3.244             ;
; T65:U1|DL[2]                                                                                             ; R6532:U6_IO|s_dout[4]                   ; 3.244             ;
; T65:U1|PC[2]                                                                                             ; R6532:U6_IO|s_dout[4]                   ; 3.244             ;
; T65:U1|AD[2]                                                                                             ; R6532:U6_IO|s_dout[4]                   ; 3.244             ;
; T65:U1|AD[1]                                                                                             ; R6532:U6_IO|s_dout[4]                   ; 3.244             ;
; T65:U1|AD[0]                                                                                             ; R6532:U6_IO|s_dout[4]                   ; 3.244             ;
; T65:U1|Set_Addr_To_r.Set_Addr_To_ZPG                                                                     ; R6532:U6_IO|s_dout[4]                   ; 3.244             ;
; T65:U1|BAL[2]                                                                                            ; R6532:U6_IO|s_dout[4]                   ; 3.244             ;
; T65:U1|BAL[1]                                                                                            ; R6532:U6_IO|s_dout[4]                   ; 3.244             ;
; T65:U1|BAL[0]                                                                                            ; R6532:U6_IO|s_dout[4]                   ; 3.244             ;
; T65:U1|Set_Addr_To_r.Set_Addr_To_BA                                                                      ; R6532:U6_IO|s_dout[4]                   ; 3.244             ;
; T65:U1|S[2]                                                                                              ; R6532:U6_IO|s_dout[4]                   ; 3.244             ;
; T65:U1|S[1]                                                                                              ; R6532:U6_IO|s_dout[4]                   ; 3.244             ;
; T65:U1|S[0]                                                                                              ; R6532:U6_IO|s_dout[4]                   ; 3.244             ;
; T65:U1|DL[1]                                                                                             ; R6532:U6_IO|s_dout[4]                   ; 3.244             ;
; T65:U1|PC[1]                                                                                             ; R6532:U6_IO|s_dout[4]                   ; 3.244             ;
; T65:U1|PC[0]                                                                                             ; R6532:U6_IO|s_dout[4]                   ; 3.244             ;
; T65:U1|IR[0]                                                                                             ; R6532:U6_IO|s_dout[4]                   ; 3.244             ;
; T65:U1|IR[2]                                                                                             ; R6532:U6_IO|s_dout[4]                   ; 3.244             ;
; T65:U1|Set_Addr_To_r.Set_Addr_To_PBR                                                                     ; R6532:U6_IO|s_dout[4]                   ; 3.244             ;
; T65:U1|IR[4]                                                                                             ; R6532:U6_IO|s_dout[4]                   ; 3.244             ;
; T65:U1|MCycle[0]                                                                                         ; R6532:U6_IO|s_dout[4]                   ; 3.244             ;
; T65:U1|MCycle[2]                                                                                         ; R6532:U6_IO|s_dout[4]                   ; 3.244             ;
; T65:U1|IR[3]                                                                                             ; R6532:U6_IO|s_dout[4]                   ; 3.244             ;
; T65:U1|MCycle[1]                                                                                         ; R6532:U6_IO|s_dout[4]                   ; 3.244             ;
; T65:U1|IR[1]                                                                                             ; R6532:U6_IO|s_dout[4]                   ; 3.244             ;
; byte_to_ascii:CONVG|dig1_ascii[1]                                                                        ; boot_message:BM|Din_Seg_A[1]            ; 3.240             ;
; R6532:U6_IO|s_ora[0]                                                                                     ; R6532:U6_IO|s_dout[0]                   ; 3.226             ;
; R6532:U6_IO|s_ddra[0]                                                                                    ; R6532:U6_IO|s_dout[0]                   ; 3.226             ;
; R6532:U6_IO|s_timer[0]                                                                                   ; R6532:U6_IO|s_dout[0]                   ; 3.226             ;
; R6532:U6_IO|s_orb[0]                                                                                     ; R6532:U6_IO|s_dout[0]                   ; 3.226             ;
; R6532:U6_IO|s_ddrb[0]                                                                                    ; R6532:U6_IO|s_dout[0]                   ; 3.226             ;
; sn74175:sn74175_Sound16|Q[1]                                                                             ; gosof80:SOUNDBOARD|R6532:RIOT|s_dout[4] ; 3.199             ;
; R6532:U5_IO|s_irq_pa7                                                                                    ; R6532:U5_IO|s_dout[6]                   ; 3.123             ;
; R6532:U5_IO|s_orb[6]                                                                                     ; R6532:U5_IO|s_dout[6]                   ; 3.123             ;
; R6532:U5_IO|s_ddrb[6]                                                                                    ; R6532:U5_IO|s_dout[6]                   ; 3.123             ;
; R6532:U5_IO|s_ora[6]                                                                                     ; R6532:U5_IO|s_dout[6]                   ; 3.123             ;
; R6532:U5_IO|s_ddra[6]                                                                                    ; R6532:U5_IO|s_dout[6]                   ; 3.123             ;
; R6532:U5_IO|s_timer[6]                                                                                   ; R6532:U5_IO|s_dout[6]                   ; 3.123             ;
; byte_to_ascii:CONVG|dig0_ascii[3]                                                                        ; boot_message:BM|Din_Seg_A[3]            ; 3.078             ;
; boot_message:BM|count[14]                                                                                ; boot_message:BM|Din_Seg_A[3]            ; 3.078             ;
; boot_message:BM|count[12]                                                                                ; boot_message:BM|Din_Seg_A[3]            ; 3.078             ;
; boot_message:BM|count[13]                                                                                ; boot_message:BM|Din_Seg_A[3]            ; 3.078             ;
; boot_message:BM|count[10]                                                                                ; boot_message:BM|Din_Seg_A[3]            ; 3.078             ;
; boot_message:BM|count[9]                                                                                 ; boot_message:BM|Din_Seg_A[3]            ; 3.078             ;
; boot_message:BM|count[8]                                                                                 ; boot_message:BM|Din_Seg_A[3]            ; 3.078             ;
; boot_message:BM|count[7]                                                                                 ; boot_message:BM|Din_Seg_A[3]            ; 3.078             ;
; boot_message:BM|count[6]                                                                                 ; boot_message:BM|Din_Seg_A[3]            ; 3.078             ;
; boot_message:BM|count[11]                                                                                ; boot_message:BM|Din_Seg_A[3]            ; 3.078             ;
; boot_message:BM|count[3]                                                                                 ; boot_message:BM|Din_Seg_A[3]            ; 3.078             ;
; boot_message:BM|count[2]                                                                                 ; boot_message:BM|Din_Seg_A[3]            ; 3.078             ;
; boot_message:BM|count[1]                                                                                 ; boot_message:BM|Din_Seg_A[3]            ; 3.078             ;
; boot_message:BM|count[0]                                                                                 ; boot_message:BM|Din_Seg_A[3]            ; 3.078             ;
; boot_message:BM|count[4]                                                                                 ; boot_message:BM|Din_Seg_A[3]            ; 3.078             ;
; boot_message:BM|count[5]                                                                                 ; boot_message:BM|Din_Seg_A[3]            ; 3.078             ;
; R6532:U4_IO|s_irq_pa7                                                                                    ; R6532:U4_IO|s_dout[6]                   ; 3.044             ;
; R6532:U4_IO|s_orb[6]                                                                                     ; R6532:U4_IO|s_dout[6]                   ; 3.044             ;
; R6532:U4_IO|s_ddrb[6]                                                                                    ; R6532:U4_IO|s_dout[6]                   ; 3.044             ;
; R6532:U4_IO|s_ora[6]                                                                                     ; R6532:U4_IO|s_dout[6]                   ; 3.044             ;
; Cross_Slow_To_Fast_Clock_Bus:META2|o_Q[6]                                                                ; R6532:U4_IO|s_dout[6]                   ; 3.044             ;
; R6532:U4_IO|s_ddra[6]                                                                                    ; R6532:U4_IO|s_dout[6]                   ; 3.044             ;
; R6532:U4_IO|s_timer[6]                                                                                   ; R6532:U4_IO|s_dout[6]                   ; 3.044             ;
; byte_to_ascii:CONVS|dig1_ascii[1]                                                                        ; boot_message:BM|Din_Seg_B[1]            ; 3.038             ;
; R6532:U6_IO|s_ora[5]                                                                                     ; R6532:U6_IO|s_dout[5]                   ; 3.034             ;
; R6532:U6_IO|s_ddra[5]                                                                                    ; R6532:U6_IO|s_dout[5]                   ; 3.034             ;
; R6532:U6_IO|s_timer[5]                                                                                   ; R6532:U6_IO|s_dout[5]                   ; 3.034             ;
; R6532:U6_IO|s_orb[5]                                                                                     ; R6532:U6_IO|s_dout[5]                   ; 3.034             ;
; R6532:U6_IO|s_ddrb[5]                                                                                    ; R6532:U6_IO|s_dout[5]                   ; 3.034             ;
; RIOT_RAM:U5_RAM|altsyncram:altsyncram_component|altsyncram_48p3:auto_generated|q_a[2]                    ; T65:U1|BusB_r[2]                        ; 3.029             ;
; byte_to_ascii:CONVO|dig0_ascii[0]                                                                        ; boot_message:BM|Din_Seg_B[0]            ; 3.019             ;
; R6532:U6_IO|s_orb[1]                                                                                     ; R6532:U6_IO|s_dout[1]                   ; 3.018             ;
; R6532:U6_IO|s_ddrb[1]                                                                                    ; R6532:U6_IO|s_dout[1]                   ; 3.018             ;
; R6532:U6_IO|s_ora[1]                                                                                     ; R6532:U6_IO|s_dout[1]                   ; 3.018             ;
; R6532:U6_IO|s_ddra[1]                                                                                    ; R6532:U6_IO|s_dout[1]                   ; 3.018             ;
; R6532:U6_IO|s_ora[6]                                                                                     ; R6532:U6_IO|s_dout[6]                   ; 3.018             ;
; R6532:U6_IO|s_ddra[6]                                                                                    ; R6532:U6_IO|s_dout[6]                   ; 3.018             ;
+----------------------------------------------------------------------------------------------------------+-----------------------------------------+-------------------+
Note: This table only shows the top 100 path(s) that have the largest delay added for hold.


+-----------------+
; Fitter Messages ;
+-----------------+
Warning (18236): Number of processors has not been specified which may cause overloading on shared machines.  Set the global assignment NUM_PARALLEL_PROCESSORS in your QSF to an appropriate value for best performance.
Info (20030): Parallel compilation is enabled and will use 14 of the 14 processors detected
Info (119006): Selected device 10CL006YE144C8G for design "SYS80"
Info (21077): Low junction temperature is 0 degrees C
Info (21077): High junction temperature is 85 degrees C
Info (171003): Fitter is performing an Auto Fit compilation, which may decrease Fitter effort to reduce compilation time
Warning (292013): Feature LogicLock is only available with a valid subscription license. You can purchase a software subscription to gain full access to this feature.
Info (176444): Device migration not selected. If you intend to use device migration later, you may need to change the pin assignments as they may be incompatible with other devices
    Info (176445): Device 10CL010YE144C8G is compatible
    Info (176445): Device 10CL016YE144C8G is compatible
    Info (176445): Device 10CL025YE144C8G is compatible
Info (169124): Fitter converted 4 user pins into dedicated programming pins
    Info (169125): Pin ~ALTERA_ASDO_DATA1~ is reserved at location 6
    Info (169125): Pin ~ALTERA_FLASH_nCE_nCSO~ is reserved at location 8
    Info (169125): Pin ~ALTERA_DCLK~ is reserved at location 12
    Info (169125): Pin ~ALTERA_DATA0~ is reserved at location 13
Warning (15714): Some pins have incomplete I/O assignments. Refer to the I/O Assignment Warnings report for details
Info (176045): Design uses memory blocks. Violating setup or hold times of memory block address registers for either read or write operations could cause memory contents to be corrupted. Make sure that all memory block address registers meet the setup and hold time requirements.
Info (332104): Reading SDC File: 'SYS80.sdc'
Info (332151): Clock uncertainty is not calculated until you update the timing netlist.
Warning (332060): Node: myTest was determined to be a clock but was found without an associated clock assignment.
    Info (13166): Register gosof80:SOUNDBOARD|ma490_irq_n is being clocked by myTest
Warning (332060): Node: gosof80:SOUNDBOARD|uart_clk_gen:uart_gen|uart_clk_out was determined to be a clock but was found without an associated clock assignment.
    Info (13166): Register gosof80:SOUNDBOARD|attract:Attract_S|send_flag is being clocked by gosof80:SOUNDBOARD|uart_clk_gen:uart_gen|uart_clk_out
Info (332154): The derive_clock_uncertainty command did not apply clock uncertainty to any clock-to-clock transfers.
Info (332129): Detected timing requirements -- optimizing circuit to achieve only the specified requirements
Info (332111): Found 2 clocks
    Info (332111):   Period   Clock Name
    Info (332111): ======== ============
    Info (332111):   20.000       clk_50
    Info (332111): 1120.000  cpu_clk_out
Info (176353): Automatically promoted node clk_50~input (placed in PIN 23 (CLK1, DIFFCLK_0n)) File: N:/Projekte/FPGA System80/FPGA_source/GottFA80_PLuS_HW21x_Cyclone_10/SYS80.vhd Line: 32
    Info (176355): Automatically promoted destinations to use location or clock signal Global Clock CLKCTRL_G2
    Info (176356): Following destination nodes may be non-global or may not use global or regional clocks
        Info (176357): Destination node gosof80:SOUNDBOARD|uart_clk_gen:uart_gen|uart_clk_out File: N:/Projekte/FPGA System80/FPGA_source/lib_common/uart_clk_gen.vhd Line: 11
Info (176353): Automatically promoted node cpu_clk_gen:clock_gen|cpu_clk_out  File: N:/Projekte/FPGA System80/FPGA_source/lib_common/cpu_clk_gen.vhd Line: 13
    Info (176355): Automatically promoted destinations to use location or clock signal Global Clock
    Info (176356): Following destination nodes may be non-global or may not use global or regional clocks
        Info (176357): Destination node R6532:U6_IO|pa_out[0] File: N:/Projekte/FPGA System80/FPGA_source/lib_common/R6532.vhd Line: 347
        Info (176357): Destination node R6532:U6_IO|pa_out[1] File: N:/Projekte/FPGA System80/FPGA_source/lib_common/R6532.vhd Line: 347
        Info (176357): Destination node R6532:U6_IO|pa_out[2] File: N:/Projekte/FPGA System80/FPGA_source/lib_common/R6532.vhd Line: 347
        Info (176357): Destination node R6532:U6_IO|pa_out[3] File: N:/Projekte/FPGA System80/FPGA_source/lib_common/R6532.vhd Line: 347
        Info (176357): Destination node R6532:U6_IO|pa_out[4] File: N:/Projekte/FPGA System80/FPGA_source/lib_common/R6532.vhd Line: 347
        Info (176357): Destination node read_the_dips:RDIPS|game_select[5] File: N:/Projekte/FPGA System80/FPGA_source/lib_common/read_the_dips.vhd Line: 41
        Info (176357): Destination node read_the_dips:RDIPS|game_select[0] File: N:/Projekte/FPGA System80/FPGA_source/lib_common/read_the_dips.vhd Line: 41
        Info (176357): Destination node read_the_dips:RDIPS|game_select[3] File: N:/Projekte/FPGA System80/FPGA_source/lib_common/read_the_dips.vhd Line: 41
        Info (176357): Destination node read_the_dips:RDIPS|game_select[4] File: N:/Projekte/FPGA System80/FPGA_source/lib_common/read_the_dips.vhd Line: 41
        Info (176357): Destination node read_the_dips:RDIPS|game_select[2] File: N:/Projekte/FPGA System80/FPGA_source/lib_common/read_the_dips.vhd Line: 41
        Info (176358): Non-global destination nodes limited to 10 nodes
Info (176353): Automatically promoted node gosof80:SOUNDBOARD|uart_clk_gen:uart_gen|uart_clk_out  File: N:/Projekte/FPGA System80/FPGA_source/lib_common/uart_clk_gen.vhd Line: 11
    Info (176355): Automatically promoted destinations to use location or clock signal Global Clock
Info (176353): Automatically promoted node T65:U1|Res_n_i  File: N:/Projekte/FPGA System80/FPGA_source/lib_common/T65/T65.vhd Line: 228
    Info (176355): Automatically promoted destinations to use location or clock signal Global Clock
    Info (176356): Following destination nodes may be non-global or may not use global or regional clocks
        Info (176357): Destination node T65:U1|Y[7]~0 File: N:/Projekte/FPGA System80/FPGA_source/lib_common/T65/T65.vhd Line: 414
        Info (176357): Destination node T65:U1|IRQ_n_o~1 File: N:/Projekte/FPGA System80/FPGA_source/lib_common/T65/T65.vhd Line: 187
        Info (176357): Destination node gosof80:SOUNDBOARD|T65:CPU|Y[7]~0 File: N:/Projekte/FPGA System80/FPGA_source/lib_common/T65/T65.vhd Line: 414
        Info (176357): Destination node gosof80:SOUNDBOARD|T65:CPU|NMI_entered File: N:/Projekte/FPGA System80/FPGA_source/lib_common/T65/T65.vhd Line: 234
        Info (176357): Destination node gosof80:SOUNDBOARD|T65:CPU|IRQ_n_o~0 File: N:/Projekte/FPGA System80/FPGA_source/lib_common/T65/T65.vhd Line: 187
Info (176353): Automatically promoted node count_to_zero:COUNT_INTS|d_out  File: N:/Projekte/FPGA System80/FPGA_source/lib_common/count_to_zero.vhd Line: 14
    Info (176355): Automatically promoted destinations to use location or clock signal Global Clock
    Info (176356): Following destination nodes may be non-global or may not use global or regional clocks
        Info (176357): Destination node boot_message:BM|bm_digit_strobe[0] File: N:/Projekte/FPGA System80/FPGA_source/lib_common/boot_message.vhd Line: 61
        Info (176357): Destination node boot_message:BM|bm_digit_strobe[1] File: N:/Projekte/FPGA System80/FPGA_source/lib_common/boot_message.vhd Line: 61
        Info (176357): Destination node boot_message:BM|bm_digit_strobe[2] File: N:/Projekte/FPGA System80/FPGA_source/lib_common/boot_message.vhd Line: 61
        Info (176357): Destination node boot_message:BM|bm_digit_strobe[3] File: N:/Projekte/FPGA System80/FPGA_source/lib_common/boot_message.vhd Line: 61
        Info (176357): Destination node anti_thunk:AT|count_ds[1] File: N:/Projekte/FPGA System80/FPGA_source/lib_common/anti_thunk.vhd Line: 28
        Info (176357): Destination node anti_thunk:AT|count_ds[2] File: N:/Projekte/FPGA System80/FPGA_source/lib_common/anti_thunk.vhd Line: 28
        Info (176357): Destination node anti_thunk:AT|count_ds[3] File: N:/Projekte/FPGA System80/FPGA_source/lib_common/anti_thunk.vhd Line: 28
        Info (176357): Destination node boot_message:BM|Din_Seg_B[4] File: N:/Projekte/FPGA System80/FPGA_source/lib_common/boot_message.vhd Line: 61
        Info (176357): Destination node disp_segments~0 File: N:/Projekte/FPGA System80/FPGA_source/GottFA80_PLuS_HW21x_Cyclone_10/SYS80.vhd Line: 45
        Info (176357): Destination node boot_message:BM|Din_Seg_B[5] File: N:/Projekte/FPGA System80/FPGA_source/lib_common/boot_message.vhd Line: 61
        Info (176358): Non-global destination nodes limited to 10 nodes
Info (176353): Automatically promoted node gosof80:SOUNDBOARD|attract:Attract_S|attract~0 
    Info (176355): Automatically promoted destinations to use location or clock signal Global Clock
    Info (176356): Following destination nodes may be non-global or may not use global or regional clocks
        Info (176357): Destination node gosof80:SOUNDBOARD|attract:Attract_S|send_flag~0 File: N:/Projekte/FPGA System80/FPGA_source/lib_common/attract.vhd Line: 19
        Info (176357): Destination node gosof80:SOUNDBOARD|attract:Attract_S|\attract:attract_sound[15]~0
Info (176233): Starting register packing
Info (176235): Finished register packing
    Extra Info (176218): Packed 8 registers into blocks of type Block RAM
Info (171121): Fitter preparation operations ending: elapsed time is 00:00:02
Info (14896): Fitter has disabled Advanced Physical Optimization because it is not supported for the current family.
Info (170189): Fitter placement preparation operations beginning
Info (170190): Fitter placement preparation operations ending: elapsed time is 00:00:00
Info (170191): Fitter placement operations beginning
Info (170137): Fitter placement was successful
Info (170192): Fitter placement operations ending: elapsed time is 00:00:02
Info (170193): Fitter routing operations beginning
Info (170089): 5e+02 ns of routing delay (approximately 1.6% of available device routing delay) has been added to meet hold timing. For more information, refer to the Estimated Delay Added for Hold Timing section in the Fitter report.
Info (170195): Router estimated average interconnect usage is 13% of the available device resources
    Info (170196): Router estimated peak interconnect usage is 18% of the available device resources in the region that extends from location X11_Y12 to location X22_Y24
Info (170199): The Fitter performed an Auto Fit compilation.  Optimizations were skipped to reduce compilation time.
    Info (170201): Optimizations that may affect the design's routability were skipped
    Info (170200): Optimizations that may affect the design's timing were skipped
Info (170194): Fitter routing operations ending: elapsed time is 00:00:01
Info (11888): Total time spent on timing analysis during the Fitter is 0.90 seconds.
Info (334003): Started post-fitting delay annotation
Info (334004): Delay annotation completed successfully
Info (334003): Started post-fitting delay annotation
Info (334004): Delay annotation completed successfully
Info (11218): Fitter post-fit operations ending: elapsed time is 00:00:02
Warning (169177): 17 pins must meet Intel FPGA requirements for 3.3-, 3.0-, and 2.5-V interfaces. For more information, refer to AN 447: Interfacing Cyclone 10 LP Devices with 3.3/3.0/2.5-V LVTTL/LVCMOS I/O Systems.
    Info (169178): Pin clk_50 uses I/O standard 3.3-V LVTTL at 23 File: N:/Projekte/FPGA System80/FPGA_source/GottFA80_PLuS_HW21x_Cyclone_10/SYS80.vhd Line: 32
    Info (169178): Pin myTest uses I/O standard 3.3-V LVTTL at 90 File: N:/Projekte/FPGA System80/FPGA_source/GottFA80_PLuS_HW21x_Cyclone_10/SYS80.vhd Line: 64
    Info (169178): Pin DIP_Return[2] uses I/O standard 3.3-V LVTTL at 22 File: N:/Projekte/FPGA System80/FPGA_source/GottFA80_PLuS_HW21x_Cyclone_10/SYS80.vhd Line: 63
    Info (169178): Pin DIP_Return[3] uses I/O standard 3.3-V LVTTL at 88 File: N:/Projekte/FPGA System80/FPGA_source/GottFA80_PLuS_HW21x_Cyclone_10/SYS80.vhd Line: 63
    Info (169178): Pin DIP_Return[1] uses I/O standard 3.3-V LVTTL at 25 File: N:/Projekte/FPGA System80/FPGA_source/GottFA80_PLuS_HW21x_Cyclone_10/SYS80.vhd Line: 63
    Info (169178): Pin DIP_Return[0] uses I/O standard 3.3-V LVTTL at 24 File: N:/Projekte/FPGA System80/FPGA_source/GottFA80_PLuS_HW21x_Cyclone_10/SYS80.vhd Line: 63
    Info (169178): Pin U5_PA_7 uses I/O standard 3.3-V LVTTL at 91 File: N:/Projekte/FPGA System80/FPGA_source/GottFA80_PLuS_HW21x_Cyclone_10/SYS80.vhd Line: 47
    Info (169178): Pin MISO uses I/O standard 3.3-V LVTTL at 34 File: N:/Projekte/FPGA System80/FPGA_source/GottFA80_PLuS_HW21x_Cyclone_10/SYS80.vhd Line: 58
    Info (169178): Pin reset_sw uses I/O standard 3.3-V LVTTL at 144 File: N:/Projekte/FPGA System80/FPGA_source/GottFA80_PLuS_HW21x_Cyclone_10/SYS80.vhd Line: 33
    Info (169178): Pin U4_PA[7] uses I/O standard 3.3-V LVTTL at 143 File: N:/Projekte/FPGA System80/FPGA_source/GottFA80_PLuS_HW21x_Cyclone_10/SYS80.vhd Line: 40
    Info (169178): Pin U4_PA[0] uses I/O standard 3.3-V LVTTL at 129 File: N:/Projekte/FPGA System80/FPGA_source/GottFA80_PLuS_HW21x_Cyclone_10/SYS80.vhd Line: 40
    Info (169178): Pin U4_PA[1] uses I/O standard 3.3-V LVTTL at 135 File: N:/Projekte/FPGA System80/FPGA_source/GottFA80_PLuS_HW21x_Cyclone_10/SYS80.vhd Line: 40
    Info (169178): Pin U4_PA[5] uses I/O standard 3.3-V LVTTL at 141 File: N:/Projekte/FPGA System80/FPGA_source/GottFA80_PLuS_HW21x_Cyclone_10/SYS80.vhd Line: 40
    Info (169178): Pin U4_PA[4] uses I/O standard 3.3-V LVTTL at 136 File: N:/Projekte/FPGA System80/FPGA_source/GottFA80_PLuS_HW21x_Cyclone_10/SYS80.vhd Line: 40
    Info (169178): Pin U4_PA[3] uses I/O standard 3.3-V LVTTL at 137 File: N:/Projekte/FPGA System80/FPGA_source/GottFA80_PLuS_HW21x_Cyclone_10/SYS80.vhd Line: 40
    Info (169178): Pin U4_PA[2] uses I/O standard 3.3-V LVTTL at 133 File: N:/Projekte/FPGA System80/FPGA_source/GottFA80_PLuS_HW21x_Cyclone_10/SYS80.vhd Line: 40
    Info (169178): Pin U4_PA[6] uses I/O standard 3.3-V LVTTL at 138 File: N:/Projekte/FPGA System80/FPGA_source/GottFA80_PLuS_HW21x_Cyclone_10/SYS80.vhd Line: 40
Info (144001): Generated suppressed messages file N:/Projekte/FPGA System80/FPGA_source/GottFA80_PLuS_HW21x_Cyclone_10/output_files/SYS80.fit.smsg
Info: Quartus Prime Fitter was successful. 0 errors, 6 warnings
    Info: Peak virtual memory: 6412 megabytes
    Info: Processing ended: Thu Sep 11 19:51:27 2025
    Info: Elapsed time: 00:00:12
    Info: Total CPU time (on all processors): 00:00:25


+----------------------------+
; Fitter Suppressed Messages ;
+----------------------------+
The suppressed messages can be found in N:/Projekte/FPGA System80/FPGA_source/GottFA80_PLuS_HW21x_Cyclone_10/output_files/SYS80.fit.smsg.


