Timing Analyzer report for SYS80
Fri Sep 12 10:02:00 2025
Quartus Prime Version 22.1std.2 Build 922 07/20/2023 SC Lite Edition


---------------------
; Table of Contents ;
---------------------
  1. Legal Notice
  2. Timing Analyzer Summary
  3. Parallel Compilation
  4. SDC File List
  5. Clocks
  6. Slow 1200mV 85C Model Fmax Summary
  7. Timing Closure Recommendations
  8. Slow 1200mV 85C Model Setup Summary
  9. Slow 1200mV 85C Model Hold Summary
 10. Slow 1200mV 85C Model Recovery Summary
 11. Slow 1200mV 85C Model Removal Summary
 12. Slow 1200mV 85C Model Minimum Pulse Width Summary
 13. Slow 1200mV 85C Model Setup: 'clk_50'
 14. Slow 1200mV 85C Model Setup: 'cpu_clk_out'
 15. Slow 1200mV 85C Model Hold: 'clk_50'
 16. Slow 1200mV 85C Model Hold: 'cpu_clk_out'
 17. Slow 1200mV 85C Model Recovery: 'clk_50'
 18. Slow 1200mV 85C Model Recovery: 'cpu_clk_out'
 19. Slow 1200mV 85C Model Removal: 'cpu_clk_out'
 20. Slow 1200mV 85C Model Removal: 'clk_50'
 21. Slow 1200mV 85C Model Metastability Summary
 22. Slow 1200mV 0C Model Fmax Summary
 23. Slow 1200mV 0C Model Setup Summary
 24. Slow 1200mV 0C Model Hold Summary
 25. Slow 1200mV 0C Model Recovery Summary
 26. Slow 1200mV 0C Model Removal Summary
 27. Slow 1200mV 0C Model Minimum Pulse Width Summary
 28. Slow 1200mV 0C Model Setup: 'clk_50'
 29. Slow 1200mV 0C Model Setup: 'cpu_clk_out'
 30. Slow 1200mV 0C Model Hold: 'clk_50'
 31. Slow 1200mV 0C Model Hold: 'cpu_clk_out'
 32. Slow 1200mV 0C Model Recovery: 'clk_50'
 33. Slow 1200mV 0C Model Recovery: 'cpu_clk_out'
 34. Slow 1200mV 0C Model Removal: 'cpu_clk_out'
 35. Slow 1200mV 0C Model Removal: 'clk_50'
 36. Slow 1200mV 0C Model Metastability Summary
 37. Fast 1200mV 0C Model Setup Summary
 38. Fast 1200mV 0C Model Hold Summary
 39. Fast 1200mV 0C Model Recovery Summary
 40. Fast 1200mV 0C Model Removal Summary
 41. Fast 1200mV 0C Model Minimum Pulse Width Summary
 42. Fast 1200mV 0C Model Setup: 'clk_50'
 43. Fast 1200mV 0C Model Setup: 'cpu_clk_out'
 44. Fast 1200mV 0C Model Hold: 'clk_50'
 45. Fast 1200mV 0C Model Hold: 'cpu_clk_out'
 46. Fast 1200mV 0C Model Recovery: 'clk_50'
 47. Fast 1200mV 0C Model Recovery: 'cpu_clk_out'
 48. Fast 1200mV 0C Model Removal: 'cpu_clk_out'
 49. Fast 1200mV 0C Model Removal: 'clk_50'
 50. Fast 1200mV 0C Model Metastability Summary
 51. Multicorner Timing Analysis Summary
 52. Board Trace Model Assignments
 53. Input Transition Times
 54. Signal Integrity Metrics (Slow 1200mv 0c Model)
 55. Signal Integrity Metrics (Slow 1200mv 85c Model)
 56. Signal Integrity Metrics (Fast 1200mv 0c Model)
 57. Setup Transfers
 58. Hold Transfers
 59. Recovery Transfers
 60. Removal Transfers
 61. Report TCCS
 62. Report RSKM
 63. Unconstrained Paths Summary
 64. Clock Status Summary
 65. Unconstrained Input Ports
 66. Unconstrained Output Ports
 67. Unconstrained Input Ports
 68. Unconstrained Output Ports
 69. Timing Analyzer Messages



----------------
; Legal Notice ;
----------------
Copyright (C) 2023  Intel Corporation. All rights reserved.
Your use of Intel Corporation's design tools, logic functions 
and other software and tools, and any partner logic 
functions, and any output files from any of the foregoing 
(including device programming or simulation files), and any 
associated documentation or information are expressly subject 
to the terms and conditions of the Intel Program License 
Subscription Agreement, the Intel Quartus Prime License Agreement,
the Intel FPGA IP License Agreement, or other applicable license
agreement, including, without limitation, that your use is for
the sole purpose of programming logic devices manufactured by
Intel and sold by Intel or its authorized distributors.  Please
refer to the applicable agreement for further details, at
https://fpgasoftware.intel.com/eula.



+--------------------------------------------------------------------------------+
; Timing Analyzer Summary                                                        ;
+-----------------------+--------------------------------------------------------+
; Quartus Prime Version ; Version 22.1std.2 Build 922 07/20/2023 SC Lite Edition ;
; Timing Analyzer       ; Legacy Timing Analyzer                                 ;
; Revision Name         ; SYS80                                                  ;
; Device Family         ; Cyclone IV E                                           ;
; Device Name           ; EP4CE6E22C8                                            ;
; Timing Models         ; Final                                                  ;
; Delay Model           ; Combined                                               ;
; Rise/Fall Delays      ; Enabled                                                ;
+-----------------------+--------------------------------------------------------+


+------------------------------------------+
; Parallel Compilation                     ;
+----------------------------+-------------+
; Processors                 ; Number      ;
+----------------------------+-------------+
; Number detected on machine ; 20          ;
; Maximum allowed            ; 14          ;
;                            ;             ;
; Average used               ; 1.32        ;
; Maximum used               ; 14          ;
;                            ;             ;
; Usage by Processor         ; % Time Used ;
;     Processor 1            ; 100.0%      ;
;     Processor 2            ;   6.4%      ;
;     Processor 3            ;   3.9%      ;
;     Processor 4            ;   3.2%      ;
;     Processors 5-14        ;   1.8%      ;
+----------------------------+-------------+


+---------------------------------------------------+
; SDC File List                                     ;
+---------------+--------+--------------------------+
; SDC File Path ; Status ; Read at                  ;
+---------------+--------+--------------------------+
; SYS80.sdc     ; OK     ; Fri Sep 12 10:01:56 2025 ;
+---------------+--------+--------------------------+


+------------------------------------------------------------------------------------------------------------------------------------------------------------------------------------------------------------------------+
; Clocks                                                                                                                                                                                                                 ;
+-------------+-----------+----------+-----------+-------+---------+------------+-----------+-------------+-------+--------+-----------+------------+----------+--------+--------+---------------------------------------+
; Clock Name  ; Type      ; Period   ; Frequency ; Rise  ; Fall    ; Duty Cycle ; Divide by ; Multiply by ; Phase ; Offset ; Edge List ; Edge Shift ; Inverted ; Master ; Source ; Targets                               ;
+-------------+-----------+----------+-----------+-------+---------+------------+-----------+-------------+-------+--------+-----------+------------+----------+--------+--------+---------------------------------------+
; clk_50      ; Base      ; 20.000   ; 50.0 MHz  ; 0.000 ; 10.000  ;            ;           ;             ;       ;        ;           ;            ;          ;        ;        ; { clk_50 }                            ;
; cpu_clk_out ; Generated ; 1120.000 ; 0.89 MHz  ; 0.000 ; 560.000 ;            ; 56        ; 1           ;       ;        ;           ;            ; false    ; clk_50 ; clk_50 ; { cpu_clk_gen:clock_gen|cpu_clk_out } ;
+-------------+-----------+----------+-----------+-------+---------+------------+-----------+-------------+-------+--------+-----------+------------+----------+--------+--------+---------------------------------------+


+--------------------------------------------------+
; Slow 1200mV 85C Model Fmax Summary               ;
+-----------+-----------------+-------------+------+
; Fmax      ; Restricted Fmax ; Clock Name  ; Note ;
+-----------+-----------------+-------------+------+
; 32.87 MHz ; 32.87 MHz       ; cpu_clk_out ;      ;
; 71.61 MHz ; 71.61 MHz       ; clk_50      ;      ;
+-----------+-----------------+-------------+------+
This panel reports FMAX for every clock in the design, regardless of the user-specified clock periods.  FMAX is only computed for paths where the source and destination registers or ports are driven by the same clock.  Paths of different clocks, including generated clocks, are ignored.  For paths between a clock and its inversion, FMAX is computed as if the rising and falling edges are scaled along with FMAX, such that the duty cycle (in terms of a percentage) is maintained. Altera recommends that you always use clock constraints and other slack reports for sign-off analysis.


----------------------------------
; Timing Closure Recommendations ;
----------------------------------
HTML report is unavailable in plain text report export.


+-------------------------------------+
; Slow 1200mV 85C Model Setup Summary ;
+-------------+-------+---------------+
; Clock       ; Slack ; End Point TNS ;
+-------------+-------+---------------+
; clk_50      ; 2.927 ; 0.000         ;
; cpu_clk_out ; 7.406 ; 0.000         ;
+-------------+-------+---------------+


+-------------------------------------+
; Slow 1200mV 85C Model Hold Summary  ;
+-------------+-------+---------------+
; Clock       ; Slack ; End Point TNS ;
+-------------+-------+---------------+
; clk_50      ; 0.407 ; 0.000         ;
; cpu_clk_out ; 0.451 ; 0.000         ;
+-------------+-------+---------------+


+----------------------------------------+
; Slow 1200mV 85C Model Recovery Summary ;
+-------------+--------+-----------------+
; Clock       ; Slack  ; End Point TNS   ;
+-------------+--------+-----------------+
; clk_50      ; 14.370 ; 0.000           ;
; cpu_clk_out ; 17.495 ; 0.000           ;
+-------------+--------+-----------------+


+---------------------------------------+
; Slow 1200mV 85C Model Removal Summary ;
+-------------+-------+-----------------+
; Clock       ; Slack ; End Point TNS   ;
+-------------+-------+-----------------+
; cpu_clk_out ; 1.133 ; 0.000           ;
; clk_50      ; 2.163 ; 0.000           ;
+-------------+-------+-----------------+


+---------------------------------------------------+
; Slow 1200mV 85C Model Minimum Pulse Width Summary ;
+-------------+---------+---------------------------+
; Clock       ; Slack   ; End Point TNS             ;
+-------------+---------+---------------------------+
; clk_50      ; 9.594   ; 0.000                     ;
; cpu_clk_out ; 559.543 ; 0.000                     ;
+-------------+---------+---------------------------+


+----------------------------------------------------------------------------------------------------------------------------------------------------------------------------------------------+
; Slow 1200mV 85C Model Setup: 'clk_50'                                                                                                                                                        ;
+-------+------------------------------------+---------------------------------------------------------------------------+--------------+-------------+--------------+------------+------------+
; Slack ; From Node                          ; To Node                                                                   ; Launch Clock ; Latch Clock ; Relationship ; Clock Skew ; Data Delay ;
+-------+------------------------------------+---------------------------------------------------------------------------+--------------+-------------+--------------+------------+------------+
; 2.927 ; read_the_dips:RDIPS|game_select[1] ; gosof80:SOUNDBOARD|DFPlayer_Mini_CMD:DFP_send|command[25]                 ; cpu_clk_out  ; clk_50      ; 20.000       ; -3.639     ; 13.435     ;
; 2.927 ; read_the_dips:RDIPS|game_select[1] ; gosof80:SOUNDBOARD|DFPlayer_Mini_CMD:DFP_send|command[28]                 ; cpu_clk_out  ; clk_50      ; 20.000       ; -3.639     ; 13.435     ;
; 2.927 ; read_the_dips:RDIPS|game_select[1] ; gosof80:SOUNDBOARD|DFPlayer_Mini_CMD:DFP_send|command[16]                 ; cpu_clk_out  ; clk_50      ; 20.000       ; -3.639     ; 13.435     ;
; 2.927 ; read_the_dips:RDIPS|game_select[1] ; gosof80:SOUNDBOARD|DFPlayer_Mini_CMD:DFP_send|command[23]                 ; cpu_clk_out  ; clk_50      ; 20.000       ; -3.639     ; 13.435     ;
; 2.927 ; read_the_dips:RDIPS|game_select[1] ; gosof80:SOUNDBOARD|DFPlayer_Mini_CMD:DFP_send|command[11]                 ; cpu_clk_out  ; clk_50      ; 20.000       ; -3.639     ; 13.435     ;
; 2.927 ; read_the_dips:RDIPS|game_select[1] ; gosof80:SOUNDBOARD|DFPlayer_Mini_CMD:DFP_send|command[15]                 ; cpu_clk_out  ; clk_50      ; 20.000       ; -3.639     ; 13.435     ;
; 2.927 ; read_the_dips:RDIPS|game_select[1] ; gosof80:SOUNDBOARD|DFPlayer_Mini_CMD:DFP_send|command[13]                 ; cpu_clk_out  ; clk_50      ; 20.000       ; -3.639     ; 13.435     ;
; 2.959 ; read_the_dips:RDIPS|game_select[1] ; gosof80:SOUNDBOARD|DFPlayer_Mini_CMD:DFP_send|\DFPLAYR_Mini:bitcounter[0] ; cpu_clk_out  ; clk_50      ; 20.000       ; -3.644     ; 13.398     ;
; 2.959 ; read_the_dips:RDIPS|game_select[1] ; gosof80:SOUNDBOARD|DFPlayer_Mini_CMD:DFP_send|\DFPLAYR_Mini:bitcounter[4] ; cpu_clk_out  ; clk_50      ; 20.000       ; -3.644     ; 13.398     ;
; 2.959 ; read_the_dips:RDIPS|game_select[1] ; gosof80:SOUNDBOARD|DFPlayer_Mini_CMD:DFP_send|\DFPLAYR_Mini:bitcounter[1] ; cpu_clk_out  ; clk_50      ; 20.000       ; -3.644     ; 13.398     ;
; 2.959 ; read_the_dips:RDIPS|game_select[1] ; gosof80:SOUNDBOARD|DFPlayer_Mini_CMD:DFP_send|\DFPLAYR_Mini:bitcounter[2] ; cpu_clk_out  ; clk_50      ; 20.000       ; -3.644     ; 13.398     ;
; 2.959 ; read_the_dips:RDIPS|game_select[1] ; gosof80:SOUNDBOARD|DFPlayer_Mini_CMD:DFP_send|\DFPLAYR_Mini:bitcounter[3] ; cpu_clk_out  ; clk_50      ; 20.000       ; -3.644     ; 13.398     ;
; 2.959 ; read_the_dips:RDIPS|game_select[1] ; gosof80:SOUNDBOARD|DFPlayer_Mini_CMD:DFP_send|\DFPLAYR_Mini:bitcounter[5] ; cpu_clk_out  ; clk_50      ; 20.000       ; -3.644     ; 13.398     ;
; 2.959 ; read_the_dips:RDIPS|game_select[1] ; gosof80:SOUNDBOARD|DFPlayer_Mini_CMD:DFP_send|\DFPLAYR_Mini:bitcounter[6] ; cpu_clk_out  ; clk_50      ; 20.000       ; -3.644     ; 13.398     ;
; 3.105 ; read_the_dips:RDIPS|game_select[1] ; gosof80:SOUNDBOARD|DFPlayer_Mini_CMD:DFP_send|command[17]                 ; cpu_clk_out  ; clk_50      ; 20.000       ; -3.657     ; 13.239     ;
; 3.105 ; read_the_dips:RDIPS|game_select[1] ; gosof80:SOUNDBOARD|DFPlayer_Mini_CMD:DFP_send|command[18]                 ; cpu_clk_out  ; clk_50      ; 20.000       ; -3.657     ; 13.239     ;
; 3.191 ; read_the_dips:RDIPS|game_select[1] ; gosof80:SOUNDBOARD|DFPlayer_Mini_CMD:DFP_send|command[27]                 ; cpu_clk_out  ; clk_50      ; 20.000       ; -3.640     ; 13.170     ;
; 3.191 ; read_the_dips:RDIPS|game_select[1] ; gosof80:SOUNDBOARD|DFPlayer_Mini_CMD:DFP_send|command[26]                 ; cpu_clk_out  ; clk_50      ; 20.000       ; -3.640     ; 13.170     ;
; 3.191 ; read_the_dips:RDIPS|game_select[1] ; gosof80:SOUNDBOARD|DFPlayer_Mini_CMD:DFP_send|command[24]                 ; cpu_clk_out  ; clk_50      ; 20.000       ; -3.640     ; 13.170     ;
; 3.393 ; read_the_dips:RDIPS|game_select[1] ; gosof80:SOUNDBOARD|DFPlayer_Mini_CMD:DFP_send|state.Delay                 ; cpu_clk_out  ; clk_50      ; 20.000       ; -3.644     ; 12.964     ;
; 3.421 ; read_the_dips:RDIPS|game_select[5] ; gosof80:SOUNDBOARD|DFPlayer_Mini_CMD:DFP_send|command[25]                 ; cpu_clk_out  ; clk_50      ; 20.000       ; -3.684     ; 12.896     ;
; 3.421 ; read_the_dips:RDIPS|game_select[5] ; gosof80:SOUNDBOARD|DFPlayer_Mini_CMD:DFP_send|command[28]                 ; cpu_clk_out  ; clk_50      ; 20.000       ; -3.684     ; 12.896     ;
; 3.421 ; read_the_dips:RDIPS|game_select[5] ; gosof80:SOUNDBOARD|DFPlayer_Mini_CMD:DFP_send|command[16]                 ; cpu_clk_out  ; clk_50      ; 20.000       ; -3.684     ; 12.896     ;
; 3.421 ; read_the_dips:RDIPS|game_select[5] ; gosof80:SOUNDBOARD|DFPlayer_Mini_CMD:DFP_send|command[23]                 ; cpu_clk_out  ; clk_50      ; 20.000       ; -3.684     ; 12.896     ;
; 3.421 ; read_the_dips:RDIPS|game_select[5] ; gosof80:SOUNDBOARD|DFPlayer_Mini_CMD:DFP_send|command[11]                 ; cpu_clk_out  ; clk_50      ; 20.000       ; -3.684     ; 12.896     ;
; 3.421 ; read_the_dips:RDIPS|game_select[5] ; gosof80:SOUNDBOARD|DFPlayer_Mini_CMD:DFP_send|command[15]                 ; cpu_clk_out  ; clk_50      ; 20.000       ; -3.684     ; 12.896     ;
; 3.421 ; read_the_dips:RDIPS|game_select[5] ; gosof80:SOUNDBOARD|DFPlayer_Mini_CMD:DFP_send|command[13]                 ; cpu_clk_out  ; clk_50      ; 20.000       ; -3.684     ; 12.896     ;
; 3.453 ; read_the_dips:RDIPS|game_select[5] ; gosof80:SOUNDBOARD|DFPlayer_Mini_CMD:DFP_send|\DFPLAYR_Mini:bitcounter[0] ; cpu_clk_out  ; clk_50      ; 20.000       ; -3.689     ; 12.859     ;
; 3.453 ; read_the_dips:RDIPS|game_select[5] ; gosof80:SOUNDBOARD|DFPlayer_Mini_CMD:DFP_send|\DFPLAYR_Mini:bitcounter[4] ; cpu_clk_out  ; clk_50      ; 20.000       ; -3.689     ; 12.859     ;
; 3.453 ; read_the_dips:RDIPS|game_select[5] ; gosof80:SOUNDBOARD|DFPlayer_Mini_CMD:DFP_send|\DFPLAYR_Mini:bitcounter[1] ; cpu_clk_out  ; clk_50      ; 20.000       ; -3.689     ; 12.859     ;
; 3.453 ; read_the_dips:RDIPS|game_select[5] ; gosof80:SOUNDBOARD|DFPlayer_Mini_CMD:DFP_send|\DFPLAYR_Mini:bitcounter[2] ; cpu_clk_out  ; clk_50      ; 20.000       ; -3.689     ; 12.859     ;
; 3.453 ; read_the_dips:RDIPS|game_select[5] ; gosof80:SOUNDBOARD|DFPlayer_Mini_CMD:DFP_send|\DFPLAYR_Mini:bitcounter[3] ; cpu_clk_out  ; clk_50      ; 20.000       ; -3.689     ; 12.859     ;
; 3.453 ; read_the_dips:RDIPS|game_select[5] ; gosof80:SOUNDBOARD|DFPlayer_Mini_CMD:DFP_send|\DFPLAYR_Mini:bitcounter[5] ; cpu_clk_out  ; clk_50      ; 20.000       ; -3.689     ; 12.859     ;
; 3.453 ; read_the_dips:RDIPS|game_select[5] ; gosof80:SOUNDBOARD|DFPlayer_Mini_CMD:DFP_send|\DFPLAYR_Mini:bitcounter[6] ; cpu_clk_out  ; clk_50      ; 20.000       ; -3.689     ; 12.859     ;
; 3.485 ; read_the_dips:RDIPS|game_select[4] ; gosof80:SOUNDBOARD|DFPlayer_Mini_CMD:DFP_send|command[25]                 ; cpu_clk_out  ; clk_50      ; 20.000       ; -3.684     ; 12.832     ;
; 3.485 ; read_the_dips:RDIPS|game_select[4] ; gosof80:SOUNDBOARD|DFPlayer_Mini_CMD:DFP_send|command[28]                 ; cpu_clk_out  ; clk_50      ; 20.000       ; -3.684     ; 12.832     ;
; 3.485 ; read_the_dips:RDIPS|game_select[4] ; gosof80:SOUNDBOARD|DFPlayer_Mini_CMD:DFP_send|command[16]                 ; cpu_clk_out  ; clk_50      ; 20.000       ; -3.684     ; 12.832     ;
; 3.485 ; read_the_dips:RDIPS|game_select[4] ; gosof80:SOUNDBOARD|DFPlayer_Mini_CMD:DFP_send|command[23]                 ; cpu_clk_out  ; clk_50      ; 20.000       ; -3.684     ; 12.832     ;
; 3.485 ; read_the_dips:RDIPS|game_select[4] ; gosof80:SOUNDBOARD|DFPlayer_Mini_CMD:DFP_send|command[11]                 ; cpu_clk_out  ; clk_50      ; 20.000       ; -3.684     ; 12.832     ;
; 3.485 ; read_the_dips:RDIPS|game_select[4] ; gosof80:SOUNDBOARD|DFPlayer_Mini_CMD:DFP_send|command[15]                 ; cpu_clk_out  ; clk_50      ; 20.000       ; -3.684     ; 12.832     ;
; 3.485 ; read_the_dips:RDIPS|game_select[4] ; gosof80:SOUNDBOARD|DFPlayer_Mini_CMD:DFP_send|command[13]                 ; cpu_clk_out  ; clk_50      ; 20.000       ; -3.684     ; 12.832     ;
; 3.517 ; read_the_dips:RDIPS|game_select[4] ; gosof80:SOUNDBOARD|DFPlayer_Mini_CMD:DFP_send|\DFPLAYR_Mini:bitcounter[0] ; cpu_clk_out  ; clk_50      ; 20.000       ; -3.689     ; 12.795     ;
; 3.517 ; read_the_dips:RDIPS|game_select[4] ; gosof80:SOUNDBOARD|DFPlayer_Mini_CMD:DFP_send|\DFPLAYR_Mini:bitcounter[4] ; cpu_clk_out  ; clk_50      ; 20.000       ; -3.689     ; 12.795     ;
; 3.517 ; read_the_dips:RDIPS|game_select[4] ; gosof80:SOUNDBOARD|DFPlayer_Mini_CMD:DFP_send|\DFPLAYR_Mini:bitcounter[1] ; cpu_clk_out  ; clk_50      ; 20.000       ; -3.689     ; 12.795     ;
; 3.517 ; read_the_dips:RDIPS|game_select[4] ; gosof80:SOUNDBOARD|DFPlayer_Mini_CMD:DFP_send|\DFPLAYR_Mini:bitcounter[2] ; cpu_clk_out  ; clk_50      ; 20.000       ; -3.689     ; 12.795     ;
; 3.517 ; read_the_dips:RDIPS|game_select[4] ; gosof80:SOUNDBOARD|DFPlayer_Mini_CMD:DFP_send|\DFPLAYR_Mini:bitcounter[3] ; cpu_clk_out  ; clk_50      ; 20.000       ; -3.689     ; 12.795     ;
; 3.517 ; read_the_dips:RDIPS|game_select[4] ; gosof80:SOUNDBOARD|DFPlayer_Mini_CMD:DFP_send|\DFPLAYR_Mini:bitcounter[5] ; cpu_clk_out  ; clk_50      ; 20.000       ; -3.689     ; 12.795     ;
; 3.517 ; read_the_dips:RDIPS|game_select[4] ; gosof80:SOUNDBOARD|DFPlayer_Mini_CMD:DFP_send|\DFPLAYR_Mini:bitcounter[6] ; cpu_clk_out  ; clk_50      ; 20.000       ; -3.689     ; 12.795     ;
; 3.593 ; read_the_dips:RDIPS|game_select[3] ; gosof80:SOUNDBOARD|DFPlayer_Mini_CMD:DFP_send|command[25]                 ; cpu_clk_out  ; clk_50      ; 20.000       ; -3.639     ; 12.769     ;
; 3.593 ; read_the_dips:RDIPS|game_select[3] ; gosof80:SOUNDBOARD|DFPlayer_Mini_CMD:DFP_send|command[28]                 ; cpu_clk_out  ; clk_50      ; 20.000       ; -3.639     ; 12.769     ;
; 3.593 ; read_the_dips:RDIPS|game_select[3] ; gosof80:SOUNDBOARD|DFPlayer_Mini_CMD:DFP_send|command[16]                 ; cpu_clk_out  ; clk_50      ; 20.000       ; -3.639     ; 12.769     ;
; 3.593 ; read_the_dips:RDIPS|game_select[3] ; gosof80:SOUNDBOARD|DFPlayer_Mini_CMD:DFP_send|command[23]                 ; cpu_clk_out  ; clk_50      ; 20.000       ; -3.639     ; 12.769     ;
; 3.593 ; read_the_dips:RDIPS|game_select[3] ; gosof80:SOUNDBOARD|DFPlayer_Mini_CMD:DFP_send|command[11]                 ; cpu_clk_out  ; clk_50      ; 20.000       ; -3.639     ; 12.769     ;
; 3.593 ; read_the_dips:RDIPS|game_select[3] ; gosof80:SOUNDBOARD|DFPlayer_Mini_CMD:DFP_send|command[15]                 ; cpu_clk_out  ; clk_50      ; 20.000       ; -3.639     ; 12.769     ;
; 3.593 ; read_the_dips:RDIPS|game_select[3] ; gosof80:SOUNDBOARD|DFPlayer_Mini_CMD:DFP_send|command[13]                 ; cpu_clk_out  ; clk_50      ; 20.000       ; -3.639     ; 12.769     ;
; 3.599 ; read_the_dips:RDIPS|game_select[5] ; gosof80:SOUNDBOARD|DFPlayer_Mini_CMD:DFP_send|command[17]                 ; cpu_clk_out  ; clk_50      ; 20.000       ; -3.702     ; 12.700     ;
; 3.599 ; read_the_dips:RDIPS|game_select[5] ; gosof80:SOUNDBOARD|DFPlayer_Mini_CMD:DFP_send|command[18]                 ; cpu_clk_out  ; clk_50      ; 20.000       ; -3.702     ; 12.700     ;
; 3.625 ; read_the_dips:RDIPS|game_select[3] ; gosof80:SOUNDBOARD|DFPlayer_Mini_CMD:DFP_send|\DFPLAYR_Mini:bitcounter[0] ; cpu_clk_out  ; clk_50      ; 20.000       ; -3.644     ; 12.732     ;
; 3.625 ; read_the_dips:RDIPS|game_select[3] ; gosof80:SOUNDBOARD|DFPlayer_Mini_CMD:DFP_send|\DFPLAYR_Mini:bitcounter[4] ; cpu_clk_out  ; clk_50      ; 20.000       ; -3.644     ; 12.732     ;
; 3.625 ; read_the_dips:RDIPS|game_select[3] ; gosof80:SOUNDBOARD|DFPlayer_Mini_CMD:DFP_send|\DFPLAYR_Mini:bitcounter[1] ; cpu_clk_out  ; clk_50      ; 20.000       ; -3.644     ; 12.732     ;
; 3.625 ; read_the_dips:RDIPS|game_select[3] ; gosof80:SOUNDBOARD|DFPlayer_Mini_CMD:DFP_send|\DFPLAYR_Mini:bitcounter[2] ; cpu_clk_out  ; clk_50      ; 20.000       ; -3.644     ; 12.732     ;
; 3.625 ; read_the_dips:RDIPS|game_select[3] ; gosof80:SOUNDBOARD|DFPlayer_Mini_CMD:DFP_send|\DFPLAYR_Mini:bitcounter[3] ; cpu_clk_out  ; clk_50      ; 20.000       ; -3.644     ; 12.732     ;
; 3.625 ; read_the_dips:RDIPS|game_select[3] ; gosof80:SOUNDBOARD|DFPlayer_Mini_CMD:DFP_send|\DFPLAYR_Mini:bitcounter[5] ; cpu_clk_out  ; clk_50      ; 20.000       ; -3.644     ; 12.732     ;
; 3.625 ; read_the_dips:RDIPS|game_select[3] ; gosof80:SOUNDBOARD|DFPlayer_Mini_CMD:DFP_send|\DFPLAYR_Mini:bitcounter[6] ; cpu_clk_out  ; clk_50      ; 20.000       ; -3.644     ; 12.732     ;
; 3.663 ; read_the_dips:RDIPS|game_select[4] ; gosof80:SOUNDBOARD|DFPlayer_Mini_CMD:DFP_send|command[17]                 ; cpu_clk_out  ; clk_50      ; 20.000       ; -3.702     ; 12.636     ;
; 3.663 ; read_the_dips:RDIPS|game_select[4] ; gosof80:SOUNDBOARD|DFPlayer_Mini_CMD:DFP_send|command[18]                 ; cpu_clk_out  ; clk_50      ; 20.000       ; -3.702     ; 12.636     ;
; 3.685 ; read_the_dips:RDIPS|game_select[5] ; gosof80:SOUNDBOARD|DFPlayer_Mini_CMD:DFP_send|command[27]                 ; cpu_clk_out  ; clk_50      ; 20.000       ; -3.685     ; 12.631     ;
; 3.685 ; read_the_dips:RDIPS|game_select[5] ; gosof80:SOUNDBOARD|DFPlayer_Mini_CMD:DFP_send|command[26]                 ; cpu_clk_out  ; clk_50      ; 20.000       ; -3.685     ; 12.631     ;
; 3.685 ; read_the_dips:RDIPS|game_select[5] ; gosof80:SOUNDBOARD|DFPlayer_Mini_CMD:DFP_send|command[24]                 ; cpu_clk_out  ; clk_50      ; 20.000       ; -3.685     ; 12.631     ;
; 3.749 ; read_the_dips:RDIPS|game_select[4] ; gosof80:SOUNDBOARD|DFPlayer_Mini_CMD:DFP_send|command[27]                 ; cpu_clk_out  ; clk_50      ; 20.000       ; -3.685     ; 12.567     ;
; 3.749 ; read_the_dips:RDIPS|game_select[4] ; gosof80:SOUNDBOARD|DFPlayer_Mini_CMD:DFP_send|command[26]                 ; cpu_clk_out  ; clk_50      ; 20.000       ; -3.685     ; 12.567     ;
; 3.749 ; read_the_dips:RDIPS|game_select[4] ; gosof80:SOUNDBOARD|DFPlayer_Mini_CMD:DFP_send|command[24]                 ; cpu_clk_out  ; clk_50      ; 20.000       ; -3.685     ; 12.567     ;
; 3.750 ; read_the_dips:RDIPS|game_select[1] ; gosof80:SOUNDBOARD|DFPlayer_Mini_CMD:DFP_send|command[12]                 ; cpu_clk_out  ; clk_50      ; 20.000       ; -3.644     ; 12.607     ;
; 3.750 ; read_the_dips:RDIPS|game_select[1] ; gosof80:SOUNDBOARD|DFPlayer_Mini_CMD:DFP_send|command[14]                 ; cpu_clk_out  ; clk_50      ; 20.000       ; -3.644     ; 12.607     ;
; 3.771 ; read_the_dips:RDIPS|game_select[3] ; gosof80:SOUNDBOARD|DFPlayer_Mini_CMD:DFP_send|command[17]                 ; cpu_clk_out  ; clk_50      ; 20.000       ; -3.657     ; 12.573     ;
; 3.771 ; read_the_dips:RDIPS|game_select[3] ; gosof80:SOUNDBOARD|DFPlayer_Mini_CMD:DFP_send|command[18]                 ; cpu_clk_out  ; clk_50      ; 20.000       ; -3.657     ; 12.573     ;
; 3.857 ; read_the_dips:RDIPS|game_select[3] ; gosof80:SOUNDBOARD|DFPlayer_Mini_CMD:DFP_send|command[27]                 ; cpu_clk_out  ; clk_50      ; 20.000       ; -3.640     ; 12.504     ;
; 3.857 ; read_the_dips:RDIPS|game_select[3] ; gosof80:SOUNDBOARD|DFPlayer_Mini_CMD:DFP_send|command[26]                 ; cpu_clk_out  ; clk_50      ; 20.000       ; -3.640     ; 12.504     ;
; 3.857 ; read_the_dips:RDIPS|game_select[3] ; gosof80:SOUNDBOARD|DFPlayer_Mini_CMD:DFP_send|command[24]                 ; cpu_clk_out  ; clk_50      ; 20.000       ; -3.640     ; 12.504     ;
; 3.887 ; read_the_dips:RDIPS|game_select[5] ; gosof80:SOUNDBOARD|DFPlayer_Mini_CMD:DFP_send|state.Delay                 ; cpu_clk_out  ; clk_50      ; 20.000       ; -3.689     ; 12.425     ;
; 3.904 ; read_the_dips:RDIPS|game_select[1] ; gosof80:SOUNDBOARD|DFPlayer_Mini_CMD:DFP_send|state.Idle                  ; cpu_clk_out  ; clk_50      ; 20.000       ; -3.644     ; 12.453     ;
; 3.951 ; read_the_dips:RDIPS|game_select[4] ; gosof80:SOUNDBOARD|DFPlayer_Mini_CMD:DFP_send|state.Delay                 ; cpu_clk_out  ; clk_50      ; 20.000       ; -3.689     ; 12.361     ;
; 3.966 ; read_the_dips:RDIPS|game_select[1] ; gosof80:SOUNDBOARD|DFPlayer_Mini_CMD:DFP_send|state.Check                 ; cpu_clk_out  ; clk_50      ; 20.000       ; -3.644     ; 12.391     ;
; 4.059 ; read_the_dips:RDIPS|game_select[3] ; gosof80:SOUNDBOARD|DFPlayer_Mini_CMD:DFP_send|state.Delay                 ; cpu_clk_out  ; clk_50      ; 20.000       ; -3.644     ; 12.298     ;
; 4.102 ; read_the_dips:RDIPS|game_select[1] ; gosof80:SOUNDBOARD|DFPlayer_Mini_CMD:DFP_send|state.Send                  ; cpu_clk_out  ; clk_50      ; 20.000       ; -3.644     ; 12.255     ;
; 4.166 ; read_the_dips:RDIPS|game_select[2] ; gosof80:SOUNDBOARD|DFPlayer_Mini_CMD:DFP_send|command[25]                 ; cpu_clk_out  ; clk_50      ; 20.000       ; -3.639     ; 12.196     ;
; 4.166 ; read_the_dips:RDIPS|game_select[2] ; gosof80:SOUNDBOARD|DFPlayer_Mini_CMD:DFP_send|command[28]                 ; cpu_clk_out  ; clk_50      ; 20.000       ; -3.639     ; 12.196     ;
; 4.166 ; read_the_dips:RDIPS|game_select[2] ; gosof80:SOUNDBOARD|DFPlayer_Mini_CMD:DFP_send|command[16]                 ; cpu_clk_out  ; clk_50      ; 20.000       ; -3.639     ; 12.196     ;
; 4.166 ; read_the_dips:RDIPS|game_select[2] ; gosof80:SOUNDBOARD|DFPlayer_Mini_CMD:DFP_send|command[23]                 ; cpu_clk_out  ; clk_50      ; 20.000       ; -3.639     ; 12.196     ;
; 4.166 ; read_the_dips:RDIPS|game_select[2] ; gosof80:SOUNDBOARD|DFPlayer_Mini_CMD:DFP_send|command[11]                 ; cpu_clk_out  ; clk_50      ; 20.000       ; -3.639     ; 12.196     ;
; 4.166 ; read_the_dips:RDIPS|game_select[2] ; gosof80:SOUNDBOARD|DFPlayer_Mini_CMD:DFP_send|command[15]                 ; cpu_clk_out  ; clk_50      ; 20.000       ; -3.639     ; 12.196     ;
; 4.166 ; read_the_dips:RDIPS|game_select[2] ; gosof80:SOUNDBOARD|DFPlayer_Mini_CMD:DFP_send|command[13]                 ; cpu_clk_out  ; clk_50      ; 20.000       ; -3.639     ; 12.196     ;
; 4.198 ; read_the_dips:RDIPS|game_select[2] ; gosof80:SOUNDBOARD|DFPlayer_Mini_CMD:DFP_send|\DFPLAYR_Mini:bitcounter[0] ; cpu_clk_out  ; clk_50      ; 20.000       ; -3.644     ; 12.159     ;
; 4.198 ; read_the_dips:RDIPS|game_select[2] ; gosof80:SOUNDBOARD|DFPlayer_Mini_CMD:DFP_send|\DFPLAYR_Mini:bitcounter[4] ; cpu_clk_out  ; clk_50      ; 20.000       ; -3.644     ; 12.159     ;
; 4.198 ; read_the_dips:RDIPS|game_select[2] ; gosof80:SOUNDBOARD|DFPlayer_Mini_CMD:DFP_send|\DFPLAYR_Mini:bitcounter[1] ; cpu_clk_out  ; clk_50      ; 20.000       ; -3.644     ; 12.159     ;
; 4.198 ; read_the_dips:RDIPS|game_select[2] ; gosof80:SOUNDBOARD|DFPlayer_Mini_CMD:DFP_send|\DFPLAYR_Mini:bitcounter[2] ; cpu_clk_out  ; clk_50      ; 20.000       ; -3.644     ; 12.159     ;
; 4.198 ; read_the_dips:RDIPS|game_select[2] ; gosof80:SOUNDBOARD|DFPlayer_Mini_CMD:DFP_send|\DFPLAYR_Mini:bitcounter[3] ; cpu_clk_out  ; clk_50      ; 20.000       ; -3.644     ; 12.159     ;
; 4.198 ; read_the_dips:RDIPS|game_select[2] ; gosof80:SOUNDBOARD|DFPlayer_Mini_CMD:DFP_send|\DFPLAYR_Mini:bitcounter[5] ; cpu_clk_out  ; clk_50      ; 20.000       ; -3.644     ; 12.159     ;
; 4.198 ; read_the_dips:RDIPS|game_select[2] ; gosof80:SOUNDBOARD|DFPlayer_Mini_CMD:DFP_send|\DFPLAYR_Mini:bitcounter[6] ; cpu_clk_out  ; clk_50      ; 20.000       ; -3.644     ; 12.159     ;
; 4.244 ; read_the_dips:RDIPS|game_select[5] ; gosof80:SOUNDBOARD|DFPlayer_Mini_CMD:DFP_send|command[12]                 ; cpu_clk_out  ; clk_50      ; 20.000       ; -3.689     ; 12.068     ;
+-------+------------------------------------+---------------------------------------------------------------------------+--------------+-------------+--------------+------------+------------+


+--------------------------------------------------------------------------------------------------------------------------------------------------------------------------------------------------------------------------------+
; Slow 1200mV 85C Model Setup: 'cpu_clk_out'                                                                                                                                                                                     ;
+--------+-------------------------------------------------------------------------------------------------------------+-----------------------------------+--------------+-------------+--------------+------------+------------+
; Slack  ; From Node                                                                                                   ; To Node                           ; Launch Clock ; Latch Clock ; Relationship ; Clock Skew ; Data Delay ;
+--------+-------------------------------------------------------------------------------------------------------------+-----------------------------------+--------------+-------------+--------------+------------+------------+
; 7.406  ; GAME_ROM:GAME|altsyncram:altsyncram_component|altsyncram_r1q3:auto_generated|ram_block1a4~porta_we_reg      ; T65:U1|BAL[5]                     ; clk_50       ; cpu_clk_out ; 20.000       ; 3.074      ; 15.669     ;
; 7.424  ; GAME_ROM:GAME|altsyncram:altsyncram_component|altsyncram_r1q3:auto_generated|ram_block1a4~porta_we_reg      ; T65:U1|BAL[7]                     ; clk_50       ; cpu_clk_out ; 20.000       ; 3.074      ; 15.651     ;
; 7.426  ; GAME_ROM:GAME|altsyncram:altsyncram_component|altsyncram_r1q3:auto_generated|ram_block1a4~porta_we_reg      ; T65:U1|BAL[8]                     ; clk_50       ; cpu_clk_out ; 20.000       ; 3.075      ; 15.650     ;
; 7.524  ; GAME_ROM:GAME|altsyncram:altsyncram_component|altsyncram_r1q3:auto_generated|ram_block1a4~porta_we_reg      ; T65:U1|BAL[6]                     ; clk_50       ; cpu_clk_out ; 20.000       ; 3.074      ; 15.551     ;
; 7.946  ; GAME_ROM:GAME|altsyncram:altsyncram_component|altsyncram_r1q3:auto_generated|ram_block1a4~porta_we_reg      ; T65:U1|BAL[4]                     ; clk_50       ; cpu_clk_out ; 20.000       ; 3.074      ; 15.129     ;
; 8.436  ; GAME_ROM:GAME|altsyncram:altsyncram_component|altsyncram_r1q3:auto_generated|ram_block1a0~porta_we_reg      ; T65:U1|BAL[4]                     ; clk_50       ; cpu_clk_out ; 20.000       ; 3.073      ; 14.638     ;
; 8.447  ; GAME_ROM:GAME|altsyncram:altsyncram_component|altsyncram_r1q3:auto_generated|ram_block1a0~porta_we_reg      ; T65:U1|BAL[5]                     ; clk_50       ; cpu_clk_out ; 20.000       ; 3.073      ; 14.627     ;
; 8.452  ; GAME_ROM:GAME|altsyncram:altsyncram_component|altsyncram_r1q3:auto_generated|ram_block1a0~porta_we_reg      ; T65:U1|BAL[6]                     ; clk_50       ; cpu_clk_out ; 20.000       ; 3.073      ; 14.622     ;
; 8.453  ; GAME_ROM:GAME|altsyncram:altsyncram_component|altsyncram_r1q3:auto_generated|ram_block1a0~porta_we_reg      ; T65:U1|BAL[8]                     ; clk_50       ; cpu_clk_out ; 20.000       ; 3.074      ; 14.622     ;
; 8.465  ; GAME_ROM:GAME|altsyncram:altsyncram_component|altsyncram_r1q3:auto_generated|ram_block1a0~porta_we_reg      ; T65:U1|BAL[7]                     ; clk_50       ; cpu_clk_out ; 20.000       ; 3.073      ; 14.609     ;
; 8.633  ; GAME_ROM:GAME|altsyncram:altsyncram_component|altsyncram_r1q3:auto_generated|ram_block1a0~porta_we_reg      ; T65:U1|BAL[3]                     ; clk_50       ; cpu_clk_out ; 20.000       ; 3.073      ; 14.441     ;
; 9.263  ; SYSTEM_ROM:SYSTEM|altsyncram:altsyncram_component|altsyncram_32q3:auto_generated|ram_block1a0~porta_we_reg  ; T65:U1|BAL[3]                     ; clk_50       ; cpu_clk_out ; 20.000       ; 3.092      ; 13.830     ;
; 9.508  ; SYSTEM_ROM:SYSTEM|altsyncram:altsyncram_component|altsyncram_32q3:auto_generated|ram_block1a0~porta_we_reg  ; T65:U1|BAL[5]                     ; clk_50       ; cpu_clk_out ; 20.000       ; 3.092      ; 13.585     ;
; 9.526  ; SYSTEM_ROM:SYSTEM|altsyncram:altsyncram_component|altsyncram_32q3:auto_generated|ram_block1a0~porta_we_reg  ; T65:U1|BAL[7]                     ; clk_50       ; cpu_clk_out ; 20.000       ; 3.092      ; 13.567     ;
; 9.528  ; SYSTEM_ROM:SYSTEM|altsyncram:altsyncram_component|altsyncram_32q3:auto_generated|ram_block1a0~porta_we_reg  ; T65:U1|BAL[8]                     ; clk_50       ; cpu_clk_out ; 20.000       ; 3.093      ; 13.566     ;
; 9.601  ; SYSTEM_ROM:SYSTEM|altsyncram:altsyncram_component|altsyncram_32q3:auto_generated|ram_block1a1~porta_we_reg  ; T65:U1|BAL[3]                     ; clk_50       ; cpu_clk_out ; 20.000       ; 3.088      ; 13.488     ;
; 9.610  ; SYSTEM_ROM:SYSTEM|altsyncram:altsyncram_component|altsyncram_32q3:auto_generated|ram_block1a0~porta_we_reg  ; T65:U1|BAL[4]                     ; clk_50       ; cpu_clk_out ; 20.000       ; 3.092      ; 13.483     ;
; 9.626  ; SYSTEM_ROM:SYSTEM|altsyncram:altsyncram_component|altsyncram_32q3:auto_generated|ram_block1a0~porta_we_reg  ; T65:U1|BAL[6]                     ; clk_50       ; cpu_clk_out ; 20.000       ; 3.092      ; 13.467     ;
; 9.750  ; RIOT_RAM:U4_RAM|altsyncram:altsyncram_component|altsyncram_b8p3:auto_generated|q_a[4]                       ; T65:U1|BAL[5]                     ; clk_50       ; cpu_clk_out ; 20.000       ; 3.132      ; 13.383     ;
; 9.768  ; RIOT_RAM:U4_RAM|altsyncram:altsyncram_component|altsyncram_b8p3:auto_generated|q_a[4]                       ; T65:U1|BAL[7]                     ; clk_50       ; cpu_clk_out ; 20.000       ; 3.132      ; 13.365     ;
; 9.770  ; RIOT_RAM:U4_RAM|altsyncram:altsyncram_component|altsyncram_b8p3:auto_generated|q_a[4]                       ; T65:U1|BAL[8]                     ; clk_50       ; cpu_clk_out ; 20.000       ; 3.133      ; 13.364     ;
; 9.797  ; RIOT_RAM:U4_RAM|altsyncram:altsyncram_component|altsyncram_b8p3:auto_generated|q_a[2]                       ; T65:U1|BAL[3]                     ; clk_50       ; cpu_clk_out ; 20.000       ; 3.132      ; 13.336     ;
; 9.804  ; SYSTEM_ROM:SYSTEM|altsyncram:altsyncram_component|altsyncram_32q3:auto_generated|ram_block1a2~porta_we_reg  ; T65:U1|BAL[3]                     ; clk_50       ; cpu_clk_out ; 20.000       ; 3.093      ; 13.290     ;
; 9.806  ; RIOT_RAM:U4_RAM|altsyncram:altsyncram_component|altsyncram_b8p3:auto_generated|q_a[5]                       ; T65:U1|BAL[7]                     ; clk_50       ; cpu_clk_out ; 20.000       ; 3.132      ; 13.327     ;
; 9.808  ; RIOT_RAM:U4_RAM|altsyncram:altsyncram_component|altsyncram_b8p3:auto_generated|q_a[5]                       ; T65:U1|BAL[8]                     ; clk_50       ; cpu_clk_out ; 20.000       ; 3.133      ; 13.326     ;
; 9.824  ; RIOT_RAM:U4_RAM|altsyncram:altsyncram_component|altsyncram_b8p3:auto_generated|q_a[5]                       ; T65:U1|BAL[6]                     ; clk_50       ; cpu_clk_out ; 20.000       ; 3.132      ; 13.309     ;
; 9.842  ; SYSTEM_ROM:SYSTEM|altsyncram:altsyncram_component|altsyncram_32q3:auto_generated|ram_block1a1~porta_we_reg  ; T65:U1|BAL[4]                     ; clk_50       ; cpu_clk_out ; 20.000       ; 3.088      ; 13.247     ;
; 9.846  ; SYSTEM_ROM:SYSTEM|altsyncram:altsyncram_component|altsyncram_32q3:auto_generated|ram_block1a1~porta_we_reg  ; T65:U1|BAL[5]                     ; clk_50       ; cpu_clk_out ; 20.000       ; 3.088      ; 13.243     ;
; 9.858  ; SYSTEM_ROM:SYSTEM|altsyncram:altsyncram_component|altsyncram_32q3:auto_generated|ram_block1a1~porta_we_reg  ; T65:U1|BAL[6]                     ; clk_50       ; cpu_clk_out ; 20.000       ; 3.088      ; 13.231     ;
; 9.859  ; SYSTEM_ROM:SYSTEM|altsyncram:altsyncram_component|altsyncram_32q3:auto_generated|ram_block1a1~porta_we_reg  ; T65:U1|BAL[8]                     ; clk_50       ; cpu_clk_out ; 20.000       ; 3.089      ; 13.231     ;
; 9.864  ; SYSTEM_ROM:SYSTEM|altsyncram:altsyncram_component|altsyncram_32q3:auto_generated|ram_block1a1~porta_we_reg  ; T65:U1|BAL[7]                     ; clk_50       ; cpu_clk_out ; 20.000       ; 3.088      ; 13.225     ;
; 9.868  ; RIOT_RAM:U4_RAM|altsyncram:altsyncram_component|altsyncram_b8p3:auto_generated|q_a[4]                       ; T65:U1|BAL[6]                     ; clk_50       ; cpu_clk_out ; 20.000       ; 3.132      ; 13.265     ;
; 9.932  ; GAME_ROM:GAME2|altsyncram:altsyncram_component|altsyncram_r1q3:auto_generated|ram_block1a0~porta_we_reg     ; T65:U1|BAL[3]                     ; clk_50       ; cpu_clk_out ; 20.000       ; 3.076      ; 13.145     ;
; 9.984  ; GAME_ROM:GAME|altsyncram:altsyncram_component|altsyncram_r1q3:auto_generated|ram_block1a0~porta_we_reg      ; T65:U1|BAL[2]                     ; clk_50       ; cpu_clk_out ; 20.000       ; 3.074      ; 13.091     ;
; 10.005 ; GAME_ROM:GAME|altsyncram:altsyncram_component|altsyncram_r1q3:auto_generated|ram_block1a0~porta_we_reg      ; T65:U1|BusB_r[6]                  ; clk_50       ; cpu_clk_out ; 20.000       ; 3.100      ; 13.096     ;
; 10.035 ; GAME_ROM:GAME|altsyncram:altsyncram_component|altsyncram_r1q3:auto_generated|ram_block1a0~porta_we_reg      ; T65:U1|BusB_r[7]                  ; clk_50       ; cpu_clk_out ; 20.000       ; 3.100      ; 13.066     ;
; 10.042 ; RIOT_RAM:U4_RAM|altsyncram:altsyncram_component|altsyncram_b8p3:auto_generated|q_a[2]                       ; T65:U1|BAL[5]                     ; clk_50       ; cpu_clk_out ; 20.000       ; 3.132      ; 13.091     ;
; 10.049 ; SYSTEM_ROM:SYSTEM|altsyncram:altsyncram_component|altsyncram_32q3:auto_generated|ram_block1a2~porta_we_reg  ; T65:U1|BAL[5]                     ; clk_50       ; cpu_clk_out ; 20.000       ; 3.093      ; 13.045     ;
; 10.060 ; RIOT_RAM:U4_RAM|altsyncram:altsyncram_component|altsyncram_b8p3:auto_generated|q_a[2]                       ; T65:U1|BAL[7]                     ; clk_50       ; cpu_clk_out ; 20.000       ; 3.132      ; 13.073     ;
; 10.062 ; RIOT_RAM:U4_RAM|altsyncram:altsyncram_component|altsyncram_b8p3:auto_generated|q_a[2]                       ; T65:U1|BAL[8]                     ; clk_50       ; cpu_clk_out ; 20.000       ; 3.133      ; 13.072     ;
; 10.067 ; SYSTEM_ROM:SYSTEM|altsyncram:altsyncram_component|altsyncram_32q3:auto_generated|ram_block1a2~porta_we_reg  ; T65:U1|BAL[7]                     ; clk_50       ; cpu_clk_out ; 20.000       ; 3.093      ; 13.027     ;
; 10.069 ; SYSTEM_ROM:SYSTEM|altsyncram:altsyncram_component|altsyncram_32q3:auto_generated|ram_block1a2~porta_we_reg  ; T65:U1|BAL[8]                     ; clk_50       ; cpu_clk_out ; 20.000       ; 3.094      ; 13.026     ;
; 10.143 ; SYSTEM_ROM:SYSTEM|altsyncram:altsyncram_component|altsyncram_32q3:auto_generated|ram_block1a0~porta_we_reg  ; T65:U1|BAL[2]                     ; clk_50       ; cpu_clk_out ; 20.000       ; 3.093      ; 12.951     ;
; 10.144 ; RIOT_RAM:U4_RAM|altsyncram:altsyncram_component|altsyncram_b8p3:auto_generated|q_a[2]                       ; T65:U1|BAL[4]                     ; clk_50       ; cpu_clk_out ; 20.000       ; 3.132      ; 12.989     ;
; 10.151 ; GAME_ROM:GAME|altsyncram:altsyncram_component|altsyncram_r1q3:auto_generated|ram_block1a0~porta_we_reg      ; T65:U1|BusB_r[4]                  ; clk_50       ; cpu_clk_out ; 20.000       ; 3.100      ; 12.950     ;
; 10.151 ; SYSTEM_ROM:SYSTEM|altsyncram:altsyncram_component|altsyncram_32q3:auto_generated|ram_block1a2~porta_we_reg  ; T65:U1|BAL[4]                     ; clk_50       ; cpu_clk_out ; 20.000       ; 3.093      ; 12.943     ;
; 10.160 ; RIOT_RAM:U4_RAM|altsyncram:altsyncram_component|altsyncram_b8p3:auto_generated|q_a[2]                       ; T65:U1|BAL[6]                     ; clk_50       ; cpu_clk_out ; 20.000       ; 3.132      ; 12.973     ;
; 10.167 ; SYSTEM_ROM:SYSTEM|altsyncram:altsyncram_component|altsyncram_32q3:auto_generated|ram_block1a2~porta_we_reg  ; T65:U1|BAL[6]                     ; clk_50       ; cpu_clk_out ; 20.000       ; 3.093      ; 12.927     ;
; 10.177 ; GAME_ROM:GAME2|altsyncram:altsyncram_component|altsyncram_r1q3:auto_generated|ram_block1a0~porta_we_reg     ; T65:U1|BAL[5]                     ; clk_50       ; cpu_clk_out ; 20.000       ; 3.076      ; 12.900     ;
; 10.181 ; GAME_ROM:GAME|altsyncram:altsyncram_component|altsyncram_r1q3:auto_generated|ram_block1a0~porta_we_reg      ; T65:U1|BusB_r[5]                  ; clk_50       ; cpu_clk_out ; 20.000       ; 3.100      ; 12.920     ;
; 10.195 ; GAME_ROM:GAME2|altsyncram:altsyncram_component|altsyncram_r1q3:auto_generated|ram_block1a0~porta_we_reg     ; T65:U1|BAL[7]                     ; clk_50       ; cpu_clk_out ; 20.000       ; 3.076      ; 12.882     ;
; 10.197 ; GAME_ROM:GAME2|altsyncram:altsyncram_component|altsyncram_r1q3:auto_generated|ram_block1a0~porta_we_reg     ; T65:U1|BAL[8]                     ; clk_50       ; cpu_clk_out ; 20.000       ; 3.077      ; 12.881     ;
; 10.210 ; RIOT_RAM:U6_RAM|altsyncram:altsyncram_component|altsyncram_b8p3:auto_generated|q_a[4]                       ; T65:U1|BAL[5]                     ; clk_50       ; cpu_clk_out ; 20.000       ; 3.134      ; 12.925     ;
; 10.228 ; RIOT_RAM:U6_RAM|altsyncram:altsyncram_component|altsyncram_b8p3:auto_generated|q_a[4]                       ; T65:U1|BAL[7]                     ; clk_50       ; cpu_clk_out ; 20.000       ; 3.134      ; 12.907     ;
; 10.230 ; RIOT_RAM:U6_RAM|altsyncram:altsyncram_component|altsyncram_b8p3:auto_generated|q_a[4]                       ; T65:U1|BAL[8]                     ; clk_50       ; cpu_clk_out ; 20.000       ; 3.135      ; 12.906     ;
; 10.270 ; GAME_ROM:GAME2|altsyncram:altsyncram_component|altsyncram_r1q3:auto_generated|ram_block1a4~porta_we_reg     ; T65:U1|BAL[8]                     ; clk_50       ; cpu_clk_out ; 20.000       ; 3.075      ; 12.806     ;
; 10.279 ; GAME_ROM:GAME2|altsyncram:altsyncram_component|altsyncram_r1q3:auto_generated|ram_block1a0~porta_we_reg     ; T65:U1|BAL[4]                     ; clk_50       ; cpu_clk_out ; 20.000       ; 3.076      ; 12.798     ;
; 10.290 ; RIOT_RAM:U4_RAM|altsyncram:altsyncram_component|altsyncram_b8p3:auto_generated|q_a[4]                       ; T65:U1|BAL[4]                     ; clk_50       ; cpu_clk_out ; 20.000       ; 3.132      ; 12.843     ;
; 10.295 ; GAME_ROM:GAME2|altsyncram:altsyncram_component|altsyncram_r1q3:auto_generated|ram_block1a0~porta_we_reg     ; T65:U1|BAL[6]                     ; clk_50       ; cpu_clk_out ; 20.000       ; 3.076      ; 12.782     ;
; 10.315 ; RIOT_RAM:U4_RAM|altsyncram:altsyncram_component|altsyncram_b8p3:auto_generated|q_a[5]                       ; T65:U1|BAL[5]                     ; clk_50       ; cpu_clk_out ; 20.000       ; 3.132      ; 12.818     ;
; 10.328 ; RIOT_RAM:U6_RAM|altsyncram:altsyncram_component|altsyncram_b8p3:auto_generated|q_a[4]                       ; T65:U1|BAL[6]                     ; clk_50       ; cpu_clk_out ; 20.000       ; 3.134      ; 12.807     ;
; 10.375 ; SYSTEM_ROM:SYSTEM|altsyncram:altsyncram_component|altsyncram_32q3:auto_generated|ram_block1a1~porta_we_reg  ; T65:U1|BAL[2]                     ; clk_50       ; cpu_clk_out ; 20.000       ; 3.089      ; 12.715     ;
; 10.429 ; RIOT_RAM:U6_RAM|altsyncram:altsyncram_component|altsyncram_b8p3:auto_generated|q_a[7]                       ; T65:U1|BAL[8]                     ; clk_50       ; cpu_clk_out ; 20.000       ; 3.135      ; 12.707     ;
; 10.495 ; RIOT_RAM:U4_RAM|altsyncram:altsyncram_component|altsyncram_b8p3:auto_generated|q_a[3]                       ; T65:U1|BAL[4]                     ; clk_50       ; cpu_clk_out ; 20.000       ; 3.132      ; 12.638     ;
; 10.506 ; RIOT_RAM:U4_RAM|altsyncram:altsyncram_component|altsyncram_b8p3:auto_generated|q_a[3]                       ; T65:U1|BAL[5]                     ; clk_50       ; cpu_clk_out ; 20.000       ; 3.132      ; 12.627     ;
; 10.511 ; RIOT_RAM:U4_RAM|altsyncram:altsyncram_component|altsyncram_b8p3:auto_generated|q_a[3]                       ; T65:U1|BAL[6]                     ; clk_50       ; cpu_clk_out ; 20.000       ; 3.132      ; 12.622     ;
; 10.512 ; RIOT_RAM:U4_RAM|altsyncram:altsyncram_component|altsyncram_b8p3:auto_generated|q_a[3]                       ; T65:U1|BAL[8]                     ; clk_50       ; cpu_clk_out ; 20.000       ; 3.133      ; 12.622     ;
; 10.524 ; RIOT_RAM:U4_RAM|altsyncram:altsyncram_component|altsyncram_b8p3:auto_generated|q_a[3]                       ; T65:U1|BAL[7]                     ; clk_50       ; cpu_clk_out ; 20.000       ; 3.132      ; 12.609     ;
; 10.542 ; RIOT_RAM:U6_RAM|altsyncram:altsyncram_component|altsyncram_b8p3:auto_generated|q_a[2]                       ; T65:U1|BAL[3]                     ; clk_50       ; cpu_clk_out ; 20.000       ; 3.134      ; 12.593     ;
; 10.557 ; SYSTEM_ROM:SYSTEM|altsyncram:altsyncram_component|altsyncram_32q3:auto_generated|ram_block1a7~porta_we_reg  ; T65:U1|BAL[8]                     ; clk_50       ; cpu_clk_out ; 20.000       ; 3.081      ; 12.525     ;
; 10.586 ; GAME_ROM:GAME|altsyncram:altsyncram_component|altsyncram_r1q3:auto_generated|ram_block1a0~porta_we_reg      ; T65:U1|BAL[1]                     ; clk_50       ; cpu_clk_out ; 20.000       ; 3.072      ; 12.487     ;
; 10.643 ; GAME_ROM:GAME|altsyncram:altsyncram_component|altsyncram_r1q3:auto_generated|ram_block1a4~porta_we_reg      ; T65:U1|PC[12]                     ; clk_50       ; cpu_clk_out ; 20.000       ; 3.088      ; 12.446     ;
; 10.681 ; RIOT_RAM:U4_RAM|altsyncram:altsyncram_component|altsyncram_b8p3:auto_generated|q_a[7]                       ; T65:U1|BAL[8]                     ; clk_50       ; cpu_clk_out ; 20.000       ; 3.133      ; 12.453     ;
; 10.683 ; GAME_ROM:GAME|altsyncram:altsyncram_component|altsyncram_r1q3:auto_generated|ram_block1a0~porta_we_reg      ; T65:U1|PC[8]                      ; clk_50       ; cpu_clk_out ; 20.000       ; 3.087      ; 12.405     ;
; 10.692 ; RIOT_RAM:U4_RAM|altsyncram:altsyncram_component|altsyncram_b8p3:auto_generated|q_a[3]                       ; T65:U1|BAL[3]                     ; clk_50       ; cpu_clk_out ; 20.000       ; 3.132      ; 12.441     ;
; 10.707 ; RIOT_RAM:U5_RAM|altsyncram:altsyncram_component|altsyncram_b8p3:auto_generated|q_a[4]                       ; T65:U1|BAL[5]                     ; clk_50       ; cpu_clk_out ; 20.000       ; 3.139      ; 12.433     ;
; 10.709 ; RIOT_RAM:U4_RAM|altsyncram:altsyncram_component|altsyncram_b8p3:auto_generated|q_a[1]                       ; T65:U1|BAL[3]                     ; clk_50       ; cpu_clk_out ; 20.000       ; 3.132      ; 12.424     ;
; 10.725 ; RIOT_RAM:U5_RAM|altsyncram:altsyncram_component|altsyncram_b8p3:auto_generated|q_a[4]                       ; T65:U1|BAL[7]                     ; clk_50       ; cpu_clk_out ; 20.000       ; 3.139      ; 12.415     ;
; 10.727 ; RIOT_RAM:U5_RAM|altsyncram:altsyncram_component|altsyncram_b8p3:auto_generated|q_a[4]                       ; T65:U1|BAL[8]                     ; clk_50       ; cpu_clk_out ; 20.000       ; 3.140      ; 12.414     ;
; 10.745 ; SYSTEM_ROM:SYSTEM|altsyncram:altsyncram_component|altsyncram_32q3:auto_generated|ram_block1a0~porta_we_reg  ; T65:U1|BAL[1]                     ; clk_50       ; cpu_clk_out ; 20.000       ; 3.091      ; 12.347     ;
; 10.750 ; RIOT_RAM:U6_RAM|altsyncram:altsyncram_component|altsyncram_b8p3:auto_generated|q_a[4]                       ; T65:U1|BAL[4]                     ; clk_50       ; cpu_clk_out ; 20.000       ; 3.134      ; 12.385     ;
; 10.756 ; GAME_ROM:GAME2|altsyncram:altsyncram_component|altsyncram_r1q3:auto_generated|ram_block1a4~porta_we_reg     ; T65:U1|BAL[7]                     ; clk_50       ; cpu_clk_out ; 20.000       ; 3.074      ; 12.319     ;
; 10.787 ; RIOT_RAM:U6_RAM|altsyncram:altsyncram_component|altsyncram_b8p3:auto_generated|q_a[2]                       ; T65:U1|BAL[5]                     ; clk_50       ; cpu_clk_out ; 20.000       ; 3.134      ; 12.348     ;
; 10.805 ; RIOT_RAM:U6_RAM|altsyncram:altsyncram_component|altsyncram_b8p3:auto_generated|q_a[2]                       ; T65:U1|BAL[7]                     ; clk_50       ; cpu_clk_out ; 20.000       ; 3.134      ; 12.330     ;
; 10.807 ; RIOT_RAM:U6_RAM|altsyncram:altsyncram_component|altsyncram_b8p3:auto_generated|q_a[2]                       ; T65:U1|BAL[8]                     ; clk_50       ; cpu_clk_out ; 20.000       ; 3.135      ; 12.329     ;
; 10.808 ; GAME_ROM:GAME|altsyncram:altsyncram_component|altsyncram_r1q3:auto_generated|ram_block1a0~porta_we_reg      ; T65:U1|BusB_r[3]                  ; clk_50       ; cpu_clk_out ; 20.000       ; 3.100      ; 12.293     ;
; 10.812 ; GAME_ROM:GAME2|altsyncram:altsyncram_component|altsyncram_r1q3:auto_generated|ram_block1a0~porta_we_reg     ; T65:U1|BAL[2]                     ; clk_50       ; cpu_clk_out ; 20.000       ; 3.077      ; 12.266     ;
; 10.825 ; RIOT_RAM:U5_RAM|altsyncram:altsyncram_component|altsyncram_b8p3:auto_generated|q_a[4]                       ; T65:U1|BAL[6]                     ; clk_50       ; cpu_clk_out ; 20.000       ; 3.139      ; 12.315     ;
; 10.831 ; SYSTEM_ROM:SYSTEM|altsyncram:altsyncram_component|altsyncram_32q3:auto_generated|ram_block1a6~porta_we_reg  ; T65:U1|BAL[7]                     ; clk_50       ; cpu_clk_out ; 20.000       ; 3.094      ; 12.264     ;
; 10.833 ; SYSTEM_ROM:SYSTEM|altsyncram:altsyncram_component|altsyncram_32q3:auto_generated|ram_block1a6~porta_we_reg  ; T65:U1|BAL[8]                     ; clk_50       ; cpu_clk_out ; 20.000       ; 3.095      ; 12.263     ;
; 10.841 ; GAME_ROM:GAME2|altsyncram:altsyncram_component|altsyncram_r1q3:auto_generated|ram_block1a4~porta_we_reg     ; T65:U1|BAL[5]                     ; clk_50       ; cpu_clk_out ; 20.000       ; 3.074      ; 12.234     ;
; 10.846 ; GAME_ROM:GAME|altsyncram:altsyncram_component|altsyncram_r1q3:auto_generated|ram_block1a0~porta_we_reg      ; T65:U1|PC[11]                     ; clk_50       ; cpu_clk_out ; 20.000       ; 3.086      ; 12.241     ;
; 10.860 ; RIOT_RAM:U6_RAM|altsyncram:altsyncram_component|altsyncram_b8p3:auto_generated|q_a[5]                       ; T65:U1|BAL[7]                     ; clk_50       ; cpu_clk_out ; 20.000       ; 3.134      ; 12.275     ;
; 10.862 ; RIOT_RAM:U6_RAM|altsyncram:altsyncram_component|altsyncram_b8p3:auto_generated|q_a[5]                       ; T65:U1|BAL[8]                     ; clk_50       ; cpu_clk_out ; 20.000       ; 3.135      ; 12.274     ;
; 10.878 ; RIOT_RAM:U6_RAM|altsyncram:altsyncram_component|altsyncram_b8p3:auto_generated|q_a[5]                       ; T65:U1|BAL[6]                     ; clk_50       ; cpu_clk_out ; 20.000       ; 3.134      ; 12.257     ;
; 10.882 ; GAME_ROM:SOUNDROM1|altsyncram:altsyncram_component|altsyncram_r1q3:auto_generated|ram_block1a0~porta_we_reg ; gosof80:SOUNDBOARD|T65:CPU|BAL[6] ; clk_50       ; cpu_clk_out ; 20.000       ; 3.069      ; 12.188     ;
; 10.889 ; RIOT_RAM:U6_RAM|altsyncram:altsyncram_component|altsyncram_b8p3:auto_generated|q_a[2]                       ; T65:U1|BAL[4]                     ; clk_50       ; cpu_clk_out ; 20.000       ; 3.134      ; 12.246     ;
; 10.905 ; RIOT_RAM:U6_RAM|altsyncram:altsyncram_component|altsyncram_b8p3:auto_generated|q_a[2]                       ; T65:U1|BAL[6]                     ; clk_50       ; cpu_clk_out ; 20.000       ; 3.134      ; 12.230     ;
; 10.905 ; RIOT_RAM:U6_RAM|altsyncram:altsyncram_component|altsyncram_b8p3:auto_generated|q_a[3]                       ; T65:U1|BAL[4]                     ; clk_50       ; cpu_clk_out ; 20.000       ; 3.134      ; 12.230     ;
; 10.915 ; RIOT_RAM:U6_RAM|altsyncram:altsyncram_component|altsyncram_b8p3:auto_generated|q_a[7]                       ; T65:U1|BAL[7]                     ; clk_50       ; cpu_clk_out ; 20.000       ; 3.134      ; 12.220     ;
+--------+-------------------------------------------------------------------------------------------------------------+-----------------------------------+--------------+-------------+--------------+------------+------------+


+-------------------------------------------------------------------------------------------------------------------------------------------------------------------------------------------------------------------------------------------------------------+
; Slow 1200mV 85C Model Hold: 'clk_50'                                                                                                                                                                                                                        ;
+-------+-----------------------------------------------------------------+-------------------------------------------------------------------------------------------------------------+--------------+-------------+--------------+------------+------------+
; Slack ; From Node                                                       ; To Node                                                                                                     ; Launch Clock ; Latch Clock ; Relationship ; Clock Skew ; Data Delay ;
+-------+-----------------------------------------------------------------+-------------------------------------------------------------------------------------------------------------+--------------+-------------+--------------+------------+------------+
; 0.407 ; EEprom:EEprom|data_eeprom[6]                                    ; R5101:Z5|altsyncram:altsyncram_component|altsyncram_qpq3:auto_generated|ram_block1a0~portb_datain_reg0      ; clk_50       ; clk_50      ; 0.000        ; 0.489      ; 1.150      ;
; 0.410 ; EEprom:EEprom|data_eeprom[3]                                    ; R5101:Z5|altsyncram:altsyncram_component|altsyncram_qpq3:auto_generated|ram_block1a0~portb_datain_reg0      ; clk_50       ; clk_50      ; 0.000        ; 0.489      ; 1.153      ;
; 0.412 ; EEprom:EEprom|data_eeprom[1]                                    ; R5101:Z5|altsyncram:altsyncram_component|altsyncram_qpq3:auto_generated|ram_block1a0~portb_datain_reg0      ; clk_50       ; clk_50      ; 0.000        ; 0.489      ; 1.155      ;
; 0.418 ; EEprom:EEprom|data_eeprom[2]                                    ; R5101:Z5|altsyncram:altsyncram_component|altsyncram_qpq3:auto_generated|ram_block1a0~portb_datain_reg0      ; clk_50       ; clk_50      ; 0.000        ; 0.489      ; 1.161      ;
; 0.419 ; EEprom:EEprom|data_eeprom[4]                                    ; R5101:Z5|altsyncram:altsyncram_component|altsyncram_qpq3:auto_generated|ram_block1a0~portb_datain_reg0      ; clk_50       ; clk_50      ; 0.000        ; 0.489      ; 1.162      ;
; 0.419 ; EEprom:EEprom|data_eeprom[7]                                    ; R5101:Z5|altsyncram:altsyncram_component|altsyncram_qpq3:auto_generated|ram_block1a0~portb_datain_reg0      ; clk_50       ; clk_50      ; 0.000        ; 0.489      ; 1.162      ;
; 0.426 ; SD_Card:SD_CARD|data_sd_card[5]                                 ; GAME_ROM:GAME|altsyncram:altsyncram_component|altsyncram_r1q3:auto_generated|ram_block1a4~porta_datain_reg0 ; clk_50       ; clk_50      ; 0.000        ; 0.480      ; 1.160      ;
; 0.427 ; EEprom:EEprom|data_eeprom[5]                                    ; R5101:Z5|altsyncram:altsyncram_component|altsyncram_qpq3:auto_generated|ram_block1a0~portb_datain_reg0      ; clk_50       ; clk_50      ; 0.000        ; 0.489      ; 1.170      ;
; 0.446 ; EEprom:EEprom|data_eeprom[0]                                    ; R5101:Z5|altsyncram:altsyncram_component|altsyncram_qpq3:auto_generated|ram_block1a0~portb_datain_reg0      ; clk_50       ; clk_50      ; 0.000        ; 0.489      ; 1.189      ;
; 0.452 ; gosof80:SOUNDBOARD|DFPlayer_Mini_CMD:DFP_send|txd               ; gosof80:SOUNDBOARD|DFPlayer_Mini_CMD:DFP_send|txd                                                           ; clk_50       ; clk_50      ; 0.000        ; 0.082      ; 0.746      ;
; 0.452 ; EEprom:EEprom|SPI_Master:EEPROM_STAT|tx_reg[8]                  ; EEprom:EEprom|SPI_Master:EEPROM_STAT|tx_reg[8]                                                              ; clk_50       ; clk_50      ; 0.000        ; 0.082      ; 0.746      ;
; 0.452 ; EEprom:EEprom|SPI_Master:EEPROM_CMD|tx_reg[1]                   ; EEprom:EEprom|SPI_Master:EEPROM_CMD|tx_reg[1]                                                               ; clk_50       ; clk_50      ; 0.000        ; 0.082      ; 0.746      ;
; 0.452 ; EEprom:EEprom|SPI_Master:EEPROM_READ|SS                         ; EEprom:EEprom|SPI_Master:EEPROM_READ|SS                                                                     ; clk_50       ; clk_50      ; 0.000        ; 0.082      ; 0.746      ;
; 0.452 ; EEprom:EEprom|SPI_Master:EEPROM_STAT|SS                         ; EEprom:EEprom|SPI_Master:EEPROM_STAT|SS                                                                     ; clk_50       ; clk_50      ; 0.000        ; 0.082      ; 0.746      ;
; 0.452 ; EEprom:EEprom|SPI_Master:EEPROM_WRITE|SS                        ; EEprom:EEprom|SPI_Master:EEPROM_WRITE|SS                                                                    ; clk_50       ; clk_50      ; 0.000        ; 0.082      ; 0.746      ;
; 0.452 ; EEprom:EEprom|wr_ram                                            ; EEprom:EEprom|wr_ram                                                                                        ; clk_50       ; clk_50      ; 0.000        ; 0.082      ; 0.746      ;
; 0.452 ; EEprom:EEprom|state.wait_for_Master_II                          ; EEprom:EEprom|state.wait_for_Master_II                                                                      ; clk_50       ; clk_50      ; 0.000        ; 0.082      ; 0.746      ;
; 0.452 ; EEprom:EEprom|state.wait_for_Master_III                         ; EEprom:EEprom|state.wait_for_Master_III                                                                     ; clk_50       ; clk_50      ; 0.000        ; 0.082      ; 0.746      ;
; 0.452 ; EEprom:EEprom|state.Delay2                                      ; EEprom:EEprom|state.Delay2                                                                                  ; clk_50       ; clk_50      ; 0.000        ; 0.082      ; 0.746      ;
; 0.452 ; EEprom:EEprom|state.wait_for_Master_I                           ; EEprom:EEprom|state.wait_for_Master_I                                                                       ; clk_50       ; clk_50      ; 0.000        ; 0.082      ; 0.746      ;
; 0.452 ; EEprom:EEprom|state.wait_for_Master                             ; EEprom:EEprom|state.wait_for_Master                                                                         ; clk_50       ; clk_50      ; 0.000        ; 0.082      ; 0.746      ;
; 0.452 ; EEprom:EEprom|TX_Start_R                                        ; EEprom:EEprom|TX_Start_R                                                                                    ; clk_50       ; clk_50      ; 0.000        ; 0.082      ; 0.746      ;
; 0.452 ; EEprom:EEprom|state.wait_for_read                               ; EEprom:EEprom|state.wait_for_read                                                                           ; clk_50       ; clk_50      ; 0.000        ; 0.082      ; 0.746      ;
; 0.452 ; EEprom:EEprom|SPI_Master:EEPROM_READ|TX_Done                    ; EEprom:EEprom|SPI_Master:EEPROM_READ|TX_Done                                                                ; clk_50       ; clk_50      ; 0.000        ; 0.082      ; 0.746      ;
; 0.452 ; EEprom:EEprom|state.Delay                                       ; EEprom:EEprom|state.Delay                                                                                   ; clk_50       ; clk_50      ; 0.000        ; 0.082      ; 0.746      ;
; 0.452 ; EEprom:EEprom|SPI_Master:EEPROM_READ|spitxstate.spi_txactive    ; EEprom:EEprom|SPI_Master:EEPROM_READ|spitxstate.spi_txactive                                                ; clk_50       ; clk_50      ; 0.000        ; 0.082      ; 0.746      ;
; 0.452 ; EEprom:EEprom|SPI_Master:EEPROM_READ|bitcounter[5]              ; EEprom:EEprom|SPI_Master:EEPROM_READ|bitcounter[5]                                                          ; clk_50       ; clk_50      ; 0.000        ; 0.082      ; 0.746      ;
; 0.452 ; EEprom:EEprom|SPI_Master:EEPROM_READ|bitcounter[3]              ; EEprom:EEprom|SPI_Master:EEPROM_READ|bitcounter[3]                                                          ; clk_50       ; clk_50      ; 0.000        ; 0.082      ; 0.746      ;
; 0.452 ; EEprom:EEprom|SPI_Master:EEPROM_READ|bitcounter[2]              ; EEprom:EEprom|SPI_Master:EEPROM_READ|bitcounter[2]                                                          ; clk_50       ; clk_50      ; 0.000        ; 0.082      ; 0.746      ;
; 0.452 ; EEprom:EEprom|SPI_Master:EEPROM_READ|bitcounter[1]              ; EEprom:EEprom|SPI_Master:EEPROM_READ|bitcounter[1]                                                          ; clk_50       ; clk_50      ; 0.000        ; 0.082      ; 0.746      ;
; 0.452 ; EEprom:EEprom|SPI_Master:EEPROM_READ|spiclk                     ; EEprom:EEprom|SPI_Master:EEPROM_READ|spiclk                                                                 ; clk_50       ; clk_50      ; 0.000        ; 0.082      ; 0.746      ;
; 0.452 ; EEprom:EEprom|SPI_Master:EEPROM_READ|bitcounter[0]              ; EEprom:EEprom|SPI_Master:EEPROM_READ|bitcounter[0]                                                          ; clk_50       ; clk_50      ; 0.000        ; 0.082      ; 0.746      ;
; 0.452 ; EEprom:EEprom|SPI_Master:EEPROM_READ|bitcounter[4]              ; EEprom:EEprom|SPI_Master:EEPROM_READ|bitcounter[4]                                                          ; clk_50       ; clk_50      ; 0.000        ; 0.082      ; 0.746      ;
; 0.452 ; EEprom:EEprom|SPI_Master:EEPROM_READ|spitxstate.spi_etx         ; EEprom:EEprom|SPI_Master:EEPROM_READ|spitxstate.spi_etx                                                     ; clk_50       ; clk_50      ; 0.000        ; 0.082      ; 0.746      ;
; 0.452 ; EEprom:EEprom|SPI_Master:EEPROM_READ|spitxstate.spi_stx         ; EEprom:EEprom|SPI_Master:EEPROM_READ|spitxstate.spi_stx                                                     ; clk_50       ; clk_50      ; 0.000        ; 0.082      ; 0.746      ;
; 0.452 ; EEprom:EEprom|SPI_Master:EEPROM_STAT|spitxstate.spi_txactive    ; EEprom:EEprom|SPI_Master:EEPROM_STAT|spitxstate.spi_txactive                                                ; clk_50       ; clk_50      ; 0.000        ; 0.082      ; 0.746      ;
; 0.452 ; EEprom:EEprom|SPI_Master:EEPROM_STAT|spitxstate.spi_etx         ; EEprom:EEprom|SPI_Master:EEPROM_STAT|spitxstate.spi_etx                                                     ; clk_50       ; clk_50      ; 0.000        ; 0.082      ; 0.746      ;
; 0.452 ; EEprom:EEprom|SPI_Master:EEPROM_STAT|spitxstate.spi_stx         ; EEprom:EEprom|SPI_Master:EEPROM_STAT|spitxstate.spi_stx                                                     ; clk_50       ; clk_50      ; 0.000        ; 0.082      ; 0.746      ;
; 0.452 ; EEprom:EEprom|TX_Start_Stat                                     ; EEprom:EEprom|TX_Start_Stat                                                                                 ; clk_50       ; clk_50      ; 0.000        ; 0.082      ; 0.746      ;
; 0.452 ; EEprom:EEprom|state.wait_for_get_status_reg                     ; EEprom:EEprom|state.wait_for_get_status_reg                                                                 ; clk_50       ; clk_50      ; 0.000        ; 0.082      ; 0.746      ;
; 0.452 ; EEprom:EEprom|TX_Start_W                                        ; EEprom:EEprom|TX_Start_W                                                                                    ; clk_50       ; clk_50      ; 0.000        ; 0.082      ; 0.746      ;
; 0.452 ; EEprom:EEprom|state.wait_for_Write_done                         ; EEprom:EEprom|state.wait_for_Write_done                                                                     ; clk_50       ; clk_50      ; 0.000        ; 0.082      ; 0.746      ;
; 0.452 ; EEprom:EEprom|TX_Start_Cmd                                      ; EEprom:EEprom|TX_Start_Cmd                                                                                  ; clk_50       ; clk_50      ; 0.000        ; 0.082      ; 0.746      ;
; 0.452 ; EEprom:EEprom|state.wait_for_Cmd_done                           ; EEprom:EEprom|state.wait_for_Cmd_done                                                                       ; clk_50       ; clk_50      ; 0.000        ; 0.082      ; 0.746      ;
; 0.452 ; EEprom:EEprom|WIP_bit                                           ; EEprom:EEprom|WIP_bit                                                                                       ; clk_50       ; clk_50      ; 0.000        ; 0.082      ; 0.746      ;
; 0.452 ; EEprom:EEprom|SPI_Master:EEPROM_STAT|rx_reg[0]                  ; EEprom:EEprom|SPI_Master:EEPROM_STAT|rx_reg[0]                                                              ; clk_50       ; clk_50      ; 0.000        ; 0.082      ; 0.746      ;
; 0.452 ; SD_Card:SD_CARD|SPI_Master:SD_CARD_READ|tx_reg[0]               ; SD_Card:SD_CARD|SPI_Master:SD_CARD_READ|tx_reg[0]                                                           ; clk_50       ; clk_50      ; 0.000        ; 0.082      ; 0.746      ;
; 0.452 ; EEprom:EEprom|SPI_Master:EEPROM_WRITE|tx_reg[0]                 ; EEprom:EEprom|SPI_Master:EEPROM_WRITE|tx_reg[0]                                                             ; clk_50       ; clk_50      ; 0.000        ; 0.082      ; 0.746      ;
; 0.452 ; EEprom:EEprom|SPI_Master:EEPROM_CMD|SS                          ; EEprom:EEprom|SPI_Master:EEPROM_CMD|SS                                                                      ; clk_50       ; clk_50      ; 0.000        ; 0.082      ; 0.746      ;
; 0.452 ; SD_Card:SD_CARD|SPI_Master:SD_CARD_ACCESS|SS                    ; SD_Card:SD_CARD|SPI_Master:SD_CARD_ACCESS|SS                                                                ; clk_50       ; clk_50      ; 0.000        ; 0.082      ; 0.746      ;
; 0.452 ; byte_to_ascii:CONVS|bytetoconvert[1]                            ; byte_to_ascii:CONVS|bytetoconvert[1]                                                                        ; clk_50       ; clk_50      ; 0.000        ; 0.082      ; 0.746      ;
; 0.452 ; SD_Card:SD_CARD|do_not_enable_SS                                ; SD_Card:SD_CARD|do_not_enable_SS                                                                            ; clk_50       ; clk_50      ; 0.000        ; 0.082      ; 0.746      ;
; 0.452 ; SD_Card:SD_CARD|do_not_disable_SS                               ; SD_Card:SD_CARD|do_not_disable_SS                                                                           ; clk_50       ; clk_50      ; 0.000        ; 0.082      ; 0.746      ;
; 0.452 ; SD_Card:SD_CARD|active_master[1]                                ; SD_Card:SD_CARD|active_master[1]                                                                            ; clk_50       ; clk_50      ; 0.000        ; 0.082      ; 0.746      ;
; 0.452 ; SD_Card:SD_CARD|active_master[0]                                ; SD_Card:SD_CARD|active_master[0]                                                                            ; clk_50       ; clk_50      ; 0.000        ; 0.082      ; 0.746      ;
; 0.452 ; byte_to_ascii:CONVG|bytetoconvert[7]                            ; byte_to_ascii:CONVG|bytetoconvert[7]                                                                        ; clk_50       ; clk_50      ; 0.000        ; 0.082      ; 0.746      ;
; 0.452 ; byte_to_ascii:CONVG|bytetoconvert[1]                            ; byte_to_ascii:CONVG|bytetoconvert[1]                                                                        ; clk_50       ; clk_50      ; 0.000        ; 0.082      ; 0.746      ;
; 0.452 ; EEprom:EEprom|SPI_Master:EEPROM_STAT|TX_Done                    ; EEprom:EEprom|SPI_Master:EEPROM_STAT|TX_Done                                                                ; clk_50       ; clk_50      ; 0.000        ; 0.082      ; 0.746      ;
; 0.452 ; EEprom:EEprom|SPI_Master:EEPROM_WRITE|TX_Done                   ; EEprom:EEprom|SPI_Master:EEPROM_WRITE|TX_Done                                                               ; clk_50       ; clk_50      ; 0.000        ; 0.082      ; 0.746      ;
; 0.452 ; EEprom:EEprom|SPI_Master:EEPROM_WRITE|spitxstate.spi_etx        ; EEprom:EEprom|SPI_Master:EEPROM_WRITE|spitxstate.spi_etx                                                    ; clk_50       ; clk_50      ; 0.000        ; 0.082      ; 0.746      ;
; 0.452 ; EEprom:EEprom|SPI_Master:EEPROM_WRITE|bitcounter[5]             ; EEprom:EEprom|SPI_Master:EEPROM_WRITE|bitcounter[5]                                                         ; clk_50       ; clk_50      ; 0.000        ; 0.082      ; 0.746      ;
; 0.452 ; EEprom:EEprom|SPI_Master:EEPROM_WRITE|bitcounter[3]             ; EEprom:EEprom|SPI_Master:EEPROM_WRITE|bitcounter[3]                                                         ; clk_50       ; clk_50      ; 0.000        ; 0.082      ; 0.746      ;
; 0.452 ; EEprom:EEprom|SPI_Master:EEPROM_WRITE|bitcounter[2]             ; EEprom:EEprom|SPI_Master:EEPROM_WRITE|bitcounter[2]                                                         ; clk_50       ; clk_50      ; 0.000        ; 0.082      ; 0.746      ;
; 0.452 ; EEprom:EEprom|SPI_Master:EEPROM_WRITE|bitcounter[1]             ; EEprom:EEprom|SPI_Master:EEPROM_WRITE|bitcounter[1]                                                         ; clk_50       ; clk_50      ; 0.000        ; 0.082      ; 0.746      ;
; 0.452 ; EEprom:EEprom|SPI_Master:EEPROM_WRITE|bitcounter[0]             ; EEprom:EEprom|SPI_Master:EEPROM_WRITE|bitcounter[0]                                                         ; clk_50       ; clk_50      ; 0.000        ; 0.082      ; 0.746      ;
; 0.452 ; EEprom:EEprom|SPI_Master:EEPROM_WRITE|spiclk                    ; EEprom:EEprom|SPI_Master:EEPROM_WRITE|spiclk                                                                ; clk_50       ; clk_50      ; 0.000        ; 0.082      ; 0.746      ;
; 0.452 ; EEprom:EEprom|SPI_Master:EEPROM_WRITE|bitcounter[4]             ; EEprom:EEprom|SPI_Master:EEPROM_WRITE|bitcounter[4]                                                         ; clk_50       ; clk_50      ; 0.000        ; 0.082      ; 0.746      ;
; 0.452 ; EEprom:EEprom|SPI_Master:EEPROM_WRITE|spitxstate.spi_stx        ; EEprom:EEprom|SPI_Master:EEPROM_WRITE|spitxstate.spi_stx                                                    ; clk_50       ; clk_50      ; 0.000        ; 0.082      ; 0.746      ;
; 0.452 ; EEprom:EEprom|SPI_Master:EEPROM_WRITE|spitxstate.spi_txactive   ; EEprom:EEprom|SPI_Master:EEPROM_WRITE|spitxstate.spi_txactive                                               ; clk_50       ; clk_50      ; 0.000        ; 0.082      ; 0.746      ;
; 0.452 ; EEprom:EEprom|SPI_Master:EEPROM_CMD|TX_Done                     ; EEprom:EEprom|SPI_Master:EEPROM_CMD|TX_Done                                                                 ; clk_50       ; clk_50      ; 0.000        ; 0.082      ; 0.746      ;
; 0.452 ; EEprom:EEprom|SPI_Master:EEPROM_CMD|bitcounter[3]               ; EEprom:EEprom|SPI_Master:EEPROM_CMD|bitcounter[3]                                                           ; clk_50       ; clk_50      ; 0.000        ; 0.082      ; 0.746      ;
; 0.452 ; EEprom:EEprom|SPI_Master:EEPROM_CMD|bitcounter[0]               ; EEprom:EEprom|SPI_Master:EEPROM_CMD|bitcounter[0]                                                           ; clk_50       ; clk_50      ; 0.000        ; 0.082      ; 0.746      ;
; 0.452 ; EEprom:EEprom|SPI_Master:EEPROM_CMD|bitcounter[1]               ; EEprom:EEprom|SPI_Master:EEPROM_CMD|bitcounter[1]                                                           ; clk_50       ; clk_50      ; 0.000        ; 0.082      ; 0.746      ;
; 0.452 ; EEprom:EEprom|SPI_Master:EEPROM_CMD|bitcounter[2]               ; EEprom:EEprom|SPI_Master:EEPROM_CMD|bitcounter[2]                                                           ; clk_50       ; clk_50      ; 0.000        ; 0.082      ; 0.746      ;
; 0.452 ; EEprom:EEprom|SPI_Master:EEPROM_CMD|spiclk                      ; EEprom:EEprom|SPI_Master:EEPROM_CMD|spiclk                                                                  ; clk_50       ; clk_50      ; 0.000        ; 0.082      ; 0.746      ;
; 0.452 ; EEprom:EEprom|SPI_Master:EEPROM_CMD|spitxstate.spi_stx          ; EEprom:EEprom|SPI_Master:EEPROM_CMD|spitxstate.spi_stx                                                      ; clk_50       ; clk_50      ; 0.000        ; 0.082      ; 0.746      ;
; 0.452 ; EEprom:EEprom|SPI_Master:EEPROM_CMD|spitxstate.spi_txactive     ; EEprom:EEprom|SPI_Master:EEPROM_CMD|spitxstate.spi_txactive                                                 ; clk_50       ; clk_50      ; 0.000        ; 0.082      ; 0.746      ;
; 0.452 ; EEprom:EEprom|SPI_Master:EEPROM_CMD|spitxstate.spi_etx          ; EEprom:EEprom|SPI_Master:EEPROM_CMD|spitxstate.spi_etx                                                      ; clk_50       ; clk_50      ; 0.000        ; 0.082      ; 0.746      ;
; 0.452 ; EEprom:EEprom|SPI_Master:EEPROM_STAT|bitcounter[0]              ; EEprom:EEprom|SPI_Master:EEPROM_STAT|bitcounter[0]                                                          ; clk_50       ; clk_50      ; 0.000        ; 0.082      ; 0.746      ;
; 0.452 ; EEprom:EEprom|SPI_Master:EEPROM_STAT|bitcounter[4]              ; EEprom:EEprom|SPI_Master:EEPROM_STAT|bitcounter[4]                                                          ; clk_50       ; clk_50      ; 0.000        ; 0.082      ; 0.746      ;
; 0.452 ; EEprom:EEprom|SPI_Master:EEPROM_STAT|bitcounter[3]              ; EEprom:EEprom|SPI_Master:EEPROM_STAT|bitcounter[3]                                                          ; clk_50       ; clk_50      ; 0.000        ; 0.082      ; 0.746      ;
; 0.452 ; EEprom:EEprom|SPI_Master:EEPROM_STAT|bitcounter[2]              ; EEprom:EEprom|SPI_Master:EEPROM_STAT|bitcounter[2]                                                          ; clk_50       ; clk_50      ; 0.000        ; 0.082      ; 0.746      ;
; 0.452 ; EEprom:EEprom|SPI_Master:EEPROM_STAT|bitcounter[1]              ; EEprom:EEprom|SPI_Master:EEPROM_STAT|bitcounter[1]                                                          ; clk_50       ; clk_50      ; 0.000        ; 0.082      ; 0.746      ;
; 0.452 ; SD_Card:SD_CARD|SDcard_error                                    ; SD_Card:SD_CARD|SDcard_error                                                                                ; clk_50       ; clk_50      ; 0.000        ; 0.082      ; 0.746      ;
; 0.452 ; SD_Card:SD_CARD|state_A.wait_for_read                           ; SD_Card:SD_CARD|state_A.wait_for_read                                                                       ; clk_50       ; clk_50      ; 0.000        ; 0.082      ; 0.746      ;
; 0.452 ; SD_Card:SD_CARD|TX_Start_A                                      ; SD_Card:SD_CARD|TX_Start_A                                                                                  ; clk_50       ; clk_50      ; 0.000        ; 0.082      ; 0.746      ;
; 0.452 ; SD_Card:SD_CARD|SPI_Master:SD_CARD_ACCESS|bitcounter[0]         ; SD_Card:SD_CARD|SPI_Master:SD_CARD_ACCESS|bitcounter[0]                                                     ; clk_50       ; clk_50      ; 0.000        ; 0.082      ; 0.746      ;
; 0.452 ; SD_Card:SD_CARD|SPI_Master:SD_CARD_ACCESS|bitcounter[1]         ; SD_Card:SD_CARD|SPI_Master:SD_CARD_ACCESS|bitcounter[1]                                                     ; clk_50       ; clk_50      ; 0.000        ; 0.082      ; 0.746      ;
; 0.452 ; SD_Card:SD_CARD|SPI_Master:SD_CARD_ACCESS|bitcounter[2]         ; SD_Card:SD_CARD|SPI_Master:SD_CARD_ACCESS|bitcounter[2]                                                     ; clk_50       ; clk_50      ; 0.000        ; 0.082      ; 0.746      ;
; 0.452 ; SD_Card:SD_CARD|SPI_Master:SD_CARD_ACCESS|bitcounter[3]         ; SD_Card:SD_CARD|SPI_Master:SD_CARD_ACCESS|bitcounter[3]                                                     ; clk_50       ; clk_50      ; 0.000        ; 0.082      ; 0.746      ;
; 0.452 ; SD_Card:SD_CARD|SPI_Master:SD_CARD_READ|TX_Done                 ; SD_Card:SD_CARD|SPI_Master:SD_CARD_READ|TX_Done                                                             ; clk_50       ; clk_50      ; 0.000        ; 0.082      ; 0.746      ;
; 0.452 ; SD_Card:SD_CARD|SPI_Master:SD_CARD_READ|spitxstate.spi_etx      ; SD_Card:SD_CARD|SPI_Master:SD_CARD_READ|spitxstate.spi_etx                                                  ; clk_50       ; clk_50      ; 0.000        ; 0.082      ; 0.746      ;
; 0.452 ; SD_Card:SD_CARD|SPI_Master:SD_CARD_READ|spiclk                  ; SD_Card:SD_CARD|SPI_Master:SD_CARD_READ|spiclk                                                              ; clk_50       ; clk_50      ; 0.000        ; 0.082      ; 0.746      ;
; 0.452 ; SD_Card:SD_CARD|SPI_Master:SD_CARD_READ|bitcounter[1]           ; SD_Card:SD_CARD|SPI_Master:SD_CARD_READ|bitcounter[1]                                                       ; clk_50       ; clk_50      ; 0.000        ; 0.082      ; 0.746      ;
; 0.452 ; SD_Card:SD_CARD|SPI_Master:SD_CARD_READ|bitcounter[2]           ; SD_Card:SD_CARD|SPI_Master:SD_CARD_READ|bitcounter[2]                                                       ; clk_50       ; clk_50      ; 0.000        ; 0.082      ; 0.746      ;
; 0.452 ; SD_Card:SD_CARD|SPI_Master:SD_CARD_READ|bitcounter[0]           ; SD_Card:SD_CARD|SPI_Master:SD_CARD_READ|bitcounter[0]                                                       ; clk_50       ; clk_50      ; 0.000        ; 0.082      ; 0.746      ;
; 0.452 ; SD_Card:SD_CARD|SPI_Master:SD_CARD_READ|bitcounter[3]           ; SD_Card:SD_CARD|SPI_Master:SD_CARD_READ|bitcounter[3]                                                       ; clk_50       ; clk_50      ; 0.000        ; 0.082      ; 0.746      ;
; 0.452 ; SD_Card:SD_CARD|SPI_Master:SD_CARD_READ|spitxstate.spi_stx      ; SD_Card:SD_CARD|SPI_Master:SD_CARD_READ|spitxstate.spi_stx                                                  ; clk_50       ; clk_50      ; 0.000        ; 0.082      ; 0.746      ;
; 0.452 ; SD_Card:SD_CARD|SPI_Master:SD_CARD_READ|spitxstate.spi_txactive ; SD_Card:SD_CARD|SPI_Master:SD_CARD_READ|spitxstate.spi_txactive                                             ; clk_50       ; clk_50      ; 0.000        ; 0.082      ; 0.746      ;
; 0.453 ; gosof80:SOUNDBOARD|DFPlayer_Mini_CMD:DFP_send|state.Check       ; gosof80:SOUNDBOARD|DFPlayer_Mini_CMD:DFP_send|state.Check                                                   ; clk_50       ; clk_50      ; 0.000        ; 0.081      ; 0.746      ;
+-------+-----------------------------------------------------------------+-------------------------------------------------------------------------------------------------------------+--------------+-------------+--------------+------------+------------+


+-----------------------------------------------------------------------------------------------------------------------------------------------------------------------------------------------------------------------------------------------------+
; Slow 1200mV 85C Model Hold: 'cpu_clk_out'                                                                                                                                                                                                           ;
+-------+----------------------------------------------------------------------------------------------------------+------------------------------------------------------------+--------------+-------------+--------------+------------+------------+
; Slack ; From Node                                                                                                ; To Node                                                    ; Launch Clock ; Latch Clock ; Relationship ; Clock Skew ; Data Delay ;
+-------+----------------------------------------------------------------------------------------------------------+------------------------------------------------------------+--------------+-------------+--------------+------------+------------+
; 0.451 ; T65:U1|P[1]                                                                                              ; T65:U1|P[1]                                                ; cpu_clk_out  ; cpu_clk_out ; 0.000        ; 0.083      ; 0.746      ;
; 0.451 ; T65:U1|P[7]                                                                                              ; T65:U1|P[7]                                                ; cpu_clk_out  ; cpu_clk_out ; 0.000        ; 0.083      ; 0.746      ;
; 0.451 ; detect_sw:detect_credit_sw|long_push                                                                     ; detect_sw:detect_credit_sw|long_push                       ; cpu_clk_out  ; cpu_clk_out ; 0.000        ; 0.083      ; 0.746      ;
; 0.451 ; detect_sw:detect_credit_sw|state.counting                                                                ; detect_sw:detect_credit_sw|state.counting                  ; cpu_clk_out  ; cpu_clk_out ; 0.000        ; 0.083      ; 0.746      ;
; 0.451 ; detect_sw:detect_credit_sw|state.delay                                                                   ; detect_sw:detect_credit_sw|state.delay                     ; cpu_clk_out  ; cpu_clk_out ; 0.000        ; 0.083      ; 0.746      ;
; 0.451 ; detect_sw:detect_credit_sw|state.Idle                                                                    ; detect_sw:detect_credit_sw|state.Idle                      ; cpu_clk_out  ; cpu_clk_out ; 0.000        ; 0.083      ; 0.746      ;
; 0.452 ; boot_message:BM|Din_Seg_B[5]                                                                             ; boot_message:BM|Din_Seg_B[5]                               ; cpu_clk_out  ; cpu_clk_out ; 0.000        ; 0.082      ; 0.746      ;
; 0.452 ; boot_message:BM|Din_Seg_B[4]                                                                             ; boot_message:BM|Din_Seg_B[4]                               ; cpu_clk_out  ; cpu_clk_out ; 0.000        ; 0.082      ; 0.746      ;
; 0.452 ; boot_message:BM|bm_digit_strobe[3]                                                                       ; boot_message:BM|bm_digit_strobe[3]                         ; cpu_clk_out  ; cpu_clk_out ; 0.000        ; 0.082      ; 0.746      ;
; 0.452 ; boot_message:BM|bm_digit_strobe[0]                                                                       ; boot_message:BM|bm_digit_strobe[0]                         ; cpu_clk_out  ; cpu_clk_out ; 0.000        ; 0.082      ; 0.746      ;
; 0.452 ; read_the_dips:RDIPS|state.Idle                                                                           ; read_the_dips:RDIPS|state.Idle                             ; cpu_clk_out  ; cpu_clk_out ; 0.000        ; 0.082      ; 0.746      ;
; 0.452 ; T65:U1|MCycle[1]                                                                                         ; T65:U1|MCycle[1]                                           ; cpu_clk_out  ; cpu_clk_out ; 0.000        ; 0.082      ; 0.746      ;
; 0.452 ; T65:U1|MCycle[2]                                                                                         ; T65:U1|MCycle[2]                                           ; cpu_clk_out  ; cpu_clk_out ; 0.000        ; 0.082      ; 0.746      ;
; 0.452 ; T65:U1|IRQ_n_o                                                                                           ; T65:U1|IRQ_n_o                                             ; cpu_clk_out  ; cpu_clk_out ; 0.000        ; 0.082      ; 0.746      ;
; 0.453 ; gosof80:SOUNDBOARD|T65:CPU|MCycle[2]                                                                     ; gosof80:SOUNDBOARD|T65:CPU|MCycle[2]                       ; cpu_clk_out  ; cpu_clk_out ; 0.000        ; 0.081      ; 0.746      ;
; 0.453 ; gosof80:SOUNDBOARD|T65:CPU|MCycle[1]                                                                     ; gosof80:SOUNDBOARD|T65:CPU|MCycle[1]                       ; cpu_clk_out  ; cpu_clk_out ; 0.000        ; 0.081      ; 0.746      ;
; 0.453 ; gosof80:SOUNDBOARD|T65:CPU|P[1]                                                                          ; gosof80:SOUNDBOARD|T65:CPU|P[1]                            ; cpu_clk_out  ; cpu_clk_out ; 0.000        ; 0.081      ; 0.746      ;
; 0.453 ; gosof80:SOUNDBOARD|T65:CPU|P[7]                                                                          ; gosof80:SOUNDBOARD|T65:CPU|P[7]                            ; cpu_clk_out  ; cpu_clk_out ; 0.000        ; 0.081      ; 0.746      ;
; 0.453 ; boot_message:BM|bm_digit_strobe[2]                                                                       ; boot_message:BM|bm_digit_strobe[2]                         ; cpu_clk_out  ; cpu_clk_out ; 0.000        ; 0.081      ; 0.746      ;
; 0.453 ; boot_message:BM|bm_digit_strobe[1]                                                                       ; boot_message:BM|bm_digit_strobe[1]                         ; cpu_clk_out  ; cpu_clk_out ; 0.000        ; 0.081      ; 0.746      ;
; 0.453 ; anti_thunk:AT|count_ds[3]                                                                                ; anti_thunk:AT|count_ds[3]                                  ; cpu_clk_out  ; cpu_clk_out ; 0.000        ; 0.081      ; 0.746      ;
; 0.453 ; anti_thunk:AT|count_ds[2]                                                                                ; anti_thunk:AT|count_ds[2]                                  ; cpu_clk_out  ; cpu_clk_out ; 0.000        ; 0.081      ; 0.746      ;
; 0.453 ; anti_thunk:AT|count_ds[1]                                                                                ; anti_thunk:AT|count_ds[1]                                  ; cpu_clk_out  ; cpu_clk_out ; 0.000        ; 0.081      ; 0.746      ;
; 0.453 ; T65:U1|BAL[8]                                                                                            ; T65:U1|BAL[8]                                              ; cpu_clk_out  ; cpu_clk_out ; 0.000        ; 0.081      ; 0.746      ;
; 0.453 ; T65:U1|BusB_r[0]                                                                                         ; T65:U1|BusB_r[0]                                           ; cpu_clk_out  ; cpu_clk_out ; 0.000        ; 0.081      ; 0.746      ;
; 0.453 ; detect_sw_trigger:detect_credit_sw_trigger|state.wait_open                                               ; detect_sw_trigger:detect_credit_sw_trigger|state.wait_open ; cpu_clk_out  ; cpu_clk_out ; 0.000        ; 0.081      ; 0.746      ;
; 0.453 ; detect_sw_trigger:detect_credit_sw_trigger|state.Idle                                                    ; detect_sw_trigger:detect_credit_sw_trigger|state.Idle      ; cpu_clk_out  ; cpu_clk_out ; 0.000        ; 0.081      ; 0.746      ;
; 0.453 ; detect_sw_trigger:detect_credit_sw_trigger|state.counting                                                ; detect_sw_trigger:detect_credit_sw_trigger|state.counting  ; cpu_clk_out  ; cpu_clk_out ; 0.000        ; 0.081      ; 0.746      ;
; 0.453 ; detect_sw:detect_test_sw|state.Idle                                                                      ; detect_sw:detect_test_sw|state.Idle                        ; cpu_clk_out  ; cpu_clk_out ; 0.000        ; 0.081      ; 0.746      ;
; 0.453 ; detect_sw:detect_test_sw|state.delay                                                                     ; detect_sw:detect_test_sw|state.delay                       ; cpu_clk_out  ; cpu_clk_out ; 0.000        ; 0.081      ; 0.746      ;
; 0.453 ; detect_sw:detect_test_sw|state.counting                                                                  ; detect_sw:detect_test_sw|state.counting                    ; cpu_clk_out  ; cpu_clk_out ; 0.000        ; 0.081      ; 0.746      ;
; 0.454 ; gosof80:SOUNDBOARD|T65:CPU|BusB_r[0]                                                                     ; gosof80:SOUNDBOARD|T65:CPU|BusB_r[0]                       ; cpu_clk_out  ; cpu_clk_out ; 0.000        ; 0.080      ; 0.746      ;
; 0.454 ; gosof80:SOUNDBOARD|R6532:RIOT|s_irq_timer_en                                                             ; gosof80:SOUNDBOARD|R6532:RIOT|s_irq_timer_en               ; cpu_clk_out  ; cpu_clk_out ; 0.000        ; 0.080      ; 0.746      ;
; 0.454 ; gosof80:SOUNDBOARD|R6532:RIOT|s_irq_timer                                                                ; gosof80:SOUNDBOARD|R6532:RIOT|s_irq_timer                  ; cpu_clk_out  ; cpu_clk_out ; 0.000        ; 0.080      ; 0.746      ;
; 0.454 ; R6532:U5_IO|s_irq_timer_en                                                                               ; R6532:U5_IO|s_irq_timer_en                                 ; cpu_clk_out  ; cpu_clk_out ; 0.000        ; 0.080      ; 0.746      ;
; 0.454 ; R6532:U6_IO|s_irq_timer_en                                                                               ; R6532:U6_IO|s_irq_timer_en                                 ; cpu_clk_out  ; cpu_clk_out ; 0.000        ; 0.080      ; 0.746      ;
; 0.454 ; R6532:U4_IO|s_irq_timer_en                                                                               ; R6532:U4_IO|s_irq_timer_en                                 ; cpu_clk_out  ; cpu_clk_out ; 0.000        ; 0.080      ; 0.746      ;
; 0.454 ; R6532:U4_IO|s_irq_timer                                                                                  ; R6532:U4_IO|s_irq_timer                                    ; cpu_clk_out  ; cpu_clk_out ; 0.000        ; 0.080      ; 0.746      ;
; 0.454 ; R6532:U6_IO|s_dout[7]                                                                                    ; R6532:U6_IO|s_dout[7]                                      ; cpu_clk_out  ; cpu_clk_out ; 0.000        ; 0.080      ; 0.746      ;
; 0.454 ; R6532:U6_IO|s_irq_timer                                                                                  ; R6532:U6_IO|s_irq_timer                                    ; cpu_clk_out  ; cpu_clk_out ; 0.000        ; 0.080      ; 0.746      ;
; 0.454 ; R6532:U5_IO|s_irq_timer                                                                                  ; R6532:U5_IO|s_irq_timer                                    ; cpu_clk_out  ; cpu_clk_out ; 0.000        ; 0.080      ; 0.746      ;
; 0.464 ; T65:U1|MCycle[0]                                                                                         ; T65:U1|MCycle[0]                                           ; cpu_clk_out  ; cpu_clk_out ; 0.000        ; 0.082      ; 0.758      ;
; 0.465 ; gosof80:SOUNDBOARD|T65:CPU|MCycle[0]                                                                     ; gosof80:SOUNDBOARD|T65:CPU|MCycle[0]                       ; cpu_clk_out  ; cpu_clk_out ; 0.000        ; 0.081      ; 0.758      ;
; 0.486 ; R6532:U5_IO|s_irq_timer_en                                                                               ; R6532:U5_IO|irq_n                                          ; cpu_clk_out  ; cpu_clk_out ; 0.000        ; 0.080      ; 0.778      ;
; 0.493 ; R6532:U6_IO|s_irq_timer                                                                                  ; R6532:U6_IO|irq_n                                          ; cpu_clk_out  ; cpu_clk_out ; 0.000        ; 0.080      ; 0.785      ;
; 0.495 ; gosof80:SOUNDBOARD|T65:CPU|NMI_entered                                                                   ; gosof80:SOUNDBOARD|T65:CPU|NMIAct                          ; cpu_clk_out  ; cpu_clk_out ; 0.000        ; 0.080      ; 0.787      ;
; 0.499 ; Cross_Slow_To_Fast_Clock_Bus:META2|r2_Data[7]                                                            ; Cross_Slow_To_Fast_Clock_Bus:META2|o_Q[7]                  ; cpu_clk_out  ; cpu_clk_out ; 0.000        ; 0.083      ; 0.794      ;
; 0.501 ; Cross_Slow_To_Fast_Clock_Bus:META2|r1_Data[5]                                                            ; Cross_Slow_To_Fast_Clock_Bus:META2|r2_Data[5]              ; cpu_clk_out  ; cpu_clk_out ; 0.000        ; 0.081      ; 0.794      ;
; 0.502 ; gosof80:SOUNDBOARD|T65:CPU|Set_Addr_To_r.Set_Addr_To_ZPG                                                 ; gosof80:SOUNDBOARD|T65:CPU|BusB_r[0]                       ; cpu_clk_out  ; cpu_clk_out ; 0.000        ; 0.080      ; 0.794      ;
; 0.502 ; Cross_Slow_To_Fast_Clock_Bus:META2|r1_Data[3]                                                            ; Cross_Slow_To_Fast_Clock_Bus:META2|r2_Data[3]              ; cpu_clk_out  ; cpu_clk_out ; 0.000        ; 0.081      ; 0.795      ;
; 0.503 ; T65:U1|Res_n_d                                                                                           ; T65:U1|Res_n_i                                             ; cpu_clk_out  ; cpu_clk_out ; 0.000        ; 0.081      ; 0.796      ;
; 0.507 ; read_the_dips:RDIPS|state.Read4                                                                          ; read_the_dips:RDIPS|state.Idle                             ; cpu_clk_out  ; cpu_clk_out ; 0.000        ; 0.082      ; 0.801      ;
; 0.518 ; detect_sw:detect_credit_sw|state.Idle                                                                    ; detect_sw:detect_credit_sw|long_push                       ; cpu_clk_out  ; cpu_clk_out ; 0.000        ; 0.083      ; 0.813      ;
; 0.533 ; read_the_dips:RDIPS|state.Start                                                                          ; read_the_dips:RDIPS|strobes[0]                             ; cpu_clk_out  ; cpu_clk_out ; 0.000        ; 0.082      ; 0.827      ;
; 0.553 ; Cross_Slow_To_Fast_Clock:META1|o_Q                                                                       ; read_the_dips:RDIPS|state.Read1                            ; cpu_clk_out  ; cpu_clk_out ; 0.000        ; 0.082      ; 0.847      ;
; 0.554 ; Cross_Slow_To_Fast_Clock:META1|o_Q                                                                       ; read_the_dips:RDIPS|state.Start                            ; cpu_clk_out  ; cpu_clk_out ; 0.000        ; 0.082      ; 0.848      ;
; 0.627 ; R6532:U4_IO|s_irq_timer_en                                                                               ; R6532:U4_IO|irq_n                                          ; cpu_clk_out  ; cpu_clk_out ; 0.000        ; 0.080      ; 0.919      ;
; 0.631 ; read_the_dips:RDIPS|state.Read2                                                                          ; read_the_dips:RDIPS|strobes[2]                             ; cpu_clk_out  ; cpu_clk_out ; 0.000        ; 0.082      ; 0.925      ;
; 0.632 ; read_the_dips:RDIPS|state.Read3                                                                          ; read_the_dips:RDIPS|strobes[3]                             ; cpu_clk_out  ; cpu_clk_out ; 0.000        ; 0.082      ; 0.926      ;
; 0.633 ; read_the_dips:RDIPS|state.Read1                                                                          ; read_the_dips:RDIPS|strobes[1]                             ; cpu_clk_out  ; cpu_clk_out ; 0.000        ; 0.082      ; 0.927      ;
; 0.646 ; read_the_dips:RDIPS|state.Read3                                                                          ; read_the_dips:RDIPS|state.Read4                            ; cpu_clk_out  ; cpu_clk_out ; 0.000        ; 0.082      ; 0.940      ;
; 0.647 ; read_the_dips:RDIPS|state.Read2                                                                          ; read_the_dips:RDIPS|state.Read3                            ; cpu_clk_out  ; cpu_clk_out ; 0.000        ; 0.082      ; 0.941      ;
; 0.648 ; read_the_dips:RDIPS|state.Read1                                                                          ; read_the_dips:RDIPS|state.Read2                            ; cpu_clk_out  ; cpu_clk_out ; 0.000        ; 0.082      ; 0.942      ;
; 0.672 ; gosof80:SOUNDBOARD|T65:CPU|IR[1]                                                                         ; gosof80:SOUNDBOARD|T65:CPU|ALU_Op_r.ALU_OP_EQ2             ; cpu_clk_out  ; cpu_clk_out ; 0.000        ; 0.081      ; 0.965      ;
; 0.691 ; gosof80:SOUNDBOARD|T65:CPU|RstCycle                                                                      ; gosof80:SOUNDBOARD|T65:CPU|P[2]                            ; cpu_clk_out  ; cpu_clk_out ; 0.000        ; 0.081      ; 0.984      ;
; 0.697 ; gosof80:SOUNDBOARD|T65:CPU|IR[0]                                                                         ; gosof80:SOUNDBOARD|T65:CPU|ALU_Op_r.ALU_OP_AND             ; cpu_clk_out  ; cpu_clk_out ; 0.000        ; 0.081      ; 0.990      ;
; 0.697 ; Cross_Slow_To_Fast_Clock_Bus:META2|r1_Data[7]                                                            ; Cross_Slow_To_Fast_Clock_Bus:META2|r2_Data[7]              ; cpu_clk_out  ; cpu_clk_out ; 0.000        ; 0.083      ; 0.992      ;
; 0.698 ; Cross_Slow_To_Fast_Clock_Bus:META2|r2_Data[6]                                                            ; Cross_Slow_To_Fast_Clock_Bus:META2|o_Q[6]                  ; cpu_clk_out  ; cpu_clk_out ; 0.000        ; 0.081      ; 0.991      ;
; 0.698 ; Cross_Slow_To_Fast_Clock_Bus:META2|r2_Data[4]                                                            ; Cross_Slow_To_Fast_Clock_Bus:META2|o_Q[4]                  ; cpu_clk_out  ; cpu_clk_out ; 0.000        ; 0.081      ; 0.991      ;
; 0.698 ; Cross_Slow_To_Fast_Clock_Bus:META2|r2_Data[1]                                                            ; Cross_Slow_To_Fast_Clock_Bus:META2|o_Q[1]                  ; cpu_clk_out  ; cpu_clk_out ; 0.000        ; 0.081      ; 0.991      ;
; 0.699 ; Cross_Slow_To_Fast_Clock_Bus:META2|r2_Data[3]                                                            ; Cross_Slow_To_Fast_Clock_Bus:META2|o_Q[3]                  ; cpu_clk_out  ; cpu_clk_out ; 0.000        ; 0.081      ; 0.992      ;
; 0.700 ; Cross_Slow_To_Fast_Clock_Bus:META2|r2_Data[5]                                                            ; Cross_Slow_To_Fast_Clock_Bus:META2|o_Q[5]                  ; cpu_clk_out  ; cpu_clk_out ; 0.000        ; 0.081      ; 0.993      ;
; 0.700 ; Cross_Slow_To_Fast_Clock_Bus:META2|r2_Data[0]                                                            ; Cross_Slow_To_Fast_Clock_Bus:META2|o_Q[0]                  ; cpu_clk_out  ; cpu_clk_out ; 0.000        ; 0.081      ; 0.993      ;
; 0.700 ; Cross_Slow_To_Fast_Clock_Bus:META2|r2_Data[2]                                                            ; Cross_Slow_To_Fast_Clock_Bus:META2|o_Q[2]                  ; cpu_clk_out  ; cpu_clk_out ; 0.000        ; 0.081      ; 0.993      ;
; 0.710 ; gosof80:SOUNDBOARD|SB_RAM:RIOT_RAM|altsyncram:altsyncram_component|altsyncram_88p3:auto_generated|q_a[2] ; gosof80:SOUNDBOARD|T65:CPU|BusB[2]                         ; clk_50       ; cpu_clk_out ; 0.000        ; 3.462      ; 4.404      ;
; 0.721 ; anti_thunk:AT|count_ds[0]                                                                                ; anti_thunk:AT|count_ds[1]                                  ; cpu_clk_out  ; cpu_clk_out ; 0.000        ; 0.081      ; 1.014      ;
; 0.723 ; anti_thunk:AT|count_ds[0]                                                                                ; anti_thunk:AT|count_ds[2]                                  ; cpu_clk_out  ; cpu_clk_out ; 0.000        ; 0.081      ; 1.016      ;
; 0.724 ; anti_thunk:AT|count_ds[0]                                                                                ; anti_thunk:AT|count_ds[3]                                  ; cpu_clk_out  ; cpu_clk_out ; 0.000        ; 0.081      ; 1.017      ;
; 0.729 ; gosof80:SOUNDBOARD|T65:CPU|MCycle[0]                                                                     ; gosof80:SOUNDBOARD|T65:CPU|MCycle[2]                       ; cpu_clk_out  ; cpu_clk_out ; 0.000        ; 0.081      ; 1.022      ;
; 0.729 ; gosof80:SOUNDBOARD|T65:CPU|MCycle[0]                                                                     ; gosof80:SOUNDBOARD|T65:CPU|MCycle[1]                       ; cpu_clk_out  ; cpu_clk_out ; 0.000        ; 0.081      ; 1.022      ;
; 0.740 ; detect_sw:detect_credit_sw|closed_counter[9]                                                             ; detect_sw:detect_credit_sw|closed_counter[9]               ; cpu_clk_out  ; cpu_clk_out ; 0.000        ; 0.083      ; 1.035      ;
; 0.740 ; detect_sw:detect_credit_sw|check_counter[9]                                                              ; detect_sw:detect_credit_sw|check_counter[9]                ; cpu_clk_out  ; cpu_clk_out ; 0.000        ; 0.083      ; 1.035      ;
; 0.741 ; detect_sw:detect_credit_sw|closed_counter[7]                                                             ; detect_sw:detect_credit_sw|closed_counter[7]               ; cpu_clk_out  ; cpu_clk_out ; 0.000        ; 0.083      ; 1.036      ;
; 0.741 ; detect_sw:detect_credit_sw|check_counter[7]                                                              ; detect_sw:detect_credit_sw|check_counter[7]                ; cpu_clk_out  ; cpu_clk_out ; 0.000        ; 0.083      ; 1.036      ;
; 0.742 ; detect_sw:detect_test_sw|closed_counter[9]                                                               ; detect_sw:detect_test_sw|closed_counter[9]                 ; cpu_clk_out  ; cpu_clk_out ; 0.000        ; 0.081      ; 1.035      ;
; 0.742 ; detect_sw:detect_test_sw|check_counter[9]                                                                ; detect_sw:detect_test_sw|check_counter[9]                  ; cpu_clk_out  ; cpu_clk_out ; 0.000        ; 0.081      ; 1.035      ;
; 0.742 ; detect_sw:detect_credit_sw|closed_counter[1]                                                             ; detect_sw:detect_credit_sw|closed_counter[1]               ; cpu_clk_out  ; cpu_clk_out ; 0.000        ; 0.083      ; 1.037      ;
; 0.742 ; detect_sw:detect_credit_sw|check_counter[1]                                                              ; detect_sw:detect_credit_sw|check_counter[1]                ; cpu_clk_out  ; cpu_clk_out ; 0.000        ; 0.083      ; 1.037      ;
; 0.743 ; detect_sw:detect_test_sw|closed_counter[17]                                                              ; detect_sw:detect_test_sw|closed_counter[17]                ; cpu_clk_out  ; cpu_clk_out ; 0.000        ; 0.082      ; 1.037      ;
; 0.743 ; detect_sw:detect_test_sw|closed_counter[15]                                                              ; detect_sw:detect_test_sw|closed_counter[15]                ; cpu_clk_out  ; cpu_clk_out ; 0.000        ; 0.082      ; 1.037      ;
; 0.743 ; detect_sw:detect_test_sw|closed_counter[7]                                                               ; detect_sw:detect_test_sw|closed_counter[7]                 ; cpu_clk_out  ; cpu_clk_out ; 0.000        ; 0.081      ; 1.036      ;
; 0.743 ; detect_sw:detect_test_sw|check_counter[7]                                                                ; detect_sw:detect_test_sw|check_counter[7]                  ; cpu_clk_out  ; cpu_clk_out ; 0.000        ; 0.081      ; 1.036      ;
; 0.743 ; detect_sw:detect_credit_sw|closed_counter[15]                                                            ; detect_sw:detect_credit_sw|closed_counter[15]              ; cpu_clk_out  ; cpu_clk_out ; 0.000        ; 0.082      ; 1.037      ;
; 0.743 ; detect_sw:detect_credit_sw|closed_counter[10]                                                            ; detect_sw:detect_credit_sw|closed_counter[10]              ; cpu_clk_out  ; cpu_clk_out ; 0.000        ; 0.083      ; 1.038      ;
; 0.743 ; detect_sw:detect_credit_sw|check_counter[10]                                                             ; detect_sw:detect_credit_sw|check_counter[10]               ; cpu_clk_out  ; cpu_clk_out ; 0.000        ; 0.083      ; 1.038      ;
; 0.744 ; anti_thunk:AT|count[1]                                                                                   ; anti_thunk:AT|count[1]                                     ; cpu_clk_out  ; cpu_clk_out ; 0.000        ; 0.082      ; 1.038      ;
; 0.744 ; detect_sw_trigger:detect_credit_sw_trigger|counter[15]                                                   ; detect_sw_trigger:detect_credit_sw_trigger|counter[15]     ; cpu_clk_out  ; cpu_clk_out ; 0.000        ; 0.081      ; 1.037      ;
; 0.744 ; detect_sw:detect_test_sw|closed_counter[1]                                                               ; detect_sw:detect_test_sw|closed_counter[1]                 ; cpu_clk_out  ; cpu_clk_out ; 0.000        ; 0.081      ; 1.037      ;
; 0.744 ; detect_sw:detect_test_sw|check_counter[1]                                                                ; detect_sw:detect_test_sw|check_counter[1]                  ; cpu_clk_out  ; cpu_clk_out ; 0.000        ; 0.081      ; 1.037      ;
; 0.744 ; detect_sw:detect_credit_sw|closed_counter[8]                                                             ; detect_sw:detect_credit_sw|closed_counter[8]               ; cpu_clk_out  ; cpu_clk_out ; 0.000        ; 0.083      ; 1.039      ;
+-------+----------------------------------------------------------------------------------------------------------+------------------------------------------------------------+--------------+-------------+--------------+------------+------------+


+-------------------------------------------------------------------------------------------------------------------------------------------------------------------------------+
; Slow 1200mV 85C Model Recovery: 'clk_50'                                                                                                                                      ;
+--------+--------------------------------+---------------------------------------------------------------+--------------+-------------+--------------+------------+------------+
; Slack  ; From Node                      ; To Node                                                       ; Launch Clock ; Latch Clock ; Relationship ; Clock Skew ; Data Delay ;
+--------+--------------------------------+---------------------------------------------------------------+--------------+-------------+--------------+------------+------------+
; 14.370 ; count_to_zero:COUNT_INTS|d_out ; gosof80:SOUNDBOARD|DFPlayer_Mini_CMD:DFP_send|txd             ; clk_50       ; clk_50      ; 20.000       ; -0.075     ; 5.556      ;
; 14.370 ; count_to_zero:COUNT_INTS|d_out ; gosof80:SOUNDBOARD|DFPlayer_Mini_CMD:DFP_send|state.Check     ; clk_50       ; clk_50      ; 20.000       ; -0.075     ; 5.556      ;
; 14.370 ; count_to_zero:COUNT_INTS|d_out ; gosof80:SOUNDBOARD|DFPlayer_Mini_CMD:DFP_send|state.Send      ; clk_50       ; clk_50      ; 20.000       ; -0.075     ; 5.556      ;
; 14.370 ; count_to_zero:COUNT_INTS|d_out ; gosof80:SOUNDBOARD|DFPlayer_Mini_CMD:DFP_send|state.Delay     ; clk_50       ; clk_50      ; 20.000       ; -0.075     ; 5.556      ;
; 14.370 ; count_to_zero:COUNT_INTS|d_out ; gosof80:SOUNDBOARD|DFPlayer_Mini_CMD:DFP_send|r_Clk_Count[12] ; clk_50       ; clk_50      ; 20.000       ; -0.075     ; 5.556      ;
; 14.370 ; count_to_zero:COUNT_INTS|d_out ; gosof80:SOUNDBOARD|DFPlayer_Mini_CMD:DFP_send|r_Clk_Count[10] ; clk_50       ; clk_50      ; 20.000       ; -0.075     ; 5.556      ;
; 14.370 ; count_to_zero:COUNT_INTS|d_out ; gosof80:SOUNDBOARD|DFPlayer_Mini_CMD:DFP_send|r_Clk_Count[9]  ; clk_50       ; clk_50      ; 20.000       ; -0.075     ; 5.556      ;
; 14.370 ; count_to_zero:COUNT_INTS|d_out ; gosof80:SOUNDBOARD|DFPlayer_Mini_CMD:DFP_send|r_Clk_Count[8]  ; clk_50       ; clk_50      ; 20.000       ; -0.075     ; 5.556      ;
; 14.370 ; count_to_zero:COUNT_INTS|d_out ; gosof80:SOUNDBOARD|DFPlayer_Mini_CMD:DFP_send|r_Clk_Count[7]  ; clk_50       ; clk_50      ; 20.000       ; -0.075     ; 5.556      ;
; 14.370 ; count_to_zero:COUNT_INTS|d_out ; gosof80:SOUNDBOARD|DFPlayer_Mini_CMD:DFP_send|r_Clk_Count[6]  ; clk_50       ; clk_50      ; 20.000       ; -0.075     ; 5.556      ;
; 14.370 ; count_to_zero:COUNT_INTS|d_out ; gosof80:SOUNDBOARD|DFPlayer_Mini_CMD:DFP_send|r_Clk_Count[5]  ; clk_50       ; clk_50      ; 20.000       ; -0.075     ; 5.556      ;
; 14.370 ; count_to_zero:COUNT_INTS|d_out ; gosof80:SOUNDBOARD|DFPlayer_Mini_CMD:DFP_send|r_Clk_Count[4]  ; clk_50       ; clk_50      ; 20.000       ; -0.075     ; 5.556      ;
; 14.370 ; count_to_zero:COUNT_INTS|d_out ; gosof80:SOUNDBOARD|DFPlayer_Mini_CMD:DFP_send|r_Clk_Count[3]  ; clk_50       ; clk_50      ; 20.000       ; -0.075     ; 5.556      ;
; 14.370 ; count_to_zero:COUNT_INTS|d_out ; gosof80:SOUNDBOARD|DFPlayer_Mini_CMD:DFP_send|r_Clk_Count[2]  ; clk_50       ; clk_50      ; 20.000       ; -0.075     ; 5.556      ;
; 14.370 ; count_to_zero:COUNT_INTS|d_out ; gosof80:SOUNDBOARD|DFPlayer_Mini_CMD:DFP_send|r_Clk_Count[1]  ; clk_50       ; clk_50      ; 20.000       ; -0.075     ; 5.556      ;
; 14.370 ; count_to_zero:COUNT_INTS|d_out ; gosof80:SOUNDBOARD|DFPlayer_Mini_CMD:DFP_send|r_Clk_Count[0]  ; clk_50       ; clk_50      ; 20.000       ; -0.075     ; 5.556      ;
; 14.370 ; count_to_zero:COUNT_INTS|d_out ; gosof80:SOUNDBOARD|DFPlayer_Mini_CMD:DFP_send|r_Clk_Count[11] ; clk_50       ; clk_50      ; 20.000       ; -0.075     ; 5.556      ;
; 14.370 ; count_to_zero:COUNT_INTS|d_out ; gosof80:SOUNDBOARD|DFPlayer_Mini_CMD:DFP_send|state.Idle      ; clk_50       ; clk_50      ; 20.000       ; -0.075     ; 5.556      ;
; 14.685 ; SD_Card:SD_CARD|cpu_reset_l    ; gosof80:SOUNDBOARD|SC01:SC01_Simu|AR                          ; clk_50       ; clk_50      ; 20.000       ; -0.085     ; 5.231      ;
; 14.685 ; SD_Card:SD_CARD|cpu_reset_l    ; gosof80:SOUNDBOARD|SC01:SC01_Simu|\SC01:counter[5]            ; clk_50       ; clk_50      ; 20.000       ; -0.085     ; 5.231      ;
; 14.685 ; SD_Card:SD_CARD|cpu_reset_l    ; gosof80:SOUNDBOARD|SC01:SC01_Simu|\SC01:counter[1]            ; clk_50       ; clk_50      ; 20.000       ; -0.085     ; 5.231      ;
; 14.685 ; SD_Card:SD_CARD|cpu_reset_l    ; gosof80:SOUNDBOARD|SC01:SC01_Simu|\SC01:counter[2]            ; clk_50       ; clk_50      ; 20.000       ; -0.085     ; 5.231      ;
; 14.685 ; SD_Card:SD_CARD|cpu_reset_l    ; gosof80:SOUNDBOARD|SC01:SC01_Simu|\SC01:counter[3]            ; clk_50       ; clk_50      ; 20.000       ; -0.085     ; 5.231      ;
; 14.685 ; SD_Card:SD_CARD|cpu_reset_l    ; gosof80:SOUNDBOARD|SC01:SC01_Simu|\SC01:counter[4]            ; clk_50       ; clk_50      ; 20.000       ; -0.085     ; 5.231      ;
; 14.685 ; SD_Card:SD_CARD|cpu_reset_l    ; gosof80:SOUNDBOARD|SC01:SC01_Simu|state.Calc                  ; clk_50       ; clk_50      ; 20.000       ; -0.085     ; 5.231      ;
; 14.725 ; SD_Card:SD_CARD|cpu_reset_l    ; gosof80:SOUNDBOARD|SC01:SC01_Simu|\SC01:counter[12]           ; clk_50       ; clk_50      ; 20.000       ; -0.085     ; 5.191      ;
; 14.725 ; SD_Card:SD_CARD|cpu_reset_l    ; gosof80:SOUNDBOARD|SC01:SC01_Simu|\SC01:counter[11]           ; clk_50       ; clk_50      ; 20.000       ; -0.085     ; 5.191      ;
; 14.725 ; SD_Card:SD_CARD|cpu_reset_l    ; gosof80:SOUNDBOARD|SC01:SC01_Simu|\SC01:counter[10]           ; clk_50       ; clk_50      ; 20.000       ; -0.085     ; 5.191      ;
; 14.725 ; SD_Card:SD_CARD|cpu_reset_l    ; gosof80:SOUNDBOARD|SC01:SC01_Simu|\SC01:counter[9]            ; clk_50       ; clk_50      ; 20.000       ; -0.085     ; 5.191      ;
; 14.725 ; SD_Card:SD_CARD|cpu_reset_l    ; gosof80:SOUNDBOARD|SC01:SC01_Simu|\SC01:counter[8]            ; clk_50       ; clk_50      ; 20.000       ; -0.085     ; 5.191      ;
; 14.725 ; SD_Card:SD_CARD|cpu_reset_l    ; gosof80:SOUNDBOARD|SC01:SC01_Simu|\SC01:counter[7]            ; clk_50       ; clk_50      ; 20.000       ; -0.085     ; 5.191      ;
; 14.725 ; SD_Card:SD_CARD|cpu_reset_l    ; gosof80:SOUNDBOARD|SC01:SC01_Simu|\SC01:counter[6]            ; clk_50       ; clk_50      ; 20.000       ; -0.085     ; 5.191      ;
; 14.770 ; SD_Card:SD_CARD|cpu_reset_l    ; gosof80:SOUNDBOARD|SC01:SC01_Simu|\SC01:counter[22]           ; clk_50       ; clk_50      ; 20.000       ; -0.086     ; 5.145      ;
; 14.770 ; SD_Card:SD_CARD|cpu_reset_l    ; gosof80:SOUNDBOARD|SC01:SC01_Simu|\SC01:counter[20]           ; clk_50       ; clk_50      ; 20.000       ; -0.086     ; 5.145      ;
; 14.770 ; SD_Card:SD_CARD|cpu_reset_l    ; gosof80:SOUNDBOARD|SC01:SC01_Simu|\SC01:counter[18]           ; clk_50       ; clk_50      ; 20.000       ; -0.086     ; 5.145      ;
; 14.770 ; SD_Card:SD_CARD|cpu_reset_l    ; gosof80:SOUNDBOARD|SC01:SC01_Simu|\SC01:counter[17]           ; clk_50       ; clk_50      ; 20.000       ; -0.086     ; 5.145      ;
; 14.770 ; SD_Card:SD_CARD|cpu_reset_l    ; gosof80:SOUNDBOARD|SC01:SC01_Simu|\SC01:counter[14]           ; clk_50       ; clk_50      ; 20.000       ; -0.086     ; 5.145      ;
; 14.770 ; SD_Card:SD_CARD|cpu_reset_l    ; gosof80:SOUNDBOARD|SC01:SC01_Simu|state.Idle                  ; clk_50       ; clk_50      ; 20.000       ; -0.086     ; 5.145      ;
; 14.942 ; SD_Card:SD_CARD|cpu_reset_l    ; gosof80:SOUNDBOARD|dac:Audio_DAC|SigmaLatch_q[8]              ; clk_50       ; clk_50      ; 20.000       ; -0.090     ; 4.969      ;
; 14.942 ; SD_Card:SD_CARD|cpu_reset_l    ; gosof80:SOUNDBOARD|dac:Audio_DAC|SigmaLatch_q[9]              ; clk_50       ; clk_50      ; 20.000       ; -0.090     ; 4.969      ;
; 14.942 ; SD_Card:SD_CARD|cpu_reset_l    ; gosof80:SOUNDBOARD|dac:Audio_DAC|SigmaLatch_q[7]              ; clk_50       ; clk_50      ; 20.000       ; -0.090     ; 4.969      ;
; 14.942 ; SD_Card:SD_CARD|cpu_reset_l    ; gosof80:SOUNDBOARD|dac:Audio_DAC|SigmaLatch_q[6]              ; clk_50       ; clk_50      ; 20.000       ; -0.090     ; 4.969      ;
; 14.942 ; SD_Card:SD_CARD|cpu_reset_l    ; gosof80:SOUNDBOARD|dac:Audio_DAC|SigmaLatch_q[5]              ; clk_50       ; clk_50      ; 20.000       ; -0.090     ; 4.969      ;
; 14.942 ; SD_Card:SD_CARD|cpu_reset_l    ; gosof80:SOUNDBOARD|dac:Audio_DAC|SigmaLatch_q[4]              ; clk_50       ; clk_50      ; 20.000       ; -0.090     ; 4.969      ;
; 14.942 ; SD_Card:SD_CARD|cpu_reset_l    ; gosof80:SOUNDBOARD|dac:Audio_DAC|SigmaLatch_q[3]              ; clk_50       ; clk_50      ; 20.000       ; -0.090     ; 4.969      ;
; 14.942 ; SD_Card:SD_CARD|cpu_reset_l    ; gosof80:SOUNDBOARD|dac:Audio_DAC|SigmaLatch_q[2]              ; clk_50       ; clk_50      ; 20.000       ; -0.090     ; 4.969      ;
; 14.942 ; SD_Card:SD_CARD|cpu_reset_l    ; gosof80:SOUNDBOARD|dac:Audio_DAC|SigmaLatch_q[1]              ; clk_50       ; clk_50      ; 20.000       ; -0.090     ; 4.969      ;
; 14.942 ; SD_Card:SD_CARD|cpu_reset_l    ; gosof80:SOUNDBOARD|dac:Audio_DAC|SigmaLatch_q[0]              ; clk_50       ; clk_50      ; 20.000       ; -0.090     ; 4.969      ;
; 16.015 ; SD_Card:SD_CARD|cpu_reset_l    ; gosof80:SOUNDBOARD|SC01:SC01_Simu|\SC01:counter[23]           ; clk_50       ; clk_50      ; 20.000       ; -0.086     ; 3.900      ;
; 16.015 ; SD_Card:SD_CARD|cpu_reset_l    ; gosof80:SOUNDBOARD|SC01:SC01_Simu|\SC01:counter[21]           ; clk_50       ; clk_50      ; 20.000       ; -0.086     ; 3.900      ;
; 16.015 ; SD_Card:SD_CARD|cpu_reset_l    ; gosof80:SOUNDBOARD|SC01:SC01_Simu|\SC01:counter[19]           ; clk_50       ; clk_50      ; 20.000       ; -0.086     ; 3.900      ;
; 16.015 ; SD_Card:SD_CARD|cpu_reset_l    ; gosof80:SOUNDBOARD|SC01:SC01_Simu|\SC01:counter[16]           ; clk_50       ; clk_50      ; 20.000       ; -0.086     ; 3.900      ;
; 16.015 ; SD_Card:SD_CARD|cpu_reset_l    ; gosof80:SOUNDBOARD|SC01:SC01_Simu|\SC01:counter[15]           ; clk_50       ; clk_50      ; 20.000       ; -0.086     ; 3.900      ;
; 16.015 ; SD_Card:SD_CARD|cpu_reset_l    ; gosof80:SOUNDBOARD|SC01:SC01_Simu|\SC01:counter[13]           ; clk_50       ; clk_50      ; 20.000       ; -0.086     ; 3.900      ;
; 16.015 ; SD_Card:SD_CARD|cpu_reset_l    ; gosof80:SOUNDBOARD|SC01:SC01_Simu|state.Speech                ; clk_50       ; clk_50      ; 20.000       ; -0.086     ; 3.900      ;
; 16.015 ; SD_Card:SD_CARD|cpu_reset_l    ; gosof80:SOUNDBOARD|SC01:SC01_Simu|\SC01:counter[0]            ; clk_50       ; clk_50      ; 20.000       ; -0.086     ; 3.900      ;
; 16.214 ; SD_Card:SD_CARD|cpu_reset_l    ; sn74175:sn74175_80B_2|Qn[2]                                   ; clk_50       ; clk_50      ; 20.000       ; -0.101     ; 3.686      ;
; 16.214 ; SD_Card:SD_CARD|cpu_reset_l    ; sn74175:sn74175_80B_2|Qn[1]                                   ; clk_50       ; clk_50      ; 20.000       ; -0.101     ; 3.686      ;
; 16.214 ; SD_Card:SD_CARD|cpu_reset_l    ; sn74175:sn74175_80B_2|Qn[0]                                   ; clk_50       ; clk_50      ; 20.000       ; -0.101     ; 3.686      ;
; 16.214 ; SD_Card:SD_CARD|cpu_reset_l    ; sn74175:sn74175_80B_2|Qn[3]                                   ; clk_50       ; clk_50      ; 20.000       ; -0.101     ; 3.686      ;
; 16.423 ; SD_Card:SD_CARD|cpu_reset_l    ; count_to_zero:COUNT_INTS|int_count[7]                         ; clk_50       ; clk_50      ; 20.000       ; -0.093     ; 3.485      ;
; 16.423 ; SD_Card:SD_CARD|cpu_reset_l    ; count_to_zero:COUNT_INTS|int_count[6]                         ; clk_50       ; clk_50      ; 20.000       ; -0.093     ; 3.485      ;
; 16.423 ; SD_Card:SD_CARD|cpu_reset_l    ; count_to_zero:COUNT_INTS|int_count[5]                         ; clk_50       ; clk_50      ; 20.000       ; -0.093     ; 3.485      ;
; 16.423 ; SD_Card:SD_CARD|cpu_reset_l    ; count_to_zero:COUNT_INTS|int_count[4]                         ; clk_50       ; clk_50      ; 20.000       ; -0.093     ; 3.485      ;
; 16.423 ; SD_Card:SD_CARD|cpu_reset_l    ; count_to_zero:COUNT_INTS|int_count[3]                         ; clk_50       ; clk_50      ; 20.000       ; -0.093     ; 3.485      ;
; 16.423 ; SD_Card:SD_CARD|cpu_reset_l    ; count_to_zero:COUNT_INTS|int_count[2]                         ; clk_50       ; clk_50      ; 20.000       ; -0.093     ; 3.485      ;
; 16.423 ; SD_Card:SD_CARD|cpu_reset_l    ; count_to_zero:COUNT_INTS|int_count[1]                         ; clk_50       ; clk_50      ; 20.000       ; -0.093     ; 3.485      ;
; 16.425 ; SD_Card:SD_CARD|cpu_reset_l    ; count_to_zero:COUNT_INTS|d_out                                ; clk_50       ; clk_50      ; 20.000       ; -0.092     ; 3.484      ;
; 16.425 ; SD_Card:SD_CARD|cpu_reset_l    ; count_to_zero:COUNT_INTS|int_count[0]                         ; clk_50       ; clk_50      ; 20.000       ; -0.092     ; 3.484      ;
; 16.492 ; SD_Card:SD_CARD|cpu_reset_l    ; EEprom:EEprom|c_count[25]                                     ; clk_50       ; clk_50      ; 20.000       ; -0.078     ; 3.431      ;
; 16.492 ; SD_Card:SD_CARD|cpu_reset_l    ; EEprom:EEprom|c_count[28]                                     ; clk_50       ; clk_50      ; 20.000       ; -0.078     ; 3.431      ;
; 16.492 ; SD_Card:SD_CARD|cpu_reset_l    ; EEprom:EEprom|c_count[27]                                     ; clk_50       ; clk_50      ; 20.000       ; -0.078     ; 3.431      ;
; 16.492 ; SD_Card:SD_CARD|cpu_reset_l    ; EEprom:EEprom|c_count[26]                                     ; clk_50       ; clk_50      ; 20.000       ; -0.078     ; 3.431      ;
; 16.492 ; SD_Card:SD_CARD|cpu_reset_l    ; EEprom:EEprom|c_count[24]                                     ; clk_50       ; clk_50      ; 20.000       ; -0.078     ; 3.431      ;
; 16.492 ; SD_Card:SD_CARD|cpu_reset_l    ; EEprom:EEprom|c_count[23]                                     ; clk_50       ; clk_50      ; 20.000       ; -0.078     ; 3.431      ;
; 16.492 ; SD_Card:SD_CARD|cpu_reset_l    ; EEprom:EEprom|c_count[22]                                     ; clk_50       ; clk_50      ; 20.000       ; -0.078     ; 3.431      ;
; 16.492 ; SD_Card:SD_CARD|cpu_reset_l    ; EEprom:EEprom|c_count[21]                                     ; clk_50       ; clk_50      ; 20.000       ; -0.078     ; 3.431      ;
; 16.492 ; SD_Card:SD_CARD|cpu_reset_l    ; EEprom:EEprom|c_count[20]                                     ; clk_50       ; clk_50      ; 20.000       ; -0.078     ; 3.431      ;
; 16.492 ; SD_Card:SD_CARD|cpu_reset_l    ; EEprom:EEprom|c_count[19]                                     ; clk_50       ; clk_50      ; 20.000       ; -0.078     ; 3.431      ;
; 16.492 ; SD_Card:SD_CARD|cpu_reset_l    ; EEprom:EEprom|c_count[18]                                     ; clk_50       ; clk_50      ; 20.000       ; -0.078     ; 3.431      ;
; 16.492 ; SD_Card:SD_CARD|cpu_reset_l    ; EEprom:EEprom|c_count[17]                                     ; clk_50       ; clk_50      ; 20.000       ; -0.078     ; 3.431      ;
; 16.492 ; SD_Card:SD_CARD|cpu_reset_l    ; EEprom:EEprom|c_count[16]                                     ; clk_50       ; clk_50      ; 20.000       ; -0.078     ; 3.431      ;
; 16.492 ; SD_Card:SD_CARD|cpu_reset_l    ; EEprom:EEprom|c_count[15]                                     ; clk_50       ; clk_50      ; 20.000       ; -0.078     ; 3.431      ;
; 16.492 ; SD_Card:SD_CARD|cpu_reset_l    ; EEprom:EEprom|c_count[14]                                     ; clk_50       ; clk_50      ; 20.000       ; -0.078     ; 3.431      ;
; 16.493 ; SD_Card:SD_CARD|cpu_reset_l    ; EEprom:EEprom|state.Write_enable                              ; clk_50       ; clk_50      ; 20.000       ; -0.075     ; 3.433      ;
; 16.493 ; SD_Card:SD_CARD|cpu_reset_l    ; EEprom:EEprom|address_eeprom[6]                               ; clk_50       ; clk_50      ; 20.000       ; -0.075     ; 3.433      ;
; 16.493 ; SD_Card:SD_CARD|cpu_reset_l    ; EEprom:EEprom|address_eeprom[5]                               ; clk_50       ; clk_50      ; 20.000       ; -0.075     ; 3.433      ;
; 16.493 ; SD_Card:SD_CARD|cpu_reset_l    ; EEprom:EEprom|address_eeprom[4]                               ; clk_50       ; clk_50      ; 20.000       ; -0.075     ; 3.433      ;
; 16.493 ; SD_Card:SD_CARD|cpu_reset_l    ; EEprom:EEprom|address_eeprom[3]                               ; clk_50       ; clk_50      ; 20.000       ; -0.075     ; 3.433      ;
; 16.493 ; SD_Card:SD_CARD|cpu_reset_l    ; EEprom:EEprom|address_eeprom[2]                               ; clk_50       ; clk_50      ; 20.000       ; -0.075     ; 3.433      ;
; 16.493 ; SD_Card:SD_CARD|cpu_reset_l    ; EEprom:EEprom|address_eeprom[1]                               ; clk_50       ; clk_50      ; 20.000       ; -0.075     ; 3.433      ;
; 16.493 ; SD_Card:SD_CARD|cpu_reset_l    ; EEprom:EEprom|address_eeprom[0]                               ; clk_50       ; clk_50      ; 20.000       ; -0.075     ; 3.433      ;
; 16.493 ; SD_Card:SD_CARD|cpu_reset_l    ; EEprom:EEprom|state.Idle                                      ; clk_50       ; clk_50      ; 20.000       ; -0.075     ; 3.433      ;
; 16.530 ; SD_Card:SD_CARD|cpu_reset_l    ; EEprom:EEprom|c_count[13]                                     ; clk_50       ; clk_50      ; 20.000       ; -0.080     ; 3.391      ;
; 16.530 ; SD_Card:SD_CARD|cpu_reset_l    ; EEprom:EEprom|c_count[12]                                     ; clk_50       ; clk_50      ; 20.000       ; -0.080     ; 3.391      ;
; 16.530 ; SD_Card:SD_CARD|cpu_reset_l    ; EEprom:EEprom|c_count[11]                                     ; clk_50       ; clk_50      ; 20.000       ; -0.080     ; 3.391      ;
; 16.530 ; SD_Card:SD_CARD|cpu_reset_l    ; EEprom:EEprom|c_count[10]                                     ; clk_50       ; clk_50      ; 20.000       ; -0.080     ; 3.391      ;
; 16.530 ; SD_Card:SD_CARD|cpu_reset_l    ; EEprom:EEprom|c_count[9]                                      ; clk_50       ; clk_50      ; 20.000       ; -0.080     ; 3.391      ;
; 16.530 ; SD_Card:SD_CARD|cpu_reset_l    ; EEprom:EEprom|c_count[8]                                      ; clk_50       ; clk_50      ; 20.000       ; -0.080     ; 3.391      ;
; 16.530 ; SD_Card:SD_CARD|cpu_reset_l    ; EEprom:EEprom|c_count[7]                                      ; clk_50       ; clk_50      ; 20.000       ; -0.080     ; 3.391      ;
+--------+--------------------------------+---------------------------------------------------------------+--------------+-------------+--------------+------------+------------+


+----------------------------------------------------------------------------------------------------------------------------------------------------------------------------+
; Slow 1200mV 85C Model Recovery: 'cpu_clk_out'                                                                                                                              ;
+--------+--------------------------------+------------------------------------------------------------+--------------+-------------+--------------+------------+------------+
; Slack  ; From Node                      ; To Node                                                    ; Launch Clock ; Latch Clock ; Relationship ; Clock Skew ; Data Delay ;
+--------+--------------------------------+------------------------------------------------------------+--------------+-------------+--------------+------------+------------+
; 17.495 ; SD_Card:SD_CARD|cpu_reset_l    ; T65:U1|Res_n_i                                             ; clk_50       ; cpu_clk_out ; 20.000       ; 3.473      ; 5.979      ;
; 17.495 ; SD_Card:SD_CARD|cpu_reset_l    ; T65:U1|Res_n_d                                             ; clk_50       ; cpu_clk_out ; 20.000       ; 3.473      ; 5.979      ;
; 17.933 ; count_to_zero:COUNT_INTS|d_out ; detect_sw:detect_credit_sw|check_counter[0]                ; clk_50       ; cpu_clk_out ; 20.000       ; 3.526      ; 5.594      ;
; 17.933 ; count_to_zero:COUNT_INTS|d_out ; detect_sw:detect_credit_sw|check_counter[1]                ; clk_50       ; cpu_clk_out ; 20.000       ; 3.526      ; 5.594      ;
; 17.933 ; count_to_zero:COUNT_INTS|d_out ; detect_sw:detect_credit_sw|check_counter[2]                ; clk_50       ; cpu_clk_out ; 20.000       ; 3.526      ; 5.594      ;
; 17.933 ; count_to_zero:COUNT_INTS|d_out ; detect_sw:detect_credit_sw|check_counter[3]                ; clk_50       ; cpu_clk_out ; 20.000       ; 3.526      ; 5.594      ;
; 17.933 ; count_to_zero:COUNT_INTS|d_out ; detect_sw:detect_credit_sw|check_counter[4]                ; clk_50       ; cpu_clk_out ; 20.000       ; 3.526      ; 5.594      ;
; 17.933 ; count_to_zero:COUNT_INTS|d_out ; detect_sw:detect_credit_sw|check_counter[5]                ; clk_50       ; cpu_clk_out ; 20.000       ; 3.526      ; 5.594      ;
; 17.933 ; count_to_zero:COUNT_INTS|d_out ; detect_sw:detect_credit_sw|check_counter[6]                ; clk_50       ; cpu_clk_out ; 20.000       ; 3.526      ; 5.594      ;
; 17.933 ; count_to_zero:COUNT_INTS|d_out ; detect_sw:detect_credit_sw|check_counter[7]                ; clk_50       ; cpu_clk_out ; 20.000       ; 3.526      ; 5.594      ;
; 17.933 ; count_to_zero:COUNT_INTS|d_out ; detect_sw:detect_credit_sw|check_counter[8]                ; clk_50       ; cpu_clk_out ; 20.000       ; 3.526      ; 5.594      ;
; 17.933 ; count_to_zero:COUNT_INTS|d_out ; detect_sw:detect_credit_sw|check_counter[9]                ; clk_50       ; cpu_clk_out ; 20.000       ; 3.526      ; 5.594      ;
; 17.933 ; count_to_zero:COUNT_INTS|d_out ; detect_sw:detect_credit_sw|check_counter[10]               ; clk_50       ; cpu_clk_out ; 20.000       ; 3.526      ; 5.594      ;
; 17.933 ; count_to_zero:COUNT_INTS|d_out ; detect_sw:detect_credit_sw|check_counter[11]               ; clk_50       ; cpu_clk_out ; 20.000       ; 3.526      ; 5.594      ;
; 17.934 ; count_to_zero:COUNT_INTS|d_out ; detect_sw:detect_credit_sw|closed_counter[12]              ; clk_50       ; cpu_clk_out ; 20.000       ; 3.524      ; 5.591      ;
; 17.934 ; count_to_zero:COUNT_INTS|d_out ; detect_sw:detect_credit_sw|closed_counter[13]              ; clk_50       ; cpu_clk_out ; 20.000       ; 3.524      ; 5.591      ;
; 17.934 ; count_to_zero:COUNT_INTS|d_out ; detect_sw:detect_credit_sw|closed_counter[14]              ; clk_50       ; cpu_clk_out ; 20.000       ; 3.524      ; 5.591      ;
; 17.934 ; count_to_zero:COUNT_INTS|d_out ; detect_sw:detect_credit_sw|closed_counter[15]              ; clk_50       ; cpu_clk_out ; 20.000       ; 3.524      ; 5.591      ;
; 17.934 ; count_to_zero:COUNT_INTS|d_out ; detect_sw:detect_credit_sw|closed_counter[16]              ; clk_50       ; cpu_clk_out ; 20.000       ; 3.524      ; 5.591      ;
; 17.934 ; count_to_zero:COUNT_INTS|d_out ; detect_sw:detect_credit_sw|closed_counter[17]              ; clk_50       ; cpu_clk_out ; 20.000       ; 3.524      ; 5.591      ;
; 17.934 ; count_to_zero:COUNT_INTS|d_out ; detect_sw:detect_credit_sw|closed_counter[18]              ; clk_50       ; cpu_clk_out ; 20.000       ; 3.524      ; 5.591      ;
; 17.934 ; count_to_zero:COUNT_INTS|d_out ; detect_sw:detect_credit_sw|closed_counter[19]              ; clk_50       ; cpu_clk_out ; 20.000       ; 3.524      ; 5.591      ;
; 17.934 ; count_to_zero:COUNT_INTS|d_out ; detect_sw:detect_credit_sw|closed_counter[20]              ; clk_50       ; cpu_clk_out ; 20.000       ; 3.524      ; 5.591      ;
; 17.934 ; count_to_zero:COUNT_INTS|d_out ; detect_sw:detect_credit_sw|closed_counter[21]              ; clk_50       ; cpu_clk_out ; 20.000       ; 3.524      ; 5.591      ;
; 17.934 ; count_to_zero:COUNT_INTS|d_out ; detect_sw:detect_credit_sw|closed_counter[22]              ; clk_50       ; cpu_clk_out ; 20.000       ; 3.524      ; 5.591      ;
; 17.934 ; count_to_zero:COUNT_INTS|d_out ; detect_sw:detect_credit_sw|closed_counter[23]              ; clk_50       ; cpu_clk_out ; 20.000       ; 3.524      ; 5.591      ;
; 17.934 ; count_to_zero:COUNT_INTS|d_out ; detect_sw:detect_credit_sw|closed_counter[24]              ; clk_50       ; cpu_clk_out ; 20.000       ; 3.524      ; 5.591      ;
; 17.935 ; count_to_zero:COUNT_INTS|d_out ; detect_sw:detect_test_sw|state.counting                    ; clk_50       ; cpu_clk_out ; 20.000       ; 3.498      ; 5.564      ;
; 17.935 ; count_to_zero:COUNT_INTS|d_out ; detect_sw:detect_test_sw|state.delay                       ; clk_50       ; cpu_clk_out ; 20.000       ; 3.498      ; 5.564      ;
; 17.935 ; count_to_zero:COUNT_INTS|d_out ; detect_sw:detect_test_sw|check_counter[12]                 ; clk_50       ; cpu_clk_out ; 20.000       ; 3.497      ; 5.563      ;
; 17.935 ; count_to_zero:COUNT_INTS|d_out ; detect_sw:detect_test_sw|check_counter[13]                 ; clk_50       ; cpu_clk_out ; 20.000       ; 3.497      ; 5.563      ;
; 17.935 ; count_to_zero:COUNT_INTS|d_out ; detect_sw:detect_test_sw|check_counter[14]                 ; clk_50       ; cpu_clk_out ; 20.000       ; 3.497      ; 5.563      ;
; 17.935 ; count_to_zero:COUNT_INTS|d_out ; detect_sw:detect_test_sw|check_counter[15]                 ; clk_50       ; cpu_clk_out ; 20.000       ; 3.497      ; 5.563      ;
; 17.935 ; count_to_zero:COUNT_INTS|d_out ; detect_sw:detect_test_sw|check_counter[17]                 ; clk_50       ; cpu_clk_out ; 20.000       ; 3.497      ; 5.563      ;
; 17.935 ; count_to_zero:COUNT_INTS|d_out ; detect_sw:detect_test_sw|check_counter[18]                 ; clk_50       ; cpu_clk_out ; 20.000       ; 3.497      ; 5.563      ;
; 17.935 ; count_to_zero:COUNT_INTS|d_out ; detect_sw:detect_test_sw|check_counter[19]                 ; clk_50       ; cpu_clk_out ; 20.000       ; 3.497      ; 5.563      ;
; 17.935 ; count_to_zero:COUNT_INTS|d_out ; detect_sw:detect_test_sw|check_counter[20]                 ; clk_50       ; cpu_clk_out ; 20.000       ; 3.497      ; 5.563      ;
; 17.935 ; count_to_zero:COUNT_INTS|d_out ; detect_sw:detect_test_sw|check_counter[21]                 ; clk_50       ; cpu_clk_out ; 20.000       ; 3.497      ; 5.563      ;
; 17.935 ; count_to_zero:COUNT_INTS|d_out ; detect_sw:detect_test_sw|check_counter[22]                 ; clk_50       ; cpu_clk_out ; 20.000       ; 3.497      ; 5.563      ;
; 17.935 ; count_to_zero:COUNT_INTS|d_out ; detect_sw:detect_test_sw|check_counter[23]                 ; clk_50       ; cpu_clk_out ; 20.000       ; 3.497      ; 5.563      ;
; 17.935 ; count_to_zero:COUNT_INTS|d_out ; detect_sw:detect_test_sw|check_counter[24]                 ; clk_50       ; cpu_clk_out ; 20.000       ; 3.497      ; 5.563      ;
; 17.935 ; count_to_zero:COUNT_INTS|d_out ; detect_sw:detect_test_sw|state.Idle                        ; clk_50       ; cpu_clk_out ; 20.000       ; 3.498      ; 5.564      ;
; 17.935 ; count_to_zero:COUNT_INTS|d_out ; detect_sw:detect_test_sw|check_counter[16]                 ; clk_50       ; cpu_clk_out ; 20.000       ; 3.497      ; 5.563      ;
; 17.935 ; count_to_zero:COUNT_INTS|d_out ; detect_sw:detect_test_sw|short_push                        ; clk_50       ; cpu_clk_out ; 20.000       ; 3.498      ; 5.564      ;
; 17.935 ; count_to_zero:COUNT_INTS|d_out ; detect_sw_trigger:detect_credit_sw_trigger|state.Idle      ; clk_50       ; cpu_clk_out ; 20.000       ; 3.493      ; 5.559      ;
; 17.935 ; count_to_zero:COUNT_INTS|d_out ; detect_sw_trigger:detect_credit_sw_trigger|state.wait_open ; clk_50       ; cpu_clk_out ; 20.000       ; 3.493      ; 5.559      ;
; 17.935 ; count_to_zero:COUNT_INTS|d_out ; detect_sw_trigger:detect_credit_sw_trigger|state.counting  ; clk_50       ; cpu_clk_out ; 20.000       ; 3.493      ; 5.559      ;
; 17.935 ; count_to_zero:COUNT_INTS|d_out ; detect_sw_trigger:detect_credit_sw_trigger|old_trigger     ; clk_50       ; cpu_clk_out ; 20.000       ; 3.493      ; 5.559      ;
; 17.945 ; count_to_zero:COUNT_INTS|d_out ; detect_sw:detect_credit_sw|state.counting                  ; clk_50       ; cpu_clk_out ; 20.000       ; 3.520      ; 5.576      ;
; 17.945 ; count_to_zero:COUNT_INTS|d_out ; detect_sw:detect_credit_sw|state.delay                     ; clk_50       ; cpu_clk_out ; 20.000       ; 3.520      ; 5.576      ;
; 17.945 ; count_to_zero:COUNT_INTS|d_out ; detect_sw:detect_credit_sw|state.Idle                      ; clk_50       ; cpu_clk_out ; 20.000       ; 3.520      ; 5.576      ;
; 17.945 ; count_to_zero:COUNT_INTS|d_out ; detect_sw:detect_credit_sw|long_push                       ; clk_50       ; cpu_clk_out ; 20.000       ; 3.520      ; 5.576      ;
; 17.946 ; count_to_zero:COUNT_INTS|d_out ; detect_sw:detect_credit_sw|check_counter[12]               ; clk_50       ; cpu_clk_out ; 20.000       ; 3.525      ; 5.580      ;
; 17.946 ; count_to_zero:COUNT_INTS|d_out ; detect_sw:detect_credit_sw|check_counter[13]               ; clk_50       ; cpu_clk_out ; 20.000       ; 3.525      ; 5.580      ;
; 17.946 ; count_to_zero:COUNT_INTS|d_out ; detect_sw:detect_credit_sw|check_counter[14]               ; clk_50       ; cpu_clk_out ; 20.000       ; 3.525      ; 5.580      ;
; 17.946 ; count_to_zero:COUNT_INTS|d_out ; detect_sw:detect_credit_sw|check_counter[15]               ; clk_50       ; cpu_clk_out ; 20.000       ; 3.525      ; 5.580      ;
; 17.946 ; count_to_zero:COUNT_INTS|d_out ; detect_sw:detect_credit_sw|check_counter[16]               ; clk_50       ; cpu_clk_out ; 20.000       ; 3.525      ; 5.580      ;
; 17.946 ; count_to_zero:COUNT_INTS|d_out ; detect_sw:detect_credit_sw|check_counter[17]               ; clk_50       ; cpu_clk_out ; 20.000       ; 3.525      ; 5.580      ;
; 17.946 ; count_to_zero:COUNT_INTS|d_out ; detect_sw:detect_credit_sw|check_counter[18]               ; clk_50       ; cpu_clk_out ; 20.000       ; 3.525      ; 5.580      ;
; 17.946 ; count_to_zero:COUNT_INTS|d_out ; detect_sw:detect_credit_sw|check_counter[19]               ; clk_50       ; cpu_clk_out ; 20.000       ; 3.525      ; 5.580      ;
; 17.946 ; count_to_zero:COUNT_INTS|d_out ; detect_sw:detect_credit_sw|check_counter[20]               ; clk_50       ; cpu_clk_out ; 20.000       ; 3.525      ; 5.580      ;
; 17.946 ; count_to_zero:COUNT_INTS|d_out ; detect_sw:detect_credit_sw|check_counter[21]               ; clk_50       ; cpu_clk_out ; 20.000       ; 3.525      ; 5.580      ;
; 17.946 ; count_to_zero:COUNT_INTS|d_out ; detect_sw:detect_credit_sw|check_counter[22]               ; clk_50       ; cpu_clk_out ; 20.000       ; 3.525      ; 5.580      ;
; 17.946 ; count_to_zero:COUNT_INTS|d_out ; detect_sw:detect_credit_sw|check_counter[23]               ; clk_50       ; cpu_clk_out ; 20.000       ; 3.525      ; 5.580      ;
; 17.946 ; count_to_zero:COUNT_INTS|d_out ; detect_sw:detect_credit_sw|check_counter[24]               ; clk_50       ; cpu_clk_out ; 20.000       ; 3.525      ; 5.580      ;
; 17.946 ; count_to_zero:COUNT_INTS|d_out ; detect_sw:detect_credit_sw|closed_counter[0]               ; clk_50       ; cpu_clk_out ; 20.000       ; 3.525      ; 5.580      ;
; 17.946 ; count_to_zero:COUNT_INTS|d_out ; detect_sw:detect_credit_sw|closed_counter[1]               ; clk_50       ; cpu_clk_out ; 20.000       ; 3.525      ; 5.580      ;
; 17.946 ; count_to_zero:COUNT_INTS|d_out ; detect_sw:detect_credit_sw|closed_counter[2]               ; clk_50       ; cpu_clk_out ; 20.000       ; 3.525      ; 5.580      ;
; 17.946 ; count_to_zero:COUNT_INTS|d_out ; detect_sw:detect_credit_sw|closed_counter[3]               ; clk_50       ; cpu_clk_out ; 20.000       ; 3.525      ; 5.580      ;
; 17.946 ; count_to_zero:COUNT_INTS|d_out ; detect_sw:detect_credit_sw|closed_counter[4]               ; clk_50       ; cpu_clk_out ; 20.000       ; 3.525      ; 5.580      ;
; 17.946 ; count_to_zero:COUNT_INTS|d_out ; detect_sw:detect_credit_sw|closed_counter[5]               ; clk_50       ; cpu_clk_out ; 20.000       ; 3.525      ; 5.580      ;
; 17.946 ; count_to_zero:COUNT_INTS|d_out ; detect_sw:detect_credit_sw|closed_counter[6]               ; clk_50       ; cpu_clk_out ; 20.000       ; 3.525      ; 5.580      ;
; 17.946 ; count_to_zero:COUNT_INTS|d_out ; detect_sw:detect_credit_sw|closed_counter[7]               ; clk_50       ; cpu_clk_out ; 20.000       ; 3.525      ; 5.580      ;
; 17.946 ; count_to_zero:COUNT_INTS|d_out ; detect_sw:detect_credit_sw|closed_counter[8]               ; clk_50       ; cpu_clk_out ; 20.000       ; 3.525      ; 5.580      ;
; 17.946 ; count_to_zero:COUNT_INTS|d_out ; detect_sw:detect_credit_sw|closed_counter[9]               ; clk_50       ; cpu_clk_out ; 20.000       ; 3.525      ; 5.580      ;
; 17.946 ; count_to_zero:COUNT_INTS|d_out ; detect_sw:detect_credit_sw|closed_counter[10]              ; clk_50       ; cpu_clk_out ; 20.000       ; 3.525      ; 5.580      ;
; 17.946 ; count_to_zero:COUNT_INTS|d_out ; detect_sw:detect_credit_sw|closed_counter[11]              ; clk_50       ; cpu_clk_out ; 20.000       ; 3.525      ; 5.580      ;
; 17.948 ; count_to_zero:COUNT_INTS|d_out ; detect_sw:detect_test_sw|closed_counter[12]                ; clk_50       ; cpu_clk_out ; 20.000       ; 3.498      ; 5.551      ;
; 17.948 ; count_to_zero:COUNT_INTS|d_out ; detect_sw:detect_test_sw|closed_counter[13]                ; clk_50       ; cpu_clk_out ; 20.000       ; 3.498      ; 5.551      ;
; 17.948 ; count_to_zero:COUNT_INTS|d_out ; detect_sw:detect_test_sw|closed_counter[14]                ; clk_50       ; cpu_clk_out ; 20.000       ; 3.498      ; 5.551      ;
; 17.948 ; count_to_zero:COUNT_INTS|d_out ; detect_sw:detect_test_sw|closed_counter[15]                ; clk_50       ; cpu_clk_out ; 20.000       ; 3.498      ; 5.551      ;
; 17.948 ; count_to_zero:COUNT_INTS|d_out ; detect_sw:detect_test_sw|closed_counter[16]                ; clk_50       ; cpu_clk_out ; 20.000       ; 3.498      ; 5.551      ;
; 17.948 ; count_to_zero:COUNT_INTS|d_out ; detect_sw:detect_test_sw|closed_counter[17]                ; clk_50       ; cpu_clk_out ; 20.000       ; 3.498      ; 5.551      ;
; 17.948 ; count_to_zero:COUNT_INTS|d_out ; detect_sw:detect_test_sw|closed_counter[18]                ; clk_50       ; cpu_clk_out ; 20.000       ; 3.498      ; 5.551      ;
; 17.948 ; count_to_zero:COUNT_INTS|d_out ; detect_sw:detect_test_sw|closed_counter[19]                ; clk_50       ; cpu_clk_out ; 20.000       ; 3.498      ; 5.551      ;
; 17.948 ; count_to_zero:COUNT_INTS|d_out ; detect_sw:detect_test_sw|closed_counter[20]                ; clk_50       ; cpu_clk_out ; 20.000       ; 3.498      ; 5.551      ;
; 17.948 ; count_to_zero:COUNT_INTS|d_out ; detect_sw:detect_test_sw|closed_counter[21]                ; clk_50       ; cpu_clk_out ; 20.000       ; 3.498      ; 5.551      ;
; 17.948 ; count_to_zero:COUNT_INTS|d_out ; detect_sw:detect_test_sw|closed_counter[22]                ; clk_50       ; cpu_clk_out ; 20.000       ; 3.498      ; 5.551      ;
; 17.948 ; count_to_zero:COUNT_INTS|d_out ; detect_sw:detect_test_sw|closed_counter[23]                ; clk_50       ; cpu_clk_out ; 20.000       ; 3.498      ; 5.551      ;
; 17.948 ; count_to_zero:COUNT_INTS|d_out ; detect_sw:detect_test_sw|closed_counter[24]                ; clk_50       ; cpu_clk_out ; 20.000       ; 3.498      ; 5.551      ;
; 17.948 ; count_to_zero:COUNT_INTS|d_out ; detect_sw_trigger:detect_credit_sw_trigger|counter[0]      ; clk_50       ; cpu_clk_out ; 20.000       ; 3.499      ; 5.552      ;
; 17.948 ; count_to_zero:COUNT_INTS|d_out ; detect_sw_trigger:detect_credit_sw_trigger|counter[1]      ; clk_50       ; cpu_clk_out ; 20.000       ; 3.499      ; 5.552      ;
; 17.948 ; count_to_zero:COUNT_INTS|d_out ; detect_sw_trigger:detect_credit_sw_trigger|counter[2]      ; clk_50       ; cpu_clk_out ; 20.000       ; 3.499      ; 5.552      ;
; 17.948 ; count_to_zero:COUNT_INTS|d_out ; detect_sw_trigger:detect_credit_sw_trigger|counter[3]      ; clk_50       ; cpu_clk_out ; 20.000       ; 3.499      ; 5.552      ;
; 17.948 ; count_to_zero:COUNT_INTS|d_out ; detect_sw_trigger:detect_credit_sw_trigger|counter[4]      ; clk_50       ; cpu_clk_out ; 20.000       ; 3.499      ; 5.552      ;
; 17.948 ; count_to_zero:COUNT_INTS|d_out ; detect_sw_trigger:detect_credit_sw_trigger|counter[5]      ; clk_50       ; cpu_clk_out ; 20.000       ; 3.499      ; 5.552      ;
; 17.948 ; count_to_zero:COUNT_INTS|d_out ; detect_sw_trigger:detect_credit_sw_trigger|counter[6]      ; clk_50       ; cpu_clk_out ; 20.000       ; 3.499      ; 5.552      ;
; 17.948 ; count_to_zero:COUNT_INTS|d_out ; detect_sw_trigger:detect_credit_sw_trigger|counter[7]      ; clk_50       ; cpu_clk_out ; 20.000       ; 3.499      ; 5.552      ;
; 17.948 ; count_to_zero:COUNT_INTS|d_out ; detect_sw_trigger:detect_credit_sw_trigger|counter[8]      ; clk_50       ; cpu_clk_out ; 20.000       ; 3.499      ; 5.552      ;
; 17.948 ; count_to_zero:COUNT_INTS|d_out ; detect_sw_trigger:detect_credit_sw_trigger|counter[9]      ; clk_50       ; cpu_clk_out ; 20.000       ; 3.499      ; 5.552      ;
+--------+--------------------------------+------------------------------------------------------------+--------------+-------------+--------------+------------+------------+


+-----------------------------------------------------------------------------------------------------------------------------------------------------------------------+
; Slow 1200mV 85C Model Removal: 'cpu_clk_out'                                                                                                                          ;
+-------+--------------------------------+--------------------------------------------------------+--------------+-------------+--------------+------------+------------+
; Slack ; From Node                      ; To Node                                                ; Launch Clock ; Latch Clock ; Relationship ; Clock Skew ; Data Delay ;
+-------+--------------------------------+--------------------------------------------------------+--------------+-------------+--------------+------------+------------+
; 1.133 ; count_to_zero:COUNT_INTS|d_out ; detect_sw:detect_credit_sw|check_counter[12]           ; clk_50       ; cpu_clk_out ; 0.000        ; 3.849      ; 5.214      ;
; 1.133 ; count_to_zero:COUNT_INTS|d_out ; detect_sw:detect_credit_sw|check_counter[13]           ; clk_50       ; cpu_clk_out ; 0.000        ; 3.849      ; 5.214      ;
; 1.133 ; count_to_zero:COUNT_INTS|d_out ; detect_sw:detect_credit_sw|check_counter[14]           ; clk_50       ; cpu_clk_out ; 0.000        ; 3.849      ; 5.214      ;
; 1.133 ; count_to_zero:COUNT_INTS|d_out ; detect_sw:detect_credit_sw|check_counter[15]           ; clk_50       ; cpu_clk_out ; 0.000        ; 3.849      ; 5.214      ;
; 1.133 ; count_to_zero:COUNT_INTS|d_out ; detect_sw:detect_credit_sw|check_counter[16]           ; clk_50       ; cpu_clk_out ; 0.000        ; 3.849      ; 5.214      ;
; 1.133 ; count_to_zero:COUNT_INTS|d_out ; detect_sw:detect_credit_sw|check_counter[17]           ; clk_50       ; cpu_clk_out ; 0.000        ; 3.849      ; 5.214      ;
; 1.133 ; count_to_zero:COUNT_INTS|d_out ; detect_sw:detect_credit_sw|check_counter[18]           ; clk_50       ; cpu_clk_out ; 0.000        ; 3.849      ; 5.214      ;
; 1.133 ; count_to_zero:COUNT_INTS|d_out ; detect_sw:detect_credit_sw|check_counter[19]           ; clk_50       ; cpu_clk_out ; 0.000        ; 3.849      ; 5.214      ;
; 1.133 ; count_to_zero:COUNT_INTS|d_out ; detect_sw:detect_credit_sw|check_counter[20]           ; clk_50       ; cpu_clk_out ; 0.000        ; 3.849      ; 5.214      ;
; 1.133 ; count_to_zero:COUNT_INTS|d_out ; detect_sw:detect_credit_sw|check_counter[21]           ; clk_50       ; cpu_clk_out ; 0.000        ; 3.849      ; 5.214      ;
; 1.133 ; count_to_zero:COUNT_INTS|d_out ; detect_sw:detect_credit_sw|check_counter[22]           ; clk_50       ; cpu_clk_out ; 0.000        ; 3.849      ; 5.214      ;
; 1.133 ; count_to_zero:COUNT_INTS|d_out ; detect_sw:detect_credit_sw|check_counter[23]           ; clk_50       ; cpu_clk_out ; 0.000        ; 3.849      ; 5.214      ;
; 1.133 ; count_to_zero:COUNT_INTS|d_out ; detect_sw:detect_credit_sw|check_counter[24]           ; clk_50       ; cpu_clk_out ; 0.000        ; 3.849      ; 5.214      ;
; 1.133 ; count_to_zero:COUNT_INTS|d_out ; detect_sw:detect_credit_sw|state.counting              ; clk_50       ; cpu_clk_out ; 0.000        ; 3.845      ; 5.210      ;
; 1.133 ; count_to_zero:COUNT_INTS|d_out ; detect_sw:detect_credit_sw|state.delay                 ; clk_50       ; cpu_clk_out ; 0.000        ; 3.845      ; 5.210      ;
; 1.133 ; count_to_zero:COUNT_INTS|d_out ; detect_sw:detect_credit_sw|state.Idle                  ; clk_50       ; cpu_clk_out ; 0.000        ; 3.845      ; 5.210      ;
; 1.133 ; count_to_zero:COUNT_INTS|d_out ; detect_sw:detect_credit_sw|closed_counter[0]           ; clk_50       ; cpu_clk_out ; 0.000        ; 3.850      ; 5.215      ;
; 1.133 ; count_to_zero:COUNT_INTS|d_out ; detect_sw:detect_credit_sw|closed_counter[1]           ; clk_50       ; cpu_clk_out ; 0.000        ; 3.850      ; 5.215      ;
; 1.133 ; count_to_zero:COUNT_INTS|d_out ; detect_sw:detect_credit_sw|closed_counter[2]           ; clk_50       ; cpu_clk_out ; 0.000        ; 3.850      ; 5.215      ;
; 1.133 ; count_to_zero:COUNT_INTS|d_out ; detect_sw:detect_credit_sw|closed_counter[3]           ; clk_50       ; cpu_clk_out ; 0.000        ; 3.850      ; 5.215      ;
; 1.133 ; count_to_zero:COUNT_INTS|d_out ; detect_sw:detect_credit_sw|closed_counter[4]           ; clk_50       ; cpu_clk_out ; 0.000        ; 3.850      ; 5.215      ;
; 1.133 ; count_to_zero:COUNT_INTS|d_out ; detect_sw:detect_credit_sw|closed_counter[5]           ; clk_50       ; cpu_clk_out ; 0.000        ; 3.850      ; 5.215      ;
; 1.133 ; count_to_zero:COUNT_INTS|d_out ; detect_sw:detect_credit_sw|closed_counter[6]           ; clk_50       ; cpu_clk_out ; 0.000        ; 3.850      ; 5.215      ;
; 1.133 ; count_to_zero:COUNT_INTS|d_out ; detect_sw:detect_credit_sw|closed_counter[7]           ; clk_50       ; cpu_clk_out ; 0.000        ; 3.850      ; 5.215      ;
; 1.133 ; count_to_zero:COUNT_INTS|d_out ; detect_sw:detect_credit_sw|closed_counter[8]           ; clk_50       ; cpu_clk_out ; 0.000        ; 3.850      ; 5.215      ;
; 1.133 ; count_to_zero:COUNT_INTS|d_out ; detect_sw:detect_credit_sw|closed_counter[9]           ; clk_50       ; cpu_clk_out ; 0.000        ; 3.850      ; 5.215      ;
; 1.133 ; count_to_zero:COUNT_INTS|d_out ; detect_sw:detect_credit_sw|closed_counter[10]          ; clk_50       ; cpu_clk_out ; 0.000        ; 3.850      ; 5.215      ;
; 1.133 ; count_to_zero:COUNT_INTS|d_out ; detect_sw:detect_credit_sw|closed_counter[11]          ; clk_50       ; cpu_clk_out ; 0.000        ; 3.850      ; 5.215      ;
; 1.133 ; count_to_zero:COUNT_INTS|d_out ; detect_sw:detect_credit_sw|long_push                   ; clk_50       ; cpu_clk_out ; 0.000        ; 3.845      ; 5.210      ;
; 1.137 ; count_to_zero:COUNT_INTS|d_out ; detect_sw:detect_test_sw|check_counter[0]              ; clk_50       ; cpu_clk_out ; 0.000        ; 3.819      ; 5.188      ;
; 1.137 ; count_to_zero:COUNT_INTS|d_out ; detect_sw:detect_test_sw|check_counter[1]              ; clk_50       ; cpu_clk_out ; 0.000        ; 3.819      ; 5.188      ;
; 1.137 ; count_to_zero:COUNT_INTS|d_out ; detect_sw:detect_test_sw|check_counter[2]              ; clk_50       ; cpu_clk_out ; 0.000        ; 3.819      ; 5.188      ;
; 1.137 ; count_to_zero:COUNT_INTS|d_out ; detect_sw:detect_test_sw|check_counter[3]              ; clk_50       ; cpu_clk_out ; 0.000        ; 3.819      ; 5.188      ;
; 1.137 ; count_to_zero:COUNT_INTS|d_out ; detect_sw:detect_test_sw|check_counter[4]              ; clk_50       ; cpu_clk_out ; 0.000        ; 3.819      ; 5.188      ;
; 1.137 ; count_to_zero:COUNT_INTS|d_out ; detect_sw:detect_test_sw|check_counter[5]              ; clk_50       ; cpu_clk_out ; 0.000        ; 3.819      ; 5.188      ;
; 1.137 ; count_to_zero:COUNT_INTS|d_out ; detect_sw:detect_test_sw|check_counter[6]              ; clk_50       ; cpu_clk_out ; 0.000        ; 3.819      ; 5.188      ;
; 1.137 ; count_to_zero:COUNT_INTS|d_out ; detect_sw:detect_test_sw|check_counter[7]              ; clk_50       ; cpu_clk_out ; 0.000        ; 3.819      ; 5.188      ;
; 1.137 ; count_to_zero:COUNT_INTS|d_out ; detect_sw:detect_test_sw|check_counter[8]              ; clk_50       ; cpu_clk_out ; 0.000        ; 3.819      ; 5.188      ;
; 1.137 ; count_to_zero:COUNT_INTS|d_out ; detect_sw:detect_test_sw|check_counter[9]              ; clk_50       ; cpu_clk_out ; 0.000        ; 3.819      ; 5.188      ;
; 1.137 ; count_to_zero:COUNT_INTS|d_out ; detect_sw:detect_test_sw|check_counter[10]             ; clk_50       ; cpu_clk_out ; 0.000        ; 3.819      ; 5.188      ;
; 1.137 ; count_to_zero:COUNT_INTS|d_out ; detect_sw:detect_test_sw|check_counter[11]             ; clk_50       ; cpu_clk_out ; 0.000        ; 3.819      ; 5.188      ;
; 1.137 ; count_to_zero:COUNT_INTS|d_out ; detect_sw:detect_test_sw|closed_counter[0]             ; clk_50       ; cpu_clk_out ; 0.000        ; 3.822      ; 5.191      ;
; 1.137 ; count_to_zero:COUNT_INTS|d_out ; detect_sw:detect_test_sw|closed_counter[1]             ; clk_50       ; cpu_clk_out ; 0.000        ; 3.822      ; 5.191      ;
; 1.137 ; count_to_zero:COUNT_INTS|d_out ; detect_sw:detect_test_sw|closed_counter[2]             ; clk_50       ; cpu_clk_out ; 0.000        ; 3.822      ; 5.191      ;
; 1.137 ; count_to_zero:COUNT_INTS|d_out ; detect_sw:detect_test_sw|closed_counter[3]             ; clk_50       ; cpu_clk_out ; 0.000        ; 3.822      ; 5.191      ;
; 1.137 ; count_to_zero:COUNT_INTS|d_out ; detect_sw:detect_test_sw|closed_counter[4]             ; clk_50       ; cpu_clk_out ; 0.000        ; 3.822      ; 5.191      ;
; 1.137 ; count_to_zero:COUNT_INTS|d_out ; detect_sw:detect_test_sw|closed_counter[5]             ; clk_50       ; cpu_clk_out ; 0.000        ; 3.822      ; 5.191      ;
; 1.137 ; count_to_zero:COUNT_INTS|d_out ; detect_sw:detect_test_sw|closed_counter[6]             ; clk_50       ; cpu_clk_out ; 0.000        ; 3.822      ; 5.191      ;
; 1.137 ; count_to_zero:COUNT_INTS|d_out ; detect_sw:detect_test_sw|closed_counter[7]             ; clk_50       ; cpu_clk_out ; 0.000        ; 3.822      ; 5.191      ;
; 1.137 ; count_to_zero:COUNT_INTS|d_out ; detect_sw:detect_test_sw|closed_counter[8]             ; clk_50       ; cpu_clk_out ; 0.000        ; 3.822      ; 5.191      ;
; 1.137 ; count_to_zero:COUNT_INTS|d_out ; detect_sw:detect_test_sw|closed_counter[9]             ; clk_50       ; cpu_clk_out ; 0.000        ; 3.822      ; 5.191      ;
; 1.137 ; count_to_zero:COUNT_INTS|d_out ; detect_sw:detect_test_sw|closed_counter[10]            ; clk_50       ; cpu_clk_out ; 0.000        ; 3.822      ; 5.191      ;
; 1.137 ; count_to_zero:COUNT_INTS|d_out ; detect_sw:detect_test_sw|closed_counter[11]            ; clk_50       ; cpu_clk_out ; 0.000        ; 3.822      ; 5.191      ;
; 1.137 ; count_to_zero:COUNT_INTS|d_out ; detect_sw:detect_test_sw|closed_counter[12]            ; clk_50       ; cpu_clk_out ; 0.000        ; 3.822      ; 5.191      ;
; 1.137 ; count_to_zero:COUNT_INTS|d_out ; detect_sw:detect_test_sw|closed_counter[13]            ; clk_50       ; cpu_clk_out ; 0.000        ; 3.822      ; 5.191      ;
; 1.137 ; count_to_zero:COUNT_INTS|d_out ; detect_sw:detect_test_sw|closed_counter[14]            ; clk_50       ; cpu_clk_out ; 0.000        ; 3.822      ; 5.191      ;
; 1.137 ; count_to_zero:COUNT_INTS|d_out ; detect_sw:detect_test_sw|closed_counter[15]            ; clk_50       ; cpu_clk_out ; 0.000        ; 3.822      ; 5.191      ;
; 1.137 ; count_to_zero:COUNT_INTS|d_out ; detect_sw:detect_test_sw|closed_counter[16]            ; clk_50       ; cpu_clk_out ; 0.000        ; 3.822      ; 5.191      ;
; 1.137 ; count_to_zero:COUNT_INTS|d_out ; detect_sw:detect_test_sw|closed_counter[17]            ; clk_50       ; cpu_clk_out ; 0.000        ; 3.822      ; 5.191      ;
; 1.137 ; count_to_zero:COUNT_INTS|d_out ; detect_sw:detect_test_sw|closed_counter[18]            ; clk_50       ; cpu_clk_out ; 0.000        ; 3.822      ; 5.191      ;
; 1.137 ; count_to_zero:COUNT_INTS|d_out ; detect_sw:detect_test_sw|closed_counter[19]            ; clk_50       ; cpu_clk_out ; 0.000        ; 3.822      ; 5.191      ;
; 1.137 ; count_to_zero:COUNT_INTS|d_out ; detect_sw:detect_test_sw|closed_counter[20]            ; clk_50       ; cpu_clk_out ; 0.000        ; 3.822      ; 5.191      ;
; 1.137 ; count_to_zero:COUNT_INTS|d_out ; detect_sw:detect_test_sw|closed_counter[21]            ; clk_50       ; cpu_clk_out ; 0.000        ; 3.822      ; 5.191      ;
; 1.137 ; count_to_zero:COUNT_INTS|d_out ; detect_sw:detect_test_sw|closed_counter[22]            ; clk_50       ; cpu_clk_out ; 0.000        ; 3.822      ; 5.191      ;
; 1.137 ; count_to_zero:COUNT_INTS|d_out ; detect_sw:detect_test_sw|closed_counter[23]            ; clk_50       ; cpu_clk_out ; 0.000        ; 3.822      ; 5.191      ;
; 1.137 ; count_to_zero:COUNT_INTS|d_out ; detect_sw:detect_test_sw|closed_counter[24]            ; clk_50       ; cpu_clk_out ; 0.000        ; 3.822      ; 5.191      ;
; 1.137 ; count_to_zero:COUNT_INTS|d_out ; detect_sw_trigger:detect_credit_sw_trigger|counter[0]  ; clk_50       ; cpu_clk_out ; 0.000        ; 3.822      ; 5.191      ;
; 1.137 ; count_to_zero:COUNT_INTS|d_out ; detect_sw_trigger:detect_credit_sw_trigger|counter[1]  ; clk_50       ; cpu_clk_out ; 0.000        ; 3.822      ; 5.191      ;
; 1.137 ; count_to_zero:COUNT_INTS|d_out ; detect_sw_trigger:detect_credit_sw_trigger|counter[2]  ; clk_50       ; cpu_clk_out ; 0.000        ; 3.822      ; 5.191      ;
; 1.137 ; count_to_zero:COUNT_INTS|d_out ; detect_sw_trigger:detect_credit_sw_trigger|counter[3]  ; clk_50       ; cpu_clk_out ; 0.000        ; 3.822      ; 5.191      ;
; 1.137 ; count_to_zero:COUNT_INTS|d_out ; detect_sw_trigger:detect_credit_sw_trigger|counter[4]  ; clk_50       ; cpu_clk_out ; 0.000        ; 3.822      ; 5.191      ;
; 1.137 ; count_to_zero:COUNT_INTS|d_out ; detect_sw_trigger:detect_credit_sw_trigger|counter[5]  ; clk_50       ; cpu_clk_out ; 0.000        ; 3.822      ; 5.191      ;
; 1.137 ; count_to_zero:COUNT_INTS|d_out ; detect_sw_trigger:detect_credit_sw_trigger|counter[6]  ; clk_50       ; cpu_clk_out ; 0.000        ; 3.822      ; 5.191      ;
; 1.137 ; count_to_zero:COUNT_INTS|d_out ; detect_sw_trigger:detect_credit_sw_trigger|counter[7]  ; clk_50       ; cpu_clk_out ; 0.000        ; 3.822      ; 5.191      ;
; 1.137 ; count_to_zero:COUNT_INTS|d_out ; detect_sw_trigger:detect_credit_sw_trigger|counter[8]  ; clk_50       ; cpu_clk_out ; 0.000        ; 3.822      ; 5.191      ;
; 1.137 ; count_to_zero:COUNT_INTS|d_out ; detect_sw_trigger:detect_credit_sw_trigger|counter[9]  ; clk_50       ; cpu_clk_out ; 0.000        ; 3.822      ; 5.191      ;
; 1.137 ; count_to_zero:COUNT_INTS|d_out ; detect_sw_trigger:detect_credit_sw_trigger|counter[10] ; clk_50       ; cpu_clk_out ; 0.000        ; 3.822      ; 5.191      ;
; 1.137 ; count_to_zero:COUNT_INTS|d_out ; detect_sw_trigger:detect_credit_sw_trigger|counter[11] ; clk_50       ; cpu_clk_out ; 0.000        ; 3.822      ; 5.191      ;
; 1.137 ; count_to_zero:COUNT_INTS|d_out ; detect_sw_trigger:detect_credit_sw_trigger|counter[12] ; clk_50       ; cpu_clk_out ; 0.000        ; 3.822      ; 5.191      ;
; 1.137 ; count_to_zero:COUNT_INTS|d_out ; detect_sw_trigger:detect_credit_sw_trigger|counter[13] ; clk_50       ; cpu_clk_out ; 0.000        ; 3.822      ; 5.191      ;
; 1.137 ; count_to_zero:COUNT_INTS|d_out ; detect_sw_trigger:detect_credit_sw_trigger|counter[14] ; clk_50       ; cpu_clk_out ; 0.000        ; 3.822      ; 5.191      ;
; 1.137 ; count_to_zero:COUNT_INTS|d_out ; detect_sw_trigger:detect_credit_sw_trigger|counter[15] ; clk_50       ; cpu_clk_out ; 0.000        ; 3.822      ; 5.191      ;
; 1.137 ; count_to_zero:COUNT_INTS|d_out ; detect_sw_trigger:detect_credit_sw_trigger|counter[16] ; clk_50       ; cpu_clk_out ; 0.000        ; 3.822      ; 5.191      ;
; 1.137 ; count_to_zero:COUNT_INTS|d_out ; detect_sw_trigger:detect_credit_sw_trigger|counter[17] ; clk_50       ; cpu_clk_out ; 0.000        ; 3.822      ; 5.191      ;
; 1.137 ; count_to_zero:COUNT_INTS|d_out ; detect_sw_trigger:detect_credit_sw_trigger|counter[18] ; clk_50       ; cpu_clk_out ; 0.000        ; 3.822      ; 5.191      ;
; 1.137 ; count_to_zero:COUNT_INTS|d_out ; detect_sw_trigger:detect_credit_sw_trigger|counter[19] ; clk_50       ; cpu_clk_out ; 0.000        ; 3.822      ; 5.191      ;
; 1.137 ; count_to_zero:COUNT_INTS|d_out ; detect_sw_trigger:detect_credit_sw_trigger|counter[20] ; clk_50       ; cpu_clk_out ; 0.000        ; 3.822      ; 5.191      ;
; 1.137 ; count_to_zero:COUNT_INTS|d_out ; detect_sw_trigger:detect_credit_sw_trigger|counter[21] ; clk_50       ; cpu_clk_out ; 0.000        ; 3.822      ; 5.191      ;
; 1.137 ; count_to_zero:COUNT_INTS|d_out ; detect_sw_trigger:detect_credit_sw_trigger|counter[22] ; clk_50       ; cpu_clk_out ; 0.000        ; 3.822      ; 5.191      ;
; 1.137 ; count_to_zero:COUNT_INTS|d_out ; detect_sw_trigger:detect_credit_sw_trigger|counter[23] ; clk_50       ; cpu_clk_out ; 0.000        ; 3.822      ; 5.191      ;
; 1.137 ; count_to_zero:COUNT_INTS|d_out ; detect_sw_trigger:detect_credit_sw_trigger|counter[24] ; clk_50       ; cpu_clk_out ; 0.000        ; 3.822      ; 5.191      ;
; 1.137 ; count_to_zero:COUNT_INTS|d_out ; detect_sw_trigger:detect_credit_sw_trigger|counter[25] ; clk_50       ; cpu_clk_out ; 0.000        ; 3.822      ; 5.191      ;
; 1.149 ; count_to_zero:COUNT_INTS|d_out ; detect_sw:detect_credit_sw|check_counter[0]            ; clk_50       ; cpu_clk_out ; 0.000        ; 3.851      ; 5.232      ;
; 1.149 ; count_to_zero:COUNT_INTS|d_out ; detect_sw:detect_credit_sw|check_counter[1]            ; clk_50       ; cpu_clk_out ; 0.000        ; 3.851      ; 5.232      ;
; 1.149 ; count_to_zero:COUNT_INTS|d_out ; detect_sw:detect_credit_sw|check_counter[2]            ; clk_50       ; cpu_clk_out ; 0.000        ; 3.851      ; 5.232      ;
; 1.149 ; count_to_zero:COUNT_INTS|d_out ; detect_sw:detect_credit_sw|check_counter[3]            ; clk_50       ; cpu_clk_out ; 0.000        ; 3.851      ; 5.232      ;
; 1.149 ; count_to_zero:COUNT_INTS|d_out ; detect_sw:detect_credit_sw|check_counter[4]            ; clk_50       ; cpu_clk_out ; 0.000        ; 3.851      ; 5.232      ;
; 1.149 ; count_to_zero:COUNT_INTS|d_out ; detect_sw:detect_credit_sw|check_counter[5]            ; clk_50       ; cpu_clk_out ; 0.000        ; 3.851      ; 5.232      ;
; 1.149 ; count_to_zero:COUNT_INTS|d_out ; detect_sw:detect_credit_sw|check_counter[6]            ; clk_50       ; cpu_clk_out ; 0.000        ; 3.851      ; 5.232      ;
; 1.149 ; count_to_zero:COUNT_INTS|d_out ; detect_sw:detect_credit_sw|check_counter[7]            ; clk_50       ; cpu_clk_out ; 0.000        ; 3.851      ; 5.232      ;
+-------+--------------------------------+--------------------------------------------------------+--------------+-------------+--------------+------------+------------+


+-----------------------------------------------------------------------------------------------------------------------------------------------------------------+
; Slow 1200mV 85C Model Removal: 'clk_50'                                                                                                                         ;
+-------+-----------------------------+-----------------------------------------------------+--------------+-------------+--------------+------------+------------+
; Slack ; From Node                   ; To Node                                             ; Launch Clock ; Latch Clock ; Relationship ; Clock Skew ; Data Delay ;
+-------+-----------------------------+-----------------------------------------------------+--------------+-------------+--------------+------------+------------+
; 2.163 ; SD_Card:SD_CARD|cpu_reset_l ; EEprom:EEprom|state.wait_for_Master_II              ; clk_50       ; clk_50      ; 0.000        ; 0.106      ; 2.481      ;
; 2.163 ; SD_Card:SD_CARD|cpu_reset_l ; EEprom:EEprom|state.check_WP_bit                    ; clk_50       ; clk_50      ; 0.000        ; 0.106      ; 2.481      ;
; 2.163 ; SD_Card:SD_CARD|cpu_reset_l ; EEprom:EEprom|state.wait_for_Master_III             ; clk_50       ; clk_50      ; 0.000        ; 0.106      ; 2.481      ;
; 2.163 ; SD_Card:SD_CARD|cpu_reset_l ; EEprom:EEprom|state.wait_for_Master_I               ; clk_50       ; clk_50      ; 0.000        ; 0.106      ; 2.481      ;
; 2.163 ; SD_Card:SD_CARD|cpu_reset_l ; EEprom:EEprom|state.wait_for_get_status_reg         ; clk_50       ; clk_50      ; 0.000        ; 0.106      ; 2.481      ;
; 2.163 ; SD_Card:SD_CARD|cpu_reset_l ; EEprom:EEprom|TX_Start_Stat                         ; clk_50       ; clk_50      ; 0.000        ; 0.106      ; 2.481      ;
; 2.163 ; SD_Card:SD_CARD|cpu_reset_l ; EEprom:EEprom|state.get_status_reg                  ; clk_50       ; clk_50      ; 0.000        ; 0.106      ; 2.481      ;
; 2.163 ; SD_Card:SD_CARD|cpu_reset_l ; EEprom:EEprom|state.next_write                      ; clk_50       ; clk_50      ; 0.000        ; 0.106      ; 2.481      ;
; 2.228 ; SD_Card:SD_CARD|cpu_reset_l ; EEprom:EEprom|TX_Start_W                            ; clk_50       ; clk_50      ; 0.000        ; 0.106      ; 2.546      ;
; 2.228 ; SD_Card:SD_CARD|cpu_reset_l ; EEprom:EEprom|state.wait_for_Write_done             ; clk_50       ; clk_50      ; 0.000        ; 0.106      ; 2.546      ;
; 2.228 ; SD_Card:SD_CARD|cpu_reset_l ; EEprom:EEprom|state.send_write_request              ; clk_50       ; clk_50      ; 0.000        ; 0.106      ; 2.546      ;
; 2.228 ; SD_Card:SD_CARD|cpu_reset_l ; EEprom:EEprom|TX_Start_Cmd                          ; clk_50       ; clk_50      ; 0.000        ; 0.106      ; 2.546      ;
; 2.228 ; SD_Card:SD_CARD|cpu_reset_l ; EEprom:EEprom|state.wait_for_Cmd_done               ; clk_50       ; clk_50      ; 0.000        ; 0.106      ; 2.546      ;
; 2.228 ; SD_Card:SD_CARD|cpu_reset_l ; EEprom:EEprom|state.send_read_request               ; clk_50       ; clk_50      ; 0.000        ; 0.106      ; 2.546      ;
; 2.228 ; SD_Card:SD_CARD|cpu_reset_l ; EEprom:EEprom|state.Delay                           ; clk_50       ; clk_50      ; 0.000        ; 0.106      ; 2.546      ;
; 2.228 ; SD_Card:SD_CARD|cpu_reset_l ; EEprom:EEprom|state.Check_dip                       ; clk_50       ; clk_50      ; 0.000        ; 0.106      ; 2.546      ;
; 2.438 ; SD_Card:SD_CARD|cpu_reset_l ; count_to_zero:COUNT_STROBES|d_out                   ; clk_50       ; clk_50      ; 0.000        ; 0.081      ; 2.731      ;
; 2.438 ; SD_Card:SD_CARD|cpu_reset_l ; count_to_zero:COUNT_STROBES|int_count[0]            ; clk_50       ; clk_50      ; 0.000        ; 0.081      ; 2.731      ;
; 2.443 ; SD_Card:SD_CARD|cpu_reset_l ; count_to_zero:COUNT_STROBES|int_count[5]            ; clk_50       ; clk_50      ; 0.000        ; 0.082      ; 2.737      ;
; 2.443 ; SD_Card:SD_CARD|cpu_reset_l ; count_to_zero:COUNT_STROBES|int_count[2]            ; clk_50       ; clk_50      ; 0.000        ; 0.082      ; 2.737      ;
; 2.443 ; SD_Card:SD_CARD|cpu_reset_l ; count_to_zero:COUNT_STROBES|int_count[1]            ; clk_50       ; clk_50      ; 0.000        ; 0.082      ; 2.737      ;
; 2.443 ; SD_Card:SD_CARD|cpu_reset_l ; count_to_zero:COUNT_STROBES|int_count[3]            ; clk_50       ; clk_50      ; 0.000        ; 0.082      ; 2.737      ;
; 2.443 ; SD_Card:SD_CARD|cpu_reset_l ; count_to_zero:COUNT_STROBES|int_count[4]            ; clk_50       ; clk_50      ; 0.000        ; 0.082      ; 2.737      ;
; 2.443 ; SD_Card:SD_CARD|cpu_reset_l ; count_to_zero:COUNT_STROBES|int_count[7]            ; clk_50       ; clk_50      ; 0.000        ; 0.082      ; 2.737      ;
; 2.443 ; SD_Card:SD_CARD|cpu_reset_l ; count_to_zero:COUNT_STROBES|int_count[6]            ; clk_50       ; clk_50      ; 0.000        ; 0.082      ; 2.737      ;
; 2.464 ; SD_Card:SD_CARD|cpu_reset_l ; EEprom:EEprom|state.Delay2                          ; clk_50       ; clk_50      ; 0.000        ; 0.106      ; 2.782      ;
; 2.464 ; SD_Card:SD_CARD|cpu_reset_l ; EEprom:EEprom|state.wait_for_Master                 ; clk_50       ; clk_50      ; 0.000        ; 0.106      ; 2.782      ;
; 2.464 ; SD_Card:SD_CARD|cpu_reset_l ; EEprom:EEprom|wr_ram                                ; clk_50       ; clk_50      ; 0.000        ; 0.106      ; 2.782      ;
; 2.464 ; SD_Card:SD_CARD|cpu_reset_l ; EEprom:EEprom|state.wait_for_read                   ; clk_50       ; clk_50      ; 0.000        ; 0.106      ; 2.782      ;
; 2.464 ; SD_Card:SD_CARD|cpu_reset_l ; EEprom:EEprom|TX_Start_R                            ; clk_50       ; clk_50      ; 0.000        ; 0.106      ; 2.782      ;
; 2.539 ; SD_Card:SD_CARD|cpu_reset_l ; sn74175:sn74175_80B_1|Qn[2]                         ; clk_50       ; clk_50      ; 0.000        ; 0.062      ; 2.813      ;
; 2.539 ; SD_Card:SD_CARD|cpu_reset_l ; sn74175:sn74175_80B_1|Qn[1]                         ; clk_50       ; clk_50      ; 0.000        ; 0.062      ; 2.813      ;
; 2.539 ; SD_Card:SD_CARD|cpu_reset_l ; sn74175:sn74175_80B_1|Qn[0]                         ; clk_50       ; clk_50      ; 0.000        ; 0.062      ; 2.813      ;
; 2.539 ; SD_Card:SD_CARD|cpu_reset_l ; sn74175:sn74175_80B_1|Qn[3]                         ; clk_50       ; clk_50      ; 0.000        ; 0.062      ; 2.813      ;
; 2.541 ; SD_Card:SD_CARD|cpu_reset_l ; gosof80:SOUNDBOARD|dac:Audio_DAC|DACout_q           ; clk_50       ; clk_50      ; 0.000        ; 0.103      ; 2.856      ;
; 2.783 ; SD_Card:SD_CARD|cpu_reset_l ; EEprom:EEprom|c_count[13]                           ; clk_50       ; clk_50      ; 0.000        ; 0.095      ; 3.090      ;
; 2.783 ; SD_Card:SD_CARD|cpu_reset_l ; EEprom:EEprom|c_count[12]                           ; clk_50       ; clk_50      ; 0.000        ; 0.095      ; 3.090      ;
; 2.783 ; SD_Card:SD_CARD|cpu_reset_l ; EEprom:EEprom|c_count[11]                           ; clk_50       ; clk_50      ; 0.000        ; 0.095      ; 3.090      ;
; 2.783 ; SD_Card:SD_CARD|cpu_reset_l ; EEprom:EEprom|c_count[10]                           ; clk_50       ; clk_50      ; 0.000        ; 0.095      ; 3.090      ;
; 2.783 ; SD_Card:SD_CARD|cpu_reset_l ; EEprom:EEprom|c_count[9]                            ; clk_50       ; clk_50      ; 0.000        ; 0.095      ; 3.090      ;
; 2.783 ; SD_Card:SD_CARD|cpu_reset_l ; EEprom:EEprom|c_count[8]                            ; clk_50       ; clk_50      ; 0.000        ; 0.095      ; 3.090      ;
; 2.783 ; SD_Card:SD_CARD|cpu_reset_l ; EEprom:EEprom|c_count[7]                            ; clk_50       ; clk_50      ; 0.000        ; 0.095      ; 3.090      ;
; 2.783 ; SD_Card:SD_CARD|cpu_reset_l ; EEprom:EEprom|c_count[6]                            ; clk_50       ; clk_50      ; 0.000        ; 0.095      ; 3.090      ;
; 2.783 ; SD_Card:SD_CARD|cpu_reset_l ; EEprom:EEprom|c_count[5]                            ; clk_50       ; clk_50      ; 0.000        ; 0.095      ; 3.090      ;
; 2.783 ; SD_Card:SD_CARD|cpu_reset_l ; EEprom:EEprom|c_count[4]                            ; clk_50       ; clk_50      ; 0.000        ; 0.095      ; 3.090      ;
; 2.783 ; SD_Card:SD_CARD|cpu_reset_l ; EEprom:EEprom|c_count[3]                            ; clk_50       ; clk_50      ; 0.000        ; 0.095      ; 3.090      ;
; 2.783 ; SD_Card:SD_CARD|cpu_reset_l ; EEprom:EEprom|c_count[2]                            ; clk_50       ; clk_50      ; 0.000        ; 0.095      ; 3.090      ;
; 2.783 ; SD_Card:SD_CARD|cpu_reset_l ; EEprom:EEprom|c_count[1]                            ; clk_50       ; clk_50      ; 0.000        ; 0.095      ; 3.090      ;
; 2.783 ; SD_Card:SD_CARD|cpu_reset_l ; EEprom:EEprom|c_count[0]                            ; clk_50       ; clk_50      ; 0.000        ; 0.095      ; 3.090      ;
; 2.833 ; SD_Card:SD_CARD|cpu_reset_l ; EEprom:EEprom|c_count[25]                           ; clk_50       ; clk_50      ; 0.000        ; 0.097      ; 3.142      ;
; 2.833 ; SD_Card:SD_CARD|cpu_reset_l ; EEprom:EEprom|c_count[28]                           ; clk_50       ; clk_50      ; 0.000        ; 0.097      ; 3.142      ;
; 2.833 ; SD_Card:SD_CARD|cpu_reset_l ; EEprom:EEprom|c_count[27]                           ; clk_50       ; clk_50      ; 0.000        ; 0.097      ; 3.142      ;
; 2.833 ; SD_Card:SD_CARD|cpu_reset_l ; EEprom:EEprom|c_count[26]                           ; clk_50       ; clk_50      ; 0.000        ; 0.097      ; 3.142      ;
; 2.833 ; SD_Card:SD_CARD|cpu_reset_l ; EEprom:EEprom|c_count[24]                           ; clk_50       ; clk_50      ; 0.000        ; 0.097      ; 3.142      ;
; 2.833 ; SD_Card:SD_CARD|cpu_reset_l ; EEprom:EEprom|c_count[23]                           ; clk_50       ; clk_50      ; 0.000        ; 0.097      ; 3.142      ;
; 2.833 ; SD_Card:SD_CARD|cpu_reset_l ; EEprom:EEprom|c_count[22]                           ; clk_50       ; clk_50      ; 0.000        ; 0.097      ; 3.142      ;
; 2.833 ; SD_Card:SD_CARD|cpu_reset_l ; EEprom:EEprom|c_count[21]                           ; clk_50       ; clk_50      ; 0.000        ; 0.097      ; 3.142      ;
; 2.833 ; SD_Card:SD_CARD|cpu_reset_l ; EEprom:EEprom|c_count[20]                           ; clk_50       ; clk_50      ; 0.000        ; 0.097      ; 3.142      ;
; 2.833 ; SD_Card:SD_CARD|cpu_reset_l ; EEprom:EEprom|c_count[19]                           ; clk_50       ; clk_50      ; 0.000        ; 0.097      ; 3.142      ;
; 2.833 ; SD_Card:SD_CARD|cpu_reset_l ; EEprom:EEprom|c_count[18]                           ; clk_50       ; clk_50      ; 0.000        ; 0.097      ; 3.142      ;
; 2.833 ; SD_Card:SD_CARD|cpu_reset_l ; EEprom:EEprom|c_count[17]                           ; clk_50       ; clk_50      ; 0.000        ; 0.097      ; 3.142      ;
; 2.833 ; SD_Card:SD_CARD|cpu_reset_l ; EEprom:EEprom|c_count[16]                           ; clk_50       ; clk_50      ; 0.000        ; 0.097      ; 3.142      ;
; 2.833 ; SD_Card:SD_CARD|cpu_reset_l ; EEprom:EEprom|c_count[15]                           ; clk_50       ; clk_50      ; 0.000        ; 0.097      ; 3.142      ;
; 2.833 ; SD_Card:SD_CARD|cpu_reset_l ; EEprom:EEprom|c_count[14]                           ; clk_50       ; clk_50      ; 0.000        ; 0.097      ; 3.142      ;
; 2.837 ; SD_Card:SD_CARD|cpu_reset_l ; EEprom:EEprom|state.Write_enable                    ; clk_50       ; clk_50      ; 0.000        ; 0.100      ; 3.149      ;
; 2.837 ; SD_Card:SD_CARD|cpu_reset_l ; EEprom:EEprom|address_eeprom[6]                     ; clk_50       ; clk_50      ; 0.000        ; 0.100      ; 3.149      ;
; 2.837 ; SD_Card:SD_CARD|cpu_reset_l ; EEprom:EEprom|address_eeprom[5]                     ; clk_50       ; clk_50      ; 0.000        ; 0.100      ; 3.149      ;
; 2.837 ; SD_Card:SD_CARD|cpu_reset_l ; EEprom:EEprom|address_eeprom[4]                     ; clk_50       ; clk_50      ; 0.000        ; 0.100      ; 3.149      ;
; 2.837 ; SD_Card:SD_CARD|cpu_reset_l ; EEprom:EEprom|address_eeprom[3]                     ; clk_50       ; clk_50      ; 0.000        ; 0.100      ; 3.149      ;
; 2.837 ; SD_Card:SD_CARD|cpu_reset_l ; EEprom:EEprom|address_eeprom[2]                     ; clk_50       ; clk_50      ; 0.000        ; 0.100      ; 3.149      ;
; 2.837 ; SD_Card:SD_CARD|cpu_reset_l ; EEprom:EEprom|address_eeprom[1]                     ; clk_50       ; clk_50      ; 0.000        ; 0.100      ; 3.149      ;
; 2.837 ; SD_Card:SD_CARD|cpu_reset_l ; EEprom:EEprom|address_eeprom[0]                     ; clk_50       ; clk_50      ; 0.000        ; 0.100      ; 3.149      ;
; 2.837 ; SD_Card:SD_CARD|cpu_reset_l ; EEprom:EEprom|state.Idle                            ; clk_50       ; clk_50      ; 0.000        ; 0.100      ; 3.149      ;
; 3.008 ; SD_Card:SD_CARD|cpu_reset_l ; count_to_zero:COUNT_INTS|d_out                      ; clk_50       ; clk_50      ; 0.000        ; 0.082      ; 3.302      ;
; 3.008 ; SD_Card:SD_CARD|cpu_reset_l ; count_to_zero:COUNT_INTS|int_count[7]               ; clk_50       ; clk_50      ; 0.000        ; 0.081      ; 3.301      ;
; 3.008 ; SD_Card:SD_CARD|cpu_reset_l ; count_to_zero:COUNT_INTS|int_count[6]               ; clk_50       ; clk_50      ; 0.000        ; 0.081      ; 3.301      ;
; 3.008 ; SD_Card:SD_CARD|cpu_reset_l ; count_to_zero:COUNT_INTS|int_count[5]               ; clk_50       ; clk_50      ; 0.000        ; 0.081      ; 3.301      ;
; 3.008 ; SD_Card:SD_CARD|cpu_reset_l ; count_to_zero:COUNT_INTS|int_count[4]               ; clk_50       ; clk_50      ; 0.000        ; 0.081      ; 3.301      ;
; 3.008 ; SD_Card:SD_CARD|cpu_reset_l ; count_to_zero:COUNT_INTS|int_count[3]               ; clk_50       ; clk_50      ; 0.000        ; 0.081      ; 3.301      ;
; 3.008 ; SD_Card:SD_CARD|cpu_reset_l ; count_to_zero:COUNT_INTS|int_count[2]               ; clk_50       ; clk_50      ; 0.000        ; 0.081      ; 3.301      ;
; 3.008 ; SD_Card:SD_CARD|cpu_reset_l ; count_to_zero:COUNT_INTS|int_count[1]               ; clk_50       ; clk_50      ; 0.000        ; 0.081      ; 3.301      ;
; 3.008 ; SD_Card:SD_CARD|cpu_reset_l ; count_to_zero:COUNT_INTS|int_count[0]               ; clk_50       ; clk_50      ; 0.000        ; 0.082      ; 3.302      ;
; 3.131 ; SD_Card:SD_CARD|cpu_reset_l ; sn74175:sn74175_80B_2|Qn[2]                         ; clk_50       ; clk_50      ; 0.000        ; 0.061      ; 3.404      ;
; 3.131 ; SD_Card:SD_CARD|cpu_reset_l ; sn74175:sn74175_80B_2|Qn[1]                         ; clk_50       ; clk_50      ; 0.000        ; 0.061      ; 3.404      ;
; 3.131 ; SD_Card:SD_CARD|cpu_reset_l ; sn74175:sn74175_80B_2|Qn[0]                         ; clk_50       ; clk_50      ; 0.000        ; 0.061      ; 3.404      ;
; 3.131 ; SD_Card:SD_CARD|cpu_reset_l ; sn74175:sn74175_80B_2|Qn[3]                         ; clk_50       ; clk_50      ; 0.000        ; 0.061      ; 3.404      ;
; 3.398 ; SD_Card:SD_CARD|cpu_reset_l ; gosof80:SOUNDBOARD|SC01:SC01_Simu|\SC01:counter[23] ; clk_50       ; clk_50      ; 0.000        ; 0.076      ; 3.686      ;
; 3.398 ; SD_Card:SD_CARD|cpu_reset_l ; gosof80:SOUNDBOARD|SC01:SC01_Simu|\SC01:counter[21] ; clk_50       ; clk_50      ; 0.000        ; 0.076      ; 3.686      ;
; 3.398 ; SD_Card:SD_CARD|cpu_reset_l ; gosof80:SOUNDBOARD|SC01:SC01_Simu|\SC01:counter[19] ; clk_50       ; clk_50      ; 0.000        ; 0.076      ; 3.686      ;
; 3.398 ; SD_Card:SD_CARD|cpu_reset_l ; gosof80:SOUNDBOARD|SC01:SC01_Simu|\SC01:counter[16] ; clk_50       ; clk_50      ; 0.000        ; 0.076      ; 3.686      ;
; 3.398 ; SD_Card:SD_CARD|cpu_reset_l ; gosof80:SOUNDBOARD|SC01:SC01_Simu|\SC01:counter[15] ; clk_50       ; clk_50      ; 0.000        ; 0.076      ; 3.686      ;
; 3.398 ; SD_Card:SD_CARD|cpu_reset_l ; gosof80:SOUNDBOARD|SC01:SC01_Simu|\SC01:counter[13] ; clk_50       ; clk_50      ; 0.000        ; 0.076      ; 3.686      ;
; 3.398 ; SD_Card:SD_CARD|cpu_reset_l ; gosof80:SOUNDBOARD|SC01:SC01_Simu|state.Speech      ; clk_50       ; clk_50      ; 0.000        ; 0.076      ; 3.686      ;
; 3.398 ; SD_Card:SD_CARD|cpu_reset_l ; gosof80:SOUNDBOARD|SC01:SC01_Simu|\SC01:counter[0]  ; clk_50       ; clk_50      ; 0.000        ; 0.076      ; 3.686      ;
; 4.387 ; SD_Card:SD_CARD|cpu_reset_l ; gosof80:SOUNDBOARD|dac:Audio_DAC|SigmaLatch_q[8]    ; clk_50       ; clk_50      ; 0.000        ; 0.072      ; 4.671      ;
; 4.387 ; SD_Card:SD_CARD|cpu_reset_l ; gosof80:SOUNDBOARD|dac:Audio_DAC|SigmaLatch_q[9]    ; clk_50       ; clk_50      ; 0.000        ; 0.072      ; 4.671      ;
; 4.387 ; SD_Card:SD_CARD|cpu_reset_l ; gosof80:SOUNDBOARD|dac:Audio_DAC|SigmaLatch_q[7]    ; clk_50       ; clk_50      ; 0.000        ; 0.072      ; 4.671      ;
; 4.387 ; SD_Card:SD_CARD|cpu_reset_l ; gosof80:SOUNDBOARD|dac:Audio_DAC|SigmaLatch_q[6]    ; clk_50       ; clk_50      ; 0.000        ; 0.072      ; 4.671      ;
; 4.387 ; SD_Card:SD_CARD|cpu_reset_l ; gosof80:SOUNDBOARD|dac:Audio_DAC|SigmaLatch_q[5]    ; clk_50       ; clk_50      ; 0.000        ; 0.072      ; 4.671      ;
; 4.387 ; SD_Card:SD_CARD|cpu_reset_l ; gosof80:SOUNDBOARD|dac:Audio_DAC|SigmaLatch_q[4]    ; clk_50       ; clk_50      ; 0.000        ; 0.072      ; 4.671      ;
+-------+-----------------------------+-----------------------------------------------------+--------------+-------------+--------------+------------+------------+


-----------------------------------------------
; Slow 1200mV 85C Model Metastability Summary ;
-----------------------------------------------
The design MTBF is not calculated because there are no specified synchronizers in the design.
Number of Synchronizer Chains Found: 11
Shortest Synchronizer Chain: 2 Registers
Fraction of Chains for which MTBFs Could Not be Calculated: 1.000
Worst Case Available Settling Time: 170.097 ns




+--------------------------------------------------+
; Slow 1200mV 0C Model Fmax Summary                ;
+-----------+-----------------+-------------+------+
; Fmax      ; Restricted Fmax ; Clock Name  ; Note ;
+-----------+-----------------+-------------+------+
; 34.2 MHz  ; 34.2 MHz        ; cpu_clk_out ;      ;
; 78.73 MHz ; 78.73 MHz       ; clk_50      ;      ;
+-----------+-----------------+-------------+------+
This panel reports FMAX for every clock in the design, regardless of the user-specified clock periods.  FMAX is only computed for paths where the source and destination registers or ports are driven by the same clock.  Paths of different clocks, including generated clocks, are ignored.  For paths between a clock and its inversion, FMAX is computed as if the rising and falling edges are scaled along with FMAX, such that the duty cycle (in terms of a percentage) is maintained. Altera recommends that you always use clock constraints and other slack reports for sign-off analysis.


+-------------------------------------+
; Slow 1200mV 0C Model Setup Summary  ;
+-------------+-------+---------------+
; Clock       ; Slack ; End Point TNS ;
+-------------+-------+---------------+
; clk_50      ; 3.791 ; 0.000         ;
; cpu_clk_out ; 8.084 ; 0.000         ;
+-------------+-------+---------------+


+-------------------------------------+
; Slow 1200mV 0C Model Hold Summary   ;
+-------------+-------+---------------+
; Clock       ; Slack ; End Point TNS ;
+-------------+-------+---------------+
; clk_50      ; 0.391 ; 0.000         ;
; cpu_clk_out ; 0.400 ; 0.000         ;
+-------------+-------+---------------+


+---------------------------------------+
; Slow 1200mV 0C Model Recovery Summary ;
+-------------+--------+----------------+
; Clock       ; Slack  ; End Point TNS  ;
+-------------+--------+----------------+
; clk_50      ; 14.730 ; 0.000          ;
; cpu_clk_out ; 17.516 ; 0.000          ;
+-------------+--------+----------------+


+--------------------------------------+
; Slow 1200mV 0C Model Removal Summary ;
+-------------+-------+----------------+
; Clock       ; Slack ; End Point TNS  ;
+-------------+-------+----------------+
; cpu_clk_out ; 0.926 ; 0.000          ;
; clk_50      ; 1.944 ; 0.000          ;
+-------------+-------+----------------+


+--------------------------------------------------+
; Slow 1200mV 0C Model Minimum Pulse Width Summary ;
+-------------+---------+--------------------------+
; Clock       ; Slack   ; End Point TNS            ;
+-------------+---------+--------------------------+
; clk_50      ; 9.595   ; 0.000                    ;
; cpu_clk_out ; 559.372 ; 0.000                    ;
+-------------+---------+--------------------------+


+----------------------------------------------------------------------------------------------------------------------------------------------------------------------------------------------+
; Slow 1200mV 0C Model Setup: 'clk_50'                                                                                                                                                         ;
+-------+------------------------------------+---------------------------------------------------------------------------+--------------+-------------+--------------+------------+------------+
; Slack ; From Node                          ; To Node                                                                   ; Launch Clock ; Latch Clock ; Relationship ; Clock Skew ; Data Delay ;
+-------+------------------------------------+---------------------------------------------------------------------------+--------------+-------------+--------------+------------+------------+
; 3.791 ; read_the_dips:RDIPS|game_select[1] ; gosof80:SOUNDBOARD|DFPlayer_Mini_CMD:DFP_send|command[25]                 ; cpu_clk_out  ; clk_50      ; 20.000       ; -3.470     ; 12.741     ;
; 3.791 ; read_the_dips:RDIPS|game_select[1] ; gosof80:SOUNDBOARD|DFPlayer_Mini_CMD:DFP_send|command[28]                 ; cpu_clk_out  ; clk_50      ; 20.000       ; -3.470     ; 12.741     ;
; 3.791 ; read_the_dips:RDIPS|game_select[1] ; gosof80:SOUNDBOARD|DFPlayer_Mini_CMD:DFP_send|command[16]                 ; cpu_clk_out  ; clk_50      ; 20.000       ; -3.470     ; 12.741     ;
; 3.791 ; read_the_dips:RDIPS|game_select[1] ; gosof80:SOUNDBOARD|DFPlayer_Mini_CMD:DFP_send|command[23]                 ; cpu_clk_out  ; clk_50      ; 20.000       ; -3.470     ; 12.741     ;
; 3.791 ; read_the_dips:RDIPS|game_select[1] ; gosof80:SOUNDBOARD|DFPlayer_Mini_CMD:DFP_send|command[11]                 ; cpu_clk_out  ; clk_50      ; 20.000       ; -3.470     ; 12.741     ;
; 3.791 ; read_the_dips:RDIPS|game_select[1] ; gosof80:SOUNDBOARD|DFPlayer_Mini_CMD:DFP_send|command[15]                 ; cpu_clk_out  ; clk_50      ; 20.000       ; -3.470     ; 12.741     ;
; 3.791 ; read_the_dips:RDIPS|game_select[1] ; gosof80:SOUNDBOARD|DFPlayer_Mini_CMD:DFP_send|command[13]                 ; cpu_clk_out  ; clk_50      ; 20.000       ; -3.470     ; 12.741     ;
; 3.826 ; read_the_dips:RDIPS|game_select[1] ; gosof80:SOUNDBOARD|DFPlayer_Mini_CMD:DFP_send|\DFPLAYR_Mini:bitcounter[0] ; cpu_clk_out  ; clk_50      ; 20.000       ; -3.471     ; 12.705     ;
; 3.826 ; read_the_dips:RDIPS|game_select[1] ; gosof80:SOUNDBOARD|DFPlayer_Mini_CMD:DFP_send|\DFPLAYR_Mini:bitcounter[4] ; cpu_clk_out  ; clk_50      ; 20.000       ; -3.471     ; 12.705     ;
; 3.826 ; read_the_dips:RDIPS|game_select[1] ; gosof80:SOUNDBOARD|DFPlayer_Mini_CMD:DFP_send|\DFPLAYR_Mini:bitcounter[1] ; cpu_clk_out  ; clk_50      ; 20.000       ; -3.471     ; 12.705     ;
; 3.826 ; read_the_dips:RDIPS|game_select[1] ; gosof80:SOUNDBOARD|DFPlayer_Mini_CMD:DFP_send|\DFPLAYR_Mini:bitcounter[2] ; cpu_clk_out  ; clk_50      ; 20.000       ; -3.471     ; 12.705     ;
; 3.826 ; read_the_dips:RDIPS|game_select[1] ; gosof80:SOUNDBOARD|DFPlayer_Mini_CMD:DFP_send|\DFPLAYR_Mini:bitcounter[3] ; cpu_clk_out  ; clk_50      ; 20.000       ; -3.471     ; 12.705     ;
; 3.826 ; read_the_dips:RDIPS|game_select[1] ; gosof80:SOUNDBOARD|DFPlayer_Mini_CMD:DFP_send|\DFPLAYR_Mini:bitcounter[5] ; cpu_clk_out  ; clk_50      ; 20.000       ; -3.471     ; 12.705     ;
; 3.826 ; read_the_dips:RDIPS|game_select[1] ; gosof80:SOUNDBOARD|DFPlayer_Mini_CMD:DFP_send|\DFPLAYR_Mini:bitcounter[6] ; cpu_clk_out  ; clk_50      ; 20.000       ; -3.471     ; 12.705     ;
; 3.963 ; read_the_dips:RDIPS|game_select[1] ; gosof80:SOUNDBOARD|DFPlayer_Mini_CMD:DFP_send|command[17]                 ; cpu_clk_out  ; clk_50      ; 20.000       ; -3.483     ; 12.556     ;
; 3.963 ; read_the_dips:RDIPS|game_select[1] ; gosof80:SOUNDBOARD|DFPlayer_Mini_CMD:DFP_send|command[18]                 ; cpu_clk_out  ; clk_50      ; 20.000       ; -3.483     ; 12.556     ;
; 4.045 ; read_the_dips:RDIPS|game_select[1] ; gosof80:SOUNDBOARD|DFPlayer_Mini_CMD:DFP_send|command[27]                 ; cpu_clk_out  ; clk_50      ; 20.000       ; -3.471     ; 12.486     ;
; 4.045 ; read_the_dips:RDIPS|game_select[1] ; gosof80:SOUNDBOARD|DFPlayer_Mini_CMD:DFP_send|command[26]                 ; cpu_clk_out  ; clk_50      ; 20.000       ; -3.471     ; 12.486     ;
; 4.045 ; read_the_dips:RDIPS|game_select[1] ; gosof80:SOUNDBOARD|DFPlayer_Mini_CMD:DFP_send|command[24]                 ; cpu_clk_out  ; clk_50      ; 20.000       ; -3.471     ; 12.486     ;
; 4.203 ; read_the_dips:RDIPS|game_select[5] ; gosof80:SOUNDBOARD|DFPlayer_Mini_CMD:DFP_send|command[25]                 ; cpu_clk_out  ; clk_50      ; 20.000       ; -3.518     ; 12.281     ;
; 4.203 ; read_the_dips:RDIPS|game_select[5] ; gosof80:SOUNDBOARD|DFPlayer_Mini_CMD:DFP_send|command[28]                 ; cpu_clk_out  ; clk_50      ; 20.000       ; -3.518     ; 12.281     ;
; 4.203 ; read_the_dips:RDIPS|game_select[5] ; gosof80:SOUNDBOARD|DFPlayer_Mini_CMD:DFP_send|command[16]                 ; cpu_clk_out  ; clk_50      ; 20.000       ; -3.518     ; 12.281     ;
; 4.203 ; read_the_dips:RDIPS|game_select[5] ; gosof80:SOUNDBOARD|DFPlayer_Mini_CMD:DFP_send|command[23]                 ; cpu_clk_out  ; clk_50      ; 20.000       ; -3.518     ; 12.281     ;
; 4.203 ; read_the_dips:RDIPS|game_select[5] ; gosof80:SOUNDBOARD|DFPlayer_Mini_CMD:DFP_send|command[11]                 ; cpu_clk_out  ; clk_50      ; 20.000       ; -3.518     ; 12.281     ;
; 4.203 ; read_the_dips:RDIPS|game_select[5] ; gosof80:SOUNDBOARD|DFPlayer_Mini_CMD:DFP_send|command[15]                 ; cpu_clk_out  ; clk_50      ; 20.000       ; -3.518     ; 12.281     ;
; 4.203 ; read_the_dips:RDIPS|game_select[5] ; gosof80:SOUNDBOARD|DFPlayer_Mini_CMD:DFP_send|command[13]                 ; cpu_clk_out  ; clk_50      ; 20.000       ; -3.518     ; 12.281     ;
; 4.238 ; read_the_dips:RDIPS|game_select[5] ; gosof80:SOUNDBOARD|DFPlayer_Mini_CMD:DFP_send|\DFPLAYR_Mini:bitcounter[0] ; cpu_clk_out  ; clk_50      ; 20.000       ; -3.519     ; 12.245     ;
; 4.238 ; read_the_dips:RDIPS|game_select[5] ; gosof80:SOUNDBOARD|DFPlayer_Mini_CMD:DFP_send|\DFPLAYR_Mini:bitcounter[4] ; cpu_clk_out  ; clk_50      ; 20.000       ; -3.519     ; 12.245     ;
; 4.238 ; read_the_dips:RDIPS|game_select[5] ; gosof80:SOUNDBOARD|DFPlayer_Mini_CMD:DFP_send|\DFPLAYR_Mini:bitcounter[1] ; cpu_clk_out  ; clk_50      ; 20.000       ; -3.519     ; 12.245     ;
; 4.238 ; read_the_dips:RDIPS|game_select[5] ; gosof80:SOUNDBOARD|DFPlayer_Mini_CMD:DFP_send|\DFPLAYR_Mini:bitcounter[2] ; cpu_clk_out  ; clk_50      ; 20.000       ; -3.519     ; 12.245     ;
; 4.238 ; read_the_dips:RDIPS|game_select[5] ; gosof80:SOUNDBOARD|DFPlayer_Mini_CMD:DFP_send|\DFPLAYR_Mini:bitcounter[3] ; cpu_clk_out  ; clk_50      ; 20.000       ; -3.519     ; 12.245     ;
; 4.238 ; read_the_dips:RDIPS|game_select[5] ; gosof80:SOUNDBOARD|DFPlayer_Mini_CMD:DFP_send|\DFPLAYR_Mini:bitcounter[5] ; cpu_clk_out  ; clk_50      ; 20.000       ; -3.519     ; 12.245     ;
; 4.238 ; read_the_dips:RDIPS|game_select[5] ; gosof80:SOUNDBOARD|DFPlayer_Mini_CMD:DFP_send|\DFPLAYR_Mini:bitcounter[6] ; cpu_clk_out  ; clk_50      ; 20.000       ; -3.519     ; 12.245     ;
; 4.277 ; read_the_dips:RDIPS|game_select[1] ; gosof80:SOUNDBOARD|DFPlayer_Mini_CMD:DFP_send|state.Delay                 ; cpu_clk_out  ; clk_50      ; 20.000       ; -3.471     ; 12.254     ;
; 4.375 ; read_the_dips:RDIPS|game_select[5] ; gosof80:SOUNDBOARD|DFPlayer_Mini_CMD:DFP_send|command[17]                 ; cpu_clk_out  ; clk_50      ; 20.000       ; -3.531     ; 12.096     ;
; 4.375 ; read_the_dips:RDIPS|game_select[5] ; gosof80:SOUNDBOARD|DFPlayer_Mini_CMD:DFP_send|command[18]                 ; cpu_clk_out  ; clk_50      ; 20.000       ; -3.531     ; 12.096     ;
; 4.383 ; read_the_dips:RDIPS|game_select[4] ; gosof80:SOUNDBOARD|DFPlayer_Mini_CMD:DFP_send|command[25]                 ; cpu_clk_out  ; clk_50      ; 20.000       ; -3.518     ; 12.101     ;
; 4.383 ; read_the_dips:RDIPS|game_select[4] ; gosof80:SOUNDBOARD|DFPlayer_Mini_CMD:DFP_send|command[28]                 ; cpu_clk_out  ; clk_50      ; 20.000       ; -3.518     ; 12.101     ;
; 4.383 ; read_the_dips:RDIPS|game_select[4] ; gosof80:SOUNDBOARD|DFPlayer_Mini_CMD:DFP_send|command[16]                 ; cpu_clk_out  ; clk_50      ; 20.000       ; -3.518     ; 12.101     ;
; 4.383 ; read_the_dips:RDIPS|game_select[4] ; gosof80:SOUNDBOARD|DFPlayer_Mini_CMD:DFP_send|command[23]                 ; cpu_clk_out  ; clk_50      ; 20.000       ; -3.518     ; 12.101     ;
; 4.383 ; read_the_dips:RDIPS|game_select[4] ; gosof80:SOUNDBOARD|DFPlayer_Mini_CMD:DFP_send|command[11]                 ; cpu_clk_out  ; clk_50      ; 20.000       ; -3.518     ; 12.101     ;
; 4.383 ; read_the_dips:RDIPS|game_select[4] ; gosof80:SOUNDBOARD|DFPlayer_Mini_CMD:DFP_send|command[15]                 ; cpu_clk_out  ; clk_50      ; 20.000       ; -3.518     ; 12.101     ;
; 4.383 ; read_the_dips:RDIPS|game_select[4] ; gosof80:SOUNDBOARD|DFPlayer_Mini_CMD:DFP_send|command[13]                 ; cpu_clk_out  ; clk_50      ; 20.000       ; -3.518     ; 12.101     ;
; 4.418 ; read_the_dips:RDIPS|game_select[4] ; gosof80:SOUNDBOARD|DFPlayer_Mini_CMD:DFP_send|\DFPLAYR_Mini:bitcounter[0] ; cpu_clk_out  ; clk_50      ; 20.000       ; -3.519     ; 12.065     ;
; 4.418 ; read_the_dips:RDIPS|game_select[4] ; gosof80:SOUNDBOARD|DFPlayer_Mini_CMD:DFP_send|\DFPLAYR_Mini:bitcounter[4] ; cpu_clk_out  ; clk_50      ; 20.000       ; -3.519     ; 12.065     ;
; 4.418 ; read_the_dips:RDIPS|game_select[4] ; gosof80:SOUNDBOARD|DFPlayer_Mini_CMD:DFP_send|\DFPLAYR_Mini:bitcounter[1] ; cpu_clk_out  ; clk_50      ; 20.000       ; -3.519     ; 12.065     ;
; 4.418 ; read_the_dips:RDIPS|game_select[4] ; gosof80:SOUNDBOARD|DFPlayer_Mini_CMD:DFP_send|\DFPLAYR_Mini:bitcounter[2] ; cpu_clk_out  ; clk_50      ; 20.000       ; -3.519     ; 12.065     ;
; 4.418 ; read_the_dips:RDIPS|game_select[4] ; gosof80:SOUNDBOARD|DFPlayer_Mini_CMD:DFP_send|\DFPLAYR_Mini:bitcounter[3] ; cpu_clk_out  ; clk_50      ; 20.000       ; -3.519     ; 12.065     ;
; 4.418 ; read_the_dips:RDIPS|game_select[4] ; gosof80:SOUNDBOARD|DFPlayer_Mini_CMD:DFP_send|\DFPLAYR_Mini:bitcounter[5] ; cpu_clk_out  ; clk_50      ; 20.000       ; -3.519     ; 12.065     ;
; 4.418 ; read_the_dips:RDIPS|game_select[4] ; gosof80:SOUNDBOARD|DFPlayer_Mini_CMD:DFP_send|\DFPLAYR_Mini:bitcounter[6] ; cpu_clk_out  ; clk_50      ; 20.000       ; -3.519     ; 12.065     ;
; 4.457 ; read_the_dips:RDIPS|game_select[5] ; gosof80:SOUNDBOARD|DFPlayer_Mini_CMD:DFP_send|command[27]                 ; cpu_clk_out  ; clk_50      ; 20.000       ; -3.519     ; 12.026     ;
; 4.457 ; read_the_dips:RDIPS|game_select[5] ; gosof80:SOUNDBOARD|DFPlayer_Mini_CMD:DFP_send|command[26]                 ; cpu_clk_out  ; clk_50      ; 20.000       ; -3.519     ; 12.026     ;
; 4.457 ; read_the_dips:RDIPS|game_select[5] ; gosof80:SOUNDBOARD|DFPlayer_Mini_CMD:DFP_send|command[24]                 ; cpu_clk_out  ; clk_50      ; 20.000       ; -3.519     ; 12.026     ;
; 4.491 ; read_the_dips:RDIPS|game_select[3] ; gosof80:SOUNDBOARD|DFPlayer_Mini_CMD:DFP_send|command[25]                 ; cpu_clk_out  ; clk_50      ; 20.000       ; -3.470     ; 12.041     ;
; 4.491 ; read_the_dips:RDIPS|game_select[3] ; gosof80:SOUNDBOARD|DFPlayer_Mini_CMD:DFP_send|command[28]                 ; cpu_clk_out  ; clk_50      ; 20.000       ; -3.470     ; 12.041     ;
; 4.491 ; read_the_dips:RDIPS|game_select[3] ; gosof80:SOUNDBOARD|DFPlayer_Mini_CMD:DFP_send|command[16]                 ; cpu_clk_out  ; clk_50      ; 20.000       ; -3.470     ; 12.041     ;
; 4.491 ; read_the_dips:RDIPS|game_select[3] ; gosof80:SOUNDBOARD|DFPlayer_Mini_CMD:DFP_send|command[23]                 ; cpu_clk_out  ; clk_50      ; 20.000       ; -3.470     ; 12.041     ;
; 4.491 ; read_the_dips:RDIPS|game_select[3] ; gosof80:SOUNDBOARD|DFPlayer_Mini_CMD:DFP_send|command[11]                 ; cpu_clk_out  ; clk_50      ; 20.000       ; -3.470     ; 12.041     ;
; 4.491 ; read_the_dips:RDIPS|game_select[3] ; gosof80:SOUNDBOARD|DFPlayer_Mini_CMD:DFP_send|command[15]                 ; cpu_clk_out  ; clk_50      ; 20.000       ; -3.470     ; 12.041     ;
; 4.491 ; read_the_dips:RDIPS|game_select[3] ; gosof80:SOUNDBOARD|DFPlayer_Mini_CMD:DFP_send|command[13]                 ; cpu_clk_out  ; clk_50      ; 20.000       ; -3.470     ; 12.041     ;
; 4.526 ; read_the_dips:RDIPS|game_select[3] ; gosof80:SOUNDBOARD|DFPlayer_Mini_CMD:DFP_send|\DFPLAYR_Mini:bitcounter[0] ; cpu_clk_out  ; clk_50      ; 20.000       ; -3.471     ; 12.005     ;
; 4.526 ; read_the_dips:RDIPS|game_select[3] ; gosof80:SOUNDBOARD|DFPlayer_Mini_CMD:DFP_send|\DFPLAYR_Mini:bitcounter[4] ; cpu_clk_out  ; clk_50      ; 20.000       ; -3.471     ; 12.005     ;
; 4.526 ; read_the_dips:RDIPS|game_select[3] ; gosof80:SOUNDBOARD|DFPlayer_Mini_CMD:DFP_send|\DFPLAYR_Mini:bitcounter[1] ; cpu_clk_out  ; clk_50      ; 20.000       ; -3.471     ; 12.005     ;
; 4.526 ; read_the_dips:RDIPS|game_select[3] ; gosof80:SOUNDBOARD|DFPlayer_Mini_CMD:DFP_send|\DFPLAYR_Mini:bitcounter[2] ; cpu_clk_out  ; clk_50      ; 20.000       ; -3.471     ; 12.005     ;
; 4.526 ; read_the_dips:RDIPS|game_select[3] ; gosof80:SOUNDBOARD|DFPlayer_Mini_CMD:DFP_send|\DFPLAYR_Mini:bitcounter[3] ; cpu_clk_out  ; clk_50      ; 20.000       ; -3.471     ; 12.005     ;
; 4.526 ; read_the_dips:RDIPS|game_select[3] ; gosof80:SOUNDBOARD|DFPlayer_Mini_CMD:DFP_send|\DFPLAYR_Mini:bitcounter[5] ; cpu_clk_out  ; clk_50      ; 20.000       ; -3.471     ; 12.005     ;
; 4.526 ; read_the_dips:RDIPS|game_select[3] ; gosof80:SOUNDBOARD|DFPlayer_Mini_CMD:DFP_send|\DFPLAYR_Mini:bitcounter[6] ; cpu_clk_out  ; clk_50      ; 20.000       ; -3.471     ; 12.005     ;
; 4.555 ; read_the_dips:RDIPS|game_select[4] ; gosof80:SOUNDBOARD|DFPlayer_Mini_CMD:DFP_send|command[17]                 ; cpu_clk_out  ; clk_50      ; 20.000       ; -3.531     ; 11.916     ;
; 4.555 ; read_the_dips:RDIPS|game_select[4] ; gosof80:SOUNDBOARD|DFPlayer_Mini_CMD:DFP_send|command[18]                 ; cpu_clk_out  ; clk_50      ; 20.000       ; -3.531     ; 11.916     ;
; 4.597 ; read_the_dips:RDIPS|game_select[1] ; gosof80:SOUNDBOARD|DFPlayer_Mini_CMD:DFP_send|command[12]                 ; cpu_clk_out  ; clk_50      ; 20.000       ; -3.471     ; 11.934     ;
; 4.597 ; read_the_dips:RDIPS|game_select[1] ; gosof80:SOUNDBOARD|DFPlayer_Mini_CMD:DFP_send|command[14]                 ; cpu_clk_out  ; clk_50      ; 20.000       ; -3.471     ; 11.934     ;
; 4.637 ; read_the_dips:RDIPS|game_select[4] ; gosof80:SOUNDBOARD|DFPlayer_Mini_CMD:DFP_send|command[27]                 ; cpu_clk_out  ; clk_50      ; 20.000       ; -3.519     ; 11.846     ;
; 4.637 ; read_the_dips:RDIPS|game_select[4] ; gosof80:SOUNDBOARD|DFPlayer_Mini_CMD:DFP_send|command[26]                 ; cpu_clk_out  ; clk_50      ; 20.000       ; -3.519     ; 11.846     ;
; 4.637 ; read_the_dips:RDIPS|game_select[4] ; gosof80:SOUNDBOARD|DFPlayer_Mini_CMD:DFP_send|command[24]                 ; cpu_clk_out  ; clk_50      ; 20.000       ; -3.519     ; 11.846     ;
; 4.663 ; read_the_dips:RDIPS|game_select[3] ; gosof80:SOUNDBOARD|DFPlayer_Mini_CMD:DFP_send|command[17]                 ; cpu_clk_out  ; clk_50      ; 20.000       ; -3.483     ; 11.856     ;
; 4.663 ; read_the_dips:RDIPS|game_select[3] ; gosof80:SOUNDBOARD|DFPlayer_Mini_CMD:DFP_send|command[18]                 ; cpu_clk_out  ; clk_50      ; 20.000       ; -3.483     ; 11.856     ;
; 4.689 ; read_the_dips:RDIPS|game_select[5] ; gosof80:SOUNDBOARD|DFPlayer_Mini_CMD:DFP_send|state.Delay                 ; cpu_clk_out  ; clk_50      ; 20.000       ; -3.519     ; 11.794     ;
; 4.745 ; read_the_dips:RDIPS|game_select[3] ; gosof80:SOUNDBOARD|DFPlayer_Mini_CMD:DFP_send|command[27]                 ; cpu_clk_out  ; clk_50      ; 20.000       ; -3.471     ; 11.786     ;
; 4.745 ; read_the_dips:RDIPS|game_select[3] ; gosof80:SOUNDBOARD|DFPlayer_Mini_CMD:DFP_send|command[26]                 ; cpu_clk_out  ; clk_50      ; 20.000       ; -3.471     ; 11.786     ;
; 4.745 ; read_the_dips:RDIPS|game_select[3] ; gosof80:SOUNDBOARD|DFPlayer_Mini_CMD:DFP_send|command[24]                 ; cpu_clk_out  ; clk_50      ; 20.000       ; -3.471     ; 11.786     ;
; 4.773 ; read_the_dips:RDIPS|game_select[1] ; gosof80:SOUNDBOARD|DFPlayer_Mini_CMD:DFP_send|state.Idle                  ; cpu_clk_out  ; clk_50      ; 20.000       ; -3.471     ; 11.758     ;
; 4.787 ; read_the_dips:RDIPS|game_select[1] ; gosof80:SOUNDBOARD|DFPlayer_Mini_CMD:DFP_send|state.Check                 ; cpu_clk_out  ; clk_50      ; 20.000       ; -3.471     ; 11.744     ;
; 4.869 ; read_the_dips:RDIPS|game_select[4] ; gosof80:SOUNDBOARD|DFPlayer_Mini_CMD:DFP_send|state.Delay                 ; cpu_clk_out  ; clk_50      ; 20.000       ; -3.519     ; 11.614     ;
; 4.949 ; read_the_dips:RDIPS|game_select[1] ; gosof80:SOUNDBOARD|DFPlayer_Mini_CMD:DFP_send|state.Send                  ; cpu_clk_out  ; clk_50      ; 20.000       ; -3.471     ; 11.582     ;
; 4.977 ; read_the_dips:RDIPS|game_select[3] ; gosof80:SOUNDBOARD|DFPlayer_Mini_CMD:DFP_send|state.Delay                 ; cpu_clk_out  ; clk_50      ; 20.000       ; -3.471     ; 11.554     ;
; 4.991 ; read_the_dips:RDIPS|game_select[2] ; gosof80:SOUNDBOARD|DFPlayer_Mini_CMD:DFP_send|command[25]                 ; cpu_clk_out  ; clk_50      ; 20.000       ; -3.470     ; 11.541     ;
; 4.991 ; read_the_dips:RDIPS|game_select[2] ; gosof80:SOUNDBOARD|DFPlayer_Mini_CMD:DFP_send|command[28]                 ; cpu_clk_out  ; clk_50      ; 20.000       ; -3.470     ; 11.541     ;
; 4.991 ; read_the_dips:RDIPS|game_select[2] ; gosof80:SOUNDBOARD|DFPlayer_Mini_CMD:DFP_send|command[16]                 ; cpu_clk_out  ; clk_50      ; 20.000       ; -3.470     ; 11.541     ;
; 4.991 ; read_the_dips:RDIPS|game_select[2] ; gosof80:SOUNDBOARD|DFPlayer_Mini_CMD:DFP_send|command[23]                 ; cpu_clk_out  ; clk_50      ; 20.000       ; -3.470     ; 11.541     ;
; 4.991 ; read_the_dips:RDIPS|game_select[2] ; gosof80:SOUNDBOARD|DFPlayer_Mini_CMD:DFP_send|command[11]                 ; cpu_clk_out  ; clk_50      ; 20.000       ; -3.470     ; 11.541     ;
; 4.991 ; read_the_dips:RDIPS|game_select[2] ; gosof80:SOUNDBOARD|DFPlayer_Mini_CMD:DFP_send|command[15]                 ; cpu_clk_out  ; clk_50      ; 20.000       ; -3.470     ; 11.541     ;
; 4.991 ; read_the_dips:RDIPS|game_select[2] ; gosof80:SOUNDBOARD|DFPlayer_Mini_CMD:DFP_send|command[13]                 ; cpu_clk_out  ; clk_50      ; 20.000       ; -3.470     ; 11.541     ;
; 5.009 ; read_the_dips:RDIPS|game_select[5] ; gosof80:SOUNDBOARD|DFPlayer_Mini_CMD:DFP_send|command[12]                 ; cpu_clk_out  ; clk_50      ; 20.000       ; -3.519     ; 11.474     ;
; 5.009 ; read_the_dips:RDIPS|game_select[5] ; gosof80:SOUNDBOARD|DFPlayer_Mini_CMD:DFP_send|command[14]                 ; cpu_clk_out  ; clk_50      ; 20.000       ; -3.519     ; 11.474     ;
; 5.026 ; read_the_dips:RDIPS|game_select[2] ; gosof80:SOUNDBOARD|DFPlayer_Mini_CMD:DFP_send|\DFPLAYR_Mini:bitcounter[0] ; cpu_clk_out  ; clk_50      ; 20.000       ; -3.471     ; 11.505     ;
; 5.026 ; read_the_dips:RDIPS|game_select[2] ; gosof80:SOUNDBOARD|DFPlayer_Mini_CMD:DFP_send|\DFPLAYR_Mini:bitcounter[4] ; cpu_clk_out  ; clk_50      ; 20.000       ; -3.471     ; 11.505     ;
; 5.026 ; read_the_dips:RDIPS|game_select[2] ; gosof80:SOUNDBOARD|DFPlayer_Mini_CMD:DFP_send|\DFPLAYR_Mini:bitcounter[1] ; cpu_clk_out  ; clk_50      ; 20.000       ; -3.471     ; 11.505     ;
; 5.026 ; read_the_dips:RDIPS|game_select[2] ; gosof80:SOUNDBOARD|DFPlayer_Mini_CMD:DFP_send|\DFPLAYR_Mini:bitcounter[2] ; cpu_clk_out  ; clk_50      ; 20.000       ; -3.471     ; 11.505     ;
; 5.026 ; read_the_dips:RDIPS|game_select[2] ; gosof80:SOUNDBOARD|DFPlayer_Mini_CMD:DFP_send|\DFPLAYR_Mini:bitcounter[3] ; cpu_clk_out  ; clk_50      ; 20.000       ; -3.471     ; 11.505     ;
; 5.026 ; read_the_dips:RDIPS|game_select[2] ; gosof80:SOUNDBOARD|DFPlayer_Mini_CMD:DFP_send|\DFPLAYR_Mini:bitcounter[5] ; cpu_clk_out  ; clk_50      ; 20.000       ; -3.471     ; 11.505     ;
+-------+------------------------------------+---------------------------------------------------------------------------+--------------+-------------+--------------+------------+------------+


+--------------------------------------------------------------------------------------------------------------------------------------------------------------------------------------------------------------------------------+
; Slow 1200mV 0C Model Setup: 'cpu_clk_out'                                                                                                                                                                                      ;
+--------+-------------------------------------------------------------------------------------------------------------+-----------------------------------+--------------+-------------+--------------+------------+------------+
; Slack  ; From Node                                                                                                   ; To Node                           ; Launch Clock ; Latch Clock ; Relationship ; Clock Skew ; Data Delay ;
+--------+-------------------------------------------------------------------------------------------------------------+-----------------------------------+--------------+-------------+--------------+------------+------------+
; 8.084  ; GAME_ROM:GAME|altsyncram:altsyncram_component|altsyncram_r1q3:auto_generated|ram_block1a4~porta_we_reg      ; T65:U1|BAL[5]                     ; clk_50       ; cpu_clk_out ; 20.000       ; 2.855      ; 14.773     ;
; 8.122  ; GAME_ROM:GAME|altsyncram:altsyncram_component|altsyncram_r1q3:auto_generated|ram_block1a4~porta_we_reg      ; T65:U1|BAL[8]                     ; clk_50       ; cpu_clk_out ; 20.000       ; 2.856      ; 14.736     ;
; 8.137  ; GAME_ROM:GAME|altsyncram:altsyncram_component|altsyncram_r1q3:auto_generated|ram_block1a4~porta_we_reg      ; T65:U1|BAL[7]                     ; clk_50       ; cpu_clk_out ; 20.000       ; 2.855      ; 14.720     ;
; 8.199  ; GAME_ROM:GAME|altsyncram:altsyncram_component|altsyncram_r1q3:auto_generated|ram_block1a4~porta_we_reg      ; T65:U1|BAL[6]                     ; clk_50       ; cpu_clk_out ; 20.000       ; 2.855      ; 14.658     ;
; 8.559  ; GAME_ROM:GAME|altsyncram:altsyncram_component|altsyncram_r1q3:auto_generated|ram_block1a4~porta_we_reg      ; T65:U1|BAL[4]                     ; clk_50       ; cpu_clk_out ; 20.000       ; 2.855      ; 14.298     ;
; 9.046  ; GAME_ROM:GAME|altsyncram:altsyncram_component|altsyncram_r1q3:auto_generated|ram_block1a0~porta_we_reg      ; T65:U1|BAL[5]                     ; clk_50       ; cpu_clk_out ; 20.000       ; 2.855      ; 13.811     ;
; 9.084  ; GAME_ROM:GAME|altsyncram:altsyncram_component|altsyncram_r1q3:auto_generated|ram_block1a0~porta_we_reg      ; T65:U1|BAL[8]                     ; clk_50       ; cpu_clk_out ; 20.000       ; 2.856      ; 13.774     ;
; 9.099  ; GAME_ROM:GAME|altsyncram:altsyncram_component|altsyncram_r1q3:auto_generated|ram_block1a0~porta_we_reg      ; T65:U1|BAL[7]                     ; clk_50       ; cpu_clk_out ; 20.000       ; 2.855      ; 13.758     ;
; 9.135  ; GAME_ROM:GAME|altsyncram:altsyncram_component|altsyncram_r1q3:auto_generated|ram_block1a0~porta_we_reg      ; T65:U1|BAL[4]                     ; clk_50       ; cpu_clk_out ; 20.000       ; 2.855      ; 13.722     ;
; 9.161  ; GAME_ROM:GAME|altsyncram:altsyncram_component|altsyncram_r1q3:auto_generated|ram_block1a0~porta_we_reg      ; T65:U1|BAL[6]                     ; clk_50       ; cpu_clk_out ; 20.000       ; 2.855      ; 13.696     ;
; 9.313  ; GAME_ROM:GAME|altsyncram:altsyncram_component|altsyncram_r1q3:auto_generated|ram_block1a0~porta_we_reg      ; T65:U1|BAL[3]                     ; clk_50       ; cpu_clk_out ; 20.000       ; 2.855      ; 13.544     ;
; 9.878  ; SYSTEM_ROM:SYSTEM|altsyncram:altsyncram_component|altsyncram_32q3:auto_generated|ram_block1a0~porta_we_reg  ; T65:U1|BAL[3]                     ; clk_50       ; cpu_clk_out ; 20.000       ; 2.869      ; 12.993     ;
; 10.101 ; SYSTEM_ROM:SYSTEM|altsyncram:altsyncram_component|altsyncram_32q3:auto_generated|ram_block1a0~porta_we_reg  ; T65:U1|BAL[5]                     ; clk_50       ; cpu_clk_out ; 20.000       ; 2.869      ; 12.770     ;
; 10.136 ; SYSTEM_ROM:SYSTEM|altsyncram:altsyncram_component|altsyncram_32q3:auto_generated|ram_block1a1~porta_we_reg  ; T65:U1|BAL[3]                     ; clk_50       ; cpu_clk_out ; 20.000       ; 2.868      ; 12.734     ;
; 10.139 ; SYSTEM_ROM:SYSTEM|altsyncram:altsyncram_component|altsyncram_32q3:auto_generated|ram_block1a0~porta_we_reg  ; T65:U1|BAL[8]                     ; clk_50       ; cpu_clk_out ; 20.000       ; 2.870      ; 12.733     ;
; 10.154 ; SYSTEM_ROM:SYSTEM|altsyncram:altsyncram_component|altsyncram_32q3:auto_generated|ram_block1a0~porta_we_reg  ; T65:U1|BAL[7]                     ; clk_50       ; cpu_clk_out ; 20.000       ; 2.869      ; 12.717     ;
; 10.179 ; RIOT_RAM:U4_RAM|altsyncram:altsyncram_component|altsyncram_b8p3:auto_generated|q_a[4]                       ; T65:U1|BAL[5]                     ; clk_50       ; cpu_clk_out ; 20.000       ; 2.905      ; 12.728     ;
; 10.190 ; SYSTEM_ROM:SYSTEM|altsyncram:altsyncram_component|altsyncram_32q3:auto_generated|ram_block1a0~porta_we_reg  ; T65:U1|BAL[4]                     ; clk_50       ; cpu_clk_out ; 20.000       ; 2.869      ; 12.681     ;
; 10.202 ; RIOT_RAM:U4_RAM|altsyncram:altsyncram_component|altsyncram_b8p3:auto_generated|q_a[2]                       ; T65:U1|BAL[3]                     ; clk_50       ; cpu_clk_out ; 20.000       ; 2.905      ; 12.705     ;
; 10.216 ; SYSTEM_ROM:SYSTEM|altsyncram:altsyncram_component|altsyncram_32q3:auto_generated|ram_block1a0~porta_we_reg  ; T65:U1|BAL[6]                     ; clk_50       ; cpu_clk_out ; 20.000       ; 2.869      ; 12.655     ;
; 10.217 ; RIOT_RAM:U4_RAM|altsyncram:altsyncram_component|altsyncram_b8p3:auto_generated|q_a[4]                       ; T65:U1|BAL[8]                     ; clk_50       ; cpu_clk_out ; 20.000       ; 2.906      ; 12.691     ;
; 10.232 ; RIOT_RAM:U4_RAM|altsyncram:altsyncram_component|altsyncram_b8p3:auto_generated|q_a[4]                       ; T65:U1|BAL[7]                     ; clk_50       ; cpu_clk_out ; 20.000       ; 2.905      ; 12.675     ;
; 10.237 ; RIOT_RAM:U4_RAM|altsyncram:altsyncram_component|altsyncram_b8p3:auto_generated|q_a[5]                       ; T65:U1|BAL[8]                     ; clk_50       ; cpu_clk_out ; 20.000       ; 2.906      ; 12.671     ;
; 10.252 ; RIOT_RAM:U4_RAM|altsyncram:altsyncram_component|altsyncram_b8p3:auto_generated|q_a[5]                       ; T65:U1|BAL[7]                     ; clk_50       ; cpu_clk_out ; 20.000       ; 2.905      ; 12.655     ;
; 10.294 ; RIOT_RAM:U4_RAM|altsyncram:altsyncram_component|altsyncram_b8p3:auto_generated|q_a[4]                       ; T65:U1|BAL[6]                     ; clk_50       ; cpu_clk_out ; 20.000       ; 2.905      ; 12.613     ;
; 10.314 ; RIOT_RAM:U4_RAM|altsyncram:altsyncram_component|altsyncram_b8p3:auto_generated|q_a[5]                       ; T65:U1|BAL[6]                     ; clk_50       ; cpu_clk_out ; 20.000       ; 2.905      ; 12.593     ;
; 10.359 ; SYSTEM_ROM:SYSTEM|altsyncram:altsyncram_component|altsyncram_32q3:auto_generated|ram_block1a1~porta_we_reg  ; T65:U1|BAL[5]                     ; clk_50       ; cpu_clk_out ; 20.000       ; 2.868      ; 12.511     ;
; 10.362 ; SYSTEM_ROM:SYSTEM|altsyncram:altsyncram_component|altsyncram_32q3:auto_generated|ram_block1a2~porta_we_reg  ; T65:U1|BAL[3]                     ; clk_50       ; cpu_clk_out ; 20.000       ; 2.870      ; 12.510     ;
; 10.397 ; SYSTEM_ROM:SYSTEM|altsyncram:altsyncram_component|altsyncram_32q3:auto_generated|ram_block1a1~porta_we_reg  ; T65:U1|BAL[8]                     ; clk_50       ; cpu_clk_out ; 20.000       ; 2.869      ; 12.474     ;
; 10.412 ; SYSTEM_ROM:SYSTEM|altsyncram:altsyncram_component|altsyncram_32q3:auto_generated|ram_block1a1~porta_we_reg  ; T65:U1|BAL[7]                     ; clk_50       ; cpu_clk_out ; 20.000       ; 2.868      ; 12.458     ;
; 10.425 ; RIOT_RAM:U4_RAM|altsyncram:altsyncram_component|altsyncram_b8p3:auto_generated|q_a[2]                       ; T65:U1|BAL[5]                     ; clk_50       ; cpu_clk_out ; 20.000       ; 2.905      ; 12.482     ;
; 10.448 ; SYSTEM_ROM:SYSTEM|altsyncram:altsyncram_component|altsyncram_32q3:auto_generated|ram_block1a1~porta_we_reg  ; T65:U1|BAL[4]                     ; clk_50       ; cpu_clk_out ; 20.000       ; 2.868      ; 12.422     ;
; 10.463 ; RIOT_RAM:U4_RAM|altsyncram:altsyncram_component|altsyncram_b8p3:auto_generated|q_a[2]                       ; T65:U1|BAL[8]                     ; clk_50       ; cpu_clk_out ; 20.000       ; 2.906      ; 12.445     ;
; 10.474 ; SYSTEM_ROM:SYSTEM|altsyncram:altsyncram_component|altsyncram_32q3:auto_generated|ram_block1a1~porta_we_reg  ; T65:U1|BAL[6]                     ; clk_50       ; cpu_clk_out ; 20.000       ; 2.868      ; 12.396     ;
; 10.478 ; RIOT_RAM:U4_RAM|altsyncram:altsyncram_component|altsyncram_b8p3:auto_generated|q_a[2]                       ; T65:U1|BAL[7]                     ; clk_50       ; cpu_clk_out ; 20.000       ; 2.905      ; 12.429     ;
; 10.514 ; RIOT_RAM:U4_RAM|altsyncram:altsyncram_component|altsyncram_b8p3:auto_generated|q_a[2]                       ; T65:U1|BAL[4]                     ; clk_50       ; cpu_clk_out ; 20.000       ; 2.905      ; 12.393     ;
; 10.540 ; RIOT_RAM:U4_RAM|altsyncram:altsyncram_component|altsyncram_b8p3:auto_generated|q_a[2]                       ; T65:U1|BAL[6]                     ; clk_50       ; cpu_clk_out ; 20.000       ; 2.905      ; 12.367     ;
; 10.552 ; GAME_ROM:GAME2|altsyncram:altsyncram_component|altsyncram_r1q3:auto_generated|ram_block1a0~porta_we_reg     ; T65:U1|BAL[3]                     ; clk_50       ; cpu_clk_out ; 20.000       ; 2.859      ; 12.309     ;
; 10.553 ; GAME_ROM:GAME|altsyncram:altsyncram_component|altsyncram_r1q3:auto_generated|ram_block1a0~porta_we_reg      ; T65:U1|BusB_r[6]                  ; clk_50       ; cpu_clk_out ; 20.000       ; 2.879      ; 12.328     ;
; 10.575 ; GAME_ROM:GAME|altsyncram:altsyncram_component|altsyncram_r1q3:auto_generated|ram_block1a0~porta_we_reg      ; T65:U1|BAL[2]                     ; clk_50       ; cpu_clk_out ; 20.000       ; 2.856      ; 12.283     ;
; 10.585 ; SYSTEM_ROM:SYSTEM|altsyncram:altsyncram_component|altsyncram_32q3:auto_generated|ram_block1a2~porta_we_reg  ; T65:U1|BAL[5]                     ; clk_50       ; cpu_clk_out ; 20.000       ; 2.870      ; 12.287     ;
; 10.592 ; GAME_ROM:GAME|altsyncram:altsyncram_component|altsyncram_r1q3:auto_generated|ram_block1a0~porta_we_reg      ; T65:U1|BusB_r[7]                  ; clk_50       ; cpu_clk_out ; 20.000       ; 2.879      ; 12.289     ;
; 10.623 ; SYSTEM_ROM:SYSTEM|altsyncram:altsyncram_component|altsyncram_32q3:auto_generated|ram_block1a2~porta_we_reg  ; T65:U1|BAL[8]                     ; clk_50       ; cpu_clk_out ; 20.000       ; 2.871      ; 12.250     ;
; 10.628 ; RIOT_RAM:U6_RAM|altsyncram:altsyncram_component|altsyncram_b8p3:auto_generated|q_a[4]                       ; T65:U1|BAL[5]                     ; clk_50       ; cpu_clk_out ; 20.000       ; 2.908      ; 12.282     ;
; 10.638 ; SYSTEM_ROM:SYSTEM|altsyncram:altsyncram_component|altsyncram_32q3:auto_generated|ram_block1a2~porta_we_reg  ; T65:U1|BAL[7]                     ; clk_50       ; cpu_clk_out ; 20.000       ; 2.870      ; 12.234     ;
; 10.654 ; RIOT_RAM:U4_RAM|altsyncram:altsyncram_component|altsyncram_b8p3:auto_generated|q_a[4]                       ; T65:U1|BAL[4]                     ; clk_50       ; cpu_clk_out ; 20.000       ; 2.905      ; 12.253     ;
; 10.666 ; RIOT_RAM:U6_RAM|altsyncram:altsyncram_component|altsyncram_b8p3:auto_generated|q_a[4]                       ; T65:U1|BAL[8]                     ; clk_50       ; cpu_clk_out ; 20.000       ; 2.909      ; 12.245     ;
; 10.674 ; SYSTEM_ROM:SYSTEM|altsyncram:altsyncram_component|altsyncram_32q3:auto_generated|ram_block1a2~porta_we_reg  ; T65:U1|BAL[4]                     ; clk_50       ; cpu_clk_out ; 20.000       ; 2.870      ; 12.198     ;
; 10.679 ; GAME_ROM:GAME|altsyncram:altsyncram_component|altsyncram_r1q3:auto_generated|ram_block1a0~porta_we_reg      ; T65:U1|BusB_r[4]                  ; clk_50       ; cpu_clk_out ; 20.000       ; 2.879      ; 12.202     ;
; 10.681 ; RIOT_RAM:U6_RAM|altsyncram:altsyncram_component|altsyncram_b8p3:auto_generated|q_a[4]                       ; T65:U1|BAL[7]                     ; clk_50       ; cpu_clk_out ; 20.000       ; 2.908      ; 12.229     ;
; 10.689 ; RIOT_RAM:U4_RAM|altsyncram:altsyncram_component|altsyncram_b8p3:auto_generated|q_a[5]                       ; T65:U1|BAL[5]                     ; clk_50       ; cpu_clk_out ; 20.000       ; 2.905      ; 12.218     ;
; 10.700 ; SYSTEM_ROM:SYSTEM|altsyncram:altsyncram_component|altsyncram_32q3:auto_generated|ram_block1a2~porta_we_reg  ; T65:U1|BAL[6]                     ; clk_50       ; cpu_clk_out ; 20.000       ; 2.870      ; 12.172     ;
; 10.701 ; SYSTEM_ROM:SYSTEM|altsyncram:altsyncram_component|altsyncram_32q3:auto_generated|ram_block1a0~porta_we_reg  ; T65:U1|BAL[2]                     ; clk_50       ; cpu_clk_out ; 20.000       ; 2.870      ; 12.171     ;
; 10.718 ; GAME_ROM:GAME|altsyncram:altsyncram_component|altsyncram_r1q3:auto_generated|ram_block1a0~porta_we_reg      ; T65:U1|BusB_r[5]                  ; clk_50       ; cpu_clk_out ; 20.000       ; 2.879      ; 12.163     ;
; 10.743 ; RIOT_RAM:U6_RAM|altsyncram:altsyncram_component|altsyncram_b8p3:auto_generated|q_a[4]                       ; T65:U1|BAL[6]                     ; clk_50       ; cpu_clk_out ; 20.000       ; 2.908      ; 12.167     ;
; 10.775 ; GAME_ROM:GAME2|altsyncram:altsyncram_component|altsyncram_r1q3:auto_generated|ram_block1a0~porta_we_reg     ; T65:U1|BAL[5]                     ; clk_50       ; cpu_clk_out ; 20.000       ; 2.859      ; 12.086     ;
; 10.789 ; GAME_ROM:GAME2|altsyncram:altsyncram_component|altsyncram_r1q3:auto_generated|ram_block1a4~porta_we_reg     ; T65:U1|BAL[8]                     ; clk_50       ; cpu_clk_out ; 20.000       ; 2.856      ; 12.069     ;
; 10.813 ; GAME_ROM:GAME2|altsyncram:altsyncram_component|altsyncram_r1q3:auto_generated|ram_block1a0~porta_we_reg     ; T65:U1|BAL[8]                     ; clk_50       ; cpu_clk_out ; 20.000       ; 2.860      ; 12.049     ;
; 10.828 ; GAME_ROM:GAME2|altsyncram:altsyncram_component|altsyncram_r1q3:auto_generated|ram_block1a0~porta_we_reg     ; T65:U1|BAL[7]                     ; clk_50       ; cpu_clk_out ; 20.000       ; 2.859      ; 12.033     ;
; 10.834 ; RIOT_RAM:U6_RAM|altsyncram:altsyncram_component|altsyncram_b8p3:auto_generated|q_a[7]                       ; T65:U1|BAL[8]                     ; clk_50       ; cpu_clk_out ; 20.000       ; 2.909      ; 12.077     ;
; 10.864 ; GAME_ROM:GAME2|altsyncram:altsyncram_component|altsyncram_r1q3:auto_generated|ram_block1a0~porta_we_reg     ; T65:U1|BAL[4]                     ; clk_50       ; cpu_clk_out ; 20.000       ; 2.859      ; 11.997     ;
; 10.890 ; GAME_ROM:GAME2|altsyncram:altsyncram_component|altsyncram_r1q3:auto_generated|ram_block1a0~porta_we_reg     ; T65:U1|BAL[6]                     ; clk_50       ; cpu_clk_out ; 20.000       ; 2.859      ; 11.971     ;
; 10.904 ; RIOT_RAM:U4_RAM|altsyncram:altsyncram_component|altsyncram_b8p3:auto_generated|q_a[3]                       ; T65:U1|BAL[5]                     ; clk_50       ; cpu_clk_out ; 20.000       ; 2.905      ; 12.003     ;
; 10.906 ; RIOT_RAM:U6_RAM|altsyncram:altsyncram_component|altsyncram_b8p3:auto_generated|q_a[2]                       ; T65:U1|BAL[3]                     ; clk_50       ; cpu_clk_out ; 20.000       ; 2.908      ; 12.004     ;
; 10.942 ; RIOT_RAM:U4_RAM|altsyncram:altsyncram_component|altsyncram_b8p3:auto_generated|q_a[3]                       ; T65:U1|BAL[8]                     ; clk_50       ; cpu_clk_out ; 20.000       ; 2.906      ; 11.966     ;
; 10.957 ; RIOT_RAM:U4_RAM|altsyncram:altsyncram_component|altsyncram_b8p3:auto_generated|q_a[3]                       ; T65:U1|BAL[7]                     ; clk_50       ; cpu_clk_out ; 20.000       ; 2.905      ; 11.950     ;
; 10.959 ; SYSTEM_ROM:SYSTEM|altsyncram:altsyncram_component|altsyncram_32q3:auto_generated|ram_block1a1~porta_we_reg  ; T65:U1|BAL[2]                     ; clk_50       ; cpu_clk_out ; 20.000       ; 2.869      ; 11.912     ;
; 10.993 ; RIOT_RAM:U4_RAM|altsyncram:altsyncram_component|altsyncram_b8p3:auto_generated|q_a[3]                       ; T65:U1|BAL[4]                     ; clk_50       ; cpu_clk_out ; 20.000       ; 2.905      ; 11.914     ;
; 11.019 ; RIOT_RAM:U4_RAM|altsyncram:altsyncram_component|altsyncram_b8p3:auto_generated|q_a[3]                       ; T65:U1|BAL[6]                     ; clk_50       ; cpu_clk_out ; 20.000       ; 2.905      ; 11.888     ;
; 11.055 ; RIOT_RAM:U4_RAM|altsyncram:altsyncram_component|altsyncram_b8p3:auto_generated|q_a[7]                       ; T65:U1|BAL[8]                     ; clk_50       ; cpu_clk_out ; 20.000       ; 2.906      ; 11.853     ;
; 11.065 ; SYSTEM_ROM:SYSTEM|altsyncram:altsyncram_component|altsyncram_32q3:auto_generated|ram_block1a7~porta_we_reg  ; T65:U1|BAL[8]                     ; clk_50       ; cpu_clk_out ; 20.000       ; 2.861      ; 11.798     ;
; 11.090 ; RIOT_RAM:U4_RAM|altsyncram:altsyncram_component|altsyncram_b8p3:auto_generated|q_a[1]                       ; T65:U1|BAL[3]                     ; clk_50       ; cpu_clk_out ; 20.000       ; 2.905      ; 11.817     ;
; 11.103 ; RIOT_RAM:U6_RAM|altsyncram:altsyncram_component|altsyncram_b8p3:auto_generated|q_a[4]                       ; T65:U1|BAL[4]                     ; clk_50       ; cpu_clk_out ; 20.000       ; 2.908      ; 11.807     ;
; 11.129 ; RIOT_RAM:U6_RAM|altsyncram:altsyncram_component|altsyncram_b8p3:auto_generated|q_a[2]                       ; T65:U1|BAL[5]                     ; clk_50       ; cpu_clk_out ; 20.000       ; 2.908      ; 11.781     ;
; 11.133 ; RIOT_RAM:U5_RAM|altsyncram:altsyncram_component|altsyncram_b8p3:auto_generated|q_a[4]                       ; T65:U1|BAL[5]                     ; clk_50       ; cpu_clk_out ; 20.000       ; 2.913      ; 11.782     ;
; 11.147 ; GAME_ROM:GAME|altsyncram:altsyncram_component|altsyncram_r1q3:auto_generated|ram_block1a4~porta_we_reg      ; T65:U1|PC[12]                     ; clk_50       ; cpu_clk_out ; 20.000       ; 2.867      ; 11.722     ;
; 11.148 ; GAME_ROM:GAME|altsyncram:altsyncram_component|altsyncram_r1q3:auto_generated|ram_block1a0~porta_we_reg      ; T65:U1|BAL[1]                     ; clk_50       ; cpu_clk_out ; 20.000       ; 2.852      ; 11.706     ;
; 11.167 ; RIOT_RAM:U6_RAM|altsyncram:altsyncram_component|altsyncram_b8p3:auto_generated|q_a[2]                       ; T65:U1|BAL[8]                     ; clk_50       ; cpu_clk_out ; 20.000       ; 2.909      ; 11.744     ;
; 11.171 ; RIOT_RAM:U5_RAM|altsyncram:altsyncram_component|altsyncram_b8p3:auto_generated|q_a[4]                       ; T65:U1|BAL[8]                     ; clk_50       ; cpu_clk_out ; 20.000       ; 2.914      ; 11.745     ;
; 11.171 ; RIOT_RAM:U4_RAM|altsyncram:altsyncram_component|altsyncram_b8p3:auto_generated|q_a[3]                       ; T65:U1|BAL[3]                     ; clk_50       ; cpu_clk_out ; 20.000       ; 2.905      ; 11.736     ;
; 11.182 ; RIOT_RAM:U6_RAM|altsyncram:altsyncram_component|altsyncram_b8p3:auto_generated|q_a[2]                       ; T65:U1|BAL[7]                     ; clk_50       ; cpu_clk_out ; 20.000       ; 2.908      ; 11.728     ;
; 11.186 ; RIOT_RAM:U5_RAM|altsyncram:altsyncram_component|altsyncram_b8p3:auto_generated|q_a[4]                       ; T65:U1|BAL[7]                     ; clk_50       ; cpu_clk_out ; 20.000       ; 2.913      ; 11.729     ;
; 11.213 ; GAME_ROM:GAME|altsyncram:altsyncram_component|altsyncram_r1q3:auto_generated|ram_block1a0~porta_we_reg      ; T65:U1|PC[8]                      ; clk_50       ; cpu_clk_out ; 20.000       ; 2.867      ; 11.656     ;
; 11.218 ; RIOT_RAM:U6_RAM|altsyncram:altsyncram_component|altsyncram_b8p3:auto_generated|q_a[2]                       ; T65:U1|BAL[4]                     ; clk_50       ; cpu_clk_out ; 20.000       ; 2.908      ; 11.692     ;
; 11.235 ; RIOT_RAM:U6_RAM|altsyncram:altsyncram_component|altsyncram_b8p3:auto_generated|q_a[5]                       ; T65:U1|BAL[8]                     ; clk_50       ; cpu_clk_out ; 20.000       ; 2.909      ; 11.676     ;
; 11.244 ; RIOT_RAM:U6_RAM|altsyncram:altsyncram_component|altsyncram_b8p3:auto_generated|q_a[2]                       ; T65:U1|BAL[6]                     ; clk_50       ; cpu_clk_out ; 20.000       ; 2.908      ; 11.666     ;
; 11.248 ; RIOT_RAM:U5_RAM|altsyncram:altsyncram_component|altsyncram_b8p3:auto_generated|q_a[4]                       ; T65:U1|BAL[6]                     ; clk_50       ; cpu_clk_out ; 20.000       ; 2.913      ; 11.667     ;
; 11.250 ; RIOT_RAM:U6_RAM|altsyncram:altsyncram_component|altsyncram_b8p3:auto_generated|q_a[5]                       ; T65:U1|BAL[7]                     ; clk_50       ; cpu_clk_out ; 20.000       ; 2.908      ; 11.660     ;
; 11.259 ; GAME_ROM:GAME|altsyncram:altsyncram_component|altsyncram_r1q3:auto_generated|ram_block1a0~porta_we_reg      ; T65:U1|BusB_r[3]                  ; clk_50       ; cpu_clk_out ; 20.000       ; 2.879      ; 11.622     ;
; 11.274 ; SYSTEM_ROM:SYSTEM|altsyncram:altsyncram_component|altsyncram_32q3:auto_generated|ram_block1a0~porta_we_reg  ; T65:U1|BAL[1]                     ; clk_50       ; cpu_clk_out ; 20.000       ; 2.866      ; 11.594     ;
; 11.290 ; GAME_ROM:GAME2|altsyncram:altsyncram_component|altsyncram_r1q3:auto_generated|ram_block1a4~porta_we_reg     ; T65:U1|BAL[7]                     ; clk_50       ; cpu_clk_out ; 20.000       ; 2.855      ; 11.567     ;
; 11.292 ; RIOT_RAM:U6_RAM|altsyncram:altsyncram_component|altsyncram_b8p3:auto_generated|q_a[3]                       ; T65:U1|BAL[5]                     ; clk_50       ; cpu_clk_out ; 20.000       ; 2.908      ; 11.618     ;
; 11.312 ; RIOT_RAM:U6_RAM|altsyncram:altsyncram_component|altsyncram_b8p3:auto_generated|q_a[5]                       ; T65:U1|BAL[6]                     ; clk_50       ; cpu_clk_out ; 20.000       ; 2.908      ; 11.598     ;
; 11.312 ; GAME_ROM:GAME|altsyncram:altsyncram_component|altsyncram_r1q3:auto_generated|ram_block1a0~porta_we_reg      ; T65:U1|PC[11]                     ; clk_50       ; cpu_clk_out ; 20.000       ; 2.866      ; 11.556     ;
; 11.313 ; RIOT_RAM:U4_RAM|altsyncram:altsyncram_component|altsyncram_b8p3:auto_generated|q_a[1]                       ; T65:U1|BAL[5]                     ; clk_50       ; cpu_clk_out ; 20.000       ; 2.905      ; 11.594     ;
; 11.330 ; RIOT_RAM:U6_RAM|altsyncram:altsyncram_component|altsyncram_b8p3:auto_generated|q_a[3]                       ; T65:U1|BAL[8]                     ; clk_50       ; cpu_clk_out ; 20.000       ; 2.909      ; 11.581     ;
; 11.335 ; RIOT_RAM:U6_RAM|altsyncram:altsyncram_component|altsyncram_b8p3:auto_generated|q_a[7]                       ; T65:U1|BAL[7]                     ; clk_50       ; cpu_clk_out ; 20.000       ; 2.908      ; 11.575     ;
; 11.345 ; RIOT_RAM:U6_RAM|altsyncram:altsyncram_component|altsyncram_b8p3:auto_generated|q_a[3]                       ; T65:U1|BAL[7]                     ; clk_50       ; cpu_clk_out ; 20.000       ; 2.908      ; 11.565     ;
; 11.349 ; GAME_ROM:SOUNDROM1|altsyncram:altsyncram_component|altsyncram_r1q3:auto_generated|ram_block1a0~porta_we_reg ; gosof80:SOUNDBOARD|T65:CPU|BAL[6] ; clk_50       ; cpu_clk_out ; 20.000       ; 2.849      ; 11.502     ;
; 11.351 ; RIOT_RAM:U4_RAM|altsyncram:altsyncram_component|altsyncram_b8p3:auto_generated|q_a[1]                       ; T65:U1|BAL[8]                     ; clk_50       ; cpu_clk_out ; 20.000       ; 2.906      ; 11.557     ;
+--------+-------------------------------------------------------------------------------------------------------------+-----------------------------------+--------------+-------------+--------------+------------+------------+


+--------------------------------------------------------------------------------------------------------------------------------------------------------------------------------------------------------------------------------------------------------+
; Slow 1200mV 0C Model Hold: 'clk_50'                                                                                                                                                                                                                    ;
+-------+-----------------------------------------------------------------+--------------------------------------------------------------------------------------------------------+--------------+-------------+--------------+------------+------------+
; Slack ; From Node                                                       ; To Node                                                                                                ; Launch Clock ; Latch Clock ; Relationship ; Clock Skew ; Data Delay ;
+-------+-----------------------------------------------------------------+--------------------------------------------------------------------------------------------------------+--------------+-------------+--------------+------------+------------+
; 0.391 ; EEprom:EEprom|data_eeprom[6]                                    ; R5101:Z5|altsyncram:altsyncram_component|altsyncram_qpq3:auto_generated|ram_block1a0~portb_datain_reg0 ; clk_50       ; clk_50      ; 0.000        ; 0.432      ; 1.053      ;
; 0.394 ; EEprom:EEprom|data_eeprom[3]                                    ; R5101:Z5|altsyncram:altsyncram_component|altsyncram_qpq3:auto_generated|ram_block1a0~portb_datain_reg0 ; clk_50       ; clk_50      ; 0.000        ; 0.432      ; 1.056      ;
; 0.398 ; EEprom:EEprom|data_eeprom[1]                                    ; R5101:Z5|altsyncram:altsyncram_component|altsyncram_qpq3:auto_generated|ram_block1a0~portb_datain_reg0 ; clk_50       ; clk_50      ; 0.000        ; 0.432      ; 1.060      ;
; 0.400 ; EEprom:EEprom|SPI_Master:EEPROM_CMD|tx_reg[1]                   ; EEprom:EEprom|SPI_Master:EEPROM_CMD|tx_reg[1]                                                          ; clk_50       ; clk_50      ; 0.000        ; 0.074      ; 0.669      ;
; 0.400 ; EEprom:EEprom|wr_ram                                            ; EEprom:EEprom|wr_ram                                                                                   ; clk_50       ; clk_50      ; 0.000        ; 0.074      ; 0.669      ;
; 0.400 ; EEprom:EEprom|state.Delay2                                      ; EEprom:EEprom|state.Delay2                                                                             ; clk_50       ; clk_50      ; 0.000        ; 0.074      ; 0.669      ;
; 0.400 ; EEprom:EEprom|state.wait_for_Master                             ; EEprom:EEprom|state.wait_for_Master                                                                    ; clk_50       ; clk_50      ; 0.000        ; 0.074      ; 0.669      ;
; 0.400 ; EEprom:EEprom|TX_Start_R                                        ; EEprom:EEprom|TX_Start_R                                                                               ; clk_50       ; clk_50      ; 0.000        ; 0.074      ; 0.669      ;
; 0.400 ; EEprom:EEprom|state.wait_for_read                               ; EEprom:EEprom|state.wait_for_read                                                                      ; clk_50       ; clk_50      ; 0.000        ; 0.074      ; 0.669      ;
; 0.400 ; EEprom:EEprom|SPI_Master:EEPROM_READ|TX_Done                    ; EEprom:EEprom|SPI_Master:EEPROM_READ|TX_Done                                                           ; clk_50       ; clk_50      ; 0.000        ; 0.074      ; 0.669      ;
; 0.400 ; EEprom:EEprom|SPI_Master:EEPROM_READ|bitcounter[5]              ; EEprom:EEprom|SPI_Master:EEPROM_READ|bitcounter[5]                                                     ; clk_50       ; clk_50      ; 0.000        ; 0.074      ; 0.669      ;
; 0.400 ; EEprom:EEprom|SPI_Master:EEPROM_READ|bitcounter[3]              ; EEprom:EEprom|SPI_Master:EEPROM_READ|bitcounter[3]                                                     ; clk_50       ; clk_50      ; 0.000        ; 0.074      ; 0.669      ;
; 0.400 ; EEprom:EEprom|SPI_Master:EEPROM_READ|bitcounter[2]              ; EEprom:EEprom|SPI_Master:EEPROM_READ|bitcounter[2]                                                     ; clk_50       ; clk_50      ; 0.000        ; 0.074      ; 0.669      ;
; 0.400 ; EEprom:EEprom|SPI_Master:EEPROM_READ|bitcounter[1]              ; EEprom:EEprom|SPI_Master:EEPROM_READ|bitcounter[1]                                                     ; clk_50       ; clk_50      ; 0.000        ; 0.074      ; 0.669      ;
; 0.400 ; EEprom:EEprom|SPI_Master:EEPROM_READ|bitcounter[0]              ; EEprom:EEprom|SPI_Master:EEPROM_READ|bitcounter[0]                                                     ; clk_50       ; clk_50      ; 0.000        ; 0.074      ; 0.669      ;
; 0.400 ; EEprom:EEprom|SPI_Master:EEPROM_READ|bitcounter[4]              ; EEprom:EEprom|SPI_Master:EEPROM_READ|bitcounter[4]                                                     ; clk_50       ; clk_50      ; 0.000        ; 0.074      ; 0.669      ;
; 0.400 ; EEprom:EEprom|SPI_Master:EEPROM_CMD|SS                          ; EEprom:EEprom|SPI_Master:EEPROM_CMD|SS                                                                 ; clk_50       ; clk_50      ; 0.000        ; 0.074      ; 0.669      ;
; 0.400 ; SD_Card:SD_CARD|SPI_Master:SD_CARD_ACCESS|SS                    ; SD_Card:SD_CARD|SPI_Master:SD_CARD_ACCESS|SS                                                           ; clk_50       ; clk_50      ; 0.000        ; 0.074      ; 0.669      ;
; 0.400 ; byte_to_ascii:CONVO|bytetoconvert[1]                            ; byte_to_ascii:CONVO|bytetoconvert[1]                                                                   ; clk_50       ; clk_50      ; 0.000        ; 0.074      ; 0.669      ;
; 0.400 ; byte_to_ascii:CONVS|bytetoconvert[1]                            ; byte_to_ascii:CONVS|bytetoconvert[1]                                                                   ; clk_50       ; clk_50      ; 0.000        ; 0.074      ; 0.669      ;
; 0.400 ; SD_Card:SD_CARD|do_not_enable_SS                                ; SD_Card:SD_CARD|do_not_enable_SS                                                                       ; clk_50       ; clk_50      ; 0.000        ; 0.074      ; 0.669      ;
; 0.400 ; SD_Card:SD_CARD|do_not_disable_SS                               ; SD_Card:SD_CARD|do_not_disable_SS                                                                      ; clk_50       ; clk_50      ; 0.000        ; 0.074      ; 0.669      ;
; 0.400 ; SD_Card:SD_CARD|active_master[1]                                ; SD_Card:SD_CARD|active_master[1]                                                                       ; clk_50       ; clk_50      ; 0.000        ; 0.074      ; 0.669      ;
; 0.400 ; SD_Card:SD_CARD|active_master[0]                                ; SD_Card:SD_CARD|active_master[0]                                                                       ; clk_50       ; clk_50      ; 0.000        ; 0.074      ; 0.669      ;
; 0.400 ; byte_to_ascii:CONVG|bytetoconvert[7]                            ; byte_to_ascii:CONVG|bytetoconvert[7]                                                                   ; clk_50       ; clk_50      ; 0.000        ; 0.074      ; 0.669      ;
; 0.400 ; byte_to_ascii:CONVG|bytetoconvert[1]                            ; byte_to_ascii:CONVG|bytetoconvert[1]                                                                   ; clk_50       ; clk_50      ; 0.000        ; 0.074      ; 0.669      ;
; 0.400 ; EEprom:EEprom|SPI_Master:EEPROM_CMD|TX_Done                     ; EEprom:EEprom|SPI_Master:EEPROM_CMD|TX_Done                                                            ; clk_50       ; clk_50      ; 0.000        ; 0.074      ; 0.669      ;
; 0.400 ; EEprom:EEprom|SPI_Master:EEPROM_CMD|bitcounter[3]               ; EEprom:EEprom|SPI_Master:EEPROM_CMD|bitcounter[3]                                                      ; clk_50       ; clk_50      ; 0.000        ; 0.074      ; 0.669      ;
; 0.400 ; EEprom:EEprom|SPI_Master:EEPROM_CMD|bitcounter[0]               ; EEprom:EEprom|SPI_Master:EEPROM_CMD|bitcounter[0]                                                      ; clk_50       ; clk_50      ; 0.000        ; 0.074      ; 0.669      ;
; 0.400 ; EEprom:EEprom|SPI_Master:EEPROM_CMD|bitcounter[1]               ; EEprom:EEprom|SPI_Master:EEPROM_CMD|bitcounter[1]                                                      ; clk_50       ; clk_50      ; 0.000        ; 0.074      ; 0.669      ;
; 0.400 ; EEprom:EEprom|SPI_Master:EEPROM_CMD|bitcounter[2]               ; EEprom:EEprom|SPI_Master:EEPROM_CMD|bitcounter[2]                                                      ; clk_50       ; clk_50      ; 0.000        ; 0.074      ; 0.669      ;
; 0.400 ; EEprom:EEprom|SPI_Master:EEPROM_CMD|spitxstate.spi_stx          ; EEprom:EEprom|SPI_Master:EEPROM_CMD|spitxstate.spi_stx                                                 ; clk_50       ; clk_50      ; 0.000        ; 0.074      ; 0.669      ;
; 0.400 ; EEprom:EEprom|SPI_Master:EEPROM_CMD|spitxstate.spi_txactive     ; EEprom:EEprom|SPI_Master:EEPROM_CMD|spitxstate.spi_txactive                                            ; clk_50       ; clk_50      ; 0.000        ; 0.074      ; 0.669      ;
; 0.400 ; EEprom:EEprom|SPI_Master:EEPROM_CMD|spitxstate.spi_etx          ; EEprom:EEprom|SPI_Master:EEPROM_CMD|spitxstate.spi_etx                                                 ; clk_50       ; clk_50      ; 0.000        ; 0.074      ; 0.669      ;
; 0.400 ; SD_Card:SD_CARD|state_A.wait_for_read                           ; SD_Card:SD_CARD|state_A.wait_for_read                                                                  ; clk_50       ; clk_50      ; 0.000        ; 0.074      ; 0.669      ;
; 0.400 ; SD_Card:SD_CARD|TX_Start_A                                      ; SD_Card:SD_CARD|TX_Start_A                                                                             ; clk_50       ; clk_50      ; 0.000        ; 0.074      ; 0.669      ;
; 0.400 ; SD_Card:SD_CARD|SPI_Master:SD_CARD_READ|TX_Done                 ; SD_Card:SD_CARD|SPI_Master:SD_CARD_READ|TX_Done                                                        ; clk_50       ; clk_50      ; 0.000        ; 0.074      ; 0.669      ;
; 0.400 ; SD_Card:SD_CARD|SPI_Master:SD_CARD_READ|spitxstate.spi_etx      ; SD_Card:SD_CARD|SPI_Master:SD_CARD_READ|spitxstate.spi_etx                                             ; clk_50       ; clk_50      ; 0.000        ; 0.074      ; 0.669      ;
; 0.400 ; SD_Card:SD_CARD|SPI_Master:SD_CARD_READ|spiclk                  ; SD_Card:SD_CARD|SPI_Master:SD_CARD_READ|spiclk                                                         ; clk_50       ; clk_50      ; 0.000        ; 0.074      ; 0.669      ;
; 0.400 ; SD_Card:SD_CARD|SPI_Master:SD_CARD_READ|bitcounter[1]           ; SD_Card:SD_CARD|SPI_Master:SD_CARD_READ|bitcounter[1]                                                  ; clk_50       ; clk_50      ; 0.000        ; 0.074      ; 0.669      ;
; 0.400 ; SD_Card:SD_CARD|SPI_Master:SD_CARD_READ|bitcounter[2]           ; SD_Card:SD_CARD|SPI_Master:SD_CARD_READ|bitcounter[2]                                                  ; clk_50       ; clk_50      ; 0.000        ; 0.074      ; 0.669      ;
; 0.400 ; SD_Card:SD_CARD|SPI_Master:SD_CARD_READ|bitcounter[0]           ; SD_Card:SD_CARD|SPI_Master:SD_CARD_READ|bitcounter[0]                                                  ; clk_50       ; clk_50      ; 0.000        ; 0.074      ; 0.669      ;
; 0.400 ; SD_Card:SD_CARD|SPI_Master:SD_CARD_READ|bitcounter[3]           ; SD_Card:SD_CARD|SPI_Master:SD_CARD_READ|bitcounter[3]                                                  ; clk_50       ; clk_50      ; 0.000        ; 0.074      ; 0.669      ;
; 0.400 ; SD_Card:SD_CARD|SPI_Master:SD_CARD_READ|spitxstate.spi_stx      ; SD_Card:SD_CARD|SPI_Master:SD_CARD_READ|spitxstate.spi_stx                                             ; clk_50       ; clk_50      ; 0.000        ; 0.074      ; 0.669      ;
; 0.400 ; SD_Card:SD_CARD|SPI_Master:SD_CARD_READ|spitxstate.spi_txactive ; SD_Card:SD_CARD|SPI_Master:SD_CARD_READ|spitxstate.spi_txactive                                        ; clk_50       ; clk_50      ; 0.000        ; 0.074      ; 0.669      ;
; 0.401 ; gosof80:SOUNDBOARD|DFPlayer_Mini_CMD:DFP_send|txd               ; gosof80:SOUNDBOARD|DFPlayer_Mini_CMD:DFP_send|txd                                                      ; clk_50       ; clk_50      ; 0.000        ; 0.073      ; 0.669      ;
; 0.401 ; EEprom:EEprom|SPI_Master:EEPROM_STAT|tx_reg[8]                  ; EEprom:EEprom|SPI_Master:EEPROM_STAT|tx_reg[8]                                                         ; clk_50       ; clk_50      ; 0.000        ; 0.073      ; 0.669      ;
; 0.401 ; EEprom:EEprom|SPI_Master:EEPROM_READ|SS                         ; EEprom:EEprom|SPI_Master:EEPROM_READ|SS                                                                ; clk_50       ; clk_50      ; 0.000        ; 0.073      ; 0.669      ;
; 0.401 ; EEprom:EEprom|SPI_Master:EEPROM_STAT|SS                         ; EEprom:EEprom|SPI_Master:EEPROM_STAT|SS                                                                ; clk_50       ; clk_50      ; 0.000        ; 0.073      ; 0.669      ;
; 0.401 ; EEprom:EEprom|SPI_Master:EEPROM_WRITE|SS                        ; EEprom:EEprom|SPI_Master:EEPROM_WRITE|SS                                                               ; clk_50       ; clk_50      ; 0.000        ; 0.073      ; 0.669      ;
; 0.401 ; gosof80:SOUNDBOARD|DFPlayer_Mini_CMD:DFP_send|state.Check       ; gosof80:SOUNDBOARD|DFPlayer_Mini_CMD:DFP_send|state.Check                                              ; clk_50       ; clk_50      ; 0.000        ; 0.073      ; 0.669      ;
; 0.401 ; gosof80:SOUNDBOARD|DFPlayer_Mini_CMD:DFP_send|state.Idle        ; gosof80:SOUNDBOARD|DFPlayer_Mini_CMD:DFP_send|state.Idle                                               ; clk_50       ; clk_50      ; 0.000        ; 0.073      ; 0.669      ;
; 0.401 ; EEprom:EEprom|state.wait_for_Master_II                          ; EEprom:EEprom|state.wait_for_Master_II                                                                 ; clk_50       ; clk_50      ; 0.000        ; 0.073      ; 0.669      ;
; 0.401 ; EEprom:EEprom|state.wait_for_Master_III                         ; EEprom:EEprom|state.wait_for_Master_III                                                                ; clk_50       ; clk_50      ; 0.000        ; 0.073      ; 0.669      ;
; 0.401 ; EEprom:EEprom|state.wait_for_Master_I                           ; EEprom:EEprom|state.wait_for_Master_I                                                                  ; clk_50       ; clk_50      ; 0.000        ; 0.073      ; 0.669      ;
; 0.401 ; EEprom:EEprom|state.Delay                                       ; EEprom:EEprom|state.Delay                                                                              ; clk_50       ; clk_50      ; 0.000        ; 0.073      ; 0.669      ;
; 0.401 ; EEprom:EEprom|SPI_Master:EEPROM_READ|spitxstate.spi_txactive    ; EEprom:EEprom|SPI_Master:EEPROM_READ|spitxstate.spi_txactive                                           ; clk_50       ; clk_50      ; 0.000        ; 0.073      ; 0.669      ;
; 0.401 ; EEprom:EEprom|SPI_Master:EEPROM_READ|spiclk                     ; EEprom:EEprom|SPI_Master:EEPROM_READ|spiclk                                                            ; clk_50       ; clk_50      ; 0.000        ; 0.073      ; 0.669      ;
; 0.401 ; EEprom:EEprom|SPI_Master:EEPROM_READ|spitxstate.spi_etx         ; EEprom:EEprom|SPI_Master:EEPROM_READ|spitxstate.spi_etx                                                ; clk_50       ; clk_50      ; 0.000        ; 0.073      ; 0.669      ;
; 0.401 ; EEprom:EEprom|SPI_Master:EEPROM_READ|spitxstate.spi_stx         ; EEprom:EEprom|SPI_Master:EEPROM_READ|spitxstate.spi_stx                                                ; clk_50       ; clk_50      ; 0.000        ; 0.073      ; 0.669      ;
; 0.401 ; EEprom:EEprom|SPI_Master:EEPROM_STAT|spitxstate.spi_txactive    ; EEprom:EEprom|SPI_Master:EEPROM_STAT|spitxstate.spi_txactive                                           ; clk_50       ; clk_50      ; 0.000        ; 0.073      ; 0.669      ;
; 0.401 ; EEprom:EEprom|SPI_Master:EEPROM_STAT|spitxstate.spi_etx         ; EEprom:EEprom|SPI_Master:EEPROM_STAT|spitxstate.spi_etx                                                ; clk_50       ; clk_50      ; 0.000        ; 0.073      ; 0.669      ;
; 0.401 ; EEprom:EEprom|SPI_Master:EEPROM_STAT|spitxstate.spi_stx         ; EEprom:EEprom|SPI_Master:EEPROM_STAT|spitxstate.spi_stx                                                ; clk_50       ; clk_50      ; 0.000        ; 0.073      ; 0.669      ;
; 0.401 ; EEprom:EEprom|TX_Start_Stat                                     ; EEprom:EEprom|TX_Start_Stat                                                                            ; clk_50       ; clk_50      ; 0.000        ; 0.073      ; 0.669      ;
; 0.401 ; EEprom:EEprom|state.wait_for_get_status_reg                     ; EEprom:EEprom|state.wait_for_get_status_reg                                                            ; clk_50       ; clk_50      ; 0.000        ; 0.073      ; 0.669      ;
; 0.401 ; EEprom:EEprom|TX_Start_W                                        ; EEprom:EEprom|TX_Start_W                                                                               ; clk_50       ; clk_50      ; 0.000        ; 0.073      ; 0.669      ;
; 0.401 ; EEprom:EEprom|state.wait_for_Write_done                         ; EEprom:EEprom|state.wait_for_Write_done                                                                ; clk_50       ; clk_50      ; 0.000        ; 0.073      ; 0.669      ;
; 0.401 ; EEprom:EEprom|TX_Start_Cmd                                      ; EEprom:EEprom|TX_Start_Cmd                                                                             ; clk_50       ; clk_50      ; 0.000        ; 0.073      ; 0.669      ;
; 0.401 ; EEprom:EEprom|state.wait_for_Cmd_done                           ; EEprom:EEprom|state.wait_for_Cmd_done                                                                  ; clk_50       ; clk_50      ; 0.000        ; 0.073      ; 0.669      ;
; 0.401 ; EEprom:EEprom|WIP_bit                                           ; EEprom:EEprom|WIP_bit                                                                                  ; clk_50       ; clk_50      ; 0.000        ; 0.073      ; 0.669      ;
; 0.401 ; EEprom:EEprom|SPI_Master:EEPROM_STAT|rx_reg[0]                  ; EEprom:EEprom|SPI_Master:EEPROM_STAT|rx_reg[0]                                                         ; clk_50       ; clk_50      ; 0.000        ; 0.073      ; 0.669      ;
; 0.401 ; SD_Card:SD_CARD|SPI_Master:SD_CARD_ACCESS|tx_reg[0]             ; SD_Card:SD_CARD|SPI_Master:SD_CARD_ACCESS|tx_reg[0]                                                    ; clk_50       ; clk_50      ; 0.000        ; 0.073      ; 0.669      ;
; 0.401 ; SD_Card:SD_CARD|SPI_Master:SD_CARD_READ|tx_reg[0]               ; SD_Card:SD_CARD|SPI_Master:SD_CARD_READ|tx_reg[0]                                                      ; clk_50       ; clk_50      ; 0.000        ; 0.073      ; 0.669      ;
; 0.401 ; EEprom:EEprom|SPI_Master:EEPROM_WRITE|tx_reg[0]                 ; EEprom:EEprom|SPI_Master:EEPROM_WRITE|tx_reg[0]                                                        ; clk_50       ; clk_50      ; 0.000        ; 0.073      ; 0.669      ;
; 0.401 ; count_to_zero:COUNT_STROBES|d_out                               ; count_to_zero:COUNT_STROBES|d_out                                                                      ; clk_50       ; clk_50      ; 0.000        ; 0.073      ; 0.669      ;
; 0.401 ; count_to_zero:COUNT_STROBES|int_count[0]                        ; count_to_zero:COUNT_STROBES|int_count[0]                                                               ; clk_50       ; clk_50      ; 0.000        ; 0.073      ; 0.669      ;
; 0.401 ; gosof80:SOUNDBOARD|SC01:SC01_Simu|AR                            ; gosof80:SOUNDBOARD|SC01:SC01_Simu|AR                                                                   ; clk_50       ; clk_50      ; 0.000        ; 0.073      ; 0.669      ;
; 0.401 ; gosof80:SOUNDBOARD|SC01:SC01_Simu|state.Speech                  ; gosof80:SOUNDBOARD|SC01:SC01_Simu|state.Speech                                                         ; clk_50       ; clk_50      ; 0.000        ; 0.073      ; 0.669      ;
; 0.401 ; gosof80:SOUNDBOARD|SC01:SC01_Simu|state.Idle                    ; gosof80:SOUNDBOARD|SC01:SC01_Simu|state.Idle                                                           ; clk_50       ; clk_50      ; 0.000        ; 0.073      ; 0.669      ;
; 0.401 ; EEprom:EEprom|SPI_Master:EEPROM_STAT|TX_Done                    ; EEprom:EEprom|SPI_Master:EEPROM_STAT|TX_Done                                                           ; clk_50       ; clk_50      ; 0.000        ; 0.073      ; 0.669      ;
; 0.401 ; EEprom:EEprom|SPI_Master:EEPROM_WRITE|TX_Done                   ; EEprom:EEprom|SPI_Master:EEPROM_WRITE|TX_Done                                                          ; clk_50       ; clk_50      ; 0.000        ; 0.073      ; 0.669      ;
; 0.401 ; EEprom:EEprom|SPI_Master:EEPROM_WRITE|spitxstate.spi_etx        ; EEprom:EEprom|SPI_Master:EEPROM_WRITE|spitxstate.spi_etx                                               ; clk_50       ; clk_50      ; 0.000        ; 0.073      ; 0.669      ;
; 0.401 ; EEprom:EEprom|SPI_Master:EEPROM_WRITE|bitcounter[5]             ; EEprom:EEprom|SPI_Master:EEPROM_WRITE|bitcounter[5]                                                    ; clk_50       ; clk_50      ; 0.000        ; 0.073      ; 0.669      ;
; 0.401 ; EEprom:EEprom|SPI_Master:EEPROM_WRITE|bitcounter[3]             ; EEprom:EEprom|SPI_Master:EEPROM_WRITE|bitcounter[3]                                                    ; clk_50       ; clk_50      ; 0.000        ; 0.073      ; 0.669      ;
; 0.401 ; EEprom:EEprom|SPI_Master:EEPROM_WRITE|bitcounter[2]             ; EEprom:EEprom|SPI_Master:EEPROM_WRITE|bitcounter[2]                                                    ; clk_50       ; clk_50      ; 0.000        ; 0.073      ; 0.669      ;
; 0.401 ; EEprom:EEprom|SPI_Master:EEPROM_WRITE|bitcounter[1]             ; EEprom:EEprom|SPI_Master:EEPROM_WRITE|bitcounter[1]                                                    ; clk_50       ; clk_50      ; 0.000        ; 0.073      ; 0.669      ;
; 0.401 ; EEprom:EEprom|SPI_Master:EEPROM_WRITE|bitcounter[0]             ; EEprom:EEprom|SPI_Master:EEPROM_WRITE|bitcounter[0]                                                    ; clk_50       ; clk_50      ; 0.000        ; 0.073      ; 0.669      ;
; 0.401 ; EEprom:EEprom|SPI_Master:EEPROM_WRITE|spiclk                    ; EEprom:EEprom|SPI_Master:EEPROM_WRITE|spiclk                                                           ; clk_50       ; clk_50      ; 0.000        ; 0.073      ; 0.669      ;
; 0.401 ; EEprom:EEprom|SPI_Master:EEPROM_WRITE|bitcounter[4]             ; EEprom:EEprom|SPI_Master:EEPROM_WRITE|bitcounter[4]                                                    ; clk_50       ; clk_50      ; 0.000        ; 0.073      ; 0.669      ;
; 0.401 ; EEprom:EEprom|SPI_Master:EEPROM_WRITE|spitxstate.spi_stx        ; EEprom:EEprom|SPI_Master:EEPROM_WRITE|spitxstate.spi_stx                                               ; clk_50       ; clk_50      ; 0.000        ; 0.073      ; 0.669      ;
; 0.401 ; EEprom:EEprom|SPI_Master:EEPROM_WRITE|spitxstate.spi_txactive   ; EEprom:EEprom|SPI_Master:EEPROM_WRITE|spitxstate.spi_txactive                                          ; clk_50       ; clk_50      ; 0.000        ; 0.073      ; 0.669      ;
; 0.401 ; EEprom:EEprom|SPI_Master:EEPROM_CMD|spiclk                      ; EEprom:EEprom|SPI_Master:EEPROM_CMD|spiclk                                                             ; clk_50       ; clk_50      ; 0.000        ; 0.073      ; 0.669      ;
; 0.401 ; EEprom:EEprom|SPI_Master:EEPROM_STAT|bitcounter[0]              ; EEprom:EEprom|SPI_Master:EEPROM_STAT|bitcounter[0]                                                     ; clk_50       ; clk_50      ; 0.000        ; 0.073      ; 0.669      ;
; 0.401 ; EEprom:EEprom|SPI_Master:EEPROM_STAT|bitcounter[4]              ; EEprom:EEprom|SPI_Master:EEPROM_STAT|bitcounter[4]                                                     ; clk_50       ; clk_50      ; 0.000        ; 0.073      ; 0.669      ;
; 0.401 ; EEprom:EEprom|SPI_Master:EEPROM_STAT|bitcounter[3]              ; EEprom:EEprom|SPI_Master:EEPROM_STAT|bitcounter[3]                                                     ; clk_50       ; clk_50      ; 0.000        ; 0.073      ; 0.669      ;
; 0.401 ; EEprom:EEprom|SPI_Master:EEPROM_STAT|bitcounter[2]              ; EEprom:EEprom|SPI_Master:EEPROM_STAT|bitcounter[2]                                                     ; clk_50       ; clk_50      ; 0.000        ; 0.073      ; 0.669      ;
; 0.401 ; EEprom:EEprom|SPI_Master:EEPROM_STAT|bitcounter[1]              ; EEprom:EEprom|SPI_Master:EEPROM_STAT|bitcounter[1]                                                     ; clk_50       ; clk_50      ; 0.000        ; 0.073      ; 0.669      ;
; 0.401 ; SD_Card:SD_CARD|SDcard_error                                    ; SD_Card:SD_CARD|SDcard_error                                                                           ; clk_50       ; clk_50      ; 0.000        ; 0.073      ; 0.669      ;
; 0.401 ; SD_Card:SD_CARD|state_A.check_for_FE_flag                       ; SD_Card:SD_CARD|state_A.check_for_FE_flag                                                              ; clk_50       ; clk_50      ; 0.000        ; 0.073      ; 0.669      ;
; 0.401 ; SD_Card:SD_CARD|state_A.check_sector_byte                       ; SD_Card:SD_CARD|state_A.check_sector_byte                                                              ; clk_50       ; clk_50      ; 0.000        ; 0.073      ; 0.669      ;
+-------+-----------------------------------------------------------------+--------------------------------------------------------------------------------------------------------+--------------+-------------+--------------+------------+------------+


+-----------------------------------------------------------------------------------------------------------------------------------------------------------------------------------------------------------------------------------------------------+
; Slow 1200mV 0C Model Hold: 'cpu_clk_out'                                                                                                                                                                                                            ;
+-------+----------------------------------------------------------------------------------------------------------+------------------------------------------------------------+--------------+-------------+--------------+------------+------------+
; Slack ; From Node                                                                                                ; To Node                                                    ; Launch Clock ; Latch Clock ; Relationship ; Clock Skew ; Data Delay ;
+-------+----------------------------------------------------------------------------------------------------------+------------------------------------------------------------+--------------+-------------+--------------+------------+------------+
; 0.400 ; boot_message:BM|bm_digit_strobe[1]                                                                       ; boot_message:BM|bm_digit_strobe[1]                         ; cpu_clk_out  ; cpu_clk_out ; 0.000        ; 0.074      ; 0.669      ;
; 0.400 ; read_the_dips:RDIPS|state.Idle                                                                           ; read_the_dips:RDIPS|state.Idle                             ; cpu_clk_out  ; cpu_clk_out ; 0.000        ; 0.074      ; 0.669      ;
; 0.400 ; T65:U1|MCycle[1]                                                                                         ; T65:U1|MCycle[1]                                           ; cpu_clk_out  ; cpu_clk_out ; 0.000        ; 0.074      ; 0.669      ;
; 0.400 ; T65:U1|MCycle[2]                                                                                         ; T65:U1|MCycle[2]                                           ; cpu_clk_out  ; cpu_clk_out ; 0.000        ; 0.074      ; 0.669      ;
; 0.400 ; T65:U1|IRQ_n_o                                                                                           ; T65:U1|IRQ_n_o                                             ; cpu_clk_out  ; cpu_clk_out ; 0.000        ; 0.074      ; 0.669      ;
; 0.400 ; T65:U1|P[1]                                                                                              ; T65:U1|P[1]                                                ; cpu_clk_out  ; cpu_clk_out ; 0.000        ; 0.074      ; 0.669      ;
; 0.400 ; T65:U1|P[7]                                                                                              ; T65:U1|P[7]                                                ; cpu_clk_out  ; cpu_clk_out ; 0.000        ; 0.074      ; 0.669      ;
; 0.401 ; boot_message:BM|Din_Seg_B[5]                                                                             ; boot_message:BM|Din_Seg_B[5]                               ; cpu_clk_out  ; cpu_clk_out ; 0.000        ; 0.073      ; 0.669      ;
; 0.401 ; boot_message:BM|Din_Seg_B[4]                                                                             ; boot_message:BM|Din_Seg_B[4]                               ; cpu_clk_out  ; cpu_clk_out ; 0.000        ; 0.073      ; 0.669      ;
; 0.401 ; gosof80:SOUNDBOARD|T65:CPU|MCycle[2]                                                                     ; gosof80:SOUNDBOARD|T65:CPU|MCycle[2]                       ; cpu_clk_out  ; cpu_clk_out ; 0.000        ; 0.073      ; 0.669      ;
; 0.401 ; gosof80:SOUNDBOARD|T65:CPU|MCycle[1]                                                                     ; gosof80:SOUNDBOARD|T65:CPU|MCycle[1]                       ; cpu_clk_out  ; cpu_clk_out ; 0.000        ; 0.073      ; 0.669      ;
; 0.401 ; boot_message:BM|bm_digit_strobe[3]                                                                       ; boot_message:BM|bm_digit_strobe[3]                         ; cpu_clk_out  ; cpu_clk_out ; 0.000        ; 0.073      ; 0.669      ;
; 0.401 ; boot_message:BM|bm_digit_strobe[0]                                                                       ; boot_message:BM|bm_digit_strobe[0]                         ; cpu_clk_out  ; cpu_clk_out ; 0.000        ; 0.073      ; 0.669      ;
; 0.401 ; anti_thunk:AT|count_ds[3]                                                                                ; anti_thunk:AT|count_ds[3]                                  ; cpu_clk_out  ; cpu_clk_out ; 0.000        ; 0.073      ; 0.669      ;
; 0.401 ; anti_thunk:AT|count_ds[2]                                                                                ; anti_thunk:AT|count_ds[2]                                  ; cpu_clk_out  ; cpu_clk_out ; 0.000        ; 0.073      ; 0.669      ;
; 0.401 ; anti_thunk:AT|count_ds[1]                                                                                ; anti_thunk:AT|count_ds[1]                                  ; cpu_clk_out  ; cpu_clk_out ; 0.000        ; 0.073      ; 0.669      ;
; 0.401 ; T65:U1|BAL[8]                                                                                            ; T65:U1|BAL[8]                                              ; cpu_clk_out  ; cpu_clk_out ; 0.000        ; 0.073      ; 0.669      ;
; 0.401 ; T65:U1|BusB_r[0]                                                                                         ; T65:U1|BusB_r[0]                                           ; cpu_clk_out  ; cpu_clk_out ; 0.000        ; 0.073      ; 0.669      ;
; 0.401 ; detect_sw_trigger:detect_credit_sw_trigger|state.wait_open                                               ; detect_sw_trigger:detect_credit_sw_trigger|state.wait_open ; cpu_clk_out  ; cpu_clk_out ; 0.000        ; 0.073      ; 0.669      ;
; 0.401 ; detect_sw_trigger:detect_credit_sw_trigger|state.Idle                                                    ; detect_sw_trigger:detect_credit_sw_trigger|state.Idle      ; cpu_clk_out  ; cpu_clk_out ; 0.000        ; 0.073      ; 0.669      ;
; 0.401 ; detect_sw_trigger:detect_credit_sw_trigger|state.counting                                                ; detect_sw_trigger:detect_credit_sw_trigger|state.counting  ; cpu_clk_out  ; cpu_clk_out ; 0.000        ; 0.073      ; 0.669      ;
; 0.401 ; detect_sw:detect_test_sw|state.Idle                                                                      ; detect_sw:detect_test_sw|state.Idle                        ; cpu_clk_out  ; cpu_clk_out ; 0.000        ; 0.073      ; 0.669      ;
; 0.401 ; detect_sw:detect_test_sw|state.delay                                                                     ; detect_sw:detect_test_sw|state.delay                       ; cpu_clk_out  ; cpu_clk_out ; 0.000        ; 0.073      ; 0.669      ;
; 0.401 ; detect_sw:detect_test_sw|state.counting                                                                  ; detect_sw:detect_test_sw|state.counting                    ; cpu_clk_out  ; cpu_clk_out ; 0.000        ; 0.073      ; 0.669      ;
; 0.401 ; detect_sw:detect_credit_sw|long_push                                                                     ; detect_sw:detect_credit_sw|long_push                       ; cpu_clk_out  ; cpu_clk_out ; 0.000        ; 0.073      ; 0.669      ;
; 0.401 ; detect_sw:detect_credit_sw|state.counting                                                                ; detect_sw:detect_credit_sw|state.counting                  ; cpu_clk_out  ; cpu_clk_out ; 0.000        ; 0.073      ; 0.669      ;
; 0.401 ; detect_sw:detect_credit_sw|state.delay                                                                   ; detect_sw:detect_credit_sw|state.delay                     ; cpu_clk_out  ; cpu_clk_out ; 0.000        ; 0.073      ; 0.669      ;
; 0.401 ; detect_sw:detect_credit_sw|state.Idle                                                                    ; detect_sw:detect_credit_sw|state.Idle                      ; cpu_clk_out  ; cpu_clk_out ; 0.000        ; 0.073      ; 0.669      ;
; 0.402 ; gosof80:SOUNDBOARD|T65:CPU|P[1]                                                                          ; gosof80:SOUNDBOARD|T65:CPU|P[1]                            ; cpu_clk_out  ; cpu_clk_out ; 0.000        ; 0.072      ; 0.669      ;
; 0.402 ; gosof80:SOUNDBOARD|T65:CPU|P[7]                                                                          ; gosof80:SOUNDBOARD|T65:CPU|P[7]                            ; cpu_clk_out  ; cpu_clk_out ; 0.000        ; 0.072      ; 0.669      ;
; 0.402 ; gosof80:SOUNDBOARD|T65:CPU|BusB_r[0]                                                                     ; gosof80:SOUNDBOARD|T65:CPU|BusB_r[0]                       ; cpu_clk_out  ; cpu_clk_out ; 0.000        ; 0.072      ; 0.669      ;
; 0.402 ; boot_message:BM|bm_digit_strobe[2]                                                                       ; boot_message:BM|bm_digit_strobe[2]                         ; cpu_clk_out  ; cpu_clk_out ; 0.000        ; 0.072      ; 0.669      ;
; 0.404 ; R6532:U5_IO|s_irq_timer_en                                                                               ; R6532:U5_IO|s_irq_timer_en                                 ; cpu_clk_out  ; cpu_clk_out ; 0.000        ; 0.070      ; 0.669      ;
; 0.404 ; R6532:U6_IO|s_irq_timer_en                                                                               ; R6532:U6_IO|s_irq_timer_en                                 ; cpu_clk_out  ; cpu_clk_out ; 0.000        ; 0.070      ; 0.669      ;
; 0.404 ; R6532:U4_IO|s_irq_timer_en                                                                               ; R6532:U4_IO|s_irq_timer_en                                 ; cpu_clk_out  ; cpu_clk_out ; 0.000        ; 0.070      ; 0.669      ;
; 0.404 ; R6532:U6_IO|s_dout[7]                                                                                    ; R6532:U6_IO|s_dout[7]                                      ; cpu_clk_out  ; cpu_clk_out ; 0.000        ; 0.070      ; 0.669      ;
; 0.404 ; R6532:U6_IO|s_irq_timer                                                                                  ; R6532:U6_IO|s_irq_timer                                    ; cpu_clk_out  ; cpu_clk_out ; 0.000        ; 0.070      ; 0.669      ;
; 0.404 ; R6532:U5_IO|s_irq_timer                                                                                  ; R6532:U5_IO|s_irq_timer                                    ; cpu_clk_out  ; cpu_clk_out ; 0.000        ; 0.070      ; 0.669      ;
; 0.405 ; gosof80:SOUNDBOARD|R6532:RIOT|s_irq_timer_en                                                             ; gosof80:SOUNDBOARD|R6532:RIOT|s_irq_timer_en               ; cpu_clk_out  ; cpu_clk_out ; 0.000        ; 0.069      ; 0.669      ;
; 0.405 ; gosof80:SOUNDBOARD|R6532:RIOT|s_irq_timer                                                                ; gosof80:SOUNDBOARD|R6532:RIOT|s_irq_timer                  ; cpu_clk_out  ; cpu_clk_out ; 0.000        ; 0.069      ; 0.669      ;
; 0.405 ; R6532:U4_IO|s_irq_timer                                                                                  ; R6532:U4_IO|s_irq_timer                                    ; cpu_clk_out  ; cpu_clk_out ; 0.000        ; 0.069      ; 0.669      ;
; 0.415 ; T65:U1|MCycle[0]                                                                                         ; T65:U1|MCycle[0]                                           ; cpu_clk_out  ; cpu_clk_out ; 0.000        ; 0.074      ; 0.684      ;
; 0.416 ; gosof80:SOUNDBOARD|T65:CPU|MCycle[0]                                                                     ; gosof80:SOUNDBOARD|T65:CPU|MCycle[0]                       ; cpu_clk_out  ; cpu_clk_out ; 0.000        ; 0.073      ; 0.684      ;
; 0.451 ; R6532:U5_IO|s_irq_timer_en                                                                               ; R6532:U5_IO|irq_n                                          ; cpu_clk_out  ; cpu_clk_out ; 0.000        ; 0.070      ; 0.716      ;
; 0.457 ; R6532:U6_IO|s_irq_timer                                                                                  ; R6532:U6_IO|irq_n                                          ; cpu_clk_out  ; cpu_clk_out ; 0.000        ; 0.070      ; 0.722      ;
; 0.458 ; gosof80:SOUNDBOARD|T65:CPU|NMI_entered                                                                   ; gosof80:SOUNDBOARD|T65:CPU|NMIAct                          ; cpu_clk_out  ; cpu_clk_out ; 0.000        ; 0.072      ; 0.725      ;
; 0.463 ; gosof80:SOUNDBOARD|T65:CPU|Set_Addr_To_r.Set_Addr_To_ZPG                                                 ; gosof80:SOUNDBOARD|T65:CPU|BusB_r[0]                       ; cpu_clk_out  ; cpu_clk_out ; 0.000        ; 0.072      ; 0.730      ;
; 0.470 ; Cross_Slow_To_Fast_Clock_Bus:META2|r1_Data[5]                                                            ; Cross_Slow_To_Fast_Clock_Bus:META2|r2_Data[5]              ; cpu_clk_out  ; cpu_clk_out ; 0.000        ; 0.073      ; 0.738      ;
; 0.470 ; Cross_Slow_To_Fast_Clock_Bus:META2|r2_Data[7]                                                            ; Cross_Slow_To_Fast_Clock_Bus:META2|o_Q[7]                  ; cpu_clk_out  ; cpu_clk_out ; 0.000        ; 0.073      ; 0.738      ;
; 0.471 ; Cross_Slow_To_Fast_Clock_Bus:META2|r1_Data[3]                                                            ; Cross_Slow_To_Fast_Clock_Bus:META2|r2_Data[3]              ; cpu_clk_out  ; cpu_clk_out ; 0.000        ; 0.073      ; 0.739      ;
; 0.472 ; T65:U1|Res_n_d                                                                                           ; T65:U1|Res_n_i                                             ; cpu_clk_out  ; cpu_clk_out ; 0.000        ; 0.072      ; 0.739      ;
; 0.474 ; read_the_dips:RDIPS|state.Read4                                                                          ; read_the_dips:RDIPS|state.Idle                             ; cpu_clk_out  ; cpu_clk_out ; 0.000        ; 0.074      ; 0.743      ;
; 0.479 ; detect_sw:detect_credit_sw|state.Idle                                                                    ; detect_sw:detect_credit_sw|long_push                       ; cpu_clk_out  ; cpu_clk_out ; 0.000        ; 0.073      ; 0.747      ;
; 0.499 ; read_the_dips:RDIPS|state.Start                                                                          ; read_the_dips:RDIPS|strobes[0]                             ; cpu_clk_out  ; cpu_clk_out ; 0.000        ; 0.074      ; 0.768      ;
; 0.525 ; Cross_Slow_To_Fast_Clock:META1|o_Q                                                                       ; read_the_dips:RDIPS|state.Read1                            ; cpu_clk_out  ; cpu_clk_out ; 0.000        ; 0.074      ; 0.794      ;
; 0.526 ; Cross_Slow_To_Fast_Clock:META1|o_Q                                                                       ; read_the_dips:RDIPS|state.Start                            ; cpu_clk_out  ; cpu_clk_out ; 0.000        ; 0.074      ; 0.795      ;
; 0.583 ; R6532:U4_IO|s_irq_timer_en                                                                               ; R6532:U4_IO|irq_n                                          ; cpu_clk_out  ; cpu_clk_out ; 0.000        ; 0.070      ; 0.848      ;
; 0.584 ; read_the_dips:RDIPS|state.Read2                                                                          ; read_the_dips:RDIPS|strobes[2]                             ; cpu_clk_out  ; cpu_clk_out ; 0.000        ; 0.074      ; 0.853      ;
; 0.585 ; read_the_dips:RDIPS|state.Read3                                                                          ; read_the_dips:RDIPS|strobes[3]                             ; cpu_clk_out  ; cpu_clk_out ; 0.000        ; 0.074      ; 0.854      ;
; 0.586 ; read_the_dips:RDIPS|state.Read1                                                                          ; read_the_dips:RDIPS|strobes[1]                             ; cpu_clk_out  ; cpu_clk_out ; 0.000        ; 0.074      ; 0.855      ;
; 0.602 ; read_the_dips:RDIPS|state.Read3                                                                          ; read_the_dips:RDIPS|state.Read4                            ; cpu_clk_out  ; cpu_clk_out ; 0.000        ; 0.074      ; 0.871      ;
; 0.604 ; read_the_dips:RDIPS|state.Read2                                                                          ; read_the_dips:RDIPS|state.Read3                            ; cpu_clk_out  ; cpu_clk_out ; 0.000        ; 0.074      ; 0.873      ;
; 0.605 ; read_the_dips:RDIPS|state.Read1                                                                          ; read_the_dips:RDIPS|state.Read2                            ; cpu_clk_out  ; cpu_clk_out ; 0.000        ; 0.074      ; 0.874      ;
; 0.623 ; gosof80:SOUNDBOARD|T65:CPU|IR[1]                                                                         ; gosof80:SOUNDBOARD|T65:CPU|ALU_Op_r.ALU_OP_EQ2             ; cpu_clk_out  ; cpu_clk_out ; 0.000        ; 0.072      ; 0.890      ;
; 0.625 ; gosof80:SOUNDBOARD|SB_RAM:RIOT_RAM|altsyncram:altsyncram_component|altsyncram_88p3:auto_generated|q_a[2] ; gosof80:SOUNDBOARD|T65:CPU|BusB[2]                         ; clk_50       ; cpu_clk_out ; 0.000        ; 3.203      ; 4.043      ;
; 0.642 ; gosof80:SOUNDBOARD|T65:CPU|RstCycle                                                                      ; gosof80:SOUNDBOARD|T65:CPU|P[2]                            ; cpu_clk_out  ; cpu_clk_out ; 0.000        ; 0.073      ; 0.910      ;
; 0.644 ; Cross_Slow_To_Fast_Clock_Bus:META2|r2_Data[4]                                                            ; Cross_Slow_To_Fast_Clock_Bus:META2|o_Q[4]                  ; cpu_clk_out  ; cpu_clk_out ; 0.000        ; 0.073      ; 0.912      ;
; 0.645 ; Cross_Slow_To_Fast_Clock_Bus:META2|r2_Data[6]                                                            ; Cross_Slow_To_Fast_Clock_Bus:META2|o_Q[6]                  ; cpu_clk_out  ; cpu_clk_out ; 0.000        ; 0.073      ; 0.913      ;
; 0.645 ; Cross_Slow_To_Fast_Clock_Bus:META2|r2_Data[3]                                                            ; Cross_Slow_To_Fast_Clock_Bus:META2|o_Q[3]                  ; cpu_clk_out  ; cpu_clk_out ; 0.000        ; 0.073      ; 0.913      ;
; 0.645 ; Cross_Slow_To_Fast_Clock_Bus:META2|r2_Data[1]                                                            ; Cross_Slow_To_Fast_Clock_Bus:META2|o_Q[1]                  ; cpu_clk_out  ; cpu_clk_out ; 0.000        ; 0.073      ; 0.913      ;
; 0.645 ; Cross_Slow_To_Fast_Clock_Bus:META2|r1_Data[7]                                                            ; Cross_Slow_To_Fast_Clock_Bus:META2|r2_Data[7]              ; cpu_clk_out  ; cpu_clk_out ; 0.000        ; 0.073      ; 0.913      ;
; 0.646 ; Cross_Slow_To_Fast_Clock_Bus:META2|r2_Data[2]                                                            ; Cross_Slow_To_Fast_Clock_Bus:META2|o_Q[2]                  ; cpu_clk_out  ; cpu_clk_out ; 0.000        ; 0.073      ; 0.914      ;
; 0.647 ; Cross_Slow_To_Fast_Clock_Bus:META2|r2_Data[5]                                                            ; Cross_Slow_To_Fast_Clock_Bus:META2|o_Q[5]                  ; cpu_clk_out  ; cpu_clk_out ; 0.000        ; 0.073      ; 0.915      ;
; 0.647 ; Cross_Slow_To_Fast_Clock_Bus:META2|r2_Data[0]                                                            ; Cross_Slow_To_Fast_Clock_Bus:META2|o_Q[0]                  ; cpu_clk_out  ; cpu_clk_out ; 0.000        ; 0.073      ; 0.915      ;
; 0.650 ; anti_thunk:AT|count_ds[0]                                                                                ; anti_thunk:AT|count_ds[1]                                  ; cpu_clk_out  ; cpu_clk_out ; 0.000        ; 0.073      ; 0.918      ;
; 0.652 ; gosof80:SOUNDBOARD|T65:CPU|IR[0]                                                                         ; gosof80:SOUNDBOARD|T65:CPU|ALU_Op_r.ALU_OP_AND             ; cpu_clk_out  ; cpu_clk_out ; 0.000        ; 0.072      ; 0.919      ;
; 0.652 ; anti_thunk:AT|count_ds[0]                                                                                ; anti_thunk:AT|count_ds[2]                                  ; cpu_clk_out  ; cpu_clk_out ; 0.000        ; 0.073      ; 0.920      ;
; 0.653 ; anti_thunk:AT|count_ds[0]                                                                                ; anti_thunk:AT|count_ds[3]                                  ; cpu_clk_out  ; cpu_clk_out ; 0.000        ; 0.073      ; 0.921      ;
; 0.670 ; gosof80:SOUNDBOARD|T65:CPU|MCycle[0]                                                                     ; gosof80:SOUNDBOARD|T65:CPU|MCycle[1]                       ; cpu_clk_out  ; cpu_clk_out ; 0.000        ; 0.073      ; 0.938      ;
; 0.671 ; gosof80:SOUNDBOARD|T65:CPU|MCycle[0]                                                                     ; gosof80:SOUNDBOARD|T65:CPU|MCycle[2]                       ; cpu_clk_out  ; cpu_clk_out ; 0.000        ; 0.073      ; 0.939      ;
; 0.673 ; T65:U1|IR[5]                                                                                             ; T65:U1|P[3]                                                ; cpu_clk_out  ; cpu_clk_out ; 0.000        ; 0.074      ; 0.942      ;
; 0.688 ; detect_sw:detect_credit_sw|check_counter[9]                                                              ; detect_sw:detect_credit_sw|check_counter[9]                ; cpu_clk_out  ; cpu_clk_out ; 0.000        ; 0.074      ; 0.957      ;
; 0.689 ; detect_sw:detect_credit_sw|closed_counter[15]                                                            ; detect_sw:detect_credit_sw|closed_counter[15]              ; cpu_clk_out  ; cpu_clk_out ; 0.000        ; 0.074      ; 0.958      ;
; 0.689 ; detect_sw:detect_credit_sw|closed_counter[9]                                                             ; detect_sw:detect_credit_sw|closed_counter[9]               ; cpu_clk_out  ; cpu_clk_out ; 0.000        ; 0.074      ; 0.958      ;
; 0.689 ; detect_sw:detect_credit_sw|closed_counter[7]                                                             ; detect_sw:detect_credit_sw|closed_counter[7]               ; cpu_clk_out  ; cpu_clk_out ; 0.000        ; 0.074      ; 0.958      ;
; 0.690 ; detect_sw:detect_test_sw|closed_counter[9]                                                               ; detect_sw:detect_test_sw|closed_counter[9]                 ; cpu_clk_out  ; cpu_clk_out ; 0.000        ; 0.073      ; 0.958      ;
; 0.690 ; detect_sw:detect_credit_sw|check_counter[7]                                                              ; detect_sw:detect_credit_sw|check_counter[7]                ; cpu_clk_out  ; cpu_clk_out ; 0.000        ; 0.074      ; 0.959      ;
; 0.691 ; detect_sw_trigger:detect_credit_sw_trigger|counter[19]                                                   ; detect_sw_trigger:detect_credit_sw_trigger|counter[19]     ; cpu_clk_out  ; cpu_clk_out ; 0.000        ; 0.073      ; 0.959      ;
; 0.691 ; detect_sw:detect_test_sw|closed_counter[15]                                                              ; detect_sw:detect_test_sw|closed_counter[15]                ; cpu_clk_out  ; cpu_clk_out ; 0.000        ; 0.072      ; 0.958      ;
; 0.691 ; detect_sw:detect_test_sw|closed_counter[7]                                                               ; detect_sw:detect_test_sw|closed_counter[7]                 ; cpu_clk_out  ; cpu_clk_out ; 0.000        ; 0.073      ; 0.959      ;
; 0.691 ; detect_sw:detect_test_sw|check_counter[7]                                                                ; detect_sw:detect_test_sw|check_counter[7]                  ; cpu_clk_out  ; cpu_clk_out ; 0.000        ; 0.072      ; 0.958      ;
; 0.691 ; detect_sw:detect_test_sw|check_counter[9]                                                                ; detect_sw:detect_test_sw|check_counter[9]                  ; cpu_clk_out  ; cpu_clk_out ; 0.000        ; 0.072      ; 0.958      ;
; 0.692 ; detect_sw:detect_test_sw|check_counter[1]                                                                ; detect_sw:detect_test_sw|check_counter[1]                  ; cpu_clk_out  ; cpu_clk_out ; 0.000        ; 0.072      ; 0.959      ;
; 0.692 ; detect_sw:detect_credit_sw|closed_counter[23]                                                            ; detect_sw:detect_credit_sw|closed_counter[23]              ; cpu_clk_out  ; cpu_clk_out ; 0.000        ; 0.074      ; 0.961      ;
; 0.692 ; detect_sw:detect_credit_sw|closed_counter[5]                                                             ; detect_sw:detect_credit_sw|closed_counter[5]               ; cpu_clk_out  ; cpu_clk_out ; 0.000        ; 0.074      ; 0.961      ;
; 0.692 ; detect_sw:detect_credit_sw|closed_counter[2]                                                             ; detect_sw:detect_credit_sw|closed_counter[2]               ; cpu_clk_out  ; cpu_clk_out ; 0.000        ; 0.074      ; 0.961      ;
; 0.692 ; detect_sw:detect_credit_sw|closed_counter[1]                                                             ; detect_sw:detect_credit_sw|closed_counter[1]               ; cpu_clk_out  ; cpu_clk_out ; 0.000        ; 0.074      ; 0.961      ;
; 0.692 ; detect_sw:detect_credit_sw|check_counter[23]                                                             ; detect_sw:detect_credit_sw|check_counter[23]               ; cpu_clk_out  ; cpu_clk_out ; 0.000        ; 0.074      ; 0.961      ;
; 0.692 ; detect_sw:detect_credit_sw|check_counter[2]                                                              ; detect_sw:detect_credit_sw|check_counter[2]                ; cpu_clk_out  ; cpu_clk_out ; 0.000        ; 0.074      ; 0.961      ;
; 0.692 ; detect_sw:detect_credit_sw|check_counter[1]                                                              ; detect_sw:detect_credit_sw|check_counter[1]                ; cpu_clk_out  ; cpu_clk_out ; 0.000        ; 0.074      ; 0.961      ;
+-------+----------------------------------------------------------------------------------------------------------+------------------------------------------------------------+--------------+-------------+--------------+------------+------------+


+-------------------------------------------------------------------------------------------------------------------------------------------------------------------------------+
; Slow 1200mV 0C Model Recovery: 'clk_50'                                                                                                                                       ;
+--------+--------------------------------+---------------------------------------------------------------+--------------+-------------+--------------+------------+------------+
; Slack  ; From Node                      ; To Node                                                       ; Launch Clock ; Latch Clock ; Relationship ; Clock Skew ; Data Delay ;
+--------+--------------------------------+---------------------------------------------------------------+--------------+-------------+--------------+------------+------------+
; 14.730 ; count_to_zero:COUNT_INTS|d_out ; gosof80:SOUNDBOARD|DFPlayer_Mini_CMD:DFP_send|txd             ; clk_50       ; clk_50      ; 20.000       ; -0.063     ; 5.209      ;
; 14.731 ; count_to_zero:COUNT_INTS|d_out ; gosof80:SOUNDBOARD|DFPlayer_Mini_CMD:DFP_send|state.Check     ; clk_50       ; clk_50      ; 20.000       ; -0.063     ; 5.208      ;
; 14.731 ; count_to_zero:COUNT_INTS|d_out ; gosof80:SOUNDBOARD|DFPlayer_Mini_CMD:DFP_send|state.Send      ; clk_50       ; clk_50      ; 20.000       ; -0.063     ; 5.208      ;
; 14.731 ; count_to_zero:COUNT_INTS|d_out ; gosof80:SOUNDBOARD|DFPlayer_Mini_CMD:DFP_send|state.Delay     ; clk_50       ; clk_50      ; 20.000       ; -0.063     ; 5.208      ;
; 14.731 ; count_to_zero:COUNT_INTS|d_out ; gosof80:SOUNDBOARD|DFPlayer_Mini_CMD:DFP_send|r_Clk_Count[12] ; clk_50       ; clk_50      ; 20.000       ; -0.063     ; 5.208      ;
; 14.731 ; count_to_zero:COUNT_INTS|d_out ; gosof80:SOUNDBOARD|DFPlayer_Mini_CMD:DFP_send|r_Clk_Count[10] ; clk_50       ; clk_50      ; 20.000       ; -0.063     ; 5.208      ;
; 14.731 ; count_to_zero:COUNT_INTS|d_out ; gosof80:SOUNDBOARD|DFPlayer_Mini_CMD:DFP_send|r_Clk_Count[9]  ; clk_50       ; clk_50      ; 20.000       ; -0.063     ; 5.208      ;
; 14.731 ; count_to_zero:COUNT_INTS|d_out ; gosof80:SOUNDBOARD|DFPlayer_Mini_CMD:DFP_send|r_Clk_Count[8]  ; clk_50       ; clk_50      ; 20.000       ; -0.063     ; 5.208      ;
; 14.731 ; count_to_zero:COUNT_INTS|d_out ; gosof80:SOUNDBOARD|DFPlayer_Mini_CMD:DFP_send|r_Clk_Count[7]  ; clk_50       ; clk_50      ; 20.000       ; -0.063     ; 5.208      ;
; 14.731 ; count_to_zero:COUNT_INTS|d_out ; gosof80:SOUNDBOARD|DFPlayer_Mini_CMD:DFP_send|r_Clk_Count[6]  ; clk_50       ; clk_50      ; 20.000       ; -0.063     ; 5.208      ;
; 14.731 ; count_to_zero:COUNT_INTS|d_out ; gosof80:SOUNDBOARD|DFPlayer_Mini_CMD:DFP_send|r_Clk_Count[5]  ; clk_50       ; clk_50      ; 20.000       ; -0.063     ; 5.208      ;
; 14.731 ; count_to_zero:COUNT_INTS|d_out ; gosof80:SOUNDBOARD|DFPlayer_Mini_CMD:DFP_send|r_Clk_Count[4]  ; clk_50       ; clk_50      ; 20.000       ; -0.063     ; 5.208      ;
; 14.731 ; count_to_zero:COUNT_INTS|d_out ; gosof80:SOUNDBOARD|DFPlayer_Mini_CMD:DFP_send|r_Clk_Count[3]  ; clk_50       ; clk_50      ; 20.000       ; -0.063     ; 5.208      ;
; 14.731 ; count_to_zero:COUNT_INTS|d_out ; gosof80:SOUNDBOARD|DFPlayer_Mini_CMD:DFP_send|r_Clk_Count[2]  ; clk_50       ; clk_50      ; 20.000       ; -0.063     ; 5.208      ;
; 14.731 ; count_to_zero:COUNT_INTS|d_out ; gosof80:SOUNDBOARD|DFPlayer_Mini_CMD:DFP_send|r_Clk_Count[1]  ; clk_50       ; clk_50      ; 20.000       ; -0.063     ; 5.208      ;
; 14.731 ; count_to_zero:COUNT_INTS|d_out ; gosof80:SOUNDBOARD|DFPlayer_Mini_CMD:DFP_send|r_Clk_Count[0]  ; clk_50       ; clk_50      ; 20.000       ; -0.063     ; 5.208      ;
; 14.731 ; count_to_zero:COUNT_INTS|d_out ; gosof80:SOUNDBOARD|DFPlayer_Mini_CMD:DFP_send|r_Clk_Count[11] ; clk_50       ; clk_50      ; 20.000       ; -0.063     ; 5.208      ;
; 14.731 ; count_to_zero:COUNT_INTS|d_out ; gosof80:SOUNDBOARD|DFPlayer_Mini_CMD:DFP_send|state.Idle      ; clk_50       ; clk_50      ; 20.000       ; -0.063     ; 5.208      ;
; 14.947 ; SD_Card:SD_CARD|cpu_reset_l    ; gosof80:SOUNDBOARD|SC01:SC01_Simu|AR                          ; clk_50       ; clk_50      ; 20.000       ; -0.076     ; 4.979      ;
; 14.947 ; SD_Card:SD_CARD|cpu_reset_l    ; gosof80:SOUNDBOARD|SC01:SC01_Simu|\SC01:counter[5]            ; clk_50       ; clk_50      ; 20.000       ; -0.076     ; 4.979      ;
; 14.947 ; SD_Card:SD_CARD|cpu_reset_l    ; gosof80:SOUNDBOARD|SC01:SC01_Simu|\SC01:counter[1]            ; clk_50       ; clk_50      ; 20.000       ; -0.076     ; 4.979      ;
; 14.947 ; SD_Card:SD_CARD|cpu_reset_l    ; gosof80:SOUNDBOARD|SC01:SC01_Simu|\SC01:counter[2]            ; clk_50       ; clk_50      ; 20.000       ; -0.076     ; 4.979      ;
; 14.947 ; SD_Card:SD_CARD|cpu_reset_l    ; gosof80:SOUNDBOARD|SC01:SC01_Simu|\SC01:counter[3]            ; clk_50       ; clk_50      ; 20.000       ; -0.076     ; 4.979      ;
; 14.947 ; SD_Card:SD_CARD|cpu_reset_l    ; gosof80:SOUNDBOARD|SC01:SC01_Simu|\SC01:counter[4]            ; clk_50       ; clk_50      ; 20.000       ; -0.076     ; 4.979      ;
; 14.947 ; SD_Card:SD_CARD|cpu_reset_l    ; gosof80:SOUNDBOARD|SC01:SC01_Simu|state.Calc                  ; clk_50       ; clk_50      ; 20.000       ; -0.076     ; 4.979      ;
; 14.995 ; SD_Card:SD_CARD|cpu_reset_l    ; gosof80:SOUNDBOARD|SC01:SC01_Simu|\SC01:counter[12]           ; clk_50       ; clk_50      ; 20.000       ; -0.075     ; 4.932      ;
; 14.995 ; SD_Card:SD_CARD|cpu_reset_l    ; gosof80:SOUNDBOARD|SC01:SC01_Simu|\SC01:counter[11]           ; clk_50       ; clk_50      ; 20.000       ; -0.075     ; 4.932      ;
; 14.995 ; SD_Card:SD_CARD|cpu_reset_l    ; gosof80:SOUNDBOARD|SC01:SC01_Simu|\SC01:counter[10]           ; clk_50       ; clk_50      ; 20.000       ; -0.075     ; 4.932      ;
; 14.995 ; SD_Card:SD_CARD|cpu_reset_l    ; gosof80:SOUNDBOARD|SC01:SC01_Simu|\SC01:counter[9]            ; clk_50       ; clk_50      ; 20.000       ; -0.075     ; 4.932      ;
; 14.995 ; SD_Card:SD_CARD|cpu_reset_l    ; gosof80:SOUNDBOARD|SC01:SC01_Simu|\SC01:counter[8]            ; clk_50       ; clk_50      ; 20.000       ; -0.075     ; 4.932      ;
; 14.995 ; SD_Card:SD_CARD|cpu_reset_l    ; gosof80:SOUNDBOARD|SC01:SC01_Simu|\SC01:counter[7]            ; clk_50       ; clk_50      ; 20.000       ; -0.075     ; 4.932      ;
; 14.995 ; SD_Card:SD_CARD|cpu_reset_l    ; gosof80:SOUNDBOARD|SC01:SC01_Simu|\SC01:counter[6]            ; clk_50       ; clk_50      ; 20.000       ; -0.075     ; 4.932      ;
; 15.037 ; SD_Card:SD_CARD|cpu_reset_l    ; gosof80:SOUNDBOARD|SC01:SC01_Simu|\SC01:counter[22]           ; clk_50       ; clk_50      ; 20.000       ; -0.077     ; 4.888      ;
; 15.037 ; SD_Card:SD_CARD|cpu_reset_l    ; gosof80:SOUNDBOARD|SC01:SC01_Simu|\SC01:counter[20]           ; clk_50       ; clk_50      ; 20.000       ; -0.077     ; 4.888      ;
; 15.037 ; SD_Card:SD_CARD|cpu_reset_l    ; gosof80:SOUNDBOARD|SC01:SC01_Simu|\SC01:counter[18]           ; clk_50       ; clk_50      ; 20.000       ; -0.077     ; 4.888      ;
; 15.037 ; SD_Card:SD_CARD|cpu_reset_l    ; gosof80:SOUNDBOARD|SC01:SC01_Simu|\SC01:counter[17]           ; clk_50       ; clk_50      ; 20.000       ; -0.077     ; 4.888      ;
; 15.037 ; SD_Card:SD_CARD|cpu_reset_l    ; gosof80:SOUNDBOARD|SC01:SC01_Simu|\SC01:counter[14]           ; clk_50       ; clk_50      ; 20.000       ; -0.077     ; 4.888      ;
; 15.037 ; SD_Card:SD_CARD|cpu_reset_l    ; gosof80:SOUNDBOARD|SC01:SC01_Simu|state.Idle                  ; clk_50       ; clk_50      ; 20.000       ; -0.077     ; 4.888      ;
; 15.191 ; SD_Card:SD_CARD|cpu_reset_l    ; gosof80:SOUNDBOARD|dac:Audio_DAC|SigmaLatch_q[8]              ; clk_50       ; clk_50      ; 20.000       ; -0.081     ; 4.730      ;
; 15.191 ; SD_Card:SD_CARD|cpu_reset_l    ; gosof80:SOUNDBOARD|dac:Audio_DAC|SigmaLatch_q[9]              ; clk_50       ; clk_50      ; 20.000       ; -0.081     ; 4.730      ;
; 15.191 ; SD_Card:SD_CARD|cpu_reset_l    ; gosof80:SOUNDBOARD|dac:Audio_DAC|SigmaLatch_q[7]              ; clk_50       ; clk_50      ; 20.000       ; -0.081     ; 4.730      ;
; 15.191 ; SD_Card:SD_CARD|cpu_reset_l    ; gosof80:SOUNDBOARD|dac:Audio_DAC|SigmaLatch_q[6]              ; clk_50       ; clk_50      ; 20.000       ; -0.081     ; 4.730      ;
; 15.191 ; SD_Card:SD_CARD|cpu_reset_l    ; gosof80:SOUNDBOARD|dac:Audio_DAC|SigmaLatch_q[5]              ; clk_50       ; clk_50      ; 20.000       ; -0.081     ; 4.730      ;
; 15.191 ; SD_Card:SD_CARD|cpu_reset_l    ; gosof80:SOUNDBOARD|dac:Audio_DAC|SigmaLatch_q[4]              ; clk_50       ; clk_50      ; 20.000       ; -0.081     ; 4.730      ;
; 15.191 ; SD_Card:SD_CARD|cpu_reset_l    ; gosof80:SOUNDBOARD|dac:Audio_DAC|SigmaLatch_q[3]              ; clk_50       ; clk_50      ; 20.000       ; -0.081     ; 4.730      ;
; 15.191 ; SD_Card:SD_CARD|cpu_reset_l    ; gosof80:SOUNDBOARD|dac:Audio_DAC|SigmaLatch_q[2]              ; clk_50       ; clk_50      ; 20.000       ; -0.081     ; 4.730      ;
; 15.191 ; SD_Card:SD_CARD|cpu_reset_l    ; gosof80:SOUNDBOARD|dac:Audio_DAC|SigmaLatch_q[1]              ; clk_50       ; clk_50      ; 20.000       ; -0.081     ; 4.730      ;
; 15.191 ; SD_Card:SD_CARD|cpu_reset_l    ; gosof80:SOUNDBOARD|dac:Audio_DAC|SigmaLatch_q[0]              ; clk_50       ; clk_50      ; 20.000       ; -0.081     ; 4.730      ;
; 16.247 ; SD_Card:SD_CARD|cpu_reset_l    ; gosof80:SOUNDBOARD|SC01:SC01_Simu|\SC01:counter[23]           ; clk_50       ; clk_50      ; 20.000       ; -0.077     ; 3.678      ;
; 16.247 ; SD_Card:SD_CARD|cpu_reset_l    ; gosof80:SOUNDBOARD|SC01:SC01_Simu|\SC01:counter[21]           ; clk_50       ; clk_50      ; 20.000       ; -0.077     ; 3.678      ;
; 16.247 ; SD_Card:SD_CARD|cpu_reset_l    ; gosof80:SOUNDBOARD|SC01:SC01_Simu|\SC01:counter[19]           ; clk_50       ; clk_50      ; 20.000       ; -0.077     ; 3.678      ;
; 16.247 ; SD_Card:SD_CARD|cpu_reset_l    ; gosof80:SOUNDBOARD|SC01:SC01_Simu|\SC01:counter[16]           ; clk_50       ; clk_50      ; 20.000       ; -0.077     ; 3.678      ;
; 16.247 ; SD_Card:SD_CARD|cpu_reset_l    ; gosof80:SOUNDBOARD|SC01:SC01_Simu|\SC01:counter[15]           ; clk_50       ; clk_50      ; 20.000       ; -0.077     ; 3.678      ;
; 16.247 ; SD_Card:SD_CARD|cpu_reset_l    ; gosof80:SOUNDBOARD|SC01:SC01_Simu|\SC01:counter[13]           ; clk_50       ; clk_50      ; 20.000       ; -0.077     ; 3.678      ;
; 16.247 ; SD_Card:SD_CARD|cpu_reset_l    ; gosof80:SOUNDBOARD|SC01:SC01_Simu|state.Speech                ; clk_50       ; clk_50      ; 20.000       ; -0.077     ; 3.678      ;
; 16.247 ; SD_Card:SD_CARD|cpu_reset_l    ; gosof80:SOUNDBOARD|SC01:SC01_Simu|\SC01:counter[0]            ; clk_50       ; clk_50      ; 20.000       ; -0.077     ; 3.678      ;
; 16.454 ; SD_Card:SD_CARD|cpu_reset_l    ; sn74175:sn74175_80B_2|Qn[2]                                   ; clk_50       ; clk_50      ; 20.000       ; -0.091     ; 3.457      ;
; 16.454 ; SD_Card:SD_CARD|cpu_reset_l    ; sn74175:sn74175_80B_2|Qn[1]                                   ; clk_50       ; clk_50      ; 20.000       ; -0.091     ; 3.457      ;
; 16.454 ; SD_Card:SD_CARD|cpu_reset_l    ; sn74175:sn74175_80B_2|Qn[0]                                   ; clk_50       ; clk_50      ; 20.000       ; -0.091     ; 3.457      ;
; 16.454 ; SD_Card:SD_CARD|cpu_reset_l    ; sn74175:sn74175_80B_2|Qn[3]                                   ; clk_50       ; clk_50      ; 20.000       ; -0.091     ; 3.457      ;
; 16.627 ; SD_Card:SD_CARD|cpu_reset_l    ; count_to_zero:COUNT_INTS|int_count[7]                         ; clk_50       ; clk_50      ; 20.000       ; -0.082     ; 3.293      ;
; 16.627 ; SD_Card:SD_CARD|cpu_reset_l    ; count_to_zero:COUNT_INTS|int_count[6]                         ; clk_50       ; clk_50      ; 20.000       ; -0.082     ; 3.293      ;
; 16.627 ; SD_Card:SD_CARD|cpu_reset_l    ; count_to_zero:COUNT_INTS|int_count[5]                         ; clk_50       ; clk_50      ; 20.000       ; -0.082     ; 3.293      ;
; 16.627 ; SD_Card:SD_CARD|cpu_reset_l    ; count_to_zero:COUNT_INTS|int_count[4]                         ; clk_50       ; clk_50      ; 20.000       ; -0.082     ; 3.293      ;
; 16.627 ; SD_Card:SD_CARD|cpu_reset_l    ; count_to_zero:COUNT_INTS|int_count[3]                         ; clk_50       ; clk_50      ; 20.000       ; -0.082     ; 3.293      ;
; 16.627 ; SD_Card:SD_CARD|cpu_reset_l    ; count_to_zero:COUNT_INTS|int_count[2]                         ; clk_50       ; clk_50      ; 20.000       ; -0.082     ; 3.293      ;
; 16.627 ; SD_Card:SD_CARD|cpu_reset_l    ; count_to_zero:COUNT_INTS|int_count[1]                         ; clk_50       ; clk_50      ; 20.000       ; -0.082     ; 3.293      ;
; 16.628 ; SD_Card:SD_CARD|cpu_reset_l    ; count_to_zero:COUNT_INTS|d_out                                ; clk_50       ; clk_50      ; 20.000       ; -0.082     ; 3.292      ;
; 16.628 ; SD_Card:SD_CARD|cpu_reset_l    ; count_to_zero:COUNT_INTS|int_count[0]                         ; clk_50       ; clk_50      ; 20.000       ; -0.082     ; 3.292      ;
; 16.700 ; SD_Card:SD_CARD|cpu_reset_l    ; EEprom:EEprom|state.Write_enable                              ; clk_50       ; clk_50      ; 20.000       ; -0.069     ; 3.233      ;
; 16.700 ; SD_Card:SD_CARD|cpu_reset_l    ; EEprom:EEprom|address_eeprom[6]                               ; clk_50       ; clk_50      ; 20.000       ; -0.069     ; 3.233      ;
; 16.700 ; SD_Card:SD_CARD|cpu_reset_l    ; EEprom:EEprom|address_eeprom[5]                               ; clk_50       ; clk_50      ; 20.000       ; -0.069     ; 3.233      ;
; 16.700 ; SD_Card:SD_CARD|cpu_reset_l    ; EEprom:EEprom|address_eeprom[4]                               ; clk_50       ; clk_50      ; 20.000       ; -0.069     ; 3.233      ;
; 16.700 ; SD_Card:SD_CARD|cpu_reset_l    ; EEprom:EEprom|address_eeprom[3]                               ; clk_50       ; clk_50      ; 20.000       ; -0.069     ; 3.233      ;
; 16.700 ; SD_Card:SD_CARD|cpu_reset_l    ; EEprom:EEprom|address_eeprom[2]                               ; clk_50       ; clk_50      ; 20.000       ; -0.069     ; 3.233      ;
; 16.700 ; SD_Card:SD_CARD|cpu_reset_l    ; EEprom:EEprom|address_eeprom[1]                               ; clk_50       ; clk_50      ; 20.000       ; -0.069     ; 3.233      ;
; 16.700 ; SD_Card:SD_CARD|cpu_reset_l    ; EEprom:EEprom|address_eeprom[0]                               ; clk_50       ; clk_50      ; 20.000       ; -0.069     ; 3.233      ;
; 16.700 ; SD_Card:SD_CARD|cpu_reset_l    ; EEprom:EEprom|state.Idle                                      ; clk_50       ; clk_50      ; 20.000       ; -0.069     ; 3.233      ;
; 16.706 ; SD_Card:SD_CARD|cpu_reset_l    ; EEprom:EEprom|c_count[25]                                     ; clk_50       ; clk_50      ; 20.000       ; -0.070     ; 3.226      ;
; 16.706 ; SD_Card:SD_CARD|cpu_reset_l    ; EEprom:EEprom|c_count[28]                                     ; clk_50       ; clk_50      ; 20.000       ; -0.070     ; 3.226      ;
; 16.706 ; SD_Card:SD_CARD|cpu_reset_l    ; EEprom:EEprom|c_count[27]                                     ; clk_50       ; clk_50      ; 20.000       ; -0.070     ; 3.226      ;
; 16.706 ; SD_Card:SD_CARD|cpu_reset_l    ; EEprom:EEprom|c_count[26]                                     ; clk_50       ; clk_50      ; 20.000       ; -0.070     ; 3.226      ;
; 16.706 ; SD_Card:SD_CARD|cpu_reset_l    ; EEprom:EEprom|c_count[24]                                     ; clk_50       ; clk_50      ; 20.000       ; -0.070     ; 3.226      ;
; 16.706 ; SD_Card:SD_CARD|cpu_reset_l    ; EEprom:EEprom|c_count[23]                                     ; clk_50       ; clk_50      ; 20.000       ; -0.070     ; 3.226      ;
; 16.706 ; SD_Card:SD_CARD|cpu_reset_l    ; EEprom:EEprom|c_count[22]                                     ; clk_50       ; clk_50      ; 20.000       ; -0.070     ; 3.226      ;
; 16.706 ; SD_Card:SD_CARD|cpu_reset_l    ; EEprom:EEprom|c_count[21]                                     ; clk_50       ; clk_50      ; 20.000       ; -0.070     ; 3.226      ;
; 16.706 ; SD_Card:SD_CARD|cpu_reset_l    ; EEprom:EEprom|c_count[20]                                     ; clk_50       ; clk_50      ; 20.000       ; -0.070     ; 3.226      ;
; 16.706 ; SD_Card:SD_CARD|cpu_reset_l    ; EEprom:EEprom|c_count[19]                                     ; clk_50       ; clk_50      ; 20.000       ; -0.070     ; 3.226      ;
; 16.706 ; SD_Card:SD_CARD|cpu_reset_l    ; EEprom:EEprom|c_count[18]                                     ; clk_50       ; clk_50      ; 20.000       ; -0.070     ; 3.226      ;
; 16.706 ; SD_Card:SD_CARD|cpu_reset_l    ; EEprom:EEprom|c_count[17]                                     ; clk_50       ; clk_50      ; 20.000       ; -0.070     ; 3.226      ;
; 16.706 ; SD_Card:SD_CARD|cpu_reset_l    ; EEprom:EEprom|c_count[16]                                     ; clk_50       ; clk_50      ; 20.000       ; -0.070     ; 3.226      ;
; 16.706 ; SD_Card:SD_CARD|cpu_reset_l    ; EEprom:EEprom|c_count[15]                                     ; clk_50       ; clk_50      ; 20.000       ; -0.070     ; 3.226      ;
; 16.706 ; SD_Card:SD_CARD|cpu_reset_l    ; EEprom:EEprom|c_count[14]                                     ; clk_50       ; clk_50      ; 20.000       ; -0.070     ; 3.226      ;
; 16.733 ; SD_Card:SD_CARD|cpu_reset_l    ; EEprom:EEprom|c_count[13]                                     ; clk_50       ; clk_50      ; 20.000       ; -0.070     ; 3.199      ;
; 16.733 ; SD_Card:SD_CARD|cpu_reset_l    ; EEprom:EEprom|c_count[12]                                     ; clk_50       ; clk_50      ; 20.000       ; -0.070     ; 3.199      ;
; 16.733 ; SD_Card:SD_CARD|cpu_reset_l    ; EEprom:EEprom|c_count[11]                                     ; clk_50       ; clk_50      ; 20.000       ; -0.070     ; 3.199      ;
; 16.733 ; SD_Card:SD_CARD|cpu_reset_l    ; EEprom:EEprom|c_count[10]                                     ; clk_50       ; clk_50      ; 20.000       ; -0.070     ; 3.199      ;
; 16.733 ; SD_Card:SD_CARD|cpu_reset_l    ; EEprom:EEprom|c_count[9]                                      ; clk_50       ; clk_50      ; 20.000       ; -0.070     ; 3.199      ;
; 16.733 ; SD_Card:SD_CARD|cpu_reset_l    ; EEprom:EEprom|c_count[8]                                      ; clk_50       ; clk_50      ; 20.000       ; -0.070     ; 3.199      ;
; 16.733 ; SD_Card:SD_CARD|cpu_reset_l    ; EEprom:EEprom|c_count[7]                                      ; clk_50       ; clk_50      ; 20.000       ; -0.070     ; 3.199      ;
+--------+--------------------------------+---------------------------------------------------------------+--------------+-------------+--------------+------------+------------+


+----------------------------------------------------------------------------------------------------------------------------------------------------------------------------+
; Slow 1200mV 0C Model Recovery: 'cpu_clk_out'                                                                                                                               ;
+--------+--------------------------------+------------------------------------------------------------+--------------+-------------+--------------+------------+------------+
; Slack  ; From Node                      ; To Node                                                    ; Launch Clock ; Latch Clock ; Relationship ; Clock Skew ; Data Delay ;
+--------+--------------------------------+------------------------------------------------------------+--------------+-------------+--------------+------------+------------+
; 17.516 ; SD_Card:SD_CARD|cpu_reset_l    ; T65:U1|Res_n_i                                             ; clk_50       ; cpu_clk_out ; 20.000       ; 3.206      ; 5.692      ;
; 17.516 ; SD_Card:SD_CARD|cpu_reset_l    ; T65:U1|Res_n_d                                             ; clk_50       ; cpu_clk_out ; 20.000       ; 3.206      ; 5.692      ;
; 18.014 ; count_to_zero:COUNT_INTS|d_out ; detect_sw:detect_credit_sw|check_counter[0]                ; clk_50       ; cpu_clk_out ; 20.000       ; 3.258      ; 5.246      ;
; 18.014 ; count_to_zero:COUNT_INTS|d_out ; detect_sw:detect_credit_sw|check_counter[1]                ; clk_50       ; cpu_clk_out ; 20.000       ; 3.258      ; 5.246      ;
; 18.014 ; count_to_zero:COUNT_INTS|d_out ; detect_sw:detect_credit_sw|check_counter[2]                ; clk_50       ; cpu_clk_out ; 20.000       ; 3.258      ; 5.246      ;
; 18.014 ; count_to_zero:COUNT_INTS|d_out ; detect_sw:detect_credit_sw|check_counter[3]                ; clk_50       ; cpu_clk_out ; 20.000       ; 3.258      ; 5.246      ;
; 18.014 ; count_to_zero:COUNT_INTS|d_out ; detect_sw:detect_credit_sw|check_counter[4]                ; clk_50       ; cpu_clk_out ; 20.000       ; 3.258      ; 5.246      ;
; 18.014 ; count_to_zero:COUNT_INTS|d_out ; detect_sw:detect_credit_sw|check_counter[5]                ; clk_50       ; cpu_clk_out ; 20.000       ; 3.258      ; 5.246      ;
; 18.014 ; count_to_zero:COUNT_INTS|d_out ; detect_sw:detect_credit_sw|check_counter[6]                ; clk_50       ; cpu_clk_out ; 20.000       ; 3.258      ; 5.246      ;
; 18.014 ; count_to_zero:COUNT_INTS|d_out ; detect_sw:detect_credit_sw|check_counter[7]                ; clk_50       ; cpu_clk_out ; 20.000       ; 3.258      ; 5.246      ;
; 18.014 ; count_to_zero:COUNT_INTS|d_out ; detect_sw:detect_credit_sw|check_counter[8]                ; clk_50       ; cpu_clk_out ; 20.000       ; 3.258      ; 5.246      ;
; 18.014 ; count_to_zero:COUNT_INTS|d_out ; detect_sw:detect_credit_sw|check_counter[9]                ; clk_50       ; cpu_clk_out ; 20.000       ; 3.258      ; 5.246      ;
; 18.014 ; count_to_zero:COUNT_INTS|d_out ; detect_sw:detect_credit_sw|check_counter[10]               ; clk_50       ; cpu_clk_out ; 20.000       ; 3.258      ; 5.246      ;
; 18.014 ; count_to_zero:COUNT_INTS|d_out ; detect_sw:detect_credit_sw|check_counter[11]               ; clk_50       ; cpu_clk_out ; 20.000       ; 3.258      ; 5.246      ;
; 18.014 ; count_to_zero:COUNT_INTS|d_out ; detect_sw:detect_credit_sw|closed_counter[12]              ; clk_50       ; cpu_clk_out ; 20.000       ; 3.255      ; 5.243      ;
; 18.014 ; count_to_zero:COUNT_INTS|d_out ; detect_sw:detect_credit_sw|closed_counter[13]              ; clk_50       ; cpu_clk_out ; 20.000       ; 3.255      ; 5.243      ;
; 18.014 ; count_to_zero:COUNT_INTS|d_out ; detect_sw:detect_credit_sw|closed_counter[14]              ; clk_50       ; cpu_clk_out ; 20.000       ; 3.255      ; 5.243      ;
; 18.014 ; count_to_zero:COUNT_INTS|d_out ; detect_sw:detect_credit_sw|closed_counter[15]              ; clk_50       ; cpu_clk_out ; 20.000       ; 3.255      ; 5.243      ;
; 18.014 ; count_to_zero:COUNT_INTS|d_out ; detect_sw:detect_credit_sw|closed_counter[16]              ; clk_50       ; cpu_clk_out ; 20.000       ; 3.255      ; 5.243      ;
; 18.014 ; count_to_zero:COUNT_INTS|d_out ; detect_sw:detect_credit_sw|closed_counter[17]              ; clk_50       ; cpu_clk_out ; 20.000       ; 3.255      ; 5.243      ;
; 18.014 ; count_to_zero:COUNT_INTS|d_out ; detect_sw:detect_credit_sw|closed_counter[18]              ; clk_50       ; cpu_clk_out ; 20.000       ; 3.255      ; 5.243      ;
; 18.014 ; count_to_zero:COUNT_INTS|d_out ; detect_sw:detect_credit_sw|closed_counter[19]              ; clk_50       ; cpu_clk_out ; 20.000       ; 3.255      ; 5.243      ;
; 18.014 ; count_to_zero:COUNT_INTS|d_out ; detect_sw:detect_credit_sw|closed_counter[20]              ; clk_50       ; cpu_clk_out ; 20.000       ; 3.255      ; 5.243      ;
; 18.014 ; count_to_zero:COUNT_INTS|d_out ; detect_sw:detect_credit_sw|closed_counter[21]              ; clk_50       ; cpu_clk_out ; 20.000       ; 3.255      ; 5.243      ;
; 18.014 ; count_to_zero:COUNT_INTS|d_out ; detect_sw:detect_credit_sw|closed_counter[22]              ; clk_50       ; cpu_clk_out ; 20.000       ; 3.255      ; 5.243      ;
; 18.014 ; count_to_zero:COUNT_INTS|d_out ; detect_sw:detect_credit_sw|closed_counter[23]              ; clk_50       ; cpu_clk_out ; 20.000       ; 3.255      ; 5.243      ;
; 18.014 ; count_to_zero:COUNT_INTS|d_out ; detect_sw:detect_credit_sw|closed_counter[24]              ; clk_50       ; cpu_clk_out ; 20.000       ; 3.255      ; 5.243      ;
; 18.015 ; count_to_zero:COUNT_INTS|d_out ; detect_sw:detect_test_sw|state.counting                    ; clk_50       ; cpu_clk_out ; 20.000       ; 3.229      ; 5.216      ;
; 18.015 ; count_to_zero:COUNT_INTS|d_out ; detect_sw:detect_test_sw|state.delay                       ; clk_50       ; cpu_clk_out ; 20.000       ; 3.229      ; 5.216      ;
; 18.015 ; count_to_zero:COUNT_INTS|d_out ; detect_sw:detect_test_sw|check_counter[12]                 ; clk_50       ; cpu_clk_out ; 20.000       ; 3.227      ; 5.214      ;
; 18.015 ; count_to_zero:COUNT_INTS|d_out ; detect_sw:detect_test_sw|check_counter[13]                 ; clk_50       ; cpu_clk_out ; 20.000       ; 3.227      ; 5.214      ;
; 18.015 ; count_to_zero:COUNT_INTS|d_out ; detect_sw:detect_test_sw|check_counter[14]                 ; clk_50       ; cpu_clk_out ; 20.000       ; 3.227      ; 5.214      ;
; 18.015 ; count_to_zero:COUNT_INTS|d_out ; detect_sw:detect_test_sw|check_counter[15]                 ; clk_50       ; cpu_clk_out ; 20.000       ; 3.227      ; 5.214      ;
; 18.015 ; count_to_zero:COUNT_INTS|d_out ; detect_sw:detect_test_sw|check_counter[17]                 ; clk_50       ; cpu_clk_out ; 20.000       ; 3.227      ; 5.214      ;
; 18.015 ; count_to_zero:COUNT_INTS|d_out ; detect_sw:detect_test_sw|check_counter[18]                 ; clk_50       ; cpu_clk_out ; 20.000       ; 3.227      ; 5.214      ;
; 18.015 ; count_to_zero:COUNT_INTS|d_out ; detect_sw:detect_test_sw|check_counter[19]                 ; clk_50       ; cpu_clk_out ; 20.000       ; 3.227      ; 5.214      ;
; 18.015 ; count_to_zero:COUNT_INTS|d_out ; detect_sw:detect_test_sw|check_counter[20]                 ; clk_50       ; cpu_clk_out ; 20.000       ; 3.227      ; 5.214      ;
; 18.015 ; count_to_zero:COUNT_INTS|d_out ; detect_sw:detect_test_sw|check_counter[21]                 ; clk_50       ; cpu_clk_out ; 20.000       ; 3.227      ; 5.214      ;
; 18.015 ; count_to_zero:COUNT_INTS|d_out ; detect_sw:detect_test_sw|check_counter[22]                 ; clk_50       ; cpu_clk_out ; 20.000       ; 3.227      ; 5.214      ;
; 18.015 ; count_to_zero:COUNT_INTS|d_out ; detect_sw:detect_test_sw|check_counter[23]                 ; clk_50       ; cpu_clk_out ; 20.000       ; 3.227      ; 5.214      ;
; 18.015 ; count_to_zero:COUNT_INTS|d_out ; detect_sw:detect_test_sw|check_counter[24]                 ; clk_50       ; cpu_clk_out ; 20.000       ; 3.227      ; 5.214      ;
; 18.015 ; count_to_zero:COUNT_INTS|d_out ; detect_sw:detect_test_sw|state.Idle                        ; clk_50       ; cpu_clk_out ; 20.000       ; 3.229      ; 5.216      ;
; 18.015 ; count_to_zero:COUNT_INTS|d_out ; detect_sw:detect_test_sw|check_counter[16]                 ; clk_50       ; cpu_clk_out ; 20.000       ; 3.227      ; 5.214      ;
; 18.015 ; count_to_zero:COUNT_INTS|d_out ; detect_sw:detect_test_sw|short_push                        ; clk_50       ; cpu_clk_out ; 20.000       ; 3.229      ; 5.216      ;
; 18.015 ; count_to_zero:COUNT_INTS|d_out ; detect_sw_trigger:detect_credit_sw_trigger|state.Idle      ; clk_50       ; cpu_clk_out ; 20.000       ; 3.226      ; 5.213      ;
; 18.015 ; count_to_zero:COUNT_INTS|d_out ; detect_sw_trigger:detect_credit_sw_trigger|state.wait_open ; clk_50       ; cpu_clk_out ; 20.000       ; 3.226      ; 5.213      ;
; 18.015 ; count_to_zero:COUNT_INTS|d_out ; detect_sw_trigger:detect_credit_sw_trigger|state.counting  ; clk_50       ; cpu_clk_out ; 20.000       ; 3.226      ; 5.213      ;
; 18.015 ; count_to_zero:COUNT_INTS|d_out ; detect_sw_trigger:detect_credit_sw_trigger|old_trigger     ; clk_50       ; cpu_clk_out ; 20.000       ; 3.226      ; 5.213      ;
; 18.025 ; count_to_zero:COUNT_INTS|d_out ; detect_sw:detect_credit_sw|check_counter[12]               ; clk_50       ; cpu_clk_out ; 20.000       ; 3.256      ; 5.233      ;
; 18.025 ; count_to_zero:COUNT_INTS|d_out ; detect_sw:detect_credit_sw|check_counter[13]               ; clk_50       ; cpu_clk_out ; 20.000       ; 3.256      ; 5.233      ;
; 18.025 ; count_to_zero:COUNT_INTS|d_out ; detect_sw:detect_credit_sw|check_counter[14]               ; clk_50       ; cpu_clk_out ; 20.000       ; 3.256      ; 5.233      ;
; 18.025 ; count_to_zero:COUNT_INTS|d_out ; detect_sw:detect_credit_sw|check_counter[15]               ; clk_50       ; cpu_clk_out ; 20.000       ; 3.256      ; 5.233      ;
; 18.025 ; count_to_zero:COUNT_INTS|d_out ; detect_sw:detect_credit_sw|check_counter[16]               ; clk_50       ; cpu_clk_out ; 20.000       ; 3.256      ; 5.233      ;
; 18.025 ; count_to_zero:COUNT_INTS|d_out ; detect_sw:detect_credit_sw|check_counter[17]               ; clk_50       ; cpu_clk_out ; 20.000       ; 3.256      ; 5.233      ;
; 18.025 ; count_to_zero:COUNT_INTS|d_out ; detect_sw:detect_credit_sw|check_counter[18]               ; clk_50       ; cpu_clk_out ; 20.000       ; 3.256      ; 5.233      ;
; 18.025 ; count_to_zero:COUNT_INTS|d_out ; detect_sw:detect_credit_sw|check_counter[19]               ; clk_50       ; cpu_clk_out ; 20.000       ; 3.256      ; 5.233      ;
; 18.025 ; count_to_zero:COUNT_INTS|d_out ; detect_sw:detect_credit_sw|check_counter[20]               ; clk_50       ; cpu_clk_out ; 20.000       ; 3.256      ; 5.233      ;
; 18.025 ; count_to_zero:COUNT_INTS|d_out ; detect_sw:detect_credit_sw|check_counter[21]               ; clk_50       ; cpu_clk_out ; 20.000       ; 3.256      ; 5.233      ;
; 18.025 ; count_to_zero:COUNT_INTS|d_out ; detect_sw:detect_credit_sw|check_counter[22]               ; clk_50       ; cpu_clk_out ; 20.000       ; 3.256      ; 5.233      ;
; 18.025 ; count_to_zero:COUNT_INTS|d_out ; detect_sw:detect_credit_sw|check_counter[23]               ; clk_50       ; cpu_clk_out ; 20.000       ; 3.256      ; 5.233      ;
; 18.025 ; count_to_zero:COUNT_INTS|d_out ; detect_sw:detect_credit_sw|check_counter[24]               ; clk_50       ; cpu_clk_out ; 20.000       ; 3.256      ; 5.233      ;
; 18.025 ; count_to_zero:COUNT_INTS|d_out ; detect_sw:detect_test_sw|closed_counter[0]                 ; clk_50       ; cpu_clk_out ; 20.000       ; 3.230      ; 5.207      ;
; 18.025 ; count_to_zero:COUNT_INTS|d_out ; detect_sw:detect_test_sw|closed_counter[1]                 ; clk_50       ; cpu_clk_out ; 20.000       ; 3.230      ; 5.207      ;
; 18.025 ; count_to_zero:COUNT_INTS|d_out ; detect_sw:detect_test_sw|closed_counter[2]                 ; clk_50       ; cpu_clk_out ; 20.000       ; 3.230      ; 5.207      ;
; 18.025 ; count_to_zero:COUNT_INTS|d_out ; detect_sw:detect_test_sw|closed_counter[3]                 ; clk_50       ; cpu_clk_out ; 20.000       ; 3.230      ; 5.207      ;
; 18.025 ; count_to_zero:COUNT_INTS|d_out ; detect_sw:detect_test_sw|closed_counter[4]                 ; clk_50       ; cpu_clk_out ; 20.000       ; 3.230      ; 5.207      ;
; 18.025 ; count_to_zero:COUNT_INTS|d_out ; detect_sw:detect_test_sw|closed_counter[5]                 ; clk_50       ; cpu_clk_out ; 20.000       ; 3.230      ; 5.207      ;
; 18.025 ; count_to_zero:COUNT_INTS|d_out ; detect_sw:detect_test_sw|closed_counter[6]                 ; clk_50       ; cpu_clk_out ; 20.000       ; 3.230      ; 5.207      ;
; 18.025 ; count_to_zero:COUNT_INTS|d_out ; detect_sw:detect_test_sw|closed_counter[7]                 ; clk_50       ; cpu_clk_out ; 20.000       ; 3.230      ; 5.207      ;
; 18.025 ; count_to_zero:COUNT_INTS|d_out ; detect_sw:detect_test_sw|closed_counter[8]                 ; clk_50       ; cpu_clk_out ; 20.000       ; 3.230      ; 5.207      ;
; 18.025 ; count_to_zero:COUNT_INTS|d_out ; detect_sw:detect_test_sw|closed_counter[9]                 ; clk_50       ; cpu_clk_out ; 20.000       ; 3.230      ; 5.207      ;
; 18.025 ; count_to_zero:COUNT_INTS|d_out ; detect_sw:detect_test_sw|closed_counter[10]                ; clk_50       ; cpu_clk_out ; 20.000       ; 3.230      ; 5.207      ;
; 18.025 ; count_to_zero:COUNT_INTS|d_out ; detect_sw:detect_test_sw|closed_counter[11]                ; clk_50       ; cpu_clk_out ; 20.000       ; 3.230      ; 5.207      ;
; 18.025 ; count_to_zero:COUNT_INTS|d_out ; detect_sw:detect_test_sw|closed_counter[12]                ; clk_50       ; cpu_clk_out ; 20.000       ; 3.230      ; 5.207      ;
; 18.025 ; count_to_zero:COUNT_INTS|d_out ; detect_sw:detect_test_sw|closed_counter[13]                ; clk_50       ; cpu_clk_out ; 20.000       ; 3.230      ; 5.207      ;
; 18.025 ; count_to_zero:COUNT_INTS|d_out ; detect_sw:detect_test_sw|closed_counter[14]                ; clk_50       ; cpu_clk_out ; 20.000       ; 3.230      ; 5.207      ;
; 18.025 ; count_to_zero:COUNT_INTS|d_out ; detect_sw:detect_test_sw|closed_counter[15]                ; clk_50       ; cpu_clk_out ; 20.000       ; 3.230      ; 5.207      ;
; 18.025 ; count_to_zero:COUNT_INTS|d_out ; detect_sw:detect_test_sw|closed_counter[16]                ; clk_50       ; cpu_clk_out ; 20.000       ; 3.230      ; 5.207      ;
; 18.025 ; count_to_zero:COUNT_INTS|d_out ; detect_sw:detect_test_sw|closed_counter[17]                ; clk_50       ; cpu_clk_out ; 20.000       ; 3.230      ; 5.207      ;
; 18.025 ; count_to_zero:COUNT_INTS|d_out ; detect_sw:detect_test_sw|closed_counter[18]                ; clk_50       ; cpu_clk_out ; 20.000       ; 3.230      ; 5.207      ;
; 18.025 ; count_to_zero:COUNT_INTS|d_out ; detect_sw:detect_test_sw|closed_counter[19]                ; clk_50       ; cpu_clk_out ; 20.000       ; 3.230      ; 5.207      ;
; 18.025 ; count_to_zero:COUNT_INTS|d_out ; detect_sw:detect_test_sw|closed_counter[20]                ; clk_50       ; cpu_clk_out ; 20.000       ; 3.230      ; 5.207      ;
; 18.025 ; count_to_zero:COUNT_INTS|d_out ; detect_sw:detect_test_sw|closed_counter[21]                ; clk_50       ; cpu_clk_out ; 20.000       ; 3.230      ; 5.207      ;
; 18.025 ; count_to_zero:COUNT_INTS|d_out ; detect_sw:detect_test_sw|closed_counter[22]                ; clk_50       ; cpu_clk_out ; 20.000       ; 3.230      ; 5.207      ;
; 18.025 ; count_to_zero:COUNT_INTS|d_out ; detect_sw:detect_test_sw|closed_counter[23]                ; clk_50       ; cpu_clk_out ; 20.000       ; 3.230      ; 5.207      ;
; 18.025 ; count_to_zero:COUNT_INTS|d_out ; detect_sw:detect_test_sw|closed_counter[24]                ; clk_50       ; cpu_clk_out ; 20.000       ; 3.230      ; 5.207      ;
; 18.025 ; count_to_zero:COUNT_INTS|d_out ; detect_sw_trigger:detect_credit_sw_trigger|counter[0]      ; clk_50       ; cpu_clk_out ; 20.000       ; 3.230      ; 5.207      ;
; 18.025 ; count_to_zero:COUNT_INTS|d_out ; detect_sw_trigger:detect_credit_sw_trigger|counter[1]      ; clk_50       ; cpu_clk_out ; 20.000       ; 3.230      ; 5.207      ;
; 18.025 ; count_to_zero:COUNT_INTS|d_out ; detect_sw_trigger:detect_credit_sw_trigger|counter[2]      ; clk_50       ; cpu_clk_out ; 20.000       ; 3.230      ; 5.207      ;
; 18.025 ; count_to_zero:COUNT_INTS|d_out ; detect_sw_trigger:detect_credit_sw_trigger|counter[3]      ; clk_50       ; cpu_clk_out ; 20.000       ; 3.230      ; 5.207      ;
; 18.025 ; count_to_zero:COUNT_INTS|d_out ; detect_sw_trigger:detect_credit_sw_trigger|counter[4]      ; clk_50       ; cpu_clk_out ; 20.000       ; 3.230      ; 5.207      ;
; 18.025 ; count_to_zero:COUNT_INTS|d_out ; detect_sw_trigger:detect_credit_sw_trigger|counter[5]      ; clk_50       ; cpu_clk_out ; 20.000       ; 3.230      ; 5.207      ;
; 18.025 ; count_to_zero:COUNT_INTS|d_out ; detect_sw_trigger:detect_credit_sw_trigger|counter[6]      ; clk_50       ; cpu_clk_out ; 20.000       ; 3.230      ; 5.207      ;
; 18.025 ; count_to_zero:COUNT_INTS|d_out ; detect_sw_trigger:detect_credit_sw_trigger|counter[7]      ; clk_50       ; cpu_clk_out ; 20.000       ; 3.230      ; 5.207      ;
; 18.025 ; count_to_zero:COUNT_INTS|d_out ; detect_sw_trigger:detect_credit_sw_trigger|counter[8]      ; clk_50       ; cpu_clk_out ; 20.000       ; 3.230      ; 5.207      ;
; 18.025 ; count_to_zero:COUNT_INTS|d_out ; detect_sw_trigger:detect_credit_sw_trigger|counter[9]      ; clk_50       ; cpu_clk_out ; 20.000       ; 3.230      ; 5.207      ;
; 18.025 ; count_to_zero:COUNT_INTS|d_out ; detect_sw_trigger:detect_credit_sw_trigger|counter[10]     ; clk_50       ; cpu_clk_out ; 20.000       ; 3.230      ; 5.207      ;
; 18.025 ; count_to_zero:COUNT_INTS|d_out ; detect_sw_trigger:detect_credit_sw_trigger|counter[11]     ; clk_50       ; cpu_clk_out ; 20.000       ; 3.230      ; 5.207      ;
; 18.025 ; count_to_zero:COUNT_INTS|d_out ; detect_sw_trigger:detect_credit_sw_trigger|counter[12]     ; clk_50       ; cpu_clk_out ; 20.000       ; 3.230      ; 5.207      ;
; 18.026 ; count_to_zero:COUNT_INTS|d_out ; detect_sw:detect_credit_sw|state.counting                  ; clk_50       ; cpu_clk_out ; 20.000       ; 3.252      ; 5.228      ;
+--------+--------------------------------+------------------------------------------------------------+--------------+-------------+--------------+------------+------------+


+-----------------------------------------------------------------------------------------------------------------------------------------------------------------------+
; Slow 1200mV 0C Model Removal: 'cpu_clk_out'                                                                                                                           ;
+-------+--------------------------------+--------------------------------------------------------+--------------+-------------+--------------+------------+------------+
; Slack ; From Node                      ; To Node                                                ; Launch Clock ; Latch Clock ; Relationship ; Clock Skew ; Data Delay ;
+-------+--------------------------------+--------------------------------------------------------+--------------+-------------+--------------+------------+------------+
; 0.926 ; count_to_zero:COUNT_INTS|d_out ; detect_sw:detect_credit_sw|check_counter[12]           ; clk_50       ; cpu_clk_out ; 0.000        ; 3.549      ; 4.690      ;
; 0.926 ; count_to_zero:COUNT_INTS|d_out ; detect_sw:detect_credit_sw|check_counter[13]           ; clk_50       ; cpu_clk_out ; 0.000        ; 3.549      ; 4.690      ;
; 0.926 ; count_to_zero:COUNT_INTS|d_out ; detect_sw:detect_credit_sw|check_counter[14]           ; clk_50       ; cpu_clk_out ; 0.000        ; 3.549      ; 4.690      ;
; 0.926 ; count_to_zero:COUNT_INTS|d_out ; detect_sw:detect_credit_sw|check_counter[15]           ; clk_50       ; cpu_clk_out ; 0.000        ; 3.549      ; 4.690      ;
; 0.926 ; count_to_zero:COUNT_INTS|d_out ; detect_sw:detect_credit_sw|check_counter[16]           ; clk_50       ; cpu_clk_out ; 0.000        ; 3.549      ; 4.690      ;
; 0.926 ; count_to_zero:COUNT_INTS|d_out ; detect_sw:detect_credit_sw|check_counter[17]           ; clk_50       ; cpu_clk_out ; 0.000        ; 3.549      ; 4.690      ;
; 0.926 ; count_to_zero:COUNT_INTS|d_out ; detect_sw:detect_credit_sw|check_counter[18]           ; clk_50       ; cpu_clk_out ; 0.000        ; 3.549      ; 4.690      ;
; 0.926 ; count_to_zero:COUNT_INTS|d_out ; detect_sw:detect_credit_sw|check_counter[19]           ; clk_50       ; cpu_clk_out ; 0.000        ; 3.549      ; 4.690      ;
; 0.926 ; count_to_zero:COUNT_INTS|d_out ; detect_sw:detect_credit_sw|check_counter[20]           ; clk_50       ; cpu_clk_out ; 0.000        ; 3.549      ; 4.690      ;
; 0.926 ; count_to_zero:COUNT_INTS|d_out ; detect_sw:detect_credit_sw|check_counter[21]           ; clk_50       ; cpu_clk_out ; 0.000        ; 3.549      ; 4.690      ;
; 0.926 ; count_to_zero:COUNT_INTS|d_out ; detect_sw:detect_credit_sw|check_counter[22]           ; clk_50       ; cpu_clk_out ; 0.000        ; 3.549      ; 4.690      ;
; 0.926 ; count_to_zero:COUNT_INTS|d_out ; detect_sw:detect_credit_sw|check_counter[23]           ; clk_50       ; cpu_clk_out ; 0.000        ; 3.549      ; 4.690      ;
; 0.926 ; count_to_zero:COUNT_INTS|d_out ; detect_sw:detect_credit_sw|check_counter[24]           ; clk_50       ; cpu_clk_out ; 0.000        ; 3.549      ; 4.690      ;
; 0.926 ; count_to_zero:COUNT_INTS|d_out ; detect_sw:detect_credit_sw|closed_counter[0]           ; clk_50       ; cpu_clk_out ; 0.000        ; 3.550      ; 4.691      ;
; 0.926 ; count_to_zero:COUNT_INTS|d_out ; detect_sw:detect_credit_sw|closed_counter[1]           ; clk_50       ; cpu_clk_out ; 0.000        ; 3.550      ; 4.691      ;
; 0.926 ; count_to_zero:COUNT_INTS|d_out ; detect_sw:detect_credit_sw|closed_counter[2]           ; clk_50       ; cpu_clk_out ; 0.000        ; 3.550      ; 4.691      ;
; 0.926 ; count_to_zero:COUNT_INTS|d_out ; detect_sw:detect_credit_sw|closed_counter[3]           ; clk_50       ; cpu_clk_out ; 0.000        ; 3.550      ; 4.691      ;
; 0.926 ; count_to_zero:COUNT_INTS|d_out ; detect_sw:detect_credit_sw|closed_counter[4]           ; clk_50       ; cpu_clk_out ; 0.000        ; 3.550      ; 4.691      ;
; 0.926 ; count_to_zero:COUNT_INTS|d_out ; detect_sw:detect_credit_sw|closed_counter[5]           ; clk_50       ; cpu_clk_out ; 0.000        ; 3.550      ; 4.691      ;
; 0.926 ; count_to_zero:COUNT_INTS|d_out ; detect_sw:detect_credit_sw|closed_counter[6]           ; clk_50       ; cpu_clk_out ; 0.000        ; 3.550      ; 4.691      ;
; 0.926 ; count_to_zero:COUNT_INTS|d_out ; detect_sw:detect_credit_sw|closed_counter[7]           ; clk_50       ; cpu_clk_out ; 0.000        ; 3.550      ; 4.691      ;
; 0.926 ; count_to_zero:COUNT_INTS|d_out ; detect_sw:detect_credit_sw|closed_counter[8]           ; clk_50       ; cpu_clk_out ; 0.000        ; 3.550      ; 4.691      ;
; 0.926 ; count_to_zero:COUNT_INTS|d_out ; detect_sw:detect_credit_sw|closed_counter[9]           ; clk_50       ; cpu_clk_out ; 0.000        ; 3.550      ; 4.691      ;
; 0.926 ; count_to_zero:COUNT_INTS|d_out ; detect_sw:detect_credit_sw|closed_counter[10]          ; clk_50       ; cpu_clk_out ; 0.000        ; 3.550      ; 4.691      ;
; 0.926 ; count_to_zero:COUNT_INTS|d_out ; detect_sw:detect_credit_sw|closed_counter[11]          ; clk_50       ; cpu_clk_out ; 0.000        ; 3.550      ; 4.691      ;
; 0.927 ; count_to_zero:COUNT_INTS|d_out ; detect_sw:detect_credit_sw|state.counting              ; clk_50       ; cpu_clk_out ; 0.000        ; 3.544      ; 4.686      ;
; 0.927 ; count_to_zero:COUNT_INTS|d_out ; detect_sw:detect_credit_sw|state.delay                 ; clk_50       ; cpu_clk_out ; 0.000        ; 3.544      ; 4.686      ;
; 0.927 ; count_to_zero:COUNT_INTS|d_out ; detect_sw:detect_credit_sw|state.Idle                  ; clk_50       ; cpu_clk_out ; 0.000        ; 3.544      ; 4.686      ;
; 0.927 ; count_to_zero:COUNT_INTS|d_out ; detect_sw:detect_credit_sw|long_push                   ; clk_50       ; cpu_clk_out ; 0.000        ; 3.544      ; 4.686      ;
; 0.932 ; count_to_zero:COUNT_INTS|d_out ; detect_sw_trigger:detect_credit_sw_trigger|counter[13] ; clk_50       ; cpu_clk_out ; 0.000        ; 3.524      ; 4.671      ;
; 0.932 ; count_to_zero:COUNT_INTS|d_out ; detect_sw_trigger:detect_credit_sw_trigger|counter[14] ; clk_50       ; cpu_clk_out ; 0.000        ; 3.524      ; 4.671      ;
; 0.932 ; count_to_zero:COUNT_INTS|d_out ; detect_sw_trigger:detect_credit_sw_trigger|counter[15] ; clk_50       ; cpu_clk_out ; 0.000        ; 3.524      ; 4.671      ;
; 0.932 ; count_to_zero:COUNT_INTS|d_out ; detect_sw_trigger:detect_credit_sw_trigger|counter[16] ; clk_50       ; cpu_clk_out ; 0.000        ; 3.524      ; 4.671      ;
; 0.932 ; count_to_zero:COUNT_INTS|d_out ; detect_sw_trigger:detect_credit_sw_trigger|counter[17] ; clk_50       ; cpu_clk_out ; 0.000        ; 3.524      ; 4.671      ;
; 0.932 ; count_to_zero:COUNT_INTS|d_out ; detect_sw_trigger:detect_credit_sw_trigger|counter[18] ; clk_50       ; cpu_clk_out ; 0.000        ; 3.524      ; 4.671      ;
; 0.932 ; count_to_zero:COUNT_INTS|d_out ; detect_sw_trigger:detect_credit_sw_trigger|counter[19] ; clk_50       ; cpu_clk_out ; 0.000        ; 3.524      ; 4.671      ;
; 0.932 ; count_to_zero:COUNT_INTS|d_out ; detect_sw_trigger:detect_credit_sw_trigger|counter[20] ; clk_50       ; cpu_clk_out ; 0.000        ; 3.524      ; 4.671      ;
; 0.932 ; count_to_zero:COUNT_INTS|d_out ; detect_sw_trigger:detect_credit_sw_trigger|counter[21] ; clk_50       ; cpu_clk_out ; 0.000        ; 3.524      ; 4.671      ;
; 0.932 ; count_to_zero:COUNT_INTS|d_out ; detect_sw_trigger:detect_credit_sw_trigger|counter[22] ; clk_50       ; cpu_clk_out ; 0.000        ; 3.524      ; 4.671      ;
; 0.932 ; count_to_zero:COUNT_INTS|d_out ; detect_sw_trigger:detect_credit_sw_trigger|counter[23] ; clk_50       ; cpu_clk_out ; 0.000        ; 3.524      ; 4.671      ;
; 0.932 ; count_to_zero:COUNT_INTS|d_out ; detect_sw_trigger:detect_credit_sw_trigger|counter[24] ; clk_50       ; cpu_clk_out ; 0.000        ; 3.524      ; 4.671      ;
; 0.932 ; count_to_zero:COUNT_INTS|d_out ; detect_sw_trigger:detect_credit_sw_trigger|counter[25] ; clk_50       ; cpu_clk_out ; 0.000        ; 3.524      ; 4.671      ;
; 0.933 ; count_to_zero:COUNT_INTS|d_out ; detect_sw:detect_test_sw|check_counter[0]              ; clk_50       ; cpu_clk_out ; 0.000        ; 3.520      ; 4.668      ;
; 0.933 ; count_to_zero:COUNT_INTS|d_out ; detect_sw:detect_test_sw|check_counter[1]              ; clk_50       ; cpu_clk_out ; 0.000        ; 3.520      ; 4.668      ;
; 0.933 ; count_to_zero:COUNT_INTS|d_out ; detect_sw:detect_test_sw|check_counter[2]              ; clk_50       ; cpu_clk_out ; 0.000        ; 3.520      ; 4.668      ;
; 0.933 ; count_to_zero:COUNT_INTS|d_out ; detect_sw:detect_test_sw|check_counter[3]              ; clk_50       ; cpu_clk_out ; 0.000        ; 3.520      ; 4.668      ;
; 0.933 ; count_to_zero:COUNT_INTS|d_out ; detect_sw:detect_test_sw|check_counter[4]              ; clk_50       ; cpu_clk_out ; 0.000        ; 3.520      ; 4.668      ;
; 0.933 ; count_to_zero:COUNT_INTS|d_out ; detect_sw:detect_test_sw|check_counter[5]              ; clk_50       ; cpu_clk_out ; 0.000        ; 3.520      ; 4.668      ;
; 0.933 ; count_to_zero:COUNT_INTS|d_out ; detect_sw:detect_test_sw|check_counter[6]              ; clk_50       ; cpu_clk_out ; 0.000        ; 3.520      ; 4.668      ;
; 0.933 ; count_to_zero:COUNT_INTS|d_out ; detect_sw:detect_test_sw|check_counter[7]              ; clk_50       ; cpu_clk_out ; 0.000        ; 3.520      ; 4.668      ;
; 0.933 ; count_to_zero:COUNT_INTS|d_out ; detect_sw:detect_test_sw|check_counter[8]              ; clk_50       ; cpu_clk_out ; 0.000        ; 3.520      ; 4.668      ;
; 0.933 ; count_to_zero:COUNT_INTS|d_out ; detect_sw:detect_test_sw|check_counter[9]              ; clk_50       ; cpu_clk_out ; 0.000        ; 3.520      ; 4.668      ;
; 0.933 ; count_to_zero:COUNT_INTS|d_out ; detect_sw:detect_test_sw|check_counter[10]             ; clk_50       ; cpu_clk_out ; 0.000        ; 3.520      ; 4.668      ;
; 0.933 ; count_to_zero:COUNT_INTS|d_out ; detect_sw:detect_test_sw|check_counter[11]             ; clk_50       ; cpu_clk_out ; 0.000        ; 3.520      ; 4.668      ;
; 0.934 ; count_to_zero:COUNT_INTS|d_out ; detect_sw:detect_test_sw|closed_counter[0]             ; clk_50       ; cpu_clk_out ; 0.000        ; 3.522      ; 4.671      ;
; 0.934 ; count_to_zero:COUNT_INTS|d_out ; detect_sw:detect_test_sw|closed_counter[1]             ; clk_50       ; cpu_clk_out ; 0.000        ; 3.522      ; 4.671      ;
; 0.934 ; count_to_zero:COUNT_INTS|d_out ; detect_sw:detect_test_sw|closed_counter[2]             ; clk_50       ; cpu_clk_out ; 0.000        ; 3.522      ; 4.671      ;
; 0.934 ; count_to_zero:COUNT_INTS|d_out ; detect_sw:detect_test_sw|closed_counter[3]             ; clk_50       ; cpu_clk_out ; 0.000        ; 3.522      ; 4.671      ;
; 0.934 ; count_to_zero:COUNT_INTS|d_out ; detect_sw:detect_test_sw|closed_counter[4]             ; clk_50       ; cpu_clk_out ; 0.000        ; 3.522      ; 4.671      ;
; 0.934 ; count_to_zero:COUNT_INTS|d_out ; detect_sw:detect_test_sw|closed_counter[5]             ; clk_50       ; cpu_clk_out ; 0.000        ; 3.522      ; 4.671      ;
; 0.934 ; count_to_zero:COUNT_INTS|d_out ; detect_sw:detect_test_sw|closed_counter[6]             ; clk_50       ; cpu_clk_out ; 0.000        ; 3.522      ; 4.671      ;
; 0.934 ; count_to_zero:COUNT_INTS|d_out ; detect_sw:detect_test_sw|closed_counter[7]             ; clk_50       ; cpu_clk_out ; 0.000        ; 3.522      ; 4.671      ;
; 0.934 ; count_to_zero:COUNT_INTS|d_out ; detect_sw:detect_test_sw|closed_counter[8]             ; clk_50       ; cpu_clk_out ; 0.000        ; 3.522      ; 4.671      ;
; 0.934 ; count_to_zero:COUNT_INTS|d_out ; detect_sw:detect_test_sw|closed_counter[9]             ; clk_50       ; cpu_clk_out ; 0.000        ; 3.522      ; 4.671      ;
; 0.934 ; count_to_zero:COUNT_INTS|d_out ; detect_sw:detect_test_sw|closed_counter[10]            ; clk_50       ; cpu_clk_out ; 0.000        ; 3.522      ; 4.671      ;
; 0.934 ; count_to_zero:COUNT_INTS|d_out ; detect_sw:detect_test_sw|closed_counter[11]            ; clk_50       ; cpu_clk_out ; 0.000        ; 3.522      ; 4.671      ;
; 0.935 ; count_to_zero:COUNT_INTS|d_out ; detect_sw:detect_test_sw|closed_counter[12]            ; clk_50       ; cpu_clk_out ; 0.000        ; 3.521      ; 4.671      ;
; 0.935 ; count_to_zero:COUNT_INTS|d_out ; detect_sw:detect_test_sw|closed_counter[13]            ; clk_50       ; cpu_clk_out ; 0.000        ; 3.521      ; 4.671      ;
; 0.935 ; count_to_zero:COUNT_INTS|d_out ; detect_sw:detect_test_sw|closed_counter[14]            ; clk_50       ; cpu_clk_out ; 0.000        ; 3.521      ; 4.671      ;
; 0.935 ; count_to_zero:COUNT_INTS|d_out ; detect_sw:detect_test_sw|closed_counter[15]            ; clk_50       ; cpu_clk_out ; 0.000        ; 3.521      ; 4.671      ;
; 0.935 ; count_to_zero:COUNT_INTS|d_out ; detect_sw:detect_test_sw|closed_counter[16]            ; clk_50       ; cpu_clk_out ; 0.000        ; 3.521      ; 4.671      ;
; 0.935 ; count_to_zero:COUNT_INTS|d_out ; detect_sw:detect_test_sw|closed_counter[17]            ; clk_50       ; cpu_clk_out ; 0.000        ; 3.521      ; 4.671      ;
; 0.935 ; count_to_zero:COUNT_INTS|d_out ; detect_sw:detect_test_sw|closed_counter[18]            ; clk_50       ; cpu_clk_out ; 0.000        ; 3.521      ; 4.671      ;
; 0.935 ; count_to_zero:COUNT_INTS|d_out ; detect_sw:detect_test_sw|closed_counter[19]            ; clk_50       ; cpu_clk_out ; 0.000        ; 3.521      ; 4.671      ;
; 0.935 ; count_to_zero:COUNT_INTS|d_out ; detect_sw:detect_test_sw|closed_counter[20]            ; clk_50       ; cpu_clk_out ; 0.000        ; 3.521      ; 4.671      ;
; 0.935 ; count_to_zero:COUNT_INTS|d_out ; detect_sw:detect_test_sw|closed_counter[21]            ; clk_50       ; cpu_clk_out ; 0.000        ; 3.521      ; 4.671      ;
; 0.935 ; count_to_zero:COUNT_INTS|d_out ; detect_sw:detect_test_sw|closed_counter[22]            ; clk_50       ; cpu_clk_out ; 0.000        ; 3.521      ; 4.671      ;
; 0.935 ; count_to_zero:COUNT_INTS|d_out ; detect_sw:detect_test_sw|closed_counter[23]            ; clk_50       ; cpu_clk_out ; 0.000        ; 3.521      ; 4.671      ;
; 0.935 ; count_to_zero:COUNT_INTS|d_out ; detect_sw:detect_test_sw|closed_counter[24]            ; clk_50       ; cpu_clk_out ; 0.000        ; 3.521      ; 4.671      ;
; 0.935 ; count_to_zero:COUNT_INTS|d_out ; detect_sw_trigger:detect_credit_sw_trigger|counter[0]  ; clk_50       ; cpu_clk_out ; 0.000        ; 3.522      ; 4.672      ;
; 0.935 ; count_to_zero:COUNT_INTS|d_out ; detect_sw_trigger:detect_credit_sw_trigger|counter[1]  ; clk_50       ; cpu_clk_out ; 0.000        ; 3.522      ; 4.672      ;
; 0.935 ; count_to_zero:COUNT_INTS|d_out ; detect_sw_trigger:detect_credit_sw_trigger|counter[2]  ; clk_50       ; cpu_clk_out ; 0.000        ; 3.522      ; 4.672      ;
; 0.935 ; count_to_zero:COUNT_INTS|d_out ; detect_sw_trigger:detect_credit_sw_trigger|counter[3]  ; clk_50       ; cpu_clk_out ; 0.000        ; 3.522      ; 4.672      ;
; 0.935 ; count_to_zero:COUNT_INTS|d_out ; detect_sw_trigger:detect_credit_sw_trigger|counter[4]  ; clk_50       ; cpu_clk_out ; 0.000        ; 3.522      ; 4.672      ;
; 0.935 ; count_to_zero:COUNT_INTS|d_out ; detect_sw_trigger:detect_credit_sw_trigger|counter[5]  ; clk_50       ; cpu_clk_out ; 0.000        ; 3.522      ; 4.672      ;
; 0.935 ; count_to_zero:COUNT_INTS|d_out ; detect_sw_trigger:detect_credit_sw_trigger|counter[6]  ; clk_50       ; cpu_clk_out ; 0.000        ; 3.522      ; 4.672      ;
; 0.935 ; count_to_zero:COUNT_INTS|d_out ; detect_sw_trigger:detect_credit_sw_trigger|counter[7]  ; clk_50       ; cpu_clk_out ; 0.000        ; 3.522      ; 4.672      ;
; 0.935 ; count_to_zero:COUNT_INTS|d_out ; detect_sw_trigger:detect_credit_sw_trigger|counter[8]  ; clk_50       ; cpu_clk_out ; 0.000        ; 3.522      ; 4.672      ;
; 0.935 ; count_to_zero:COUNT_INTS|d_out ; detect_sw_trigger:detect_credit_sw_trigger|counter[9]  ; clk_50       ; cpu_clk_out ; 0.000        ; 3.522      ; 4.672      ;
; 0.935 ; count_to_zero:COUNT_INTS|d_out ; detect_sw_trigger:detect_credit_sw_trigger|counter[10] ; clk_50       ; cpu_clk_out ; 0.000        ; 3.522      ; 4.672      ;
; 0.935 ; count_to_zero:COUNT_INTS|d_out ; detect_sw_trigger:detect_credit_sw_trigger|counter[11] ; clk_50       ; cpu_clk_out ; 0.000        ; 3.522      ; 4.672      ;
; 0.935 ; count_to_zero:COUNT_INTS|d_out ; detect_sw_trigger:detect_credit_sw_trigger|counter[12] ; clk_50       ; cpu_clk_out ; 0.000        ; 3.522      ; 4.672      ;
; 0.939 ; count_to_zero:COUNT_INTS|d_out ; detect_sw:detect_credit_sw|closed_counter[12]          ; clk_50       ; cpu_clk_out ; 0.000        ; 3.548      ; 4.702      ;
; 0.939 ; count_to_zero:COUNT_INTS|d_out ; detect_sw:detect_credit_sw|closed_counter[13]          ; clk_50       ; cpu_clk_out ; 0.000        ; 3.548      ; 4.702      ;
; 0.939 ; count_to_zero:COUNT_INTS|d_out ; detect_sw:detect_credit_sw|closed_counter[14]          ; clk_50       ; cpu_clk_out ; 0.000        ; 3.548      ; 4.702      ;
; 0.939 ; count_to_zero:COUNT_INTS|d_out ; detect_sw:detect_credit_sw|closed_counter[15]          ; clk_50       ; cpu_clk_out ; 0.000        ; 3.548      ; 4.702      ;
; 0.939 ; count_to_zero:COUNT_INTS|d_out ; detect_sw:detect_credit_sw|closed_counter[16]          ; clk_50       ; cpu_clk_out ; 0.000        ; 3.548      ; 4.702      ;
; 0.939 ; count_to_zero:COUNT_INTS|d_out ; detect_sw:detect_credit_sw|closed_counter[17]          ; clk_50       ; cpu_clk_out ; 0.000        ; 3.548      ; 4.702      ;
; 0.939 ; count_to_zero:COUNT_INTS|d_out ; detect_sw:detect_credit_sw|closed_counter[18]          ; clk_50       ; cpu_clk_out ; 0.000        ; 3.548      ; 4.702      ;
; 0.939 ; count_to_zero:COUNT_INTS|d_out ; detect_sw:detect_credit_sw|closed_counter[19]          ; clk_50       ; cpu_clk_out ; 0.000        ; 3.548      ; 4.702      ;
+-------+--------------------------------+--------------------------------------------------------+--------------+-------------+--------------+------------+------------+


+-----------------------------------------------------------------------------------------------------------------------------------------------------------------+
; Slow 1200mV 0C Model Removal: 'clk_50'                                                                                                                          ;
+-------+-----------------------------+-----------------------------------------------------+--------------+-------------+--------------+------------+------------+
; Slack ; From Node                   ; To Node                                             ; Launch Clock ; Latch Clock ; Relationship ; Clock Skew ; Data Delay ;
+-------+-----------------------------+-----------------------------------------------------+--------------+-------------+--------------+------------+------------+
; 1.944 ; SD_Card:SD_CARD|cpu_reset_l ; EEprom:EEprom|state.wait_for_Master_II              ; clk_50       ; clk_50      ; 0.000        ; 0.096      ; 2.235      ;
; 1.944 ; SD_Card:SD_CARD|cpu_reset_l ; EEprom:EEprom|state.check_WP_bit                    ; clk_50       ; clk_50      ; 0.000        ; 0.096      ; 2.235      ;
; 1.944 ; SD_Card:SD_CARD|cpu_reset_l ; EEprom:EEprom|state.wait_for_Master_III             ; clk_50       ; clk_50      ; 0.000        ; 0.096      ; 2.235      ;
; 1.944 ; SD_Card:SD_CARD|cpu_reset_l ; EEprom:EEprom|state.wait_for_Master_I               ; clk_50       ; clk_50      ; 0.000        ; 0.096      ; 2.235      ;
; 1.944 ; SD_Card:SD_CARD|cpu_reset_l ; EEprom:EEprom|state.wait_for_get_status_reg         ; clk_50       ; clk_50      ; 0.000        ; 0.096      ; 2.235      ;
; 1.944 ; SD_Card:SD_CARD|cpu_reset_l ; EEprom:EEprom|TX_Start_Stat                         ; clk_50       ; clk_50      ; 0.000        ; 0.096      ; 2.235      ;
; 1.944 ; SD_Card:SD_CARD|cpu_reset_l ; EEprom:EEprom|state.get_status_reg                  ; clk_50       ; clk_50      ; 0.000        ; 0.096      ; 2.235      ;
; 1.944 ; SD_Card:SD_CARD|cpu_reset_l ; EEprom:EEprom|state.next_write                      ; clk_50       ; clk_50      ; 0.000        ; 0.096      ; 2.235      ;
; 2.000 ; SD_Card:SD_CARD|cpu_reset_l ; EEprom:EEprom|TX_Start_W                            ; clk_50       ; clk_50      ; 0.000        ; 0.096      ; 2.291      ;
; 2.000 ; SD_Card:SD_CARD|cpu_reset_l ; EEprom:EEprom|state.wait_for_Write_done             ; clk_50       ; clk_50      ; 0.000        ; 0.096      ; 2.291      ;
; 2.000 ; SD_Card:SD_CARD|cpu_reset_l ; EEprom:EEprom|state.send_write_request              ; clk_50       ; clk_50      ; 0.000        ; 0.096      ; 2.291      ;
; 2.000 ; SD_Card:SD_CARD|cpu_reset_l ; EEprom:EEprom|TX_Start_Cmd                          ; clk_50       ; clk_50      ; 0.000        ; 0.096      ; 2.291      ;
; 2.000 ; SD_Card:SD_CARD|cpu_reset_l ; EEprom:EEprom|state.wait_for_Cmd_done               ; clk_50       ; clk_50      ; 0.000        ; 0.096      ; 2.291      ;
; 2.000 ; SD_Card:SD_CARD|cpu_reset_l ; EEprom:EEprom|state.send_read_request               ; clk_50       ; clk_50      ; 0.000        ; 0.096      ; 2.291      ;
; 2.000 ; SD_Card:SD_CARD|cpu_reset_l ; EEprom:EEprom|state.Delay                           ; clk_50       ; clk_50      ; 0.000        ; 0.096      ; 2.291      ;
; 2.000 ; SD_Card:SD_CARD|cpu_reset_l ; EEprom:EEprom|state.Check_dip                       ; clk_50       ; clk_50      ; 0.000        ; 0.096      ; 2.291      ;
; 2.182 ; SD_Card:SD_CARD|cpu_reset_l ; count_to_zero:COUNT_STROBES|d_out                   ; clk_50       ; clk_50      ; 0.000        ; 0.073      ; 2.450      ;
; 2.182 ; SD_Card:SD_CARD|cpu_reset_l ; count_to_zero:COUNT_STROBES|int_count[0]            ; clk_50       ; clk_50      ; 0.000        ; 0.073      ; 2.450      ;
; 2.187 ; SD_Card:SD_CARD|cpu_reset_l ; count_to_zero:COUNT_STROBES|int_count[5]            ; clk_50       ; clk_50      ; 0.000        ; 0.074      ; 2.456      ;
; 2.187 ; SD_Card:SD_CARD|cpu_reset_l ; count_to_zero:COUNT_STROBES|int_count[2]            ; clk_50       ; clk_50      ; 0.000        ; 0.074      ; 2.456      ;
; 2.187 ; SD_Card:SD_CARD|cpu_reset_l ; count_to_zero:COUNT_STROBES|int_count[1]            ; clk_50       ; clk_50      ; 0.000        ; 0.074      ; 2.456      ;
; 2.187 ; SD_Card:SD_CARD|cpu_reset_l ; count_to_zero:COUNT_STROBES|int_count[3]            ; clk_50       ; clk_50      ; 0.000        ; 0.074      ; 2.456      ;
; 2.187 ; SD_Card:SD_CARD|cpu_reset_l ; count_to_zero:COUNT_STROBES|int_count[4]            ; clk_50       ; clk_50      ; 0.000        ; 0.074      ; 2.456      ;
; 2.187 ; SD_Card:SD_CARD|cpu_reset_l ; count_to_zero:COUNT_STROBES|int_count[7]            ; clk_50       ; clk_50      ; 0.000        ; 0.074      ; 2.456      ;
; 2.187 ; SD_Card:SD_CARD|cpu_reset_l ; count_to_zero:COUNT_STROBES|int_count[6]            ; clk_50       ; clk_50      ; 0.000        ; 0.074      ; 2.456      ;
; 2.202 ; SD_Card:SD_CARD|cpu_reset_l ; EEprom:EEprom|state.Delay2                          ; clk_50       ; clk_50      ; 0.000        ; 0.096      ; 2.493      ;
; 2.202 ; SD_Card:SD_CARD|cpu_reset_l ; EEprom:EEprom|state.wait_for_Master                 ; clk_50       ; clk_50      ; 0.000        ; 0.096      ; 2.493      ;
; 2.202 ; SD_Card:SD_CARD|cpu_reset_l ; EEprom:EEprom|wr_ram                                ; clk_50       ; clk_50      ; 0.000        ; 0.096      ; 2.493      ;
; 2.202 ; SD_Card:SD_CARD|cpu_reset_l ; EEprom:EEprom|state.wait_for_read                   ; clk_50       ; clk_50      ; 0.000        ; 0.096      ; 2.493      ;
; 2.202 ; SD_Card:SD_CARD|cpu_reset_l ; EEprom:EEprom|TX_Start_R                            ; clk_50       ; clk_50      ; 0.000        ; 0.096      ; 2.493      ;
; 2.276 ; SD_Card:SD_CARD|cpu_reset_l ; sn74175:sn74175_80B_1|Qn[2]                         ; clk_50       ; clk_50      ; 0.000        ; 0.056      ; 2.527      ;
; 2.276 ; SD_Card:SD_CARD|cpu_reset_l ; sn74175:sn74175_80B_1|Qn[1]                         ; clk_50       ; clk_50      ; 0.000        ; 0.056      ; 2.527      ;
; 2.276 ; SD_Card:SD_CARD|cpu_reset_l ; sn74175:sn74175_80B_1|Qn[0]                         ; clk_50       ; clk_50      ; 0.000        ; 0.056      ; 2.527      ;
; 2.276 ; SD_Card:SD_CARD|cpu_reset_l ; sn74175:sn74175_80B_1|Qn[3]                         ; clk_50       ; clk_50      ; 0.000        ; 0.056      ; 2.527      ;
; 2.284 ; SD_Card:SD_CARD|cpu_reset_l ; gosof80:SOUNDBOARD|dac:Audio_DAC|DACout_q           ; clk_50       ; clk_50      ; 0.000        ; 0.095      ; 2.574      ;
; 2.498 ; SD_Card:SD_CARD|cpu_reset_l ; EEprom:EEprom|c_count[13]                           ; clk_50       ; clk_50      ; 0.000        ; 0.086      ; 2.779      ;
; 2.498 ; SD_Card:SD_CARD|cpu_reset_l ; EEprom:EEprom|c_count[12]                           ; clk_50       ; clk_50      ; 0.000        ; 0.086      ; 2.779      ;
; 2.498 ; SD_Card:SD_CARD|cpu_reset_l ; EEprom:EEprom|c_count[11]                           ; clk_50       ; clk_50      ; 0.000        ; 0.086      ; 2.779      ;
; 2.498 ; SD_Card:SD_CARD|cpu_reset_l ; EEprom:EEprom|c_count[10]                           ; clk_50       ; clk_50      ; 0.000        ; 0.086      ; 2.779      ;
; 2.498 ; SD_Card:SD_CARD|cpu_reset_l ; EEprom:EEprom|c_count[9]                            ; clk_50       ; clk_50      ; 0.000        ; 0.086      ; 2.779      ;
; 2.498 ; SD_Card:SD_CARD|cpu_reset_l ; EEprom:EEprom|c_count[8]                            ; clk_50       ; clk_50      ; 0.000        ; 0.086      ; 2.779      ;
; 2.498 ; SD_Card:SD_CARD|cpu_reset_l ; EEprom:EEprom|c_count[7]                            ; clk_50       ; clk_50      ; 0.000        ; 0.086      ; 2.779      ;
; 2.498 ; SD_Card:SD_CARD|cpu_reset_l ; EEprom:EEprom|c_count[6]                            ; clk_50       ; clk_50      ; 0.000        ; 0.086      ; 2.779      ;
; 2.498 ; SD_Card:SD_CARD|cpu_reset_l ; EEprom:EEprom|c_count[5]                            ; clk_50       ; clk_50      ; 0.000        ; 0.086      ; 2.779      ;
; 2.498 ; SD_Card:SD_CARD|cpu_reset_l ; EEprom:EEprom|c_count[4]                            ; clk_50       ; clk_50      ; 0.000        ; 0.086      ; 2.779      ;
; 2.498 ; SD_Card:SD_CARD|cpu_reset_l ; EEprom:EEprom|c_count[3]                            ; clk_50       ; clk_50      ; 0.000        ; 0.086      ; 2.779      ;
; 2.498 ; SD_Card:SD_CARD|cpu_reset_l ; EEprom:EEprom|c_count[2]                            ; clk_50       ; clk_50      ; 0.000        ; 0.086      ; 2.779      ;
; 2.498 ; SD_Card:SD_CARD|cpu_reset_l ; EEprom:EEprom|c_count[1]                            ; clk_50       ; clk_50      ; 0.000        ; 0.086      ; 2.779      ;
; 2.498 ; SD_Card:SD_CARD|cpu_reset_l ; EEprom:EEprom|c_count[0]                            ; clk_50       ; clk_50      ; 0.000        ; 0.086      ; 2.779      ;
; 2.534 ; SD_Card:SD_CARD|cpu_reset_l ; EEprom:EEprom|c_count[25]                           ; clk_50       ; clk_50      ; 0.000        ; 0.086      ; 2.815      ;
; 2.534 ; SD_Card:SD_CARD|cpu_reset_l ; EEprom:EEprom|c_count[28]                           ; clk_50       ; clk_50      ; 0.000        ; 0.086      ; 2.815      ;
; 2.534 ; SD_Card:SD_CARD|cpu_reset_l ; EEprom:EEprom|c_count[27]                           ; clk_50       ; clk_50      ; 0.000        ; 0.086      ; 2.815      ;
; 2.534 ; SD_Card:SD_CARD|cpu_reset_l ; EEprom:EEprom|c_count[26]                           ; clk_50       ; clk_50      ; 0.000        ; 0.086      ; 2.815      ;
; 2.534 ; SD_Card:SD_CARD|cpu_reset_l ; EEprom:EEprom|c_count[24]                           ; clk_50       ; clk_50      ; 0.000        ; 0.086      ; 2.815      ;
; 2.534 ; SD_Card:SD_CARD|cpu_reset_l ; EEprom:EEprom|c_count[23]                           ; clk_50       ; clk_50      ; 0.000        ; 0.086      ; 2.815      ;
; 2.534 ; SD_Card:SD_CARD|cpu_reset_l ; EEprom:EEprom|c_count[22]                           ; clk_50       ; clk_50      ; 0.000        ; 0.086      ; 2.815      ;
; 2.534 ; SD_Card:SD_CARD|cpu_reset_l ; EEprom:EEprom|c_count[21]                           ; clk_50       ; clk_50      ; 0.000        ; 0.086      ; 2.815      ;
; 2.534 ; SD_Card:SD_CARD|cpu_reset_l ; EEprom:EEprom|c_count[20]                           ; clk_50       ; clk_50      ; 0.000        ; 0.086      ; 2.815      ;
; 2.534 ; SD_Card:SD_CARD|cpu_reset_l ; EEprom:EEprom|c_count[19]                           ; clk_50       ; clk_50      ; 0.000        ; 0.086      ; 2.815      ;
; 2.534 ; SD_Card:SD_CARD|cpu_reset_l ; EEprom:EEprom|c_count[18]                           ; clk_50       ; clk_50      ; 0.000        ; 0.086      ; 2.815      ;
; 2.534 ; SD_Card:SD_CARD|cpu_reset_l ; EEprom:EEprom|c_count[17]                           ; clk_50       ; clk_50      ; 0.000        ; 0.086      ; 2.815      ;
; 2.534 ; SD_Card:SD_CARD|cpu_reset_l ; EEprom:EEprom|c_count[16]                           ; clk_50       ; clk_50      ; 0.000        ; 0.086      ; 2.815      ;
; 2.534 ; SD_Card:SD_CARD|cpu_reset_l ; EEprom:EEprom|c_count[15]                           ; clk_50       ; clk_50      ; 0.000        ; 0.086      ; 2.815      ;
; 2.534 ; SD_Card:SD_CARD|cpu_reset_l ; EEprom:EEprom|c_count[14]                           ; clk_50       ; clk_50      ; 0.000        ; 0.086      ; 2.815      ;
; 2.543 ; SD_Card:SD_CARD|cpu_reset_l ; EEprom:EEprom|state.Write_enable                    ; clk_50       ; clk_50      ; 0.000        ; 0.087      ; 2.825      ;
; 2.543 ; SD_Card:SD_CARD|cpu_reset_l ; EEprom:EEprom|address_eeprom[6]                     ; clk_50       ; clk_50      ; 0.000        ; 0.087      ; 2.825      ;
; 2.543 ; SD_Card:SD_CARD|cpu_reset_l ; EEprom:EEprom|address_eeprom[5]                     ; clk_50       ; clk_50      ; 0.000        ; 0.087      ; 2.825      ;
; 2.543 ; SD_Card:SD_CARD|cpu_reset_l ; EEprom:EEprom|address_eeprom[4]                     ; clk_50       ; clk_50      ; 0.000        ; 0.087      ; 2.825      ;
; 2.543 ; SD_Card:SD_CARD|cpu_reset_l ; EEprom:EEprom|address_eeprom[3]                     ; clk_50       ; clk_50      ; 0.000        ; 0.087      ; 2.825      ;
; 2.543 ; SD_Card:SD_CARD|cpu_reset_l ; EEprom:EEprom|address_eeprom[2]                     ; clk_50       ; clk_50      ; 0.000        ; 0.087      ; 2.825      ;
; 2.543 ; SD_Card:SD_CARD|cpu_reset_l ; EEprom:EEprom|address_eeprom[1]                     ; clk_50       ; clk_50      ; 0.000        ; 0.087      ; 2.825      ;
; 2.543 ; SD_Card:SD_CARD|cpu_reset_l ; EEprom:EEprom|address_eeprom[0]                     ; clk_50       ; clk_50      ; 0.000        ; 0.087      ; 2.825      ;
; 2.543 ; SD_Card:SD_CARD|cpu_reset_l ; EEprom:EEprom|state.Idle                            ; clk_50       ; clk_50      ; 0.000        ; 0.087      ; 2.825      ;
; 2.702 ; SD_Card:SD_CARD|cpu_reset_l ; count_to_zero:COUNT_INTS|int_count[7]               ; clk_50       ; clk_50      ; 0.000        ; 0.073      ; 2.970      ;
; 2.702 ; SD_Card:SD_CARD|cpu_reset_l ; count_to_zero:COUNT_INTS|int_count[6]               ; clk_50       ; clk_50      ; 0.000        ; 0.073      ; 2.970      ;
; 2.702 ; SD_Card:SD_CARD|cpu_reset_l ; count_to_zero:COUNT_INTS|int_count[5]               ; clk_50       ; clk_50      ; 0.000        ; 0.073      ; 2.970      ;
; 2.702 ; SD_Card:SD_CARD|cpu_reset_l ; count_to_zero:COUNT_INTS|int_count[4]               ; clk_50       ; clk_50      ; 0.000        ; 0.073      ; 2.970      ;
; 2.702 ; SD_Card:SD_CARD|cpu_reset_l ; count_to_zero:COUNT_INTS|int_count[3]               ; clk_50       ; clk_50      ; 0.000        ; 0.073      ; 2.970      ;
; 2.702 ; SD_Card:SD_CARD|cpu_reset_l ; count_to_zero:COUNT_INTS|int_count[2]               ; clk_50       ; clk_50      ; 0.000        ; 0.073      ; 2.970      ;
; 2.702 ; SD_Card:SD_CARD|cpu_reset_l ; count_to_zero:COUNT_INTS|int_count[1]               ; clk_50       ; clk_50      ; 0.000        ; 0.073      ; 2.970      ;
; 2.703 ; SD_Card:SD_CARD|cpu_reset_l ; count_to_zero:COUNT_INTS|d_out                      ; clk_50       ; clk_50      ; 0.000        ; 0.073      ; 2.971      ;
; 2.703 ; SD_Card:SD_CARD|cpu_reset_l ; count_to_zero:COUNT_INTS|int_count[0]               ; clk_50       ; clk_50      ; 0.000        ; 0.073      ; 2.971      ;
; 2.821 ; SD_Card:SD_CARD|cpu_reset_l ; sn74175:sn74175_80B_2|Qn[2]                         ; clk_50       ; clk_50      ; 0.000        ; 0.054      ; 3.070      ;
; 2.821 ; SD_Card:SD_CARD|cpu_reset_l ; sn74175:sn74175_80B_2|Qn[1]                         ; clk_50       ; clk_50      ; 0.000        ; 0.054      ; 3.070      ;
; 2.821 ; SD_Card:SD_CARD|cpu_reset_l ; sn74175:sn74175_80B_2|Qn[0]                         ; clk_50       ; clk_50      ; 0.000        ; 0.054      ; 3.070      ;
; 2.821 ; SD_Card:SD_CARD|cpu_reset_l ; sn74175:sn74175_80B_2|Qn[3]                         ; clk_50       ; clk_50      ; 0.000        ; 0.054      ; 3.070      ;
; 3.055 ; SD_Card:SD_CARD|cpu_reset_l ; gosof80:SOUNDBOARD|SC01:SC01_Simu|\SC01:counter[23] ; clk_50       ; clk_50      ; 0.000        ; 0.069      ; 3.319      ;
; 3.055 ; SD_Card:SD_CARD|cpu_reset_l ; gosof80:SOUNDBOARD|SC01:SC01_Simu|\SC01:counter[21] ; clk_50       ; clk_50      ; 0.000        ; 0.069      ; 3.319      ;
; 3.055 ; SD_Card:SD_CARD|cpu_reset_l ; gosof80:SOUNDBOARD|SC01:SC01_Simu|\SC01:counter[19] ; clk_50       ; clk_50      ; 0.000        ; 0.069      ; 3.319      ;
; 3.055 ; SD_Card:SD_CARD|cpu_reset_l ; gosof80:SOUNDBOARD|SC01:SC01_Simu|\SC01:counter[16] ; clk_50       ; clk_50      ; 0.000        ; 0.069      ; 3.319      ;
; 3.055 ; SD_Card:SD_CARD|cpu_reset_l ; gosof80:SOUNDBOARD|SC01:SC01_Simu|\SC01:counter[15] ; clk_50       ; clk_50      ; 0.000        ; 0.069      ; 3.319      ;
; 3.055 ; SD_Card:SD_CARD|cpu_reset_l ; gosof80:SOUNDBOARD|SC01:SC01_Simu|\SC01:counter[13] ; clk_50       ; clk_50      ; 0.000        ; 0.069      ; 3.319      ;
; 3.055 ; SD_Card:SD_CARD|cpu_reset_l ; gosof80:SOUNDBOARD|SC01:SC01_Simu|state.Speech      ; clk_50       ; clk_50      ; 0.000        ; 0.069      ; 3.319      ;
; 3.055 ; SD_Card:SD_CARD|cpu_reset_l ; gosof80:SOUNDBOARD|SC01:SC01_Simu|\SC01:counter[0]  ; clk_50       ; clk_50      ; 0.000        ; 0.069      ; 3.319      ;
; 3.923 ; SD_Card:SD_CARD|cpu_reset_l ; gosof80:SOUNDBOARD|dac:Audio_DAC|SigmaLatch_q[8]    ; clk_50       ; clk_50      ; 0.000        ; 0.064      ; 4.182      ;
; 3.923 ; SD_Card:SD_CARD|cpu_reset_l ; gosof80:SOUNDBOARD|dac:Audio_DAC|SigmaLatch_q[9]    ; clk_50       ; clk_50      ; 0.000        ; 0.064      ; 4.182      ;
; 3.923 ; SD_Card:SD_CARD|cpu_reset_l ; gosof80:SOUNDBOARD|dac:Audio_DAC|SigmaLatch_q[7]    ; clk_50       ; clk_50      ; 0.000        ; 0.064      ; 4.182      ;
; 3.923 ; SD_Card:SD_CARD|cpu_reset_l ; gosof80:SOUNDBOARD|dac:Audio_DAC|SigmaLatch_q[6]    ; clk_50       ; clk_50      ; 0.000        ; 0.064      ; 4.182      ;
; 3.923 ; SD_Card:SD_CARD|cpu_reset_l ; gosof80:SOUNDBOARD|dac:Audio_DAC|SigmaLatch_q[5]    ; clk_50       ; clk_50      ; 0.000        ; 0.064      ; 4.182      ;
; 3.923 ; SD_Card:SD_CARD|cpu_reset_l ; gosof80:SOUNDBOARD|dac:Audio_DAC|SigmaLatch_q[4]    ; clk_50       ; clk_50      ; 0.000        ; 0.064      ; 4.182      ;
+-------+-----------------------------+-----------------------------------------------------+--------------+-------------+--------------+------------+------------+


----------------------------------------------
; Slow 1200mV 0C Model Metastability Summary ;
----------------------------------------------
The design MTBF is not calculated because there are no specified synchronizers in the design.
Number of Synchronizer Chains Found: 11
Shortest Synchronizer Chain: 2 Registers
Fraction of Chains for which MTBFs Could Not be Calculated: 1.000
Worst Case Available Settling Time: 170.958 ns




+--------------------------------------+
; Fast 1200mV 0C Model Setup Summary   ;
+-------------+--------+---------------+
; Clock       ; Slack  ; End Point TNS ;
+-------------+--------+---------------+
; clk_50      ; 12.651 ; 0.000         ;
; cpu_clk_out ; 14.379 ; 0.000         ;
+-------------+--------+---------------+


+-------------------------------------+
; Fast 1200mV 0C Model Hold Summary   ;
+-------------+-------+---------------+
; Clock       ; Slack ; End Point TNS ;
+-------------+-------+---------------+
; clk_50      ; 0.136 ; 0.000         ;
; cpu_clk_out ; 0.184 ; 0.000         ;
+-------------+-------+---------------+


+---------------------------------------+
; Fast 1200mV 0C Model Recovery Summary ;
+-------------+--------+----------------+
; Clock       ; Slack  ; End Point TNS  ;
+-------------+--------+----------------+
; clk_50      ; 17.264 ; 0.000          ;
; cpu_clk_out ; 18.655 ; 0.000          ;
+-------------+--------+----------------+


+--------------------------------------+
; Fast 1200mV 0C Model Removal Summary ;
+-------------+-------+----------------+
; Clock       ; Slack ; End Point TNS  ;
+-------------+-------+----------------+
; cpu_clk_out ; 0.537 ; 0.000          ;
; clk_50      ; 0.924 ; 0.000          ;
+-------------+-------+----------------+


+--------------------------------------------------+
; Fast 1200mV 0C Model Minimum Pulse Width Summary ;
+-------------+---------+--------------------------+
; Clock       ; Slack   ; End Point TNS            ;
+-------------+---------+--------------------------+
; clk_50      ; 9.199   ; 0.000                    ;
; cpu_clk_out ; 559.652 ; 0.000                    ;
+-------------+---------+--------------------------+


+-----------------------------------------------------------------------------------------------------------------------------------------------------------------------------------------------+
; Fast 1200mV 0C Model Setup: 'clk_50'                                                                                                                                                          ;
+--------+------------------------------------+---------------------------------------------------------------------------+--------------+-------------+--------------+------------+------------+
; Slack  ; From Node                          ; To Node                                                                   ; Launch Clock ; Latch Clock ; Relationship ; Clock Skew ; Data Delay ;
+--------+------------------------------------+---------------------------------------------------------------------------+--------------+-------------+--------------+------------+------------+
; 12.651 ; read_the_dips:RDIPS|game_select[1] ; gosof80:SOUNDBOARD|DFPlayer_Mini_CMD:DFP_send|\DFPLAYR_Mini:bitcounter[0] ; cpu_clk_out  ; clk_50      ; 20.000       ; -1.493     ; 5.843      ;
; 12.651 ; read_the_dips:RDIPS|game_select[1] ; gosof80:SOUNDBOARD|DFPlayer_Mini_CMD:DFP_send|\DFPLAYR_Mini:bitcounter[4] ; cpu_clk_out  ; clk_50      ; 20.000       ; -1.493     ; 5.843      ;
; 12.651 ; read_the_dips:RDIPS|game_select[1] ; gosof80:SOUNDBOARD|DFPlayer_Mini_CMD:DFP_send|\DFPLAYR_Mini:bitcounter[1] ; cpu_clk_out  ; clk_50      ; 20.000       ; -1.493     ; 5.843      ;
; 12.651 ; read_the_dips:RDIPS|game_select[1] ; gosof80:SOUNDBOARD|DFPlayer_Mini_CMD:DFP_send|\DFPLAYR_Mini:bitcounter[2] ; cpu_clk_out  ; clk_50      ; 20.000       ; -1.493     ; 5.843      ;
; 12.651 ; read_the_dips:RDIPS|game_select[1] ; gosof80:SOUNDBOARD|DFPlayer_Mini_CMD:DFP_send|\DFPLAYR_Mini:bitcounter[3] ; cpu_clk_out  ; clk_50      ; 20.000       ; -1.493     ; 5.843      ;
; 12.651 ; read_the_dips:RDIPS|game_select[1] ; gosof80:SOUNDBOARD|DFPlayer_Mini_CMD:DFP_send|\DFPLAYR_Mini:bitcounter[5] ; cpu_clk_out  ; clk_50      ; 20.000       ; -1.493     ; 5.843      ;
; 12.651 ; read_the_dips:RDIPS|game_select[1] ; gosof80:SOUNDBOARD|DFPlayer_Mini_CMD:DFP_send|\DFPLAYR_Mini:bitcounter[6] ; cpu_clk_out  ; clk_50      ; 20.000       ; -1.493     ; 5.843      ;
; 12.662 ; read_the_dips:RDIPS|game_select[1] ; gosof80:SOUNDBOARD|DFPlayer_Mini_CMD:DFP_send|command[25]                 ; cpu_clk_out  ; clk_50      ; 20.000       ; -1.492     ; 5.833      ;
; 12.662 ; read_the_dips:RDIPS|game_select[1] ; gosof80:SOUNDBOARD|DFPlayer_Mini_CMD:DFP_send|command[28]                 ; cpu_clk_out  ; clk_50      ; 20.000       ; -1.492     ; 5.833      ;
; 12.662 ; read_the_dips:RDIPS|game_select[1] ; gosof80:SOUNDBOARD|DFPlayer_Mini_CMD:DFP_send|command[16]                 ; cpu_clk_out  ; clk_50      ; 20.000       ; -1.492     ; 5.833      ;
; 12.662 ; read_the_dips:RDIPS|game_select[1] ; gosof80:SOUNDBOARD|DFPlayer_Mini_CMD:DFP_send|command[23]                 ; cpu_clk_out  ; clk_50      ; 20.000       ; -1.492     ; 5.833      ;
; 12.662 ; read_the_dips:RDIPS|game_select[1] ; gosof80:SOUNDBOARD|DFPlayer_Mini_CMD:DFP_send|command[11]                 ; cpu_clk_out  ; clk_50      ; 20.000       ; -1.492     ; 5.833      ;
; 12.662 ; read_the_dips:RDIPS|game_select[1] ; gosof80:SOUNDBOARD|DFPlayer_Mini_CMD:DFP_send|command[15]                 ; cpu_clk_out  ; clk_50      ; 20.000       ; -1.492     ; 5.833      ;
; 12.662 ; read_the_dips:RDIPS|game_select[1] ; gosof80:SOUNDBOARD|DFPlayer_Mini_CMD:DFP_send|command[13]                 ; cpu_clk_out  ; clk_50      ; 20.000       ; -1.492     ; 5.833      ;
; 12.719 ; read_the_dips:RDIPS|game_select[1] ; gosof80:SOUNDBOARD|DFPlayer_Mini_CMD:DFP_send|command[17]                 ; cpu_clk_out  ; clk_50      ; 20.000       ; -1.499     ; 5.769      ;
; 12.719 ; read_the_dips:RDIPS|game_select[1] ; gosof80:SOUNDBOARD|DFPlayer_Mini_CMD:DFP_send|command[18]                 ; cpu_clk_out  ; clk_50      ; 20.000       ; -1.499     ; 5.769      ;
; 12.761 ; read_the_dips:RDIPS|game_select[1] ; gosof80:SOUNDBOARD|DFPlayer_Mini_CMD:DFP_send|command[27]                 ; cpu_clk_out  ; clk_50      ; 20.000       ; -1.493     ; 5.733      ;
; 12.761 ; read_the_dips:RDIPS|game_select[1] ; gosof80:SOUNDBOARD|DFPlayer_Mini_CMD:DFP_send|command[26]                 ; cpu_clk_out  ; clk_50      ; 20.000       ; -1.493     ; 5.733      ;
; 12.761 ; read_the_dips:RDIPS|game_select[1] ; gosof80:SOUNDBOARD|DFPlayer_Mini_CMD:DFP_send|command[24]                 ; cpu_clk_out  ; clk_50      ; 20.000       ; -1.493     ; 5.733      ;
; 12.788 ; read_the_dips:RDIPS|game_select[5] ; gosof80:SOUNDBOARD|DFPlayer_Mini_CMD:DFP_send|\DFPLAYR_Mini:bitcounter[0] ; cpu_clk_out  ; clk_50      ; 20.000       ; -1.510     ; 5.689      ;
; 12.788 ; read_the_dips:RDIPS|game_select[5] ; gosof80:SOUNDBOARD|DFPlayer_Mini_CMD:DFP_send|\DFPLAYR_Mini:bitcounter[4] ; cpu_clk_out  ; clk_50      ; 20.000       ; -1.510     ; 5.689      ;
; 12.788 ; read_the_dips:RDIPS|game_select[5] ; gosof80:SOUNDBOARD|DFPlayer_Mini_CMD:DFP_send|\DFPLAYR_Mini:bitcounter[1] ; cpu_clk_out  ; clk_50      ; 20.000       ; -1.510     ; 5.689      ;
; 12.788 ; read_the_dips:RDIPS|game_select[5] ; gosof80:SOUNDBOARD|DFPlayer_Mini_CMD:DFP_send|\DFPLAYR_Mini:bitcounter[2] ; cpu_clk_out  ; clk_50      ; 20.000       ; -1.510     ; 5.689      ;
; 12.788 ; read_the_dips:RDIPS|game_select[5] ; gosof80:SOUNDBOARD|DFPlayer_Mini_CMD:DFP_send|\DFPLAYR_Mini:bitcounter[3] ; cpu_clk_out  ; clk_50      ; 20.000       ; -1.510     ; 5.689      ;
; 12.788 ; read_the_dips:RDIPS|game_select[5] ; gosof80:SOUNDBOARD|DFPlayer_Mini_CMD:DFP_send|\DFPLAYR_Mini:bitcounter[5] ; cpu_clk_out  ; clk_50      ; 20.000       ; -1.510     ; 5.689      ;
; 12.788 ; read_the_dips:RDIPS|game_select[5] ; gosof80:SOUNDBOARD|DFPlayer_Mini_CMD:DFP_send|\DFPLAYR_Mini:bitcounter[6] ; cpu_clk_out  ; clk_50      ; 20.000       ; -1.510     ; 5.689      ;
; 12.799 ; read_the_dips:RDIPS|game_select[5] ; gosof80:SOUNDBOARD|DFPlayer_Mini_CMD:DFP_send|command[25]                 ; cpu_clk_out  ; clk_50      ; 20.000       ; -1.509     ; 5.679      ;
; 12.799 ; read_the_dips:RDIPS|game_select[5] ; gosof80:SOUNDBOARD|DFPlayer_Mini_CMD:DFP_send|command[28]                 ; cpu_clk_out  ; clk_50      ; 20.000       ; -1.509     ; 5.679      ;
; 12.799 ; read_the_dips:RDIPS|game_select[5] ; gosof80:SOUNDBOARD|DFPlayer_Mini_CMD:DFP_send|command[16]                 ; cpu_clk_out  ; clk_50      ; 20.000       ; -1.509     ; 5.679      ;
; 12.799 ; read_the_dips:RDIPS|game_select[5] ; gosof80:SOUNDBOARD|DFPlayer_Mini_CMD:DFP_send|command[23]                 ; cpu_clk_out  ; clk_50      ; 20.000       ; -1.509     ; 5.679      ;
; 12.799 ; read_the_dips:RDIPS|game_select[5] ; gosof80:SOUNDBOARD|DFPlayer_Mini_CMD:DFP_send|command[11]                 ; cpu_clk_out  ; clk_50      ; 20.000       ; -1.509     ; 5.679      ;
; 12.799 ; read_the_dips:RDIPS|game_select[5] ; gosof80:SOUNDBOARD|DFPlayer_Mini_CMD:DFP_send|command[15]                 ; cpu_clk_out  ; clk_50      ; 20.000       ; -1.509     ; 5.679      ;
; 12.799 ; read_the_dips:RDIPS|game_select[5] ; gosof80:SOUNDBOARD|DFPlayer_Mini_CMD:DFP_send|command[13]                 ; cpu_clk_out  ; clk_50      ; 20.000       ; -1.509     ; 5.679      ;
; 12.856 ; read_the_dips:RDIPS|game_select[5] ; gosof80:SOUNDBOARD|DFPlayer_Mini_CMD:DFP_send|command[17]                 ; cpu_clk_out  ; clk_50      ; 20.000       ; -1.516     ; 5.615      ;
; 12.856 ; read_the_dips:RDIPS|game_select[5] ; gosof80:SOUNDBOARD|DFPlayer_Mini_CMD:DFP_send|command[18]                 ; cpu_clk_out  ; clk_50      ; 20.000       ; -1.516     ; 5.615      ;
; 12.865 ; read_the_dips:RDIPS|game_select[1] ; gosof80:SOUNDBOARD|DFPlayer_Mini_CMD:DFP_send|state.Delay                 ; cpu_clk_out  ; clk_50      ; 20.000       ; -1.493     ; 5.629      ;
; 12.895 ; read_the_dips:RDIPS|game_select[4] ; gosof80:SOUNDBOARD|DFPlayer_Mini_CMD:DFP_send|\DFPLAYR_Mini:bitcounter[0] ; cpu_clk_out  ; clk_50      ; 20.000       ; -1.510     ; 5.582      ;
; 12.895 ; read_the_dips:RDIPS|game_select[4] ; gosof80:SOUNDBOARD|DFPlayer_Mini_CMD:DFP_send|\DFPLAYR_Mini:bitcounter[4] ; cpu_clk_out  ; clk_50      ; 20.000       ; -1.510     ; 5.582      ;
; 12.895 ; read_the_dips:RDIPS|game_select[4] ; gosof80:SOUNDBOARD|DFPlayer_Mini_CMD:DFP_send|\DFPLAYR_Mini:bitcounter[1] ; cpu_clk_out  ; clk_50      ; 20.000       ; -1.510     ; 5.582      ;
; 12.895 ; read_the_dips:RDIPS|game_select[4] ; gosof80:SOUNDBOARD|DFPlayer_Mini_CMD:DFP_send|\DFPLAYR_Mini:bitcounter[2] ; cpu_clk_out  ; clk_50      ; 20.000       ; -1.510     ; 5.582      ;
; 12.895 ; read_the_dips:RDIPS|game_select[4] ; gosof80:SOUNDBOARD|DFPlayer_Mini_CMD:DFP_send|\DFPLAYR_Mini:bitcounter[3] ; cpu_clk_out  ; clk_50      ; 20.000       ; -1.510     ; 5.582      ;
; 12.895 ; read_the_dips:RDIPS|game_select[4] ; gosof80:SOUNDBOARD|DFPlayer_Mini_CMD:DFP_send|\DFPLAYR_Mini:bitcounter[5] ; cpu_clk_out  ; clk_50      ; 20.000       ; -1.510     ; 5.582      ;
; 12.895 ; read_the_dips:RDIPS|game_select[4] ; gosof80:SOUNDBOARD|DFPlayer_Mini_CMD:DFP_send|\DFPLAYR_Mini:bitcounter[6] ; cpu_clk_out  ; clk_50      ; 20.000       ; -1.510     ; 5.582      ;
; 12.898 ; read_the_dips:RDIPS|game_select[5] ; gosof80:SOUNDBOARD|DFPlayer_Mini_CMD:DFP_send|command[27]                 ; cpu_clk_out  ; clk_50      ; 20.000       ; -1.510     ; 5.579      ;
; 12.898 ; read_the_dips:RDIPS|game_select[5] ; gosof80:SOUNDBOARD|DFPlayer_Mini_CMD:DFP_send|command[26]                 ; cpu_clk_out  ; clk_50      ; 20.000       ; -1.510     ; 5.579      ;
; 12.898 ; read_the_dips:RDIPS|game_select[5] ; gosof80:SOUNDBOARD|DFPlayer_Mini_CMD:DFP_send|command[24]                 ; cpu_clk_out  ; clk_50      ; 20.000       ; -1.510     ; 5.579      ;
; 12.906 ; read_the_dips:RDIPS|game_select[4] ; gosof80:SOUNDBOARD|DFPlayer_Mini_CMD:DFP_send|command[25]                 ; cpu_clk_out  ; clk_50      ; 20.000       ; -1.509     ; 5.572      ;
; 12.906 ; read_the_dips:RDIPS|game_select[4] ; gosof80:SOUNDBOARD|DFPlayer_Mini_CMD:DFP_send|command[28]                 ; cpu_clk_out  ; clk_50      ; 20.000       ; -1.509     ; 5.572      ;
; 12.906 ; read_the_dips:RDIPS|game_select[4] ; gosof80:SOUNDBOARD|DFPlayer_Mini_CMD:DFP_send|command[16]                 ; cpu_clk_out  ; clk_50      ; 20.000       ; -1.509     ; 5.572      ;
; 12.906 ; read_the_dips:RDIPS|game_select[4] ; gosof80:SOUNDBOARD|DFPlayer_Mini_CMD:DFP_send|command[23]                 ; cpu_clk_out  ; clk_50      ; 20.000       ; -1.509     ; 5.572      ;
; 12.906 ; read_the_dips:RDIPS|game_select[4] ; gosof80:SOUNDBOARD|DFPlayer_Mini_CMD:DFP_send|command[11]                 ; cpu_clk_out  ; clk_50      ; 20.000       ; -1.509     ; 5.572      ;
; 12.906 ; read_the_dips:RDIPS|game_select[4] ; gosof80:SOUNDBOARD|DFPlayer_Mini_CMD:DFP_send|command[15]                 ; cpu_clk_out  ; clk_50      ; 20.000       ; -1.509     ; 5.572      ;
; 12.906 ; read_the_dips:RDIPS|game_select[4] ; gosof80:SOUNDBOARD|DFPlayer_Mini_CMD:DFP_send|command[13]                 ; cpu_clk_out  ; clk_50      ; 20.000       ; -1.509     ; 5.572      ;
; 12.963 ; read_the_dips:RDIPS|game_select[4] ; gosof80:SOUNDBOARD|DFPlayer_Mini_CMD:DFP_send|command[17]                 ; cpu_clk_out  ; clk_50      ; 20.000       ; -1.516     ; 5.508      ;
; 12.963 ; read_the_dips:RDIPS|game_select[4] ; gosof80:SOUNDBOARD|DFPlayer_Mini_CMD:DFP_send|command[18]                 ; cpu_clk_out  ; clk_50      ; 20.000       ; -1.516     ; 5.508      ;
; 13.002 ; read_the_dips:RDIPS|game_select[3] ; gosof80:SOUNDBOARD|DFPlayer_Mini_CMD:DFP_send|\DFPLAYR_Mini:bitcounter[0] ; cpu_clk_out  ; clk_50      ; 20.000       ; -1.493     ; 5.492      ;
; 13.002 ; read_the_dips:RDIPS|game_select[3] ; gosof80:SOUNDBOARD|DFPlayer_Mini_CMD:DFP_send|\DFPLAYR_Mini:bitcounter[4] ; cpu_clk_out  ; clk_50      ; 20.000       ; -1.493     ; 5.492      ;
; 13.002 ; read_the_dips:RDIPS|game_select[3] ; gosof80:SOUNDBOARD|DFPlayer_Mini_CMD:DFP_send|\DFPLAYR_Mini:bitcounter[1] ; cpu_clk_out  ; clk_50      ; 20.000       ; -1.493     ; 5.492      ;
; 13.002 ; read_the_dips:RDIPS|game_select[3] ; gosof80:SOUNDBOARD|DFPlayer_Mini_CMD:DFP_send|\DFPLAYR_Mini:bitcounter[2] ; cpu_clk_out  ; clk_50      ; 20.000       ; -1.493     ; 5.492      ;
; 13.002 ; read_the_dips:RDIPS|game_select[3] ; gosof80:SOUNDBOARD|DFPlayer_Mini_CMD:DFP_send|\DFPLAYR_Mini:bitcounter[3] ; cpu_clk_out  ; clk_50      ; 20.000       ; -1.493     ; 5.492      ;
; 13.002 ; read_the_dips:RDIPS|game_select[3] ; gosof80:SOUNDBOARD|DFPlayer_Mini_CMD:DFP_send|\DFPLAYR_Mini:bitcounter[5] ; cpu_clk_out  ; clk_50      ; 20.000       ; -1.493     ; 5.492      ;
; 13.002 ; read_the_dips:RDIPS|game_select[3] ; gosof80:SOUNDBOARD|DFPlayer_Mini_CMD:DFP_send|\DFPLAYR_Mini:bitcounter[6] ; cpu_clk_out  ; clk_50      ; 20.000       ; -1.493     ; 5.492      ;
; 13.002 ; read_the_dips:RDIPS|game_select[5] ; gosof80:SOUNDBOARD|DFPlayer_Mini_CMD:DFP_send|state.Delay                 ; cpu_clk_out  ; clk_50      ; 20.000       ; -1.510     ; 5.475      ;
; 13.005 ; read_the_dips:RDIPS|game_select[4] ; gosof80:SOUNDBOARD|DFPlayer_Mini_CMD:DFP_send|command[27]                 ; cpu_clk_out  ; clk_50      ; 20.000       ; -1.510     ; 5.472      ;
; 13.005 ; read_the_dips:RDIPS|game_select[4] ; gosof80:SOUNDBOARD|DFPlayer_Mini_CMD:DFP_send|command[26]                 ; cpu_clk_out  ; clk_50      ; 20.000       ; -1.510     ; 5.472      ;
; 13.005 ; read_the_dips:RDIPS|game_select[4] ; gosof80:SOUNDBOARD|DFPlayer_Mini_CMD:DFP_send|command[24]                 ; cpu_clk_out  ; clk_50      ; 20.000       ; -1.510     ; 5.472      ;
; 13.006 ; read_the_dips:RDIPS|game_select[1] ; gosof80:SOUNDBOARD|DFPlayer_Mini_CMD:DFP_send|command[12]                 ; cpu_clk_out  ; clk_50      ; 20.000       ; -1.493     ; 5.488      ;
; 13.006 ; read_the_dips:RDIPS|game_select[1] ; gosof80:SOUNDBOARD|DFPlayer_Mini_CMD:DFP_send|command[14]                 ; cpu_clk_out  ; clk_50      ; 20.000       ; -1.493     ; 5.488      ;
; 13.013 ; read_the_dips:RDIPS|game_select[3] ; gosof80:SOUNDBOARD|DFPlayer_Mini_CMD:DFP_send|command[25]                 ; cpu_clk_out  ; clk_50      ; 20.000       ; -1.492     ; 5.482      ;
; 13.013 ; read_the_dips:RDIPS|game_select[3] ; gosof80:SOUNDBOARD|DFPlayer_Mini_CMD:DFP_send|command[28]                 ; cpu_clk_out  ; clk_50      ; 20.000       ; -1.492     ; 5.482      ;
; 13.013 ; read_the_dips:RDIPS|game_select[3] ; gosof80:SOUNDBOARD|DFPlayer_Mini_CMD:DFP_send|command[16]                 ; cpu_clk_out  ; clk_50      ; 20.000       ; -1.492     ; 5.482      ;
; 13.013 ; read_the_dips:RDIPS|game_select[3] ; gosof80:SOUNDBOARD|DFPlayer_Mini_CMD:DFP_send|command[23]                 ; cpu_clk_out  ; clk_50      ; 20.000       ; -1.492     ; 5.482      ;
; 13.013 ; read_the_dips:RDIPS|game_select[3] ; gosof80:SOUNDBOARD|DFPlayer_Mini_CMD:DFP_send|command[11]                 ; cpu_clk_out  ; clk_50      ; 20.000       ; -1.492     ; 5.482      ;
; 13.013 ; read_the_dips:RDIPS|game_select[3] ; gosof80:SOUNDBOARD|DFPlayer_Mini_CMD:DFP_send|command[15]                 ; cpu_clk_out  ; clk_50      ; 20.000       ; -1.492     ; 5.482      ;
; 13.013 ; read_the_dips:RDIPS|game_select[3] ; gosof80:SOUNDBOARD|DFPlayer_Mini_CMD:DFP_send|command[13]                 ; cpu_clk_out  ; clk_50      ; 20.000       ; -1.492     ; 5.482      ;
; 13.039 ; read_the_dips:RDIPS|game_select[1] ; gosof80:SOUNDBOARD|DFPlayer_Mini_CMD:DFP_send|state.Idle                  ; cpu_clk_out  ; clk_50      ; 20.000       ; -1.493     ; 5.455      ;
; 13.069 ; read_the_dips:RDIPS|game_select[1] ; gosof80:SOUNDBOARD|DFPlayer_Mini_CMD:DFP_send|state.Check                 ; cpu_clk_out  ; clk_50      ; 20.000       ; -1.493     ; 5.425      ;
; 13.070 ; read_the_dips:RDIPS|game_select[3] ; gosof80:SOUNDBOARD|DFPlayer_Mini_CMD:DFP_send|command[17]                 ; cpu_clk_out  ; clk_50      ; 20.000       ; -1.499     ; 5.418      ;
; 13.070 ; read_the_dips:RDIPS|game_select[3] ; gosof80:SOUNDBOARD|DFPlayer_Mini_CMD:DFP_send|command[18]                 ; cpu_clk_out  ; clk_50      ; 20.000       ; -1.499     ; 5.418      ;
; 13.109 ; read_the_dips:RDIPS|game_select[4] ; gosof80:SOUNDBOARD|DFPlayer_Mini_CMD:DFP_send|state.Delay                 ; cpu_clk_out  ; clk_50      ; 20.000       ; -1.510     ; 5.368      ;
; 13.112 ; read_the_dips:RDIPS|game_select[3] ; gosof80:SOUNDBOARD|DFPlayer_Mini_CMD:DFP_send|command[27]                 ; cpu_clk_out  ; clk_50      ; 20.000       ; -1.493     ; 5.382      ;
; 13.112 ; read_the_dips:RDIPS|game_select[3] ; gosof80:SOUNDBOARD|DFPlayer_Mini_CMD:DFP_send|command[26]                 ; cpu_clk_out  ; clk_50      ; 20.000       ; -1.493     ; 5.382      ;
; 13.112 ; read_the_dips:RDIPS|game_select[3] ; gosof80:SOUNDBOARD|DFPlayer_Mini_CMD:DFP_send|command[24]                 ; cpu_clk_out  ; clk_50      ; 20.000       ; -1.493     ; 5.382      ;
; 13.136 ; read_the_dips:RDIPS|game_select[1] ; gosof80:SOUNDBOARD|DFPlayer_Mini_CMD:DFP_send|state.Send                  ; cpu_clk_out  ; clk_50      ; 20.000       ; -1.493     ; 5.358      ;
; 13.143 ; read_the_dips:RDIPS|game_select[5] ; gosof80:SOUNDBOARD|DFPlayer_Mini_CMD:DFP_send|command[12]                 ; cpu_clk_out  ; clk_50      ; 20.000       ; -1.510     ; 5.334      ;
; 13.143 ; read_the_dips:RDIPS|game_select[5] ; gosof80:SOUNDBOARD|DFPlayer_Mini_CMD:DFP_send|command[14]                 ; cpu_clk_out  ; clk_50      ; 20.000       ; -1.510     ; 5.334      ;
; 13.159 ; read_the_dips:RDIPS|game_select[2] ; gosof80:SOUNDBOARD|DFPlayer_Mini_CMD:DFP_send|\DFPLAYR_Mini:bitcounter[0] ; cpu_clk_out  ; clk_50      ; 20.000       ; -1.493     ; 5.335      ;
; 13.159 ; read_the_dips:RDIPS|game_select[2] ; gosof80:SOUNDBOARD|DFPlayer_Mini_CMD:DFP_send|\DFPLAYR_Mini:bitcounter[4] ; cpu_clk_out  ; clk_50      ; 20.000       ; -1.493     ; 5.335      ;
; 13.159 ; read_the_dips:RDIPS|game_select[2] ; gosof80:SOUNDBOARD|DFPlayer_Mini_CMD:DFP_send|\DFPLAYR_Mini:bitcounter[1] ; cpu_clk_out  ; clk_50      ; 20.000       ; -1.493     ; 5.335      ;
; 13.159 ; read_the_dips:RDIPS|game_select[2] ; gosof80:SOUNDBOARD|DFPlayer_Mini_CMD:DFP_send|\DFPLAYR_Mini:bitcounter[2] ; cpu_clk_out  ; clk_50      ; 20.000       ; -1.493     ; 5.335      ;
; 13.159 ; read_the_dips:RDIPS|game_select[2] ; gosof80:SOUNDBOARD|DFPlayer_Mini_CMD:DFP_send|\DFPLAYR_Mini:bitcounter[3] ; cpu_clk_out  ; clk_50      ; 20.000       ; -1.493     ; 5.335      ;
; 13.159 ; read_the_dips:RDIPS|game_select[2] ; gosof80:SOUNDBOARD|DFPlayer_Mini_CMD:DFP_send|\DFPLAYR_Mini:bitcounter[5] ; cpu_clk_out  ; clk_50      ; 20.000       ; -1.493     ; 5.335      ;
; 13.159 ; read_the_dips:RDIPS|game_select[2] ; gosof80:SOUNDBOARD|DFPlayer_Mini_CMD:DFP_send|\DFPLAYR_Mini:bitcounter[6] ; cpu_clk_out  ; clk_50      ; 20.000       ; -1.493     ; 5.335      ;
; 13.170 ; read_the_dips:RDIPS|game_select[2] ; gosof80:SOUNDBOARD|DFPlayer_Mini_CMD:DFP_send|command[25]                 ; cpu_clk_out  ; clk_50      ; 20.000       ; -1.492     ; 5.325      ;
; 13.170 ; read_the_dips:RDIPS|game_select[2] ; gosof80:SOUNDBOARD|DFPlayer_Mini_CMD:DFP_send|command[28]                 ; cpu_clk_out  ; clk_50      ; 20.000       ; -1.492     ; 5.325      ;
; 13.170 ; read_the_dips:RDIPS|game_select[2] ; gosof80:SOUNDBOARD|DFPlayer_Mini_CMD:DFP_send|command[16]                 ; cpu_clk_out  ; clk_50      ; 20.000       ; -1.492     ; 5.325      ;
; 13.170 ; read_the_dips:RDIPS|game_select[2] ; gosof80:SOUNDBOARD|DFPlayer_Mini_CMD:DFP_send|command[23]                 ; cpu_clk_out  ; clk_50      ; 20.000       ; -1.492     ; 5.325      ;
; 13.170 ; read_the_dips:RDIPS|game_select[2] ; gosof80:SOUNDBOARD|DFPlayer_Mini_CMD:DFP_send|command[11]                 ; cpu_clk_out  ; clk_50      ; 20.000       ; -1.492     ; 5.325      ;
; 13.170 ; read_the_dips:RDIPS|game_select[2] ; gosof80:SOUNDBOARD|DFPlayer_Mini_CMD:DFP_send|command[15]                 ; cpu_clk_out  ; clk_50      ; 20.000       ; -1.492     ; 5.325      ;
; 13.170 ; read_the_dips:RDIPS|game_select[2] ; gosof80:SOUNDBOARD|DFPlayer_Mini_CMD:DFP_send|command[13]                 ; cpu_clk_out  ; clk_50      ; 20.000       ; -1.492     ; 5.325      ;
+--------+------------------------------------+---------------------------------------------------------------------------+--------------+-------------+--------------+------------+------------+


+--------------------------------------------------------------------------------------------------------------------------------------------------------------------------------------------------------------+
; Fast 1200mV 0C Model Setup: 'cpu_clk_out'                                                                                                                                                                    ;
+--------+------------------------------------------------------------------------------------------------------------+------------------+--------------+-------------+--------------+------------+------------+
; Slack  ; From Node                                                                                                  ; To Node          ; Launch Clock ; Latch Clock ; Relationship ; Clock Skew ; Data Delay ;
+--------+------------------------------------------------------------------------------------------------------------+------------------+--------------+-------------+--------------+------------+------------+
; 14.379 ; GAME_ROM:GAME|altsyncram:altsyncram_component|altsyncram_r1q3:auto_generated|ram_block1a4~porta_we_reg     ; T65:U1|BAL[7]    ; clk_50       ; cpu_clk_out ; 20.000       ; 1.332      ; 6.940      ;
; 14.403 ; GAME_ROM:GAME|altsyncram:altsyncram_component|altsyncram_r1q3:auto_generated|ram_block1a4~porta_we_reg     ; T65:U1|BAL[8]    ; clk_50       ; cpu_clk_out ; 20.000       ; 1.333      ; 6.917      ;
; 14.443 ; GAME_ROM:GAME|altsyncram:altsyncram_component|altsyncram_r1q3:auto_generated|ram_block1a4~porta_we_reg     ; T65:U1|BAL[6]    ; clk_50       ; cpu_clk_out ; 20.000       ; 1.332      ; 6.876      ;
; 14.493 ; GAME_ROM:GAME|altsyncram:altsyncram_component|altsyncram_r1q3:auto_generated|ram_block1a4~porta_we_reg     ; T65:U1|BAL[5]    ; clk_50       ; cpu_clk_out ; 20.000       ; 1.332      ; 6.826      ;
; 14.625 ; GAME_ROM:GAME|altsyncram:altsyncram_component|altsyncram_r1q3:auto_generated|ram_block1a4~porta_we_reg     ; T65:U1|BAL[4]    ; clk_50       ; cpu_clk_out ; 20.000       ; 1.332      ; 6.694      ;
; 14.906 ; GAME_ROM:GAME|altsyncram:altsyncram_component|altsyncram_r1q3:auto_generated|ram_block1a0~porta_we_reg     ; T65:U1|BAL[7]    ; clk_50       ; cpu_clk_out ; 20.000       ; 1.333      ; 6.414      ;
; 14.930 ; GAME_ROM:GAME|altsyncram:altsyncram_component|altsyncram_r1q3:auto_generated|ram_block1a0~porta_we_reg     ; T65:U1|BAL[8]    ; clk_50       ; cpu_clk_out ; 20.000       ; 1.334      ; 6.391      ;
; 14.970 ; GAME_ROM:GAME|altsyncram:altsyncram_component|altsyncram_r1q3:auto_generated|ram_block1a0~porta_we_reg     ; T65:U1|BAL[6]    ; clk_50       ; cpu_clk_out ; 20.000       ; 1.333      ; 6.350      ;
; 14.970 ; GAME_ROM:GAME|altsyncram:altsyncram_component|altsyncram_r1q3:auto_generated|ram_block1a0~porta_we_reg     ; T65:U1|BAL[4]    ; clk_50       ; cpu_clk_out ; 20.000       ; 1.333      ; 6.350      ;
; 15.020 ; GAME_ROM:GAME|altsyncram:altsyncram_component|altsyncram_r1q3:auto_generated|ram_block1a0~porta_we_reg     ; T65:U1|BAL[5]    ; clk_50       ; cpu_clk_out ; 20.000       ; 1.333      ; 6.300      ;
; 15.121 ; GAME_ROM:GAME|altsyncram:altsyncram_component|altsyncram_r1q3:auto_generated|ram_block1a0~porta_we_reg     ; T65:U1|BAL[3]    ; clk_50       ; cpu_clk_out ; 20.000       ; 1.333      ; 6.199      ;
; 15.187 ; RIOT_RAM:U4_RAM|altsyncram:altsyncram_component|altsyncram_b8p3:auto_generated|q_a[4]                      ; T65:U1|BAL[7]    ; clk_50       ; cpu_clk_out ; 20.000       ; 1.358      ; 6.158      ;
; 15.211 ; RIOT_RAM:U4_RAM|altsyncram:altsyncram_component|altsyncram_b8p3:auto_generated|q_a[4]                      ; T65:U1|BAL[8]    ; clk_50       ; cpu_clk_out ; 20.000       ; 1.359      ; 6.135      ;
; 15.251 ; RIOT_RAM:U4_RAM|altsyncram:altsyncram_component|altsyncram_b8p3:auto_generated|q_a[4]                      ; T65:U1|BAL[6]    ; clk_50       ; cpu_clk_out ; 20.000       ; 1.358      ; 6.094      ;
; 15.255 ; RIOT_RAM:U4_RAM|altsyncram:altsyncram_component|altsyncram_b8p3:auto_generated|q_a[5]                      ; T65:U1|BAL[7]    ; clk_50       ; cpu_clk_out ; 20.000       ; 1.358      ; 6.090      ;
; 15.279 ; RIOT_RAM:U4_RAM|altsyncram:altsyncram_component|altsyncram_b8p3:auto_generated|q_a[5]                      ; T65:U1|BAL[8]    ; clk_50       ; cpu_clk_out ; 20.000       ; 1.359      ; 6.067      ;
; 15.301 ; RIOT_RAM:U4_RAM|altsyncram:altsyncram_component|altsyncram_b8p3:auto_generated|q_a[4]                      ; T65:U1|BAL[5]    ; clk_50       ; cpu_clk_out ; 20.000       ; 1.358      ; 6.044      ;
; 15.319 ; RIOT_RAM:U4_RAM|altsyncram:altsyncram_component|altsyncram_b8p3:auto_generated|q_a[5]                      ; T65:U1|BAL[6]    ; clk_50       ; cpu_clk_out ; 20.000       ; 1.358      ; 6.026      ;
; 15.333 ; RIOT_RAM:U5_RAM|altsyncram:altsyncram_component|altsyncram_b8p3:auto_generated|q_a[4]                      ; T65:U1|BAL[7]    ; clk_50       ; cpu_clk_out ; 20.000       ; 1.363      ; 6.017      ;
; 15.357 ; RIOT_RAM:U5_RAM|altsyncram:altsyncram_component|altsyncram_b8p3:auto_generated|q_a[4]                      ; T65:U1|BAL[8]    ; clk_50       ; cpu_clk_out ; 20.000       ; 1.364      ; 5.994      ;
; 15.397 ; RIOT_RAM:U5_RAM|altsyncram:altsyncram_component|altsyncram_b8p3:auto_generated|q_a[4]                      ; T65:U1|BAL[6]    ; clk_50       ; cpu_clk_out ; 20.000       ; 1.363      ; 5.953      ;
; 15.405 ; RIOT_RAM:U6_RAM|altsyncram:altsyncram_component|altsyncram_b8p3:auto_generated|q_a[4]                      ; T65:U1|BAL[7]    ; clk_50       ; cpu_clk_out ; 20.000       ; 1.362      ; 5.944      ;
; 15.429 ; RIOT_RAM:U6_RAM|altsyncram:altsyncram_component|altsyncram_b8p3:auto_generated|q_a[4]                      ; T65:U1|BAL[8]    ; clk_50       ; cpu_clk_out ; 20.000       ; 1.363      ; 5.921      ;
; 15.433 ; RIOT_RAM:U4_RAM|altsyncram:altsyncram_component|altsyncram_b8p3:auto_generated|q_a[4]                      ; T65:U1|BAL[4]    ; clk_50       ; cpu_clk_out ; 20.000       ; 1.358      ; 5.912      ;
; 15.447 ; RIOT_RAM:U5_RAM|altsyncram:altsyncram_component|altsyncram_b8p3:auto_generated|q_a[4]                      ; T65:U1|BAL[5]    ; clk_50       ; cpu_clk_out ; 20.000       ; 1.363      ; 5.903      ;
; 15.469 ; RIOT_RAM:U6_RAM|altsyncram:altsyncram_component|altsyncram_b8p3:auto_generated|q_a[4]                      ; T65:U1|BAL[6]    ; clk_50       ; cpu_clk_out ; 20.000       ; 1.362      ; 5.880      ;
; 15.476 ; RIOT_RAM:U4_RAM|altsyncram:altsyncram_component|altsyncram_b8p3:auto_generated|q_a[3]                      ; T65:U1|BAL[7]    ; clk_50       ; cpu_clk_out ; 20.000       ; 1.358      ; 5.869      ;
; 15.500 ; RIOT_RAM:U4_RAM|altsyncram:altsyncram_component|altsyncram_b8p3:auto_generated|q_a[3]                      ; T65:U1|BAL[8]    ; clk_50       ; cpu_clk_out ; 20.000       ; 1.359      ; 5.846      ;
; 15.513 ; SYSTEM_ROM:SYSTEM|altsyncram:altsyncram_component|altsyncram_32q3:auto_generated|ram_block1a0~porta_we_reg ; T65:U1|BAL[3]    ; clk_50       ; cpu_clk_out ; 20.000       ; 1.341      ; 5.815      ;
; 15.519 ; RIOT_RAM:U6_RAM|altsyncram:altsyncram_component|altsyncram_b8p3:auto_generated|q_a[4]                      ; T65:U1|BAL[5]    ; clk_50       ; cpu_clk_out ; 20.000       ; 1.362      ; 5.830      ;
; 15.527 ; RIOT_RAM:U6_RAM|altsyncram:altsyncram_component|altsyncram_b8p3:auto_generated|q_a[7]                      ; T65:U1|BAL[8]    ; clk_50       ; cpu_clk_out ; 20.000       ; 1.363      ; 5.823      ;
; 15.531 ; RIOT_RAM:U4_RAM|altsyncram:altsyncram_component|altsyncram_b8p3:auto_generated|q_a[2]                      ; T65:U1|BAL[3]    ; clk_50       ; cpu_clk_out ; 20.000       ; 1.358      ; 5.814      ;
; 15.539 ; SYSTEM_ROM:SYSTEM|altsyncram:altsyncram_component|altsyncram_32q3:auto_generated|ram_block1a1~porta_we_reg ; T65:U1|BAL[3]    ; clk_50       ; cpu_clk_out ; 20.000       ; 1.341      ; 5.789      ;
; 15.540 ; RIOT_RAM:U4_RAM|altsyncram:altsyncram_component|altsyncram_b8p3:auto_generated|q_a[3]                      ; T65:U1|BAL[6]    ; clk_50       ; cpu_clk_out ; 20.000       ; 1.358      ; 5.805      ;
; 15.540 ; RIOT_RAM:U4_RAM|altsyncram:altsyncram_component|altsyncram_b8p3:auto_generated|q_a[3]                      ; T65:U1|BAL[4]    ; clk_50       ; cpu_clk_out ; 20.000       ; 1.358      ; 5.805      ;
; 15.551 ; SYSTEM_ROM:SYSTEM|altsyncram:altsyncram_component|altsyncram_32q3:auto_generated|ram_block1a0~porta_we_reg ; T65:U1|BAL[7]    ; clk_50       ; cpu_clk_out ; 20.000       ; 1.341      ; 5.777      ;
; 15.552 ; GAME_ROM:GAME|altsyncram:altsyncram_component|altsyncram_r1q3:auto_generated|ram_block1a0~porta_we_reg     ; T65:U1|BAL[2]    ; clk_50       ; cpu_clk_out ; 20.000       ; 1.334      ; 5.769      ;
; 15.569 ; RIOT_RAM:U4_RAM|altsyncram:altsyncram_component|altsyncram_b8p3:auto_generated|q_a[2]                      ; T65:U1|BAL[7]    ; clk_50       ; cpu_clk_out ; 20.000       ; 1.358      ; 5.776      ;
; 15.575 ; SYSTEM_ROM:SYSTEM|altsyncram:altsyncram_component|altsyncram_32q3:auto_generated|ram_block1a0~porta_we_reg ; T65:U1|BAL[8]    ; clk_50       ; cpu_clk_out ; 20.000       ; 1.342      ; 5.754      ;
; 15.577 ; SYSTEM_ROM:SYSTEM|altsyncram:altsyncram_component|altsyncram_32q3:auto_generated|ram_block1a1~porta_we_reg ; T65:U1|BAL[7]    ; clk_50       ; cpu_clk_out ; 20.000       ; 1.341      ; 5.751      ;
; 15.579 ; RIOT_RAM:U5_RAM|altsyncram:altsyncram_component|altsyncram_b8p3:auto_generated|q_a[4]                      ; T65:U1|BAL[4]    ; clk_50       ; cpu_clk_out ; 20.000       ; 1.363      ; 5.771      ;
; 15.590 ; RIOT_RAM:U4_RAM|altsyncram:altsyncram_component|altsyncram_b8p3:auto_generated|q_a[3]                      ; T65:U1|BAL[5]    ; clk_50       ; cpu_clk_out ; 20.000       ; 1.358      ; 5.755      ;
; 15.593 ; RIOT_RAM:U4_RAM|altsyncram:altsyncram_component|altsyncram_b8p3:auto_generated|q_a[2]                      ; T65:U1|BAL[8]    ; clk_50       ; cpu_clk_out ; 20.000       ; 1.359      ; 5.753      ;
; 15.601 ; SYSTEM_ROM:SYSTEM|altsyncram:altsyncram_component|altsyncram_32q3:auto_generated|ram_block1a1~porta_we_reg ; T65:U1|BAL[8]    ; clk_50       ; cpu_clk_out ; 20.000       ; 1.342      ; 5.728      ;
; 15.615 ; SYSTEM_ROM:SYSTEM|altsyncram:altsyncram_component|altsyncram_32q3:auto_generated|ram_block1a0~porta_we_reg ; T65:U1|BAL[6]    ; clk_50       ; cpu_clk_out ; 20.000       ; 1.341      ; 5.713      ;
; 15.615 ; SYSTEM_ROM:SYSTEM|altsyncram:altsyncram_component|altsyncram_32q3:auto_generated|ram_block1a0~porta_we_reg ; T65:U1|BAL[4]    ; clk_50       ; cpu_clk_out ; 20.000       ; 1.341      ; 5.713      ;
; 15.622 ; RIOT_RAM:U4_RAM|altsyncram:altsyncram_component|altsyncram_b8p3:auto_generated|q_a[5]                      ; T65:U1|BAL[5]    ; clk_50       ; cpu_clk_out ; 20.000       ; 1.358      ; 5.723      ;
; 15.633 ; RIOT_RAM:U4_RAM|altsyncram:altsyncram_component|altsyncram_b8p3:auto_generated|q_a[2]                      ; T65:U1|BAL[6]    ; clk_50       ; cpu_clk_out ; 20.000       ; 1.358      ; 5.712      ;
; 15.633 ; RIOT_RAM:U4_RAM|altsyncram:altsyncram_component|altsyncram_b8p3:auto_generated|q_a[2]                      ; T65:U1|BAL[4]    ; clk_50       ; cpu_clk_out ; 20.000       ; 1.358      ; 5.712      ;
; 15.641 ; SYSTEM_ROM:SYSTEM|altsyncram:altsyncram_component|altsyncram_32q3:auto_generated|ram_block1a1~porta_we_reg ; T65:U1|BAL[6]    ; clk_50       ; cpu_clk_out ; 20.000       ; 1.341      ; 5.687      ;
; 15.641 ; SYSTEM_ROM:SYSTEM|altsyncram:altsyncram_component|altsyncram_32q3:auto_generated|ram_block1a1~porta_we_reg ; T65:U1|BAL[4]    ; clk_50       ; cpu_clk_out ; 20.000       ; 1.341      ; 5.687      ;
; 15.651 ; RIOT_RAM:U6_RAM|altsyncram:altsyncram_component|altsyncram_b8p3:auto_generated|q_a[4]                      ; T65:U1|BAL[4]    ; clk_50       ; cpu_clk_out ; 20.000       ; 1.362      ; 5.698      ;
; 15.665 ; SYSTEM_ROM:SYSTEM|altsyncram:altsyncram_component|altsyncram_32q3:auto_generated|ram_block1a0~porta_we_reg ; T65:U1|BAL[5]    ; clk_50       ; cpu_clk_out ; 20.000       ; 1.341      ; 5.663      ;
; 15.667 ; RIOT_RAM:U4_RAM|altsyncram:altsyncram_component|altsyncram_b8p3:auto_generated|q_a[7]                      ; T65:U1|BAL[8]    ; clk_50       ; cpu_clk_out ; 20.000       ; 1.359      ; 5.679      ;
; 15.683 ; RIOT_RAM:U4_RAM|altsyncram:altsyncram_component|altsyncram_b8p3:auto_generated|q_a[2]                      ; T65:U1|BAL[5]    ; clk_50       ; cpu_clk_out ; 20.000       ; 1.358      ; 5.662      ;
; 15.691 ; RIOT_RAM:U4_RAM|altsyncram:altsyncram_component|altsyncram_b8p3:auto_generated|q_a[3]                      ; T65:U1|BAL[3]    ; clk_50       ; cpu_clk_out ; 20.000       ; 1.358      ; 5.654      ;
; 15.691 ; SYSTEM_ROM:SYSTEM|altsyncram:altsyncram_component|altsyncram_32q3:auto_generated|ram_block1a1~porta_we_reg ; T65:U1|BAL[5]    ; clk_50       ; cpu_clk_out ; 20.000       ; 1.341      ; 5.637      ;
; 15.704 ; RIOT_RAM:U4_RAM|altsyncram:altsyncram_component|altsyncram_b8p3:auto_generated|q_a[1]                      ; T65:U1|BAL[3]    ; clk_50       ; cpu_clk_out ; 20.000       ; 1.358      ; 5.641      ;
; 15.723 ; RIOT_RAM:U6_RAM|altsyncram:altsyncram_component|altsyncram_b8p3:auto_generated|q_a[5]                      ; T65:U1|BAL[7]    ; clk_50       ; cpu_clk_out ; 20.000       ; 1.362      ; 5.626      ;
; 15.736 ; RIOT_RAM:U6_RAM|altsyncram:altsyncram_component|altsyncram_b8p3:auto_generated|q_a[3]                      ; T65:U1|BAL[7]    ; clk_50       ; cpu_clk_out ; 20.000       ; 1.362      ; 5.613      ;
; 15.742 ; RIOT_RAM:U4_RAM|altsyncram:altsyncram_component|altsyncram_b8p3:auto_generated|q_a[1]                      ; T65:U1|BAL[7]    ; clk_50       ; cpu_clk_out ; 20.000       ; 1.358      ; 5.603      ;
; 15.747 ; RIOT_RAM:U6_RAM|altsyncram:altsyncram_component|altsyncram_b8p3:auto_generated|q_a[5]                      ; T65:U1|BAL[8]    ; clk_50       ; cpu_clk_out ; 20.000       ; 1.363      ; 5.603      ;
; 15.750 ; RIOT_RAM:U6_RAM|altsyncram:altsyncram_component|altsyncram_b8p3:auto_generated|q_a[7]                      ; T65:U1|BAL[7]    ; clk_50       ; cpu_clk_out ; 20.000       ; 1.362      ; 5.599      ;
; 15.756 ; GAME_ROM:GAME|altsyncram:altsyncram_component|altsyncram_r1q3:auto_generated|ram_block1a0~porta_we_reg     ; T65:U1|BusB_r[7] ; clk_50       ; cpu_clk_out ; 20.000       ; 1.349      ; 5.580      ;
; 15.760 ; RIOT_RAM:U6_RAM|altsyncram:altsyncram_component|altsyncram_b8p3:auto_generated|q_a[3]                      ; T65:U1|BAL[8]    ; clk_50       ; cpu_clk_out ; 20.000       ; 1.363      ; 5.590      ;
; 15.766 ; RIOT_RAM:U4_RAM|altsyncram:altsyncram_component|altsyncram_b8p3:auto_generated|q_a[1]                      ; T65:U1|BAL[8]    ; clk_50       ; cpu_clk_out ; 20.000       ; 1.359      ; 5.580      ;
; 15.778 ; SYSTEM_ROM:SYSTEM|altsyncram:altsyncram_component|altsyncram_32q3:auto_generated|ram_block1a2~porta_we_reg ; T65:U1|BAL[3]    ; clk_50       ; cpu_clk_out ; 20.000       ; 1.342      ; 5.551      ;
; 15.787 ; RIOT_RAM:U6_RAM|altsyncram:altsyncram_component|altsyncram_b8p3:auto_generated|q_a[5]                      ; T65:U1|BAL[6]    ; clk_50       ; cpu_clk_out ; 20.000       ; 1.362      ; 5.562      ;
; 15.800 ; RIOT_RAM:U6_RAM|altsyncram:altsyncram_component|altsyncram_b8p3:auto_generated|q_a[3]                      ; T65:U1|BAL[6]    ; clk_50       ; cpu_clk_out ; 20.000       ; 1.362      ; 5.549      ;
; 15.800 ; RIOT_RAM:U6_RAM|altsyncram:altsyncram_component|altsyncram_b8p3:auto_generated|q_a[3]                      ; T65:U1|BAL[4]    ; clk_50       ; cpu_clk_out ; 20.000       ; 1.362      ; 5.549      ;
; 15.804 ; GAME_ROM:GAME2|altsyncram:altsyncram_component|altsyncram_r1q3:auto_generated|ram_block1a4~porta_we_reg    ; T65:U1|BAL[8]    ; clk_50       ; cpu_clk_out ; 20.000       ; 1.333      ; 5.516      ;
; 15.806 ; RIOT_RAM:U4_RAM|altsyncram:altsyncram_component|altsyncram_b8p3:auto_generated|q_a[1]                      ; T65:U1|BAL[6]    ; clk_50       ; cpu_clk_out ; 20.000       ; 1.358      ; 5.539      ;
; 15.806 ; RIOT_RAM:U4_RAM|altsyncram:altsyncram_component|altsyncram_b8p3:auto_generated|q_a[1]                      ; T65:U1|BAL[4]    ; clk_50       ; cpu_clk_out ; 20.000       ; 1.358      ; 5.539      ;
; 15.811 ; GAME_ROM:GAME2|altsyncram:altsyncram_component|altsyncram_r1q3:auto_generated|ram_block1a0~porta_we_reg    ; T65:U1|BAL[3]    ; clk_50       ; cpu_clk_out ; 20.000       ; 1.336      ; 5.512      ;
; 15.812 ; GAME_ROM:GAME|altsyncram:altsyncram_component|altsyncram_r1q3:auto_generated|ram_block1a0~porta_we_reg     ; T65:U1|PC[8]     ; clk_50       ; cpu_clk_out ; 20.000       ; 1.339      ; 5.514      ;
; 15.816 ; SYSTEM_ROM:SYSTEM|altsyncram:altsyncram_component|altsyncram_32q3:auto_generated|ram_block1a2~porta_we_reg ; T65:U1|BAL[7]    ; clk_50       ; cpu_clk_out ; 20.000       ; 1.342      ; 5.513      ;
; 15.820 ; GAME_ROM:GAME|altsyncram:altsyncram_component|altsyncram_r1q3:auto_generated|ram_block1a0~porta_we_reg     ; T65:U1|BusB_r[6] ; clk_50       ; cpu_clk_out ; 20.000       ; 1.349      ; 5.516      ;
; 15.824 ; GAME_ROM:GAME|altsyncram:altsyncram_component|altsyncram_r1q3:auto_generated|ram_block1a0~porta_we_reg     ; T65:U1|BusB_r[5] ; clk_50       ; cpu_clk_out ; 20.000       ; 1.349      ; 5.512      ;
; 15.840 ; SYSTEM_ROM:SYSTEM|altsyncram:altsyncram_component|altsyncram_32q3:auto_generated|ram_block1a2~porta_we_reg ; T65:U1|BAL[8]    ; clk_50       ; cpu_clk_out ; 20.000       ; 1.343      ; 5.490      ;
; 15.849 ; GAME_ROM:GAME2|altsyncram:altsyncram_component|altsyncram_r1q3:auto_generated|ram_block1a0~porta_we_reg    ; T65:U1|BAL[7]    ; clk_50       ; cpu_clk_out ; 20.000       ; 1.336      ; 5.474      ;
; 15.850 ; RIOT_RAM:U6_RAM|altsyncram:altsyncram_component|altsyncram_b8p3:auto_generated|q_a[3]                      ; T65:U1|BAL[5]    ; clk_50       ; cpu_clk_out ; 20.000       ; 1.362      ; 5.499      ;
; 15.856 ; RIOT_RAM:U4_RAM|altsyncram:altsyncram_component|altsyncram_b8p3:auto_generated|q_a[1]                      ; T65:U1|BAL[5]    ; clk_50       ; cpu_clk_out ; 20.000       ; 1.358      ; 5.489      ;
; 15.859 ; SYSTEM_ROM:SYSTEM|altsyncram:altsyncram_component|altsyncram_32q3:auto_generated|ram_block1a0~porta_we_reg ; T65:U1|BAL[2]    ; clk_50       ; cpu_clk_out ; 20.000       ; 1.342      ; 5.470      ;
; 15.872 ; RIOT_RAM:U6_RAM|altsyncram:altsyncram_component|altsyncram_b8p3:auto_generated|q_a[2]                      ; T65:U1|BAL[3]    ; clk_50       ; cpu_clk_out ; 20.000       ; 1.362      ; 5.477      ;
; 15.873 ; GAME_ROM:GAME2|altsyncram:altsyncram_component|altsyncram_r1q3:auto_generated|ram_block1a0~porta_we_reg    ; T65:U1|BAL[8]    ; clk_50       ; cpu_clk_out ; 20.000       ; 1.337      ; 5.451      ;
; 15.880 ; SYSTEM_ROM:SYSTEM|altsyncram:altsyncram_component|altsyncram_32q3:auto_generated|ram_block1a2~porta_we_reg ; T65:U1|BAL[6]    ; clk_50       ; cpu_clk_out ; 20.000       ; 1.342      ; 5.449      ;
; 15.880 ; SYSTEM_ROM:SYSTEM|altsyncram:altsyncram_component|altsyncram_32q3:auto_generated|ram_block1a2~porta_we_reg ; T65:U1|BAL[4]    ; clk_50       ; cpu_clk_out ; 20.000       ; 1.342      ; 5.449      ;
; 15.885 ; SYSTEM_ROM:SYSTEM|altsyncram:altsyncram_component|altsyncram_32q3:auto_generated|ram_block1a1~porta_we_reg ; T65:U1|BAL[2]    ; clk_50       ; cpu_clk_out ; 20.000       ; 1.342      ; 5.444      ;
; 15.888 ; GAME_ROM:GAME|altsyncram:altsyncram_component|altsyncram_r1q3:auto_generated|ram_block1a0~porta_we_reg     ; T65:U1|BusB_r[4] ; clk_50       ; cpu_clk_out ; 20.000       ; 1.349      ; 5.448      ;
; 15.890 ; RIOT_RAM:U4_RAM|altsyncram:altsyncram_component|altsyncram_b8p3:auto_generated|q_a[7]                      ; T65:U1|BAL[7]    ; clk_50       ; cpu_clk_out ; 20.000       ; 1.358      ; 5.455      ;
; 15.890 ; GAME_ROM:GAME|altsyncram:altsyncram_component|altsyncram_r1q3:auto_generated|ram_block1a0~porta_we_reg     ; T65:U1|BAL[1]    ; clk_50       ; cpu_clk_out ; 20.000       ; 1.331      ; 5.428      ;
; 15.910 ; RIOT_RAM:U6_RAM|altsyncram:altsyncram_component|altsyncram_b8p3:auto_generated|q_a[2]                      ; T65:U1|BAL[7]    ; clk_50       ; cpu_clk_out ; 20.000       ; 1.362      ; 5.439      ;
; 15.913 ; GAME_ROM:GAME2|altsyncram:altsyncram_component|altsyncram_r1q3:auto_generated|ram_block1a0~porta_we_reg    ; T65:U1|BAL[6]    ; clk_50       ; cpu_clk_out ; 20.000       ; 1.336      ; 5.410      ;
; 15.913 ; GAME_ROM:GAME2|altsyncram:altsyncram_component|altsyncram_r1q3:auto_generated|ram_block1a0~porta_we_reg    ; T65:U1|BAL[4]    ; clk_50       ; cpu_clk_out ; 20.000       ; 1.336      ; 5.410      ;
; 15.925 ; GAME_ROM:GAME|altsyncram:altsyncram_component|altsyncram_r1q3:auto_generated|ram_block1a4~porta_we_reg     ; T65:U1|PC[12]    ; clk_50       ; cpu_clk_out ; 20.000       ; 1.338      ; 5.400      ;
; 15.930 ; SYSTEM_ROM:SYSTEM|altsyncram:altsyncram_component|altsyncram_32q3:auto_generated|ram_block1a2~porta_we_reg ; T65:U1|BAL[5]    ; clk_50       ; cpu_clk_out ; 20.000       ; 1.342      ; 5.399      ;
; 15.934 ; RIOT_RAM:U6_RAM|altsyncram:altsyncram_component|altsyncram_b8p3:auto_generated|q_a[2]                      ; T65:U1|BAL[8]    ; clk_50       ; cpu_clk_out ; 20.000       ; 1.363      ; 5.416      ;
; 15.951 ; RIOT_RAM:U6_RAM|altsyncram:altsyncram_component|altsyncram_b8p3:auto_generated|q_a[3]                      ; T65:U1|BAL[3]    ; clk_50       ; cpu_clk_out ; 20.000       ; 1.362      ; 5.398      ;
; 15.963 ; GAME_ROM:GAME2|altsyncram:altsyncram_component|altsyncram_r1q3:auto_generated|ram_block1a0~porta_we_reg    ; T65:U1|BAL[5]    ; clk_50       ; cpu_clk_out ; 20.000       ; 1.336      ; 5.360      ;
; 15.964 ; GAME_ROM:GAME|altsyncram:altsyncram_component|altsyncram_r1q3:auto_generated|ram_block1a4~porta_we_reg     ; T65:U1|BusB_r[7] ; clk_50       ; cpu_clk_out ; 20.000       ; 1.348      ; 5.371      ;
+--------+------------------------------------------------------------------------------------------------------------+------------------+--------------+-------------+--------------+------------+------------+


+----------------------------------------------------------------------------------------------------------------------------------------------------------------------------------------------------------------------------------------------------------------+
; Fast 1200mV 0C Model Hold: 'clk_50'                                                                                                                                                                                                                            ;
+-------+---------------------------------------------------------------+------------------------------------------------------------------------------------------------------------------+--------------+-------------+--------------+------------+------------+
; Slack ; From Node                                                     ; To Node                                                                                                          ; Launch Clock ; Latch Clock ; Relationship ; Clock Skew ; Data Delay ;
+-------+---------------------------------------------------------------+------------------------------------------------------------------------------------------------------------------+--------------+-------------+--------------+------------+------------+
; 0.136 ; EEprom:EEprom|data_eeprom[6]                                  ; R5101:Z5|altsyncram:altsyncram_component|altsyncram_qpq3:auto_generated|ram_block1a0~portb_datain_reg0           ; clk_50       ; clk_50      ; 0.000        ; 0.228      ; 0.468      ;
; 0.141 ; EEprom:EEprom|data_eeprom[2]                                  ; R5101:Z5|altsyncram:altsyncram_component|altsyncram_qpq3:auto_generated|ram_block1a0~portb_datain_reg0           ; clk_50       ; clk_50      ; 0.000        ; 0.228      ; 0.473      ;
; 0.144 ; EEprom:EEprom|data_eeprom[1]                                  ; R5101:Z5|altsyncram:altsyncram_component|altsyncram_qpq3:auto_generated|ram_block1a0~portb_datain_reg0           ; clk_50       ; clk_50      ; 0.000        ; 0.228      ; 0.476      ;
; 0.144 ; EEprom:EEprom|data_eeprom[3]                                  ; R5101:Z5|altsyncram:altsyncram_component|altsyncram_qpq3:auto_generated|ram_block1a0~portb_datain_reg0           ; clk_50       ; clk_50      ; 0.000        ; 0.228      ; 0.476      ;
; 0.145 ; EEprom:EEprom|data_eeprom[5]                                  ; R5101:Z5|altsyncram:altsyncram_component|altsyncram_qpq3:auto_generated|ram_block1a0~portb_datain_reg0           ; clk_50       ; clk_50      ; 0.000        ; 0.228      ; 0.477      ;
; 0.147 ; EEprom:EEprom|data_eeprom[7]                                  ; R5101:Z5|altsyncram:altsyncram_component|altsyncram_qpq3:auto_generated|ram_block1a0~portb_datain_reg0           ; clk_50       ; clk_50      ; 0.000        ; 0.228      ; 0.479      ;
; 0.149 ; EEprom:EEprom|data_eeprom[4]                                  ; R5101:Z5|altsyncram:altsyncram_component|altsyncram_qpq3:auto_generated|ram_block1a0~portb_datain_reg0           ; clk_50       ; clk_50      ; 0.000        ; 0.228      ; 0.481      ;
; 0.150 ; SD_Card:SD_CARD|data_sd_card[5]                               ; GAME_ROM:GAME|altsyncram:altsyncram_component|altsyncram_r1q3:auto_generated|ram_block1a4~porta_datain_reg0      ; clk_50       ; clk_50      ; 0.000        ; 0.221      ; 0.475      ;
; 0.151 ; EEprom:EEprom|data_eeprom[0]                                  ; R5101:Z5|altsyncram:altsyncram_component|altsyncram_qpq3:auto_generated|ram_block1a0~portb_datain_reg0           ; clk_50       ; clk_50      ; 0.000        ; 0.228      ; 0.483      ;
; 0.166 ; SD_Card:SD_CARD|data_sd_card[6]                               ; GAME_ROM:SOUNDROM1|altsyncram:altsyncram_component|altsyncram_r1q3:auto_generated|ram_block1a4~porta_datain_reg0 ; clk_50       ; clk_50      ; 0.000        ; 0.218      ; 0.488      ;
; 0.168 ; SD_Card:SD_CARD|data_sd_card[1]                               ; GAME_ROM:SOUNDROM1|altsyncram:altsyncram_component|altsyncram_r1q3:auto_generated|ram_block1a0~porta_datain_reg0 ; clk_50       ; clk_50      ; 0.000        ; 0.219      ; 0.491      ;
; 0.173 ; SD_Card:SD_CARD|data_sd_card[4]                               ; GAME_ROM:GAME2|altsyncram:altsyncram_component|altsyncram_r1q3:auto_generated|ram_block1a4~porta_datain_reg0     ; clk_50       ; clk_50      ; 0.000        ; 0.221      ; 0.498      ;
; 0.175 ; SD_Card:SD_CARD|data_sd_card[1]                               ; GAME_ROM:GAME2|altsyncram:altsyncram_component|altsyncram_r1q3:auto_generated|ram_block1a0~porta_datain_reg0     ; clk_50       ; clk_50      ; 0.000        ; 0.225      ; 0.504      ;
; 0.175 ; SD_Card:SD_CARD|data_sd_card[2]                               ; GAME_ROM:GAME2|altsyncram:altsyncram_component|altsyncram_r1q3:auto_generated|ram_block1a0~porta_datain_reg0     ; clk_50       ; clk_50      ; 0.000        ; 0.225      ; 0.504      ;
; 0.176 ; SD_Card:SD_CARD|data_sd_card[3]                               ; GAME_ROM:SOUNDROM1|altsyncram:altsyncram_component|altsyncram_r1q3:auto_generated|ram_block1a0~porta_datain_reg0 ; clk_50       ; clk_50      ; 0.000        ; 0.219      ; 0.499      ;
; 0.179 ; SD_Card:SD_CARD|data_sd_card[4]                               ; GAME_ROM:SOUNDROM1|altsyncram:altsyncram_component|altsyncram_r1q3:auto_generated|ram_block1a4~porta_datain_reg0 ; clk_50       ; clk_50      ; 0.000        ; 0.218      ; 0.501      ;
; 0.180 ; SD_Card:SD_CARD|data_sd_card[4]                               ; SYSTEM_ROM:SYSTEM|altsyncram:altsyncram_component|altsyncram_32q3:auto_generated|ram_block1a4~porta_datain_reg0  ; clk_50       ; clk_50      ; 0.000        ; 0.225      ; 0.509      ;
; 0.180 ; SD_Card:SD_CARD|data_sd_card[6]                               ; GAME_ROM:GAME2|altsyncram:altsyncram_component|altsyncram_r1q3:auto_generated|ram_block1a4~porta_datain_reg0     ; clk_50       ; clk_50      ; 0.000        ; 0.221      ; 0.505      ;
; 0.181 ; SD_Card:SD_CARD|data_sd_card[0]                               ; GAME_ROM:GAME|altsyncram:altsyncram_component|altsyncram_r1q3:auto_generated|ram_block1a0~porta_datain_reg0      ; clk_50       ; clk_50      ; 0.000        ; 0.220      ; 0.505      ;
; 0.182 ; EEprom:EEprom|address_eeprom[3]                               ; R5101:Z5|altsyncram:altsyncram_component|altsyncram_qpq3:auto_generated|ram_block1a0~portb_address_reg0          ; clk_50       ; clk_50      ; 0.000        ; 0.226      ; 0.512      ;
; 0.182 ; SD_Card:SD_CARD|data_sd_card[0]                               ; GAME_ROM:SOUNDROM1|altsyncram:altsyncram_component|altsyncram_r1q3:auto_generated|ram_block1a0~porta_datain_reg0 ; clk_50       ; clk_50      ; 0.000        ; 0.219      ; 0.505      ;
; 0.183 ; EEprom:EEprom|address_eeprom[6]                               ; R5101:Z5|altsyncram:altsyncram_component|altsyncram_qpq3:auto_generated|ram_block1a0~portb_address_reg0          ; clk_50       ; clk_50      ; 0.000        ; 0.226      ; 0.513      ;
; 0.183 ; SD_Card:SD_CARD|data_sd_card[0]                               ; GAME_ROM:GAME2|altsyncram:altsyncram_component|altsyncram_r1q3:auto_generated|ram_block1a0~porta_datain_reg0     ; clk_50       ; clk_50      ; 0.000        ; 0.225      ; 0.512      ;
; 0.185 ; SD_Card:SD_CARD|data_sd_card[3]                               ; GAME_ROM:GAME2|altsyncram:altsyncram_component|altsyncram_r1q3:auto_generated|ram_block1a0~porta_datain_reg0     ; clk_50       ; clk_50      ; 0.000        ; 0.225      ; 0.514      ;
; 0.186 ; gosof80:SOUNDBOARD|DFPlayer_Mini_CMD:DFP_send|txd             ; gosof80:SOUNDBOARD|DFPlayer_Mini_CMD:DFP_send|txd                                                                ; clk_50       ; clk_50      ; 0.000        ; 0.037      ; 0.307      ;
; 0.186 ; EEprom:EEprom|SPI_Master:EEPROM_STAT|tx_reg[8]                ; EEprom:EEprom|SPI_Master:EEPROM_STAT|tx_reg[8]                                                                   ; clk_50       ; clk_50      ; 0.000        ; 0.037      ; 0.307      ;
; 0.186 ; EEprom:EEprom|SPI_Master:EEPROM_CMD|tx_reg[1]                 ; EEprom:EEprom|SPI_Master:EEPROM_CMD|tx_reg[1]                                                                    ; clk_50       ; clk_50      ; 0.000        ; 0.037      ; 0.307      ;
; 0.186 ; EEprom:EEprom|SPI_Master:EEPROM_READ|SS                       ; EEprom:EEprom|SPI_Master:EEPROM_READ|SS                                                                          ; clk_50       ; clk_50      ; 0.000        ; 0.037      ; 0.307      ;
; 0.186 ; EEprom:EEprom|SPI_Master:EEPROM_STAT|SS                       ; EEprom:EEprom|SPI_Master:EEPROM_STAT|SS                                                                          ; clk_50       ; clk_50      ; 0.000        ; 0.037      ; 0.307      ;
; 0.186 ; EEprom:EEprom|SPI_Master:EEPROM_WRITE|SS                      ; EEprom:EEprom|SPI_Master:EEPROM_WRITE|SS                                                                         ; clk_50       ; clk_50      ; 0.000        ; 0.037      ; 0.307      ;
; 0.186 ; gosof80:SOUNDBOARD|DFPlayer_Mini_CMD:DFP_send|state.Check     ; gosof80:SOUNDBOARD|DFPlayer_Mini_CMD:DFP_send|state.Check                                                        ; clk_50       ; clk_50      ; 0.000        ; 0.037      ; 0.307      ;
; 0.186 ; gosof80:SOUNDBOARD|DFPlayer_Mini_CMD:DFP_send|state.Idle      ; gosof80:SOUNDBOARD|DFPlayer_Mini_CMD:DFP_send|state.Idle                                                         ; clk_50       ; clk_50      ; 0.000        ; 0.037      ; 0.307      ;
; 0.186 ; EEprom:EEprom|wr_ram                                          ; EEprom:EEprom|wr_ram                                                                                             ; clk_50       ; clk_50      ; 0.000        ; 0.037      ; 0.307      ;
; 0.186 ; EEprom:EEprom|state.wait_for_Master_II                        ; EEprom:EEprom|state.wait_for_Master_II                                                                           ; clk_50       ; clk_50      ; 0.000        ; 0.037      ; 0.307      ;
; 0.186 ; EEprom:EEprom|state.wait_for_Master_III                       ; EEprom:EEprom|state.wait_for_Master_III                                                                          ; clk_50       ; clk_50      ; 0.000        ; 0.037      ; 0.307      ;
; 0.186 ; EEprom:EEprom|state.Delay2                                    ; EEprom:EEprom|state.Delay2                                                                                       ; clk_50       ; clk_50      ; 0.000        ; 0.037      ; 0.307      ;
; 0.186 ; EEprom:EEprom|state.wait_for_Master_I                         ; EEprom:EEprom|state.wait_for_Master_I                                                                            ; clk_50       ; clk_50      ; 0.000        ; 0.037      ; 0.307      ;
; 0.186 ; EEprom:EEprom|state.wait_for_Master                           ; EEprom:EEprom|state.wait_for_Master                                                                              ; clk_50       ; clk_50      ; 0.000        ; 0.037      ; 0.307      ;
; 0.186 ; EEprom:EEprom|TX_Start_R                                      ; EEprom:EEprom|TX_Start_R                                                                                         ; clk_50       ; clk_50      ; 0.000        ; 0.037      ; 0.307      ;
; 0.186 ; EEprom:EEprom|state.wait_for_read                             ; EEprom:EEprom|state.wait_for_read                                                                                ; clk_50       ; clk_50      ; 0.000        ; 0.037      ; 0.307      ;
; 0.186 ; EEprom:EEprom|SPI_Master:EEPROM_READ|TX_Done                  ; EEprom:EEprom|SPI_Master:EEPROM_READ|TX_Done                                                                     ; clk_50       ; clk_50      ; 0.000        ; 0.037      ; 0.307      ;
; 0.186 ; EEprom:EEprom|state.Delay                                     ; EEprom:EEprom|state.Delay                                                                                        ; clk_50       ; clk_50      ; 0.000        ; 0.037      ; 0.307      ;
; 0.186 ; EEprom:EEprom|SPI_Master:EEPROM_READ|spitxstate.spi_txactive  ; EEprom:EEprom|SPI_Master:EEPROM_READ|spitxstate.spi_txactive                                                     ; clk_50       ; clk_50      ; 0.000        ; 0.037      ; 0.307      ;
; 0.186 ; EEprom:EEprom|SPI_Master:EEPROM_READ|bitcounter[5]            ; EEprom:EEprom|SPI_Master:EEPROM_READ|bitcounter[5]                                                               ; clk_50       ; clk_50      ; 0.000        ; 0.037      ; 0.307      ;
; 0.186 ; EEprom:EEprom|SPI_Master:EEPROM_READ|bitcounter[3]            ; EEprom:EEprom|SPI_Master:EEPROM_READ|bitcounter[3]                                                               ; clk_50       ; clk_50      ; 0.000        ; 0.037      ; 0.307      ;
; 0.186 ; EEprom:EEprom|SPI_Master:EEPROM_READ|bitcounter[2]            ; EEprom:EEprom|SPI_Master:EEPROM_READ|bitcounter[2]                                                               ; clk_50       ; clk_50      ; 0.000        ; 0.037      ; 0.307      ;
; 0.186 ; EEprom:EEprom|SPI_Master:EEPROM_READ|bitcounter[1]            ; EEprom:EEprom|SPI_Master:EEPROM_READ|bitcounter[1]                                                               ; clk_50       ; clk_50      ; 0.000        ; 0.037      ; 0.307      ;
; 0.186 ; EEprom:EEprom|SPI_Master:EEPROM_READ|spiclk                   ; EEprom:EEprom|SPI_Master:EEPROM_READ|spiclk                                                                      ; clk_50       ; clk_50      ; 0.000        ; 0.037      ; 0.307      ;
; 0.186 ; EEprom:EEprom|SPI_Master:EEPROM_READ|bitcounter[0]            ; EEprom:EEprom|SPI_Master:EEPROM_READ|bitcounter[0]                                                               ; clk_50       ; clk_50      ; 0.000        ; 0.037      ; 0.307      ;
; 0.186 ; EEprom:EEprom|SPI_Master:EEPROM_READ|bitcounter[4]            ; EEprom:EEprom|SPI_Master:EEPROM_READ|bitcounter[4]                                                               ; clk_50       ; clk_50      ; 0.000        ; 0.037      ; 0.307      ;
; 0.186 ; EEprom:EEprom|SPI_Master:EEPROM_READ|spitxstate.spi_etx       ; EEprom:EEprom|SPI_Master:EEPROM_READ|spitxstate.spi_etx                                                          ; clk_50       ; clk_50      ; 0.000        ; 0.037      ; 0.307      ;
; 0.186 ; EEprom:EEprom|SPI_Master:EEPROM_READ|spitxstate.spi_stx       ; EEprom:EEprom|SPI_Master:EEPROM_READ|spitxstate.spi_stx                                                          ; clk_50       ; clk_50      ; 0.000        ; 0.037      ; 0.307      ;
; 0.186 ; EEprom:EEprom|SPI_Master:EEPROM_STAT|spitxstate.spi_txactive  ; EEprom:EEprom|SPI_Master:EEPROM_STAT|spitxstate.spi_txactive                                                     ; clk_50       ; clk_50      ; 0.000        ; 0.037      ; 0.307      ;
; 0.186 ; EEprom:EEprom|SPI_Master:EEPROM_STAT|spitxstate.spi_etx       ; EEprom:EEprom|SPI_Master:EEPROM_STAT|spitxstate.spi_etx                                                          ; clk_50       ; clk_50      ; 0.000        ; 0.037      ; 0.307      ;
; 0.186 ; EEprom:EEprom|SPI_Master:EEPROM_STAT|spitxstate.spi_stx       ; EEprom:EEprom|SPI_Master:EEPROM_STAT|spitxstate.spi_stx                                                          ; clk_50       ; clk_50      ; 0.000        ; 0.037      ; 0.307      ;
; 0.186 ; EEprom:EEprom|TX_Start_Stat                                   ; EEprom:EEprom|TX_Start_Stat                                                                                      ; clk_50       ; clk_50      ; 0.000        ; 0.037      ; 0.307      ;
; 0.186 ; EEprom:EEprom|state.wait_for_get_status_reg                   ; EEprom:EEprom|state.wait_for_get_status_reg                                                                      ; clk_50       ; clk_50      ; 0.000        ; 0.037      ; 0.307      ;
; 0.186 ; EEprom:EEprom|TX_Start_W                                      ; EEprom:EEprom|TX_Start_W                                                                                         ; clk_50       ; clk_50      ; 0.000        ; 0.037      ; 0.307      ;
; 0.186 ; EEprom:EEprom|state.wait_for_Write_done                       ; EEprom:EEprom|state.wait_for_Write_done                                                                          ; clk_50       ; clk_50      ; 0.000        ; 0.037      ; 0.307      ;
; 0.186 ; EEprom:EEprom|TX_Start_Cmd                                    ; EEprom:EEprom|TX_Start_Cmd                                                                                       ; clk_50       ; clk_50      ; 0.000        ; 0.037      ; 0.307      ;
; 0.186 ; EEprom:EEprom|state.wait_for_Cmd_done                         ; EEprom:EEprom|state.wait_for_Cmd_done                                                                            ; clk_50       ; clk_50      ; 0.000        ; 0.037      ; 0.307      ;
; 0.186 ; EEprom:EEprom|address_eeprom[1]                               ; R5101:Z5|altsyncram:altsyncram_component|altsyncram_qpq3:auto_generated|ram_block1a0~portb_address_reg0          ; clk_50       ; clk_50      ; 0.000        ; 0.226      ; 0.516      ;
; 0.186 ; EEprom:EEprom|WIP_bit                                         ; EEprom:EEprom|WIP_bit                                                                                            ; clk_50       ; clk_50      ; 0.000        ; 0.037      ; 0.307      ;
; 0.186 ; EEprom:EEprom|SPI_Master:EEPROM_STAT|rx_reg[0]                ; EEprom:EEprom|SPI_Master:EEPROM_STAT|rx_reg[0]                                                                   ; clk_50       ; clk_50      ; 0.000        ; 0.037      ; 0.307      ;
; 0.186 ; SD_Card:SD_CARD|SPI_Master:SD_CARD_READ|tx_reg[0]             ; SD_Card:SD_CARD|SPI_Master:SD_CARD_READ|tx_reg[0]                                                                ; clk_50       ; clk_50      ; 0.000        ; 0.037      ; 0.307      ;
; 0.186 ; EEprom:EEprom|SPI_Master:EEPROM_CMD|SS                        ; EEprom:EEprom|SPI_Master:EEPROM_CMD|SS                                                                           ; clk_50       ; clk_50      ; 0.000        ; 0.037      ; 0.307      ;
; 0.186 ; SD_Card:SD_CARD|SPI_Master:SD_CARD_ACCESS|SS                  ; SD_Card:SD_CARD|SPI_Master:SD_CARD_ACCESS|SS                                                                     ; clk_50       ; clk_50      ; 0.000        ; 0.037      ; 0.307      ;
; 0.186 ; count_to_zero:COUNT_STROBES|d_out                             ; count_to_zero:COUNT_STROBES|d_out                                                                                ; clk_50       ; clk_50      ; 0.000        ; 0.037      ; 0.307      ;
; 0.186 ; byte_to_ascii:CONVO|bytetoconvert[1]                          ; byte_to_ascii:CONVO|bytetoconvert[1]                                                                             ; clk_50       ; clk_50      ; 0.000        ; 0.037      ; 0.307      ;
; 0.186 ; byte_to_ascii:CONVS|bytetoconvert[1]                          ; byte_to_ascii:CONVS|bytetoconvert[1]                                                                             ; clk_50       ; clk_50      ; 0.000        ; 0.037      ; 0.307      ;
; 0.186 ; count_to_zero:COUNT_STROBES|int_count[0]                      ; count_to_zero:COUNT_STROBES|int_count[0]                                                                         ; clk_50       ; clk_50      ; 0.000        ; 0.037      ; 0.307      ;
; 0.186 ; gosof80:SOUNDBOARD|SC01:SC01_Simu|state.Speech                ; gosof80:SOUNDBOARD|SC01:SC01_Simu|state.Speech                                                                   ; clk_50       ; clk_50      ; 0.000        ; 0.037      ; 0.307      ;
; 0.186 ; SD_Card:SD_CARD|do_not_enable_SS                              ; SD_Card:SD_CARD|do_not_enable_SS                                                                                 ; clk_50       ; clk_50      ; 0.000        ; 0.037      ; 0.307      ;
; 0.186 ; SD_Card:SD_CARD|do_not_disable_SS                             ; SD_Card:SD_CARD|do_not_disable_SS                                                                                ; clk_50       ; clk_50      ; 0.000        ; 0.037      ; 0.307      ;
; 0.186 ; SD_Card:SD_CARD|active_master[1]                              ; SD_Card:SD_CARD|active_master[1]                                                                                 ; clk_50       ; clk_50      ; 0.000        ; 0.037      ; 0.307      ;
; 0.186 ; SD_Card:SD_CARD|active_master[0]                              ; SD_Card:SD_CARD|active_master[0]                                                                                 ; clk_50       ; clk_50      ; 0.000        ; 0.037      ; 0.307      ;
; 0.186 ; byte_to_ascii:CONVG|bytetoconvert[7]                          ; byte_to_ascii:CONVG|bytetoconvert[7]                                                                             ; clk_50       ; clk_50      ; 0.000        ; 0.037      ; 0.307      ;
; 0.186 ; byte_to_ascii:CONVG|bytetoconvert[1]                          ; byte_to_ascii:CONVG|bytetoconvert[1]                                                                             ; clk_50       ; clk_50      ; 0.000        ; 0.037      ; 0.307      ;
; 0.186 ; EEprom:EEprom|SPI_Master:EEPROM_STAT|TX_Done                  ; EEprom:EEprom|SPI_Master:EEPROM_STAT|TX_Done                                                                     ; clk_50       ; clk_50      ; 0.000        ; 0.037      ; 0.307      ;
; 0.186 ; EEprom:EEprom|SPI_Master:EEPROM_WRITE|spitxstate.spi_etx      ; EEprom:EEprom|SPI_Master:EEPROM_WRITE|spitxstate.spi_etx                                                         ; clk_50       ; clk_50      ; 0.000        ; 0.037      ; 0.307      ;
; 0.186 ; EEprom:EEprom|SPI_Master:EEPROM_WRITE|spiclk                  ; EEprom:EEprom|SPI_Master:EEPROM_WRITE|spiclk                                                                     ; clk_50       ; clk_50      ; 0.000        ; 0.037      ; 0.307      ;
; 0.186 ; EEprom:EEprom|SPI_Master:EEPROM_WRITE|spitxstate.spi_stx      ; EEprom:EEprom|SPI_Master:EEPROM_WRITE|spitxstate.spi_stx                                                         ; clk_50       ; clk_50      ; 0.000        ; 0.037      ; 0.307      ;
; 0.186 ; EEprom:EEprom|SPI_Master:EEPROM_WRITE|spitxstate.spi_txactive ; EEprom:EEprom|SPI_Master:EEPROM_WRITE|spitxstate.spi_txactive                                                    ; clk_50       ; clk_50      ; 0.000        ; 0.037      ; 0.307      ;
; 0.186 ; EEprom:EEprom|SPI_Master:EEPROM_CMD|TX_Done                   ; EEprom:EEprom|SPI_Master:EEPROM_CMD|TX_Done                                                                      ; clk_50       ; clk_50      ; 0.000        ; 0.037      ; 0.307      ;
; 0.186 ; EEprom:EEprom|SPI_Master:EEPROM_CMD|bitcounter[3]             ; EEprom:EEprom|SPI_Master:EEPROM_CMD|bitcounter[3]                                                                ; clk_50       ; clk_50      ; 0.000        ; 0.037      ; 0.307      ;
; 0.186 ; EEprom:EEprom|SPI_Master:EEPROM_CMD|bitcounter[0]             ; EEprom:EEprom|SPI_Master:EEPROM_CMD|bitcounter[0]                                                                ; clk_50       ; clk_50      ; 0.000        ; 0.037      ; 0.307      ;
; 0.186 ; EEprom:EEprom|SPI_Master:EEPROM_CMD|bitcounter[1]             ; EEprom:EEprom|SPI_Master:EEPROM_CMD|bitcounter[1]                                                                ; clk_50       ; clk_50      ; 0.000        ; 0.037      ; 0.307      ;
; 0.186 ; EEprom:EEprom|SPI_Master:EEPROM_CMD|bitcounter[2]             ; EEprom:EEprom|SPI_Master:EEPROM_CMD|bitcounter[2]                                                                ; clk_50       ; clk_50      ; 0.000        ; 0.037      ; 0.307      ;
; 0.186 ; EEprom:EEprom|SPI_Master:EEPROM_CMD|spiclk                    ; EEprom:EEprom|SPI_Master:EEPROM_CMD|spiclk                                                                       ; clk_50       ; clk_50      ; 0.000        ; 0.037      ; 0.307      ;
; 0.186 ; EEprom:EEprom|SPI_Master:EEPROM_CMD|spitxstate.spi_stx        ; EEprom:EEprom|SPI_Master:EEPROM_CMD|spitxstate.spi_stx                                                           ; clk_50       ; clk_50      ; 0.000        ; 0.037      ; 0.307      ;
; 0.186 ; EEprom:EEprom|SPI_Master:EEPROM_CMD|spitxstate.spi_txactive   ; EEprom:EEprom|SPI_Master:EEPROM_CMD|spitxstate.spi_txactive                                                      ; clk_50       ; clk_50      ; 0.000        ; 0.037      ; 0.307      ;
; 0.186 ; EEprom:EEprom|SPI_Master:EEPROM_CMD|spitxstate.spi_etx        ; EEprom:EEprom|SPI_Master:EEPROM_CMD|spitxstate.spi_etx                                                           ; clk_50       ; clk_50      ; 0.000        ; 0.037      ; 0.307      ;
; 0.186 ; EEprom:EEprom|SPI_Master:EEPROM_STAT|bitcounter[0]            ; EEprom:EEprom|SPI_Master:EEPROM_STAT|bitcounter[0]                                                               ; clk_50       ; clk_50      ; 0.000        ; 0.037      ; 0.307      ;
; 0.186 ; EEprom:EEprom|SPI_Master:EEPROM_STAT|bitcounter[4]            ; EEprom:EEprom|SPI_Master:EEPROM_STAT|bitcounter[4]                                                               ; clk_50       ; clk_50      ; 0.000        ; 0.037      ; 0.307      ;
; 0.186 ; EEprom:EEprom|SPI_Master:EEPROM_STAT|bitcounter[3]            ; EEprom:EEprom|SPI_Master:EEPROM_STAT|bitcounter[3]                                                               ; clk_50       ; clk_50      ; 0.000        ; 0.037      ; 0.307      ;
; 0.186 ; EEprom:EEprom|SPI_Master:EEPROM_STAT|bitcounter[2]            ; EEprom:EEprom|SPI_Master:EEPROM_STAT|bitcounter[2]                                                               ; clk_50       ; clk_50      ; 0.000        ; 0.037      ; 0.307      ;
; 0.186 ; EEprom:EEprom|SPI_Master:EEPROM_STAT|bitcounter[1]            ; EEprom:EEprom|SPI_Master:EEPROM_STAT|bitcounter[1]                                                               ; clk_50       ; clk_50      ; 0.000        ; 0.037      ; 0.307      ;
; 0.186 ; SD_Card:SD_CARD|SDcard_error                                  ; SD_Card:SD_CARD|SDcard_error                                                                                     ; clk_50       ; clk_50      ; 0.000        ; 0.037      ; 0.307      ;
; 0.186 ; SD_Card:SD_CARD|state_A.error                                 ; SD_Card:SD_CARD|state_A.error                                                                                    ; clk_50       ; clk_50      ; 0.000        ; 0.037      ; 0.307      ;
; 0.186 ; SD_Card:SD_CARD|state_A.wait_for_read                         ; SD_Card:SD_CARD|state_A.wait_for_read                                                                            ; clk_50       ; clk_50      ; 0.000        ; 0.037      ; 0.307      ;
+-------+---------------------------------------------------------------+------------------------------------------------------------------------------------------------------------------+--------------+-------------+--------------+------------+------------+


+-------------------------------------------------------------------------------------------------------------------------------------------------------------------------------------------------------+
; Fast 1200mV 0C Model Hold: 'cpu_clk_out'                                                                                                                                                              ;
+-------+------------------------------------------------------------+------------------------------------------------------------+--------------+-------------+--------------+------------+------------+
; Slack ; From Node                                                  ; To Node                                                    ; Launch Clock ; Latch Clock ; Relationship ; Clock Skew ; Data Delay ;
+-------+------------------------------------------------------------+------------------------------------------------------------+--------------+-------------+--------------+------------+------------+
; 0.184 ; R6532:U5_IO|s_irq_timer                                    ; R6532:U5_IO|s_irq_timer                                    ; cpu_clk_out  ; cpu_clk_out ; 0.000        ; 0.039      ; 0.307      ;
; 0.185 ; gosof80:SOUNDBOARD|R6532:RIOT|s_irq_timer_en               ; gosof80:SOUNDBOARD|R6532:RIOT|s_irq_timer_en               ; cpu_clk_out  ; cpu_clk_out ; 0.000        ; 0.038      ; 0.307      ;
; 0.185 ; gosof80:SOUNDBOARD|R6532:RIOT|s_irq_timer                  ; gosof80:SOUNDBOARD|R6532:RIOT|s_irq_timer                  ; cpu_clk_out  ; cpu_clk_out ; 0.000        ; 0.038      ; 0.307      ;
; 0.185 ; R6532:U5_IO|s_irq_timer_en                                 ; R6532:U5_IO|s_irq_timer_en                                 ; cpu_clk_out  ; cpu_clk_out ; 0.000        ; 0.038      ; 0.307      ;
; 0.185 ; R6532:U6_IO|s_irq_timer_en                                 ; R6532:U6_IO|s_irq_timer_en                                 ; cpu_clk_out  ; cpu_clk_out ; 0.000        ; 0.038      ; 0.307      ;
; 0.185 ; R6532:U4_IO|s_irq_timer_en                                 ; R6532:U4_IO|s_irq_timer_en                                 ; cpu_clk_out  ; cpu_clk_out ; 0.000        ; 0.038      ; 0.307      ;
; 0.185 ; R6532:U4_IO|s_irq_timer                                    ; R6532:U4_IO|s_irq_timer                                    ; cpu_clk_out  ; cpu_clk_out ; 0.000        ; 0.038      ; 0.307      ;
; 0.185 ; R6532:U6_IO|s_dout[7]                                      ; R6532:U6_IO|s_dout[7]                                      ; cpu_clk_out  ; cpu_clk_out ; 0.000        ; 0.038      ; 0.307      ;
; 0.185 ; R6532:U6_IO|s_irq_timer                                    ; R6532:U6_IO|s_irq_timer                                    ; cpu_clk_out  ; cpu_clk_out ; 0.000        ; 0.038      ; 0.307      ;
; 0.186 ; boot_message:BM|bm_digit_strobe[3]                         ; boot_message:BM|bm_digit_strobe[3]                         ; cpu_clk_out  ; cpu_clk_out ; 0.000        ; 0.037      ; 0.307      ;
; 0.186 ; boot_message:BM|bm_digit_strobe[1]                         ; boot_message:BM|bm_digit_strobe[1]                         ; cpu_clk_out  ; cpu_clk_out ; 0.000        ; 0.037      ; 0.307      ;
; 0.186 ; boot_message:BM|bm_digit_strobe[0]                         ; boot_message:BM|bm_digit_strobe[0]                         ; cpu_clk_out  ; cpu_clk_out ; 0.000        ; 0.037      ; 0.307      ;
; 0.186 ; read_the_dips:RDIPS|state.Idle                             ; read_the_dips:RDIPS|state.Idle                             ; cpu_clk_out  ; cpu_clk_out ; 0.000        ; 0.037      ; 0.307      ;
; 0.186 ; anti_thunk:AT|count_ds[3]                                  ; anti_thunk:AT|count_ds[3]                                  ; cpu_clk_out  ; cpu_clk_out ; 0.000        ; 0.037      ; 0.307      ;
; 0.186 ; anti_thunk:AT|count_ds[2]                                  ; anti_thunk:AT|count_ds[2]                                  ; cpu_clk_out  ; cpu_clk_out ; 0.000        ; 0.037      ; 0.307      ;
; 0.186 ; anti_thunk:AT|count_ds[1]                                  ; anti_thunk:AT|count_ds[1]                                  ; cpu_clk_out  ; cpu_clk_out ; 0.000        ; 0.037      ; 0.307      ;
; 0.186 ; T65:U1|MCycle[1]                                           ; T65:U1|MCycle[1]                                           ; cpu_clk_out  ; cpu_clk_out ; 0.000        ; 0.037      ; 0.307      ;
; 0.186 ; T65:U1|MCycle[2]                                           ; T65:U1|MCycle[2]                                           ; cpu_clk_out  ; cpu_clk_out ; 0.000        ; 0.037      ; 0.307      ;
; 0.186 ; T65:U1|IRQ_n_o                                             ; T65:U1|IRQ_n_o                                             ; cpu_clk_out  ; cpu_clk_out ; 0.000        ; 0.037      ; 0.307      ;
; 0.186 ; T65:U1|P[1]                                                ; T65:U1|P[1]                                                ; cpu_clk_out  ; cpu_clk_out ; 0.000        ; 0.037      ; 0.307      ;
; 0.186 ; T65:U1|P[7]                                                ; T65:U1|P[7]                                                ; cpu_clk_out  ; cpu_clk_out ; 0.000        ; 0.037      ; 0.307      ;
; 0.186 ; detect_sw_trigger:detect_credit_sw_trigger|state.wait_open ; detect_sw_trigger:detect_credit_sw_trigger|state.wait_open ; cpu_clk_out  ; cpu_clk_out ; 0.000        ; 0.037      ; 0.307      ;
; 0.186 ; detect_sw_trigger:detect_credit_sw_trigger|state.Idle      ; detect_sw_trigger:detect_credit_sw_trigger|state.Idle      ; cpu_clk_out  ; cpu_clk_out ; 0.000        ; 0.037      ; 0.307      ;
; 0.186 ; detect_sw_trigger:detect_credit_sw_trigger|state.counting  ; detect_sw_trigger:detect_credit_sw_trigger|state.counting  ; cpu_clk_out  ; cpu_clk_out ; 0.000        ; 0.037      ; 0.307      ;
; 0.186 ; detect_sw:detect_test_sw|state.Idle                        ; detect_sw:detect_test_sw|state.Idle                        ; cpu_clk_out  ; cpu_clk_out ; 0.000        ; 0.037      ; 0.307      ;
; 0.186 ; detect_sw:detect_test_sw|state.delay                       ; detect_sw:detect_test_sw|state.delay                       ; cpu_clk_out  ; cpu_clk_out ; 0.000        ; 0.037      ; 0.307      ;
; 0.186 ; detect_sw:detect_test_sw|state.counting                    ; detect_sw:detect_test_sw|state.counting                    ; cpu_clk_out  ; cpu_clk_out ; 0.000        ; 0.037      ; 0.307      ;
; 0.186 ; detect_sw:detect_credit_sw|long_push                       ; detect_sw:detect_credit_sw|long_push                       ; cpu_clk_out  ; cpu_clk_out ; 0.000        ; 0.037      ; 0.307      ;
; 0.186 ; detect_sw:detect_credit_sw|state.counting                  ; detect_sw:detect_credit_sw|state.counting                  ; cpu_clk_out  ; cpu_clk_out ; 0.000        ; 0.037      ; 0.307      ;
; 0.186 ; detect_sw:detect_credit_sw|state.delay                     ; detect_sw:detect_credit_sw|state.delay                     ; cpu_clk_out  ; cpu_clk_out ; 0.000        ; 0.037      ; 0.307      ;
; 0.186 ; detect_sw:detect_credit_sw|state.Idle                      ; detect_sw:detect_credit_sw|state.Idle                      ; cpu_clk_out  ; cpu_clk_out ; 0.000        ; 0.037      ; 0.307      ;
; 0.187 ; boot_message:BM|Din_Seg_B[5]                               ; boot_message:BM|Din_Seg_B[5]                               ; cpu_clk_out  ; cpu_clk_out ; 0.000        ; 0.036      ; 0.307      ;
; 0.187 ; boot_message:BM|Din_Seg_B[4]                               ; boot_message:BM|Din_Seg_B[4]                               ; cpu_clk_out  ; cpu_clk_out ; 0.000        ; 0.036      ; 0.307      ;
; 0.187 ; gosof80:SOUNDBOARD|T65:CPU|MCycle[2]                       ; gosof80:SOUNDBOARD|T65:CPU|MCycle[2]                       ; cpu_clk_out  ; cpu_clk_out ; 0.000        ; 0.036      ; 0.307      ;
; 0.187 ; gosof80:SOUNDBOARD|T65:CPU|MCycle[1]                       ; gosof80:SOUNDBOARD|T65:CPU|MCycle[1]                       ; cpu_clk_out  ; cpu_clk_out ; 0.000        ; 0.036      ; 0.307      ;
; 0.187 ; gosof80:SOUNDBOARD|T65:CPU|P[1]                            ; gosof80:SOUNDBOARD|T65:CPU|P[1]                            ; cpu_clk_out  ; cpu_clk_out ; 0.000        ; 0.036      ; 0.307      ;
; 0.187 ; gosof80:SOUNDBOARD|T65:CPU|P[7]                            ; gosof80:SOUNDBOARD|T65:CPU|P[7]                            ; cpu_clk_out  ; cpu_clk_out ; 0.000        ; 0.036      ; 0.307      ;
; 0.187 ; gosof80:SOUNDBOARD|T65:CPU|BusB_r[0]                       ; gosof80:SOUNDBOARD|T65:CPU|BusB_r[0]                       ; cpu_clk_out  ; cpu_clk_out ; 0.000        ; 0.036      ; 0.307      ;
; 0.187 ; boot_message:BM|bm_digit_strobe[2]                         ; boot_message:BM|bm_digit_strobe[2]                         ; cpu_clk_out  ; cpu_clk_out ; 0.000        ; 0.036      ; 0.307      ;
; 0.187 ; T65:U1|BAL[8]                                              ; T65:U1|BAL[8]                                              ; cpu_clk_out  ; cpu_clk_out ; 0.000        ; 0.036      ; 0.307      ;
; 0.187 ; T65:U1|BusB_r[0]                                           ; T65:U1|BusB_r[0]                                           ; cpu_clk_out  ; cpu_clk_out ; 0.000        ; 0.036      ; 0.307      ;
; 0.193 ; T65:U1|MCycle[0]                                           ; T65:U1|MCycle[0]                                           ; cpu_clk_out  ; cpu_clk_out ; 0.000        ; 0.037      ; 0.314      ;
; 0.193 ; Cross_Slow_To_Fast_Clock_Bus:META2|r2_Data[7]              ; Cross_Slow_To_Fast_Clock_Bus:META2|o_Q[7]                  ; cpu_clk_out  ; cpu_clk_out ; 0.000        ; 0.037      ; 0.314      ;
; 0.194 ; gosof80:SOUNDBOARD|T65:CPU|MCycle[0]                       ; gosof80:SOUNDBOARD|T65:CPU|MCycle[0]                       ; cpu_clk_out  ; cpu_clk_out ; 0.000        ; 0.036      ; 0.314      ;
; 0.194 ; Cross_Slow_To_Fast_Clock_Bus:META2|r1_Data[5]              ; Cross_Slow_To_Fast_Clock_Bus:META2|r2_Data[5]              ; cpu_clk_out  ; cpu_clk_out ; 0.000        ; 0.036      ; 0.314      ;
; 0.195 ; read_the_dips:RDIPS|state.Read4                            ; read_the_dips:RDIPS|state.Idle                             ; cpu_clk_out  ; cpu_clk_out ; 0.000        ; 0.037      ; 0.316      ;
; 0.195 ; Cross_Slow_To_Fast_Clock_Bus:META2|r1_Data[3]              ; Cross_Slow_To_Fast_Clock_Bus:META2|r2_Data[3]              ; cpu_clk_out  ; cpu_clk_out ; 0.000        ; 0.036      ; 0.315      ;
; 0.196 ; T65:U1|Res_n_d                                             ; T65:U1|Res_n_i                                             ; cpu_clk_out  ; cpu_clk_out ; 0.000        ; 0.036      ; 0.316      ;
; 0.196 ; R6532:U5_IO|s_irq_timer_en                                 ; R6532:U5_IO|irq_n                                          ; cpu_clk_out  ; cpu_clk_out ; 0.000        ; 0.038      ; 0.318      ;
; 0.199 ; R6532:U6_IO|s_irq_timer                                    ; R6532:U6_IO|irq_n                                          ; cpu_clk_out  ; cpu_clk_out ; 0.000        ; 0.038      ; 0.321      ;
; 0.201 ; gosof80:SOUNDBOARD|T65:CPU|Set_Addr_To_r.Set_Addr_To_ZPG   ; gosof80:SOUNDBOARD|T65:CPU|BusB_r[0]                       ; cpu_clk_out  ; cpu_clk_out ; 0.000        ; 0.036      ; 0.321      ;
; 0.204 ; gosof80:SOUNDBOARD|T65:CPU|NMI_entered                     ; gosof80:SOUNDBOARD|T65:CPU|NMIAct                          ; cpu_clk_out  ; cpu_clk_out ; 0.000        ; 0.036      ; 0.324      ;
; 0.209 ; read_the_dips:RDIPS|state.Start                            ; read_the_dips:RDIPS|strobes[0]                             ; cpu_clk_out  ; cpu_clk_out ; 0.000        ; 0.037      ; 0.330      ;
; 0.211 ; detect_sw:detect_credit_sw|state.Idle                      ; detect_sw:detect_credit_sw|long_push                       ; cpu_clk_out  ; cpu_clk_out ; 0.000        ; 0.037      ; 0.332      ;
; 0.223 ; Cross_Slow_To_Fast_Clock:META1|o_Q                         ; read_the_dips:RDIPS|state.Read1                            ; cpu_clk_out  ; cpu_clk_out ; 0.000        ; 0.037      ; 0.344      ;
; 0.223 ; Cross_Slow_To_Fast_Clock:META1|o_Q                         ; read_the_dips:RDIPS|state.Start                            ; cpu_clk_out  ; cpu_clk_out ; 0.000        ; 0.037      ; 0.344      ;
; 0.252 ; R6532:U4_IO|s_irq_timer_en                                 ; R6532:U4_IO|irq_n                                          ; cpu_clk_out  ; cpu_clk_out ; 0.000        ; 0.038      ; 0.374      ;
; 0.256 ; read_the_dips:RDIPS|state.Read2                            ; read_the_dips:RDIPS|strobes[2]                             ; cpu_clk_out  ; cpu_clk_out ; 0.000        ; 0.037      ; 0.377      ;
; 0.256 ; read_the_dips:RDIPS|state.Read3                            ; read_the_dips:RDIPS|strobes[3]                             ; cpu_clk_out  ; cpu_clk_out ; 0.000        ; 0.037      ; 0.377      ;
; 0.256 ; read_the_dips:RDIPS|state.Read3                            ; read_the_dips:RDIPS|state.Read4                            ; cpu_clk_out  ; cpu_clk_out ; 0.000        ; 0.037      ; 0.377      ;
; 0.257 ; read_the_dips:RDIPS|state.Read1                            ; read_the_dips:RDIPS|strobes[1]                             ; cpu_clk_out  ; cpu_clk_out ; 0.000        ; 0.037      ; 0.378      ;
; 0.258 ; read_the_dips:RDIPS|state.Read2                            ; read_the_dips:RDIPS|state.Read3                            ; cpu_clk_out  ; cpu_clk_out ; 0.000        ; 0.037      ; 0.379      ;
; 0.259 ; read_the_dips:RDIPS|state.Read1                            ; read_the_dips:RDIPS|state.Read2                            ; cpu_clk_out  ; cpu_clk_out ; 0.000        ; 0.037      ; 0.380      ;
; 0.266 ; Cross_Slow_To_Fast_Clock_Bus:META2|r2_Data[4]              ; Cross_Slow_To_Fast_Clock_Bus:META2|o_Q[4]                  ; cpu_clk_out  ; cpu_clk_out ; 0.000        ; 0.036      ; 0.386      ;
; 0.266 ; Cross_Slow_To_Fast_Clock_Bus:META2|r1_Data[7]              ; Cross_Slow_To_Fast_Clock_Bus:META2|r2_Data[7]              ; cpu_clk_out  ; cpu_clk_out ; 0.000        ; 0.037      ; 0.387      ;
; 0.267 ; Cross_Slow_To_Fast_Clock_Bus:META2|r2_Data[6]              ; Cross_Slow_To_Fast_Clock_Bus:META2|o_Q[6]                  ; cpu_clk_out  ; cpu_clk_out ; 0.000        ; 0.036      ; 0.387      ;
; 0.267 ; Cross_Slow_To_Fast_Clock_Bus:META2|r2_Data[3]              ; Cross_Slow_To_Fast_Clock_Bus:META2|o_Q[3]                  ; cpu_clk_out  ; cpu_clk_out ; 0.000        ; 0.036      ; 0.387      ;
; 0.267 ; Cross_Slow_To_Fast_Clock_Bus:META2|r2_Data[1]              ; Cross_Slow_To_Fast_Clock_Bus:META2|o_Q[1]                  ; cpu_clk_out  ; cpu_clk_out ; 0.000        ; 0.036      ; 0.387      ;
; 0.268 ; Cross_Slow_To_Fast_Clock_Bus:META2|r2_Data[2]              ; Cross_Slow_To_Fast_Clock_Bus:META2|o_Q[2]                  ; cpu_clk_out  ; cpu_clk_out ; 0.000        ; 0.036      ; 0.388      ;
; 0.269 ; Cross_Slow_To_Fast_Clock_Bus:META2|r2_Data[5]              ; Cross_Slow_To_Fast_Clock_Bus:META2|o_Q[5]                  ; cpu_clk_out  ; cpu_clk_out ; 0.000        ; 0.036      ; 0.389      ;
; 0.269 ; Cross_Slow_To_Fast_Clock_Bus:META2|r2_Data[0]              ; Cross_Slow_To_Fast_Clock_Bus:META2|o_Q[0]                  ; cpu_clk_out  ; cpu_clk_out ; 0.000        ; 0.036      ; 0.389      ;
; 0.275 ; anti_thunk:AT|count_ds[0]                                  ; anti_thunk:AT|count_ds[1]                                  ; cpu_clk_out  ; cpu_clk_out ; 0.000        ; 0.037      ; 0.396      ;
; 0.276 ; gosof80:SOUNDBOARD|T65:CPU|RstCycle                        ; gosof80:SOUNDBOARD|T65:CPU|P[2]                            ; cpu_clk_out  ; cpu_clk_out ; 0.000        ; 0.036      ; 0.396      ;
; 0.276 ; gosof80:SOUNDBOARD|T65:CPU|IR[1]                           ; gosof80:SOUNDBOARD|T65:CPU|ALU_Op_r.ALU_OP_EQ2             ; cpu_clk_out  ; cpu_clk_out ; 0.000        ; 0.036      ; 0.396      ;
; 0.277 ; anti_thunk:AT|count_ds[0]                                  ; anti_thunk:AT|count_ds[2]                                  ; cpu_clk_out  ; cpu_clk_out ; 0.000        ; 0.037      ; 0.398      ;
; 0.278 ; anti_thunk:AT|count_ds[0]                                  ; anti_thunk:AT|count_ds[3]                                  ; cpu_clk_out  ; cpu_clk_out ; 0.000        ; 0.037      ; 0.399      ;
; 0.282 ; gosof80:SOUNDBOARD|T65:CPU|IR[0]                           ; gosof80:SOUNDBOARD|T65:CPU|ALU_Op_r.ALU_OP_AND             ; cpu_clk_out  ; cpu_clk_out ; 0.000        ; 0.036      ; 0.402      ;
; 0.283 ; T65:U1|IR[5]                                               ; T65:U1|P[3]                                                ; cpu_clk_out  ; cpu_clk_out ; 0.000        ; 0.038      ; 0.405      ;
; 0.287 ; gosof80:SOUNDBOARD|T65:CPU|MCycle[0]                       ; gosof80:SOUNDBOARD|T65:CPU|MCycle[2]                       ; cpu_clk_out  ; cpu_clk_out ; 0.000        ; 0.036      ; 0.407      ;
; 0.287 ; gosof80:SOUNDBOARD|T65:CPU|MCycle[0]                       ; gosof80:SOUNDBOARD|T65:CPU|MCycle[1]                       ; cpu_clk_out  ; cpu_clk_out ; 0.000        ; 0.036      ; 0.407      ;
; 0.295 ; detect_sw:detect_credit_sw|closed_counter[15]              ; detect_sw:detect_credit_sw|closed_counter[15]              ; cpu_clk_out  ; cpu_clk_out ; 0.000        ; 0.038      ; 0.417      ;
; 0.295 ; detect_sw:detect_credit_sw|closed_counter[9]               ; detect_sw:detect_credit_sw|closed_counter[9]               ; cpu_clk_out  ; cpu_clk_out ; 0.000        ; 0.038      ; 0.417      ;
; 0.295 ; detect_sw:detect_credit_sw|check_counter[9]                ; detect_sw:detect_credit_sw|check_counter[9]                ; cpu_clk_out  ; cpu_clk_out ; 0.000        ; 0.038      ; 0.417      ;
; 0.295 ; gosof80:SOUNDBOARD|R6532:RIOT|s_count[7]                   ; gosof80:SOUNDBOARD|R6532:RIOT|s_count[7]                   ; cpu_clk_out  ; cpu_clk_out ; 0.000        ; 0.038      ; 0.417      ;
; 0.295 ; R6532:U6_IO|s_count[3]                                     ; R6532:U6_IO|s_count[3]                                     ; cpu_clk_out  ; cpu_clk_out ; 0.000        ; 0.038      ; 0.417      ;
; 0.296 ; detect_sw:detect_test_sw|closed_counter[9]                 ; detect_sw:detect_test_sw|closed_counter[9]                 ; cpu_clk_out  ; cpu_clk_out ; 0.000        ; 0.037      ; 0.417      ;
; 0.296 ; detect_sw:detect_test_sw|check_counter[1]                  ; detect_sw:detect_test_sw|check_counter[1]                  ; cpu_clk_out  ; cpu_clk_out ; 0.000        ; 0.037      ; 0.417      ;
; 0.296 ; detect_sw:detect_test_sw|check_counter[9]                  ; detect_sw:detect_test_sw|check_counter[9]                  ; cpu_clk_out  ; cpu_clk_out ; 0.000        ; 0.037      ; 0.417      ;
; 0.296 ; detect_sw:detect_credit_sw|closed_counter[7]               ; detect_sw:detect_credit_sw|closed_counter[7]               ; cpu_clk_out  ; cpu_clk_out ; 0.000        ; 0.038      ; 0.418      ;
; 0.296 ; detect_sw:detect_credit_sw|closed_counter[5]               ; detect_sw:detect_credit_sw|closed_counter[5]               ; cpu_clk_out  ; cpu_clk_out ; 0.000        ; 0.038      ; 0.418      ;
; 0.296 ; detect_sw:detect_credit_sw|closed_counter[2]               ; detect_sw:detect_credit_sw|closed_counter[2]               ; cpu_clk_out  ; cpu_clk_out ; 0.000        ; 0.038      ; 0.418      ;
; 0.296 ; detect_sw:detect_credit_sw|check_counter[10]               ; detect_sw:detect_credit_sw|check_counter[10]               ; cpu_clk_out  ; cpu_clk_out ; 0.000        ; 0.038      ; 0.418      ;
; 0.296 ; detect_sw:detect_credit_sw|check_counter[7]                ; detect_sw:detect_credit_sw|check_counter[7]                ; cpu_clk_out  ; cpu_clk_out ; 0.000        ; 0.038      ; 0.418      ;
; 0.296 ; detect_sw:detect_credit_sw|check_counter[2]                ; detect_sw:detect_credit_sw|check_counter[2]                ; cpu_clk_out  ; cpu_clk_out ; 0.000        ; 0.038      ; 0.418      ;
; 0.296 ; gosof80:SOUNDBOARD|R6532:RIOT|s_count[5]                   ; gosof80:SOUNDBOARD|R6532:RIOT|s_count[5]                   ; cpu_clk_out  ; cpu_clk_out ; 0.000        ; 0.038      ; 0.418      ;
; 0.297 ; boot_message:BM|count[14]                                  ; boot_message:BM|count[14]                                  ; cpu_clk_out  ; cpu_clk_out ; 0.000        ; 0.037      ; 0.418      ;
; 0.297 ; detect_sw:detect_test_sw|closed_counter[15]                ; detect_sw:detect_test_sw|closed_counter[15]                ; cpu_clk_out  ; cpu_clk_out ; 0.000        ; 0.036      ; 0.417      ;
; 0.297 ; detect_sw:detect_test_sw|closed_counter[10]                ; detect_sw:detect_test_sw|closed_counter[10]                ; cpu_clk_out  ; cpu_clk_out ; 0.000        ; 0.037      ; 0.418      ;
; 0.297 ; detect_sw:detect_test_sw|closed_counter[7]                 ; detect_sw:detect_test_sw|closed_counter[7]                 ; cpu_clk_out  ; cpu_clk_out ; 0.000        ; 0.037      ; 0.418      ;
; 0.297 ; detect_sw:detect_test_sw|closed_counter[5]                 ; detect_sw:detect_test_sw|closed_counter[5]                 ; cpu_clk_out  ; cpu_clk_out ; 0.000        ; 0.037      ; 0.418      ;
+-------+------------------------------------------------------------+------------------------------------------------------------+--------------+-------------+--------------+------------+------------+


+-------------------------------------------------------------------------------------------------------------------------------------------------------------------------------+
; Fast 1200mV 0C Model Recovery: 'clk_50'                                                                                                                                       ;
+--------+--------------------------------+---------------------------------------------------------------+--------------+-------------+--------------+------------+------------+
; Slack  ; From Node                      ; To Node                                                       ; Launch Clock ; Latch Clock ; Relationship ; Clock Skew ; Data Delay ;
+--------+--------------------------------+---------------------------------------------------------------+--------------+-------------+--------------+------------+------------+
; 17.264 ; count_to_zero:COUNT_INTS|d_out ; gosof80:SOUNDBOARD|DFPlayer_Mini_CMD:DFP_send|txd             ; clk_50       ; clk_50      ; 20.000       ; -0.032     ; 2.691      ;
; 17.264 ; count_to_zero:COUNT_INTS|d_out ; gosof80:SOUNDBOARD|DFPlayer_Mini_CMD:DFP_send|state.Check     ; clk_50       ; clk_50      ; 20.000       ; -0.032     ; 2.691      ;
; 17.264 ; count_to_zero:COUNT_INTS|d_out ; gosof80:SOUNDBOARD|DFPlayer_Mini_CMD:DFP_send|state.Send      ; clk_50       ; clk_50      ; 20.000       ; -0.032     ; 2.691      ;
; 17.264 ; count_to_zero:COUNT_INTS|d_out ; gosof80:SOUNDBOARD|DFPlayer_Mini_CMD:DFP_send|state.Delay     ; clk_50       ; clk_50      ; 20.000       ; -0.032     ; 2.691      ;
; 17.264 ; count_to_zero:COUNT_INTS|d_out ; gosof80:SOUNDBOARD|DFPlayer_Mini_CMD:DFP_send|r_Clk_Count[12] ; clk_50       ; clk_50      ; 20.000       ; -0.032     ; 2.691      ;
; 17.264 ; count_to_zero:COUNT_INTS|d_out ; gosof80:SOUNDBOARD|DFPlayer_Mini_CMD:DFP_send|r_Clk_Count[10] ; clk_50       ; clk_50      ; 20.000       ; -0.032     ; 2.691      ;
; 17.264 ; count_to_zero:COUNT_INTS|d_out ; gosof80:SOUNDBOARD|DFPlayer_Mini_CMD:DFP_send|r_Clk_Count[9]  ; clk_50       ; clk_50      ; 20.000       ; -0.032     ; 2.691      ;
; 17.264 ; count_to_zero:COUNT_INTS|d_out ; gosof80:SOUNDBOARD|DFPlayer_Mini_CMD:DFP_send|r_Clk_Count[8]  ; clk_50       ; clk_50      ; 20.000       ; -0.032     ; 2.691      ;
; 17.264 ; count_to_zero:COUNT_INTS|d_out ; gosof80:SOUNDBOARD|DFPlayer_Mini_CMD:DFP_send|r_Clk_Count[7]  ; clk_50       ; clk_50      ; 20.000       ; -0.032     ; 2.691      ;
; 17.264 ; count_to_zero:COUNT_INTS|d_out ; gosof80:SOUNDBOARD|DFPlayer_Mini_CMD:DFP_send|r_Clk_Count[6]  ; clk_50       ; clk_50      ; 20.000       ; -0.032     ; 2.691      ;
; 17.264 ; count_to_zero:COUNT_INTS|d_out ; gosof80:SOUNDBOARD|DFPlayer_Mini_CMD:DFP_send|r_Clk_Count[5]  ; clk_50       ; clk_50      ; 20.000       ; -0.032     ; 2.691      ;
; 17.264 ; count_to_zero:COUNT_INTS|d_out ; gosof80:SOUNDBOARD|DFPlayer_Mini_CMD:DFP_send|r_Clk_Count[4]  ; clk_50       ; clk_50      ; 20.000       ; -0.032     ; 2.691      ;
; 17.264 ; count_to_zero:COUNT_INTS|d_out ; gosof80:SOUNDBOARD|DFPlayer_Mini_CMD:DFP_send|r_Clk_Count[3]  ; clk_50       ; clk_50      ; 20.000       ; -0.032     ; 2.691      ;
; 17.264 ; count_to_zero:COUNT_INTS|d_out ; gosof80:SOUNDBOARD|DFPlayer_Mini_CMD:DFP_send|r_Clk_Count[2]  ; clk_50       ; clk_50      ; 20.000       ; -0.032     ; 2.691      ;
; 17.264 ; count_to_zero:COUNT_INTS|d_out ; gosof80:SOUNDBOARD|DFPlayer_Mini_CMD:DFP_send|r_Clk_Count[1]  ; clk_50       ; clk_50      ; 20.000       ; -0.032     ; 2.691      ;
; 17.264 ; count_to_zero:COUNT_INTS|d_out ; gosof80:SOUNDBOARD|DFPlayer_Mini_CMD:DFP_send|r_Clk_Count[0]  ; clk_50       ; clk_50      ; 20.000       ; -0.032     ; 2.691      ;
; 17.264 ; count_to_zero:COUNT_INTS|d_out ; gosof80:SOUNDBOARD|DFPlayer_Mini_CMD:DFP_send|r_Clk_Count[11] ; clk_50       ; clk_50      ; 20.000       ; -0.032     ; 2.691      ;
; 17.264 ; count_to_zero:COUNT_INTS|d_out ; gosof80:SOUNDBOARD|DFPlayer_Mini_CMD:DFP_send|state.Idle      ; clk_50       ; clk_50      ; 20.000       ; -0.032     ; 2.691      ;
; 17.441 ; SD_Card:SD_CARD|cpu_reset_l    ; gosof80:SOUNDBOARD|SC01:SC01_Simu|AR                          ; clk_50       ; clk_50      ; 20.000       ; -0.037     ; 2.509      ;
; 17.441 ; SD_Card:SD_CARD|cpu_reset_l    ; gosof80:SOUNDBOARD|SC01:SC01_Simu|\SC01:counter[5]            ; clk_50       ; clk_50      ; 20.000       ; -0.037     ; 2.509      ;
; 17.441 ; SD_Card:SD_CARD|cpu_reset_l    ; gosof80:SOUNDBOARD|SC01:SC01_Simu|\SC01:counter[1]            ; clk_50       ; clk_50      ; 20.000       ; -0.037     ; 2.509      ;
; 17.441 ; SD_Card:SD_CARD|cpu_reset_l    ; gosof80:SOUNDBOARD|SC01:SC01_Simu|\SC01:counter[2]            ; clk_50       ; clk_50      ; 20.000       ; -0.037     ; 2.509      ;
; 17.441 ; SD_Card:SD_CARD|cpu_reset_l    ; gosof80:SOUNDBOARD|SC01:SC01_Simu|\SC01:counter[3]            ; clk_50       ; clk_50      ; 20.000       ; -0.037     ; 2.509      ;
; 17.441 ; SD_Card:SD_CARD|cpu_reset_l    ; gosof80:SOUNDBOARD|SC01:SC01_Simu|\SC01:counter[4]            ; clk_50       ; clk_50      ; 20.000       ; -0.037     ; 2.509      ;
; 17.441 ; SD_Card:SD_CARD|cpu_reset_l    ; gosof80:SOUNDBOARD|SC01:SC01_Simu|state.Calc                  ; clk_50       ; clk_50      ; 20.000       ; -0.037     ; 2.509      ;
; 17.454 ; SD_Card:SD_CARD|cpu_reset_l    ; gosof80:SOUNDBOARD|SC01:SC01_Simu|\SC01:counter[12]           ; clk_50       ; clk_50      ; 20.000       ; -0.037     ; 2.496      ;
; 17.454 ; SD_Card:SD_CARD|cpu_reset_l    ; gosof80:SOUNDBOARD|SC01:SC01_Simu|\SC01:counter[11]           ; clk_50       ; clk_50      ; 20.000       ; -0.037     ; 2.496      ;
; 17.454 ; SD_Card:SD_CARD|cpu_reset_l    ; gosof80:SOUNDBOARD|SC01:SC01_Simu|\SC01:counter[10]           ; clk_50       ; clk_50      ; 20.000       ; -0.037     ; 2.496      ;
; 17.454 ; SD_Card:SD_CARD|cpu_reset_l    ; gosof80:SOUNDBOARD|SC01:SC01_Simu|\SC01:counter[9]            ; clk_50       ; clk_50      ; 20.000       ; -0.037     ; 2.496      ;
; 17.454 ; SD_Card:SD_CARD|cpu_reset_l    ; gosof80:SOUNDBOARD|SC01:SC01_Simu|\SC01:counter[8]            ; clk_50       ; clk_50      ; 20.000       ; -0.037     ; 2.496      ;
; 17.454 ; SD_Card:SD_CARD|cpu_reset_l    ; gosof80:SOUNDBOARD|SC01:SC01_Simu|\SC01:counter[7]            ; clk_50       ; clk_50      ; 20.000       ; -0.037     ; 2.496      ;
; 17.454 ; SD_Card:SD_CARD|cpu_reset_l    ; gosof80:SOUNDBOARD|SC01:SC01_Simu|\SC01:counter[6]            ; clk_50       ; clk_50      ; 20.000       ; -0.037     ; 2.496      ;
; 17.487 ; SD_Card:SD_CARD|cpu_reset_l    ; gosof80:SOUNDBOARD|SC01:SC01_Simu|\SC01:counter[22]           ; clk_50       ; clk_50      ; 20.000       ; -0.038     ; 2.462      ;
; 17.487 ; SD_Card:SD_CARD|cpu_reset_l    ; gosof80:SOUNDBOARD|SC01:SC01_Simu|\SC01:counter[20]           ; clk_50       ; clk_50      ; 20.000       ; -0.038     ; 2.462      ;
; 17.487 ; SD_Card:SD_CARD|cpu_reset_l    ; gosof80:SOUNDBOARD|SC01:SC01_Simu|\SC01:counter[18]           ; clk_50       ; clk_50      ; 20.000       ; -0.038     ; 2.462      ;
; 17.487 ; SD_Card:SD_CARD|cpu_reset_l    ; gosof80:SOUNDBOARD|SC01:SC01_Simu|\SC01:counter[17]           ; clk_50       ; clk_50      ; 20.000       ; -0.038     ; 2.462      ;
; 17.487 ; SD_Card:SD_CARD|cpu_reset_l    ; gosof80:SOUNDBOARD|SC01:SC01_Simu|\SC01:counter[14]           ; clk_50       ; clk_50      ; 20.000       ; -0.038     ; 2.462      ;
; 17.487 ; SD_Card:SD_CARD|cpu_reset_l    ; gosof80:SOUNDBOARD|SC01:SC01_Simu|state.Idle                  ; clk_50       ; clk_50      ; 20.000       ; -0.038     ; 2.462      ;
; 17.534 ; SD_Card:SD_CARD|cpu_reset_l    ; gosof80:SOUNDBOARD|dac:Audio_DAC|SigmaLatch_q[8]              ; clk_50       ; clk_50      ; 20.000       ; -0.042     ; 2.411      ;
; 17.534 ; SD_Card:SD_CARD|cpu_reset_l    ; gosof80:SOUNDBOARD|dac:Audio_DAC|SigmaLatch_q[9]              ; clk_50       ; clk_50      ; 20.000       ; -0.042     ; 2.411      ;
; 17.534 ; SD_Card:SD_CARD|cpu_reset_l    ; gosof80:SOUNDBOARD|dac:Audio_DAC|SigmaLatch_q[7]              ; clk_50       ; clk_50      ; 20.000       ; -0.042     ; 2.411      ;
; 17.534 ; SD_Card:SD_CARD|cpu_reset_l    ; gosof80:SOUNDBOARD|dac:Audio_DAC|SigmaLatch_q[6]              ; clk_50       ; clk_50      ; 20.000       ; -0.042     ; 2.411      ;
; 17.534 ; SD_Card:SD_CARD|cpu_reset_l    ; gosof80:SOUNDBOARD|dac:Audio_DAC|SigmaLatch_q[5]              ; clk_50       ; clk_50      ; 20.000       ; -0.042     ; 2.411      ;
; 17.534 ; SD_Card:SD_CARD|cpu_reset_l    ; gosof80:SOUNDBOARD|dac:Audio_DAC|SigmaLatch_q[4]              ; clk_50       ; clk_50      ; 20.000       ; -0.042     ; 2.411      ;
; 17.534 ; SD_Card:SD_CARD|cpu_reset_l    ; gosof80:SOUNDBOARD|dac:Audio_DAC|SigmaLatch_q[3]              ; clk_50       ; clk_50      ; 20.000       ; -0.042     ; 2.411      ;
; 17.534 ; SD_Card:SD_CARD|cpu_reset_l    ; gosof80:SOUNDBOARD|dac:Audio_DAC|SigmaLatch_q[2]              ; clk_50       ; clk_50      ; 20.000       ; -0.042     ; 2.411      ;
; 17.534 ; SD_Card:SD_CARD|cpu_reset_l    ; gosof80:SOUNDBOARD|dac:Audio_DAC|SigmaLatch_q[1]              ; clk_50       ; clk_50      ; 20.000       ; -0.042     ; 2.411      ;
; 17.534 ; SD_Card:SD_CARD|cpu_reset_l    ; gosof80:SOUNDBOARD|dac:Audio_DAC|SigmaLatch_q[0]              ; clk_50       ; clk_50      ; 20.000       ; -0.042     ; 2.411      ;
; 18.055 ; SD_Card:SD_CARD|cpu_reset_l    ; gosof80:SOUNDBOARD|SC01:SC01_Simu|\SC01:counter[23]           ; clk_50       ; clk_50      ; 20.000       ; -0.038     ; 1.894      ;
; 18.055 ; SD_Card:SD_CARD|cpu_reset_l    ; gosof80:SOUNDBOARD|SC01:SC01_Simu|\SC01:counter[21]           ; clk_50       ; clk_50      ; 20.000       ; -0.038     ; 1.894      ;
; 18.055 ; SD_Card:SD_CARD|cpu_reset_l    ; gosof80:SOUNDBOARD|SC01:SC01_Simu|\SC01:counter[19]           ; clk_50       ; clk_50      ; 20.000       ; -0.038     ; 1.894      ;
; 18.055 ; SD_Card:SD_CARD|cpu_reset_l    ; gosof80:SOUNDBOARD|SC01:SC01_Simu|\SC01:counter[16]           ; clk_50       ; clk_50      ; 20.000       ; -0.038     ; 1.894      ;
; 18.055 ; SD_Card:SD_CARD|cpu_reset_l    ; gosof80:SOUNDBOARD|SC01:SC01_Simu|\SC01:counter[15]           ; clk_50       ; clk_50      ; 20.000       ; -0.038     ; 1.894      ;
; 18.055 ; SD_Card:SD_CARD|cpu_reset_l    ; gosof80:SOUNDBOARD|SC01:SC01_Simu|\SC01:counter[13]           ; clk_50       ; clk_50      ; 20.000       ; -0.038     ; 1.894      ;
; 18.055 ; SD_Card:SD_CARD|cpu_reset_l    ; gosof80:SOUNDBOARD|SC01:SC01_Simu|state.Speech                ; clk_50       ; clk_50      ; 20.000       ; -0.038     ; 1.894      ;
; 18.055 ; SD_Card:SD_CARD|cpu_reset_l    ; gosof80:SOUNDBOARD|SC01:SC01_Simu|\SC01:counter[0]            ; clk_50       ; clk_50      ; 20.000       ; -0.038     ; 1.894      ;
; 18.148 ; SD_Card:SD_CARD|cpu_reset_l    ; sn74175:sn74175_80B_2|Qn[2]                                   ; clk_50       ; clk_50      ; 20.000       ; -0.052     ; 1.787      ;
; 18.148 ; SD_Card:SD_CARD|cpu_reset_l    ; sn74175:sn74175_80B_2|Qn[1]                                   ; clk_50       ; clk_50      ; 20.000       ; -0.052     ; 1.787      ;
; 18.148 ; SD_Card:SD_CARD|cpu_reset_l    ; sn74175:sn74175_80B_2|Qn[0]                                   ; clk_50       ; clk_50      ; 20.000       ; -0.052     ; 1.787      ;
; 18.148 ; SD_Card:SD_CARD|cpu_reset_l    ; sn74175:sn74175_80B_2|Qn[3]                                   ; clk_50       ; clk_50      ; 20.000       ; -0.052     ; 1.787      ;
; 18.252 ; SD_Card:SD_CARD|cpu_reset_l    ; count_to_zero:COUNT_INTS|int_count[7]                         ; clk_50       ; clk_50      ; 20.000       ; -0.042     ; 1.693      ;
; 18.252 ; SD_Card:SD_CARD|cpu_reset_l    ; count_to_zero:COUNT_INTS|int_count[6]                         ; clk_50       ; clk_50      ; 20.000       ; -0.042     ; 1.693      ;
; 18.252 ; SD_Card:SD_CARD|cpu_reset_l    ; count_to_zero:COUNT_INTS|int_count[5]                         ; clk_50       ; clk_50      ; 20.000       ; -0.042     ; 1.693      ;
; 18.252 ; SD_Card:SD_CARD|cpu_reset_l    ; count_to_zero:COUNT_INTS|int_count[4]                         ; clk_50       ; clk_50      ; 20.000       ; -0.042     ; 1.693      ;
; 18.252 ; SD_Card:SD_CARD|cpu_reset_l    ; count_to_zero:COUNT_INTS|int_count[3]                         ; clk_50       ; clk_50      ; 20.000       ; -0.042     ; 1.693      ;
; 18.252 ; SD_Card:SD_CARD|cpu_reset_l    ; count_to_zero:COUNT_INTS|int_count[2]                         ; clk_50       ; clk_50      ; 20.000       ; -0.042     ; 1.693      ;
; 18.252 ; SD_Card:SD_CARD|cpu_reset_l    ; count_to_zero:COUNT_INTS|int_count[1]                         ; clk_50       ; clk_50      ; 20.000       ; -0.042     ; 1.693      ;
; 18.254 ; SD_Card:SD_CARD|cpu_reset_l    ; count_to_zero:COUNT_INTS|d_out                                ; clk_50       ; clk_50      ; 20.000       ; -0.042     ; 1.691      ;
; 18.254 ; SD_Card:SD_CARD|cpu_reset_l    ; count_to_zero:COUNT_INTS|int_count[0]                         ; clk_50       ; clk_50      ; 20.000       ; -0.042     ; 1.691      ;
; 18.350 ; SD_Card:SD_CARD|cpu_reset_l    ; EEprom:EEprom|state.Write_enable                              ; clk_50       ; clk_50      ; 20.000       ; -0.039     ; 1.598      ;
; 18.350 ; SD_Card:SD_CARD|cpu_reset_l    ; EEprom:EEprom|address_eeprom[6]                               ; clk_50       ; clk_50      ; 20.000       ; -0.039     ; 1.598      ;
; 18.350 ; SD_Card:SD_CARD|cpu_reset_l    ; EEprom:EEprom|address_eeprom[5]                               ; clk_50       ; clk_50      ; 20.000       ; -0.039     ; 1.598      ;
; 18.350 ; SD_Card:SD_CARD|cpu_reset_l    ; EEprom:EEprom|address_eeprom[4]                               ; clk_50       ; clk_50      ; 20.000       ; -0.039     ; 1.598      ;
; 18.350 ; SD_Card:SD_CARD|cpu_reset_l    ; EEprom:EEprom|address_eeprom[3]                               ; clk_50       ; clk_50      ; 20.000       ; -0.039     ; 1.598      ;
; 18.350 ; SD_Card:SD_CARD|cpu_reset_l    ; EEprom:EEprom|address_eeprom[2]                               ; clk_50       ; clk_50      ; 20.000       ; -0.039     ; 1.598      ;
; 18.350 ; SD_Card:SD_CARD|cpu_reset_l    ; EEprom:EEprom|address_eeprom[1]                               ; clk_50       ; clk_50      ; 20.000       ; -0.039     ; 1.598      ;
; 18.350 ; SD_Card:SD_CARD|cpu_reset_l    ; EEprom:EEprom|address_eeprom[0]                               ; clk_50       ; clk_50      ; 20.000       ; -0.039     ; 1.598      ;
; 18.350 ; SD_Card:SD_CARD|cpu_reset_l    ; EEprom:EEprom|state.Idle                                      ; clk_50       ; clk_50      ; 20.000       ; -0.039     ; 1.598      ;
; 18.355 ; SD_Card:SD_CARD|cpu_reset_l    ; EEprom:EEprom|c_count[25]                                     ; clk_50       ; clk_50      ; 20.000       ; -0.040     ; 1.592      ;
; 18.355 ; SD_Card:SD_CARD|cpu_reset_l    ; EEprom:EEprom|c_count[28]                                     ; clk_50       ; clk_50      ; 20.000       ; -0.040     ; 1.592      ;
; 18.355 ; SD_Card:SD_CARD|cpu_reset_l    ; EEprom:EEprom|c_count[27]                                     ; clk_50       ; clk_50      ; 20.000       ; -0.040     ; 1.592      ;
; 18.355 ; SD_Card:SD_CARD|cpu_reset_l    ; EEprom:EEprom|c_count[26]                                     ; clk_50       ; clk_50      ; 20.000       ; -0.040     ; 1.592      ;
; 18.355 ; SD_Card:SD_CARD|cpu_reset_l    ; EEprom:EEprom|c_count[24]                                     ; clk_50       ; clk_50      ; 20.000       ; -0.040     ; 1.592      ;
; 18.355 ; SD_Card:SD_CARD|cpu_reset_l    ; EEprom:EEprom|c_count[23]                                     ; clk_50       ; clk_50      ; 20.000       ; -0.040     ; 1.592      ;
; 18.355 ; SD_Card:SD_CARD|cpu_reset_l    ; EEprom:EEprom|c_count[22]                                     ; clk_50       ; clk_50      ; 20.000       ; -0.040     ; 1.592      ;
; 18.355 ; SD_Card:SD_CARD|cpu_reset_l    ; EEprom:EEprom|c_count[21]                                     ; clk_50       ; clk_50      ; 20.000       ; -0.040     ; 1.592      ;
; 18.355 ; SD_Card:SD_CARD|cpu_reset_l    ; EEprom:EEprom|c_count[20]                                     ; clk_50       ; clk_50      ; 20.000       ; -0.040     ; 1.592      ;
; 18.355 ; SD_Card:SD_CARD|cpu_reset_l    ; EEprom:EEprom|c_count[19]                                     ; clk_50       ; clk_50      ; 20.000       ; -0.040     ; 1.592      ;
; 18.355 ; SD_Card:SD_CARD|cpu_reset_l    ; EEprom:EEprom|c_count[18]                                     ; clk_50       ; clk_50      ; 20.000       ; -0.040     ; 1.592      ;
; 18.355 ; SD_Card:SD_CARD|cpu_reset_l    ; EEprom:EEprom|c_count[17]                                     ; clk_50       ; clk_50      ; 20.000       ; -0.040     ; 1.592      ;
; 18.355 ; SD_Card:SD_CARD|cpu_reset_l    ; EEprom:EEprom|c_count[16]                                     ; clk_50       ; clk_50      ; 20.000       ; -0.040     ; 1.592      ;
; 18.355 ; SD_Card:SD_CARD|cpu_reset_l    ; EEprom:EEprom|c_count[15]                                     ; clk_50       ; clk_50      ; 20.000       ; -0.040     ; 1.592      ;
; 18.355 ; SD_Card:SD_CARD|cpu_reset_l    ; EEprom:EEprom|c_count[14]                                     ; clk_50       ; clk_50      ; 20.000       ; -0.040     ; 1.592      ;
; 18.362 ; SD_Card:SD_CARD|cpu_reset_l    ; EEprom:EEprom|c_count[13]                                     ; clk_50       ; clk_50      ; 20.000       ; -0.041     ; 1.584      ;
; 18.362 ; SD_Card:SD_CARD|cpu_reset_l    ; EEprom:EEprom|c_count[12]                                     ; clk_50       ; clk_50      ; 20.000       ; -0.041     ; 1.584      ;
; 18.362 ; SD_Card:SD_CARD|cpu_reset_l    ; EEprom:EEprom|c_count[11]                                     ; clk_50       ; clk_50      ; 20.000       ; -0.041     ; 1.584      ;
; 18.362 ; SD_Card:SD_CARD|cpu_reset_l    ; EEprom:EEprom|c_count[10]                                     ; clk_50       ; clk_50      ; 20.000       ; -0.041     ; 1.584      ;
; 18.362 ; SD_Card:SD_CARD|cpu_reset_l    ; EEprom:EEprom|c_count[9]                                      ; clk_50       ; clk_50      ; 20.000       ; -0.041     ; 1.584      ;
; 18.362 ; SD_Card:SD_CARD|cpu_reset_l    ; EEprom:EEprom|c_count[8]                                      ; clk_50       ; clk_50      ; 20.000       ; -0.041     ; 1.584      ;
; 18.362 ; SD_Card:SD_CARD|cpu_reset_l    ; EEprom:EEprom|c_count[7]                                      ; clk_50       ; clk_50      ; 20.000       ; -0.041     ; 1.584      ;
+--------+--------------------------------+---------------------------------------------------------------+--------------+-------------+--------------+------------+------------+


+----------------------------------------------------------------------------------------------------------------------------------------------------------------------------+
; Fast 1200mV 0C Model Recovery: 'cpu_clk_out'                                                                                                                               ;
+--------+--------------------------------+------------------------------------------------------------+--------------+-------------+--------------+------------+------------+
; Slack  ; From Node                      ; To Node                                                    ; Launch Clock ; Latch Clock ; Relationship ; Clock Skew ; Data Delay ;
+--------+--------------------------------+------------------------------------------------------------+--------------+-------------+--------------+------------+------------+
; 18.655 ; SD_Card:SD_CARD|cpu_reset_l    ; T65:U1|Res_n_i                                             ; clk_50       ; cpu_clk_out ; 20.000       ; 1.523      ; 2.855      ;
; 18.655 ; SD_Card:SD_CARD|cpu_reset_l    ; T65:U1|Res_n_d                                             ; clk_50       ; cpu_clk_out ; 20.000       ; 1.523      ; 2.855      ;
; 18.824 ; count_to_zero:COUNT_INTS|d_out ; detect_sw:detect_credit_sw|check_counter[0]                ; clk_50       ; cpu_clk_out ; 20.000       ; 1.551      ; 2.714      ;
; 18.824 ; count_to_zero:COUNT_INTS|d_out ; detect_sw:detect_credit_sw|check_counter[1]                ; clk_50       ; cpu_clk_out ; 20.000       ; 1.551      ; 2.714      ;
; 18.824 ; count_to_zero:COUNT_INTS|d_out ; detect_sw:detect_credit_sw|check_counter[2]                ; clk_50       ; cpu_clk_out ; 20.000       ; 1.551      ; 2.714      ;
; 18.824 ; count_to_zero:COUNT_INTS|d_out ; detect_sw:detect_credit_sw|check_counter[3]                ; clk_50       ; cpu_clk_out ; 20.000       ; 1.551      ; 2.714      ;
; 18.824 ; count_to_zero:COUNT_INTS|d_out ; detect_sw:detect_credit_sw|check_counter[4]                ; clk_50       ; cpu_clk_out ; 20.000       ; 1.551      ; 2.714      ;
; 18.824 ; count_to_zero:COUNT_INTS|d_out ; detect_sw:detect_credit_sw|check_counter[5]                ; clk_50       ; cpu_clk_out ; 20.000       ; 1.551      ; 2.714      ;
; 18.824 ; count_to_zero:COUNT_INTS|d_out ; detect_sw:detect_credit_sw|check_counter[6]                ; clk_50       ; cpu_clk_out ; 20.000       ; 1.551      ; 2.714      ;
; 18.824 ; count_to_zero:COUNT_INTS|d_out ; detect_sw:detect_credit_sw|check_counter[7]                ; clk_50       ; cpu_clk_out ; 20.000       ; 1.551      ; 2.714      ;
; 18.824 ; count_to_zero:COUNT_INTS|d_out ; detect_sw:detect_credit_sw|check_counter[8]                ; clk_50       ; cpu_clk_out ; 20.000       ; 1.551      ; 2.714      ;
; 18.824 ; count_to_zero:COUNT_INTS|d_out ; detect_sw:detect_credit_sw|check_counter[9]                ; clk_50       ; cpu_clk_out ; 20.000       ; 1.551      ; 2.714      ;
; 18.824 ; count_to_zero:COUNT_INTS|d_out ; detect_sw:detect_credit_sw|check_counter[10]               ; clk_50       ; cpu_clk_out ; 20.000       ; 1.551      ; 2.714      ;
; 18.824 ; count_to_zero:COUNT_INTS|d_out ; detect_sw:detect_credit_sw|check_counter[11]               ; clk_50       ; cpu_clk_out ; 20.000       ; 1.551      ; 2.714      ;
; 18.825 ; count_to_zero:COUNT_INTS|d_out ; detect_sw:detect_credit_sw|closed_counter[12]              ; clk_50       ; cpu_clk_out ; 20.000       ; 1.548      ; 2.710      ;
; 18.825 ; count_to_zero:COUNT_INTS|d_out ; detect_sw:detect_credit_sw|closed_counter[13]              ; clk_50       ; cpu_clk_out ; 20.000       ; 1.548      ; 2.710      ;
; 18.825 ; count_to_zero:COUNT_INTS|d_out ; detect_sw:detect_credit_sw|closed_counter[14]              ; clk_50       ; cpu_clk_out ; 20.000       ; 1.548      ; 2.710      ;
; 18.825 ; count_to_zero:COUNT_INTS|d_out ; detect_sw:detect_credit_sw|closed_counter[15]              ; clk_50       ; cpu_clk_out ; 20.000       ; 1.548      ; 2.710      ;
; 18.825 ; count_to_zero:COUNT_INTS|d_out ; detect_sw:detect_credit_sw|closed_counter[16]              ; clk_50       ; cpu_clk_out ; 20.000       ; 1.548      ; 2.710      ;
; 18.825 ; count_to_zero:COUNT_INTS|d_out ; detect_sw:detect_credit_sw|closed_counter[17]              ; clk_50       ; cpu_clk_out ; 20.000       ; 1.548      ; 2.710      ;
; 18.825 ; count_to_zero:COUNT_INTS|d_out ; detect_sw:detect_credit_sw|closed_counter[18]              ; clk_50       ; cpu_clk_out ; 20.000       ; 1.548      ; 2.710      ;
; 18.825 ; count_to_zero:COUNT_INTS|d_out ; detect_sw:detect_credit_sw|closed_counter[19]              ; clk_50       ; cpu_clk_out ; 20.000       ; 1.548      ; 2.710      ;
; 18.825 ; count_to_zero:COUNT_INTS|d_out ; detect_sw:detect_credit_sw|closed_counter[20]              ; clk_50       ; cpu_clk_out ; 20.000       ; 1.548      ; 2.710      ;
; 18.825 ; count_to_zero:COUNT_INTS|d_out ; detect_sw:detect_credit_sw|closed_counter[21]              ; clk_50       ; cpu_clk_out ; 20.000       ; 1.548      ; 2.710      ;
; 18.825 ; count_to_zero:COUNT_INTS|d_out ; detect_sw:detect_credit_sw|closed_counter[22]              ; clk_50       ; cpu_clk_out ; 20.000       ; 1.548      ; 2.710      ;
; 18.825 ; count_to_zero:COUNT_INTS|d_out ; detect_sw:detect_credit_sw|closed_counter[23]              ; clk_50       ; cpu_clk_out ; 20.000       ; 1.548      ; 2.710      ;
; 18.825 ; count_to_zero:COUNT_INTS|d_out ; detect_sw:detect_credit_sw|closed_counter[24]              ; clk_50       ; cpu_clk_out ; 20.000       ; 1.548      ; 2.710      ;
; 18.825 ; count_to_zero:COUNT_INTS|d_out ; detect_sw:detect_test_sw|state.counting                    ; clk_50       ; cpu_clk_out ; 20.000       ; 1.532      ; 2.694      ;
; 18.825 ; count_to_zero:COUNT_INTS|d_out ; detect_sw:detect_test_sw|state.delay                       ; clk_50       ; cpu_clk_out ; 20.000       ; 1.532      ; 2.694      ;
; 18.825 ; count_to_zero:COUNT_INTS|d_out ; detect_sw:detect_test_sw|check_counter[12]                 ; clk_50       ; cpu_clk_out ; 20.000       ; 1.531      ; 2.693      ;
; 18.825 ; count_to_zero:COUNT_INTS|d_out ; detect_sw:detect_test_sw|check_counter[13]                 ; clk_50       ; cpu_clk_out ; 20.000       ; 1.531      ; 2.693      ;
; 18.825 ; count_to_zero:COUNT_INTS|d_out ; detect_sw:detect_test_sw|check_counter[14]                 ; clk_50       ; cpu_clk_out ; 20.000       ; 1.531      ; 2.693      ;
; 18.825 ; count_to_zero:COUNT_INTS|d_out ; detect_sw:detect_test_sw|check_counter[15]                 ; clk_50       ; cpu_clk_out ; 20.000       ; 1.531      ; 2.693      ;
; 18.825 ; count_to_zero:COUNT_INTS|d_out ; detect_sw:detect_test_sw|check_counter[17]                 ; clk_50       ; cpu_clk_out ; 20.000       ; 1.531      ; 2.693      ;
; 18.825 ; count_to_zero:COUNT_INTS|d_out ; detect_sw:detect_test_sw|check_counter[18]                 ; clk_50       ; cpu_clk_out ; 20.000       ; 1.531      ; 2.693      ;
; 18.825 ; count_to_zero:COUNT_INTS|d_out ; detect_sw:detect_test_sw|check_counter[19]                 ; clk_50       ; cpu_clk_out ; 20.000       ; 1.531      ; 2.693      ;
; 18.825 ; count_to_zero:COUNT_INTS|d_out ; detect_sw:detect_test_sw|check_counter[20]                 ; clk_50       ; cpu_clk_out ; 20.000       ; 1.531      ; 2.693      ;
; 18.825 ; count_to_zero:COUNT_INTS|d_out ; detect_sw:detect_test_sw|check_counter[21]                 ; clk_50       ; cpu_clk_out ; 20.000       ; 1.531      ; 2.693      ;
; 18.825 ; count_to_zero:COUNT_INTS|d_out ; detect_sw:detect_test_sw|check_counter[22]                 ; clk_50       ; cpu_clk_out ; 20.000       ; 1.531      ; 2.693      ;
; 18.825 ; count_to_zero:COUNT_INTS|d_out ; detect_sw:detect_test_sw|check_counter[23]                 ; clk_50       ; cpu_clk_out ; 20.000       ; 1.531      ; 2.693      ;
; 18.825 ; count_to_zero:COUNT_INTS|d_out ; detect_sw:detect_test_sw|check_counter[24]                 ; clk_50       ; cpu_clk_out ; 20.000       ; 1.531      ; 2.693      ;
; 18.825 ; count_to_zero:COUNT_INTS|d_out ; detect_sw:detect_test_sw|state.Idle                        ; clk_50       ; cpu_clk_out ; 20.000       ; 1.532      ; 2.694      ;
; 18.825 ; count_to_zero:COUNT_INTS|d_out ; detect_sw:detect_test_sw|check_counter[16]                 ; clk_50       ; cpu_clk_out ; 20.000       ; 1.531      ; 2.693      ;
; 18.825 ; count_to_zero:COUNT_INTS|d_out ; detect_sw:detect_test_sw|short_push                        ; clk_50       ; cpu_clk_out ; 20.000       ; 1.532      ; 2.694      ;
; 18.826 ; count_to_zero:COUNT_INTS|d_out ; detect_sw_trigger:detect_credit_sw_trigger|state.Idle      ; clk_50       ; cpu_clk_out ; 20.000       ; 1.530      ; 2.691      ;
; 18.826 ; count_to_zero:COUNT_INTS|d_out ; detect_sw_trigger:detect_credit_sw_trigger|state.wait_open ; clk_50       ; cpu_clk_out ; 20.000       ; 1.530      ; 2.691      ;
; 18.826 ; count_to_zero:COUNT_INTS|d_out ; detect_sw_trigger:detect_credit_sw_trigger|state.counting  ; clk_50       ; cpu_clk_out ; 20.000       ; 1.530      ; 2.691      ;
; 18.826 ; count_to_zero:COUNT_INTS|d_out ; detect_sw_trigger:detect_credit_sw_trigger|old_trigger     ; clk_50       ; cpu_clk_out ; 20.000       ; 1.530      ; 2.691      ;
; 18.833 ; count_to_zero:COUNT_INTS|d_out ; detect_sw:detect_credit_sw|check_counter[12]               ; clk_50       ; cpu_clk_out ; 20.000       ; 1.550      ; 2.704      ;
; 18.833 ; count_to_zero:COUNT_INTS|d_out ; detect_sw:detect_credit_sw|check_counter[13]               ; clk_50       ; cpu_clk_out ; 20.000       ; 1.550      ; 2.704      ;
; 18.833 ; count_to_zero:COUNT_INTS|d_out ; detect_sw:detect_credit_sw|check_counter[14]               ; clk_50       ; cpu_clk_out ; 20.000       ; 1.550      ; 2.704      ;
; 18.833 ; count_to_zero:COUNT_INTS|d_out ; detect_sw:detect_credit_sw|check_counter[15]               ; clk_50       ; cpu_clk_out ; 20.000       ; 1.550      ; 2.704      ;
; 18.833 ; count_to_zero:COUNT_INTS|d_out ; detect_sw:detect_credit_sw|check_counter[16]               ; clk_50       ; cpu_clk_out ; 20.000       ; 1.550      ; 2.704      ;
; 18.833 ; count_to_zero:COUNT_INTS|d_out ; detect_sw:detect_credit_sw|check_counter[17]               ; clk_50       ; cpu_clk_out ; 20.000       ; 1.550      ; 2.704      ;
; 18.833 ; count_to_zero:COUNT_INTS|d_out ; detect_sw:detect_credit_sw|check_counter[18]               ; clk_50       ; cpu_clk_out ; 20.000       ; 1.550      ; 2.704      ;
; 18.833 ; count_to_zero:COUNT_INTS|d_out ; detect_sw:detect_credit_sw|check_counter[19]               ; clk_50       ; cpu_clk_out ; 20.000       ; 1.550      ; 2.704      ;
; 18.833 ; count_to_zero:COUNT_INTS|d_out ; detect_sw:detect_credit_sw|check_counter[20]               ; clk_50       ; cpu_clk_out ; 20.000       ; 1.550      ; 2.704      ;
; 18.833 ; count_to_zero:COUNT_INTS|d_out ; detect_sw:detect_credit_sw|check_counter[21]               ; clk_50       ; cpu_clk_out ; 20.000       ; 1.550      ; 2.704      ;
; 18.833 ; count_to_zero:COUNT_INTS|d_out ; detect_sw:detect_credit_sw|check_counter[22]               ; clk_50       ; cpu_clk_out ; 20.000       ; 1.550      ; 2.704      ;
; 18.833 ; count_to_zero:COUNT_INTS|d_out ; detect_sw:detect_credit_sw|check_counter[23]               ; clk_50       ; cpu_clk_out ; 20.000       ; 1.550      ; 2.704      ;
; 18.833 ; count_to_zero:COUNT_INTS|d_out ; detect_sw:detect_credit_sw|check_counter[24]               ; clk_50       ; cpu_clk_out ; 20.000       ; 1.550      ; 2.704      ;
; 18.833 ; count_to_zero:COUNT_INTS|d_out ; detect_sw:detect_credit_sw|state.counting                  ; clk_50       ; cpu_clk_out ; 20.000       ; 1.546      ; 2.700      ;
; 18.833 ; count_to_zero:COUNT_INTS|d_out ; detect_sw:detect_credit_sw|state.delay                     ; clk_50       ; cpu_clk_out ; 20.000       ; 1.546      ; 2.700      ;
; 18.833 ; count_to_zero:COUNT_INTS|d_out ; detect_sw:detect_credit_sw|state.Idle                      ; clk_50       ; cpu_clk_out ; 20.000       ; 1.546      ; 2.700      ;
; 18.833 ; count_to_zero:COUNT_INTS|d_out ; detect_sw:detect_credit_sw|closed_counter[0]               ; clk_50       ; cpu_clk_out ; 20.000       ; 1.550      ; 2.704      ;
; 18.833 ; count_to_zero:COUNT_INTS|d_out ; detect_sw:detect_credit_sw|closed_counter[1]               ; clk_50       ; cpu_clk_out ; 20.000       ; 1.550      ; 2.704      ;
; 18.833 ; count_to_zero:COUNT_INTS|d_out ; detect_sw:detect_credit_sw|closed_counter[2]               ; clk_50       ; cpu_clk_out ; 20.000       ; 1.550      ; 2.704      ;
; 18.833 ; count_to_zero:COUNT_INTS|d_out ; detect_sw:detect_credit_sw|closed_counter[3]               ; clk_50       ; cpu_clk_out ; 20.000       ; 1.550      ; 2.704      ;
; 18.833 ; count_to_zero:COUNT_INTS|d_out ; detect_sw:detect_credit_sw|closed_counter[4]               ; clk_50       ; cpu_clk_out ; 20.000       ; 1.550      ; 2.704      ;
; 18.833 ; count_to_zero:COUNT_INTS|d_out ; detect_sw:detect_credit_sw|closed_counter[5]               ; clk_50       ; cpu_clk_out ; 20.000       ; 1.550      ; 2.704      ;
; 18.833 ; count_to_zero:COUNT_INTS|d_out ; detect_sw:detect_credit_sw|closed_counter[6]               ; clk_50       ; cpu_clk_out ; 20.000       ; 1.550      ; 2.704      ;
; 18.833 ; count_to_zero:COUNT_INTS|d_out ; detect_sw:detect_credit_sw|closed_counter[7]               ; clk_50       ; cpu_clk_out ; 20.000       ; 1.550      ; 2.704      ;
; 18.833 ; count_to_zero:COUNT_INTS|d_out ; detect_sw:detect_credit_sw|closed_counter[8]               ; clk_50       ; cpu_clk_out ; 20.000       ; 1.550      ; 2.704      ;
; 18.833 ; count_to_zero:COUNT_INTS|d_out ; detect_sw:detect_credit_sw|closed_counter[9]               ; clk_50       ; cpu_clk_out ; 20.000       ; 1.550      ; 2.704      ;
; 18.833 ; count_to_zero:COUNT_INTS|d_out ; detect_sw:detect_credit_sw|closed_counter[10]              ; clk_50       ; cpu_clk_out ; 20.000       ; 1.550      ; 2.704      ;
; 18.833 ; count_to_zero:COUNT_INTS|d_out ; detect_sw:detect_credit_sw|closed_counter[11]              ; clk_50       ; cpu_clk_out ; 20.000       ; 1.550      ; 2.704      ;
; 18.833 ; count_to_zero:COUNT_INTS|d_out ; detect_sw:detect_credit_sw|long_push                       ; clk_50       ; cpu_clk_out ; 20.000       ; 1.546      ; 2.700      ;
; 18.834 ; count_to_zero:COUNT_INTS|d_out ; detect_sw:detect_test_sw|check_counter[0]                  ; clk_50       ; cpu_clk_out ; 20.000       ; 1.532      ; 2.685      ;
; 18.834 ; count_to_zero:COUNT_INTS|d_out ; detect_sw:detect_test_sw|check_counter[1]                  ; clk_50       ; cpu_clk_out ; 20.000       ; 1.532      ; 2.685      ;
; 18.834 ; count_to_zero:COUNT_INTS|d_out ; detect_sw:detect_test_sw|check_counter[2]                  ; clk_50       ; cpu_clk_out ; 20.000       ; 1.532      ; 2.685      ;
; 18.834 ; count_to_zero:COUNT_INTS|d_out ; detect_sw:detect_test_sw|check_counter[3]                  ; clk_50       ; cpu_clk_out ; 20.000       ; 1.532      ; 2.685      ;
; 18.834 ; count_to_zero:COUNT_INTS|d_out ; detect_sw:detect_test_sw|check_counter[4]                  ; clk_50       ; cpu_clk_out ; 20.000       ; 1.532      ; 2.685      ;
; 18.834 ; count_to_zero:COUNT_INTS|d_out ; detect_sw:detect_test_sw|check_counter[5]                  ; clk_50       ; cpu_clk_out ; 20.000       ; 1.532      ; 2.685      ;
; 18.834 ; count_to_zero:COUNT_INTS|d_out ; detect_sw:detect_test_sw|check_counter[6]                  ; clk_50       ; cpu_clk_out ; 20.000       ; 1.532      ; 2.685      ;
; 18.834 ; count_to_zero:COUNT_INTS|d_out ; detect_sw:detect_test_sw|check_counter[7]                  ; clk_50       ; cpu_clk_out ; 20.000       ; 1.532      ; 2.685      ;
; 18.834 ; count_to_zero:COUNT_INTS|d_out ; detect_sw:detect_test_sw|check_counter[8]                  ; clk_50       ; cpu_clk_out ; 20.000       ; 1.532      ; 2.685      ;
; 18.834 ; count_to_zero:COUNT_INTS|d_out ; detect_sw:detect_test_sw|check_counter[9]                  ; clk_50       ; cpu_clk_out ; 20.000       ; 1.532      ; 2.685      ;
; 18.834 ; count_to_zero:COUNT_INTS|d_out ; detect_sw:detect_test_sw|check_counter[10]                 ; clk_50       ; cpu_clk_out ; 20.000       ; 1.532      ; 2.685      ;
; 18.834 ; count_to_zero:COUNT_INTS|d_out ; detect_sw:detect_test_sw|check_counter[11]                 ; clk_50       ; cpu_clk_out ; 20.000       ; 1.532      ; 2.685      ;
; 18.835 ; count_to_zero:COUNT_INTS|d_out ; detect_sw:detect_test_sw|closed_counter[0]                 ; clk_50       ; cpu_clk_out ; 20.000       ; 1.536      ; 2.688      ;
; 18.835 ; count_to_zero:COUNT_INTS|d_out ; detect_sw:detect_test_sw|closed_counter[1]                 ; clk_50       ; cpu_clk_out ; 20.000       ; 1.536      ; 2.688      ;
; 18.835 ; count_to_zero:COUNT_INTS|d_out ; detect_sw:detect_test_sw|closed_counter[2]                 ; clk_50       ; cpu_clk_out ; 20.000       ; 1.536      ; 2.688      ;
; 18.835 ; count_to_zero:COUNT_INTS|d_out ; detect_sw:detect_test_sw|closed_counter[3]                 ; clk_50       ; cpu_clk_out ; 20.000       ; 1.536      ; 2.688      ;
; 18.835 ; count_to_zero:COUNT_INTS|d_out ; detect_sw:detect_test_sw|closed_counter[4]                 ; clk_50       ; cpu_clk_out ; 20.000       ; 1.536      ; 2.688      ;
; 18.835 ; count_to_zero:COUNT_INTS|d_out ; detect_sw:detect_test_sw|closed_counter[5]                 ; clk_50       ; cpu_clk_out ; 20.000       ; 1.536      ; 2.688      ;
; 18.835 ; count_to_zero:COUNT_INTS|d_out ; detect_sw:detect_test_sw|closed_counter[6]                 ; clk_50       ; cpu_clk_out ; 20.000       ; 1.536      ; 2.688      ;
; 18.835 ; count_to_zero:COUNT_INTS|d_out ; detect_sw:detect_test_sw|closed_counter[7]                 ; clk_50       ; cpu_clk_out ; 20.000       ; 1.536      ; 2.688      ;
; 18.835 ; count_to_zero:COUNT_INTS|d_out ; detect_sw:detect_test_sw|closed_counter[8]                 ; clk_50       ; cpu_clk_out ; 20.000       ; 1.536      ; 2.688      ;
; 18.835 ; count_to_zero:COUNT_INTS|d_out ; detect_sw:detect_test_sw|closed_counter[9]                 ; clk_50       ; cpu_clk_out ; 20.000       ; 1.536      ; 2.688      ;
; 18.835 ; count_to_zero:COUNT_INTS|d_out ; detect_sw:detect_test_sw|closed_counter[10]                ; clk_50       ; cpu_clk_out ; 20.000       ; 1.536      ; 2.688      ;
+--------+--------------------------------+------------------------------------------------------------+--------------+-------------+--------------+------------+------------+


+-----------------------------------------------------------------------------------------------------------------------------------------------------------------------+
; Fast 1200mV 0C Model Removal: 'cpu_clk_out'                                                                                                                           ;
+-------+--------------------------------+--------------------------------------------------------+--------------+-------------+--------------+------------+------------+
; Slack ; From Node                      ; To Node                                                ; Launch Clock ; Latch Clock ; Relationship ; Clock Skew ; Data Delay ;
+-------+--------------------------------+--------------------------------------------------------+--------------+-------------+--------------+------------+------------+
; 0.537 ; count_to_zero:COUNT_INTS|d_out ; detect_sw:detect_credit_sw|state.counting              ; clk_50       ; cpu_clk_out ; 0.000        ; 1.690      ; 2.331      ;
; 0.537 ; count_to_zero:COUNT_INTS|d_out ; detect_sw:detect_credit_sw|state.delay                 ; clk_50       ; cpu_clk_out ; 0.000        ; 1.690      ; 2.331      ;
; 0.537 ; count_to_zero:COUNT_INTS|d_out ; detect_sw:detect_credit_sw|state.Idle                  ; clk_50       ; cpu_clk_out ; 0.000        ; 1.690      ; 2.331      ;
; 0.537 ; count_to_zero:COUNT_INTS|d_out ; detect_sw:detect_credit_sw|closed_counter[0]           ; clk_50       ; cpu_clk_out ; 0.000        ; 1.695      ; 2.336      ;
; 0.537 ; count_to_zero:COUNT_INTS|d_out ; detect_sw:detect_credit_sw|closed_counter[1]           ; clk_50       ; cpu_clk_out ; 0.000        ; 1.695      ; 2.336      ;
; 0.537 ; count_to_zero:COUNT_INTS|d_out ; detect_sw:detect_credit_sw|closed_counter[2]           ; clk_50       ; cpu_clk_out ; 0.000        ; 1.695      ; 2.336      ;
; 0.537 ; count_to_zero:COUNT_INTS|d_out ; detect_sw:detect_credit_sw|closed_counter[3]           ; clk_50       ; cpu_clk_out ; 0.000        ; 1.695      ; 2.336      ;
; 0.537 ; count_to_zero:COUNT_INTS|d_out ; detect_sw:detect_credit_sw|closed_counter[4]           ; clk_50       ; cpu_clk_out ; 0.000        ; 1.695      ; 2.336      ;
; 0.537 ; count_to_zero:COUNT_INTS|d_out ; detect_sw:detect_credit_sw|closed_counter[5]           ; clk_50       ; cpu_clk_out ; 0.000        ; 1.695      ; 2.336      ;
; 0.537 ; count_to_zero:COUNT_INTS|d_out ; detect_sw:detect_credit_sw|closed_counter[6]           ; clk_50       ; cpu_clk_out ; 0.000        ; 1.695      ; 2.336      ;
; 0.537 ; count_to_zero:COUNT_INTS|d_out ; detect_sw:detect_credit_sw|closed_counter[7]           ; clk_50       ; cpu_clk_out ; 0.000        ; 1.695      ; 2.336      ;
; 0.537 ; count_to_zero:COUNT_INTS|d_out ; detect_sw:detect_credit_sw|closed_counter[8]           ; clk_50       ; cpu_clk_out ; 0.000        ; 1.695      ; 2.336      ;
; 0.537 ; count_to_zero:COUNT_INTS|d_out ; detect_sw:detect_credit_sw|closed_counter[9]           ; clk_50       ; cpu_clk_out ; 0.000        ; 1.695      ; 2.336      ;
; 0.537 ; count_to_zero:COUNT_INTS|d_out ; detect_sw:detect_credit_sw|closed_counter[10]          ; clk_50       ; cpu_clk_out ; 0.000        ; 1.695      ; 2.336      ;
; 0.537 ; count_to_zero:COUNT_INTS|d_out ; detect_sw:detect_credit_sw|closed_counter[11]          ; clk_50       ; cpu_clk_out ; 0.000        ; 1.695      ; 2.336      ;
; 0.537 ; count_to_zero:COUNT_INTS|d_out ; detect_sw:detect_credit_sw|long_push                   ; clk_50       ; cpu_clk_out ; 0.000        ; 1.690      ; 2.331      ;
; 0.537 ; count_to_zero:COUNT_INTS|d_out ; detect_sw:detect_test_sw|closed_counter[0]             ; clk_50       ; cpu_clk_out ; 0.000        ; 1.680      ; 2.321      ;
; 0.537 ; count_to_zero:COUNT_INTS|d_out ; detect_sw:detect_test_sw|closed_counter[1]             ; clk_50       ; cpu_clk_out ; 0.000        ; 1.680      ; 2.321      ;
; 0.537 ; count_to_zero:COUNT_INTS|d_out ; detect_sw:detect_test_sw|closed_counter[2]             ; clk_50       ; cpu_clk_out ; 0.000        ; 1.680      ; 2.321      ;
; 0.537 ; count_to_zero:COUNT_INTS|d_out ; detect_sw:detect_test_sw|closed_counter[3]             ; clk_50       ; cpu_clk_out ; 0.000        ; 1.680      ; 2.321      ;
; 0.537 ; count_to_zero:COUNT_INTS|d_out ; detect_sw:detect_test_sw|closed_counter[4]             ; clk_50       ; cpu_clk_out ; 0.000        ; 1.680      ; 2.321      ;
; 0.537 ; count_to_zero:COUNT_INTS|d_out ; detect_sw:detect_test_sw|closed_counter[5]             ; clk_50       ; cpu_clk_out ; 0.000        ; 1.680      ; 2.321      ;
; 0.537 ; count_to_zero:COUNT_INTS|d_out ; detect_sw:detect_test_sw|closed_counter[6]             ; clk_50       ; cpu_clk_out ; 0.000        ; 1.680      ; 2.321      ;
; 0.537 ; count_to_zero:COUNT_INTS|d_out ; detect_sw:detect_test_sw|closed_counter[7]             ; clk_50       ; cpu_clk_out ; 0.000        ; 1.680      ; 2.321      ;
; 0.537 ; count_to_zero:COUNT_INTS|d_out ; detect_sw:detect_test_sw|closed_counter[8]             ; clk_50       ; cpu_clk_out ; 0.000        ; 1.680      ; 2.321      ;
; 0.537 ; count_to_zero:COUNT_INTS|d_out ; detect_sw:detect_test_sw|closed_counter[9]             ; clk_50       ; cpu_clk_out ; 0.000        ; 1.680      ; 2.321      ;
; 0.537 ; count_to_zero:COUNT_INTS|d_out ; detect_sw:detect_test_sw|closed_counter[10]            ; clk_50       ; cpu_clk_out ; 0.000        ; 1.680      ; 2.321      ;
; 0.537 ; count_to_zero:COUNT_INTS|d_out ; detect_sw:detect_test_sw|closed_counter[11]            ; clk_50       ; cpu_clk_out ; 0.000        ; 1.680      ; 2.321      ;
; 0.537 ; count_to_zero:COUNT_INTS|d_out ; detect_sw_trigger:detect_credit_sw_trigger|counter[0]  ; clk_50       ; cpu_clk_out ; 0.000        ; 1.680      ; 2.321      ;
; 0.537 ; count_to_zero:COUNT_INTS|d_out ; detect_sw_trigger:detect_credit_sw_trigger|counter[1]  ; clk_50       ; cpu_clk_out ; 0.000        ; 1.680      ; 2.321      ;
; 0.537 ; count_to_zero:COUNT_INTS|d_out ; detect_sw_trigger:detect_credit_sw_trigger|counter[2]  ; clk_50       ; cpu_clk_out ; 0.000        ; 1.680      ; 2.321      ;
; 0.537 ; count_to_zero:COUNT_INTS|d_out ; detect_sw_trigger:detect_credit_sw_trigger|counter[3]  ; clk_50       ; cpu_clk_out ; 0.000        ; 1.680      ; 2.321      ;
; 0.537 ; count_to_zero:COUNT_INTS|d_out ; detect_sw_trigger:detect_credit_sw_trigger|counter[4]  ; clk_50       ; cpu_clk_out ; 0.000        ; 1.680      ; 2.321      ;
; 0.537 ; count_to_zero:COUNT_INTS|d_out ; detect_sw_trigger:detect_credit_sw_trigger|counter[5]  ; clk_50       ; cpu_clk_out ; 0.000        ; 1.680      ; 2.321      ;
; 0.537 ; count_to_zero:COUNT_INTS|d_out ; detect_sw_trigger:detect_credit_sw_trigger|counter[6]  ; clk_50       ; cpu_clk_out ; 0.000        ; 1.680      ; 2.321      ;
; 0.537 ; count_to_zero:COUNT_INTS|d_out ; detect_sw_trigger:detect_credit_sw_trigger|counter[7]  ; clk_50       ; cpu_clk_out ; 0.000        ; 1.680      ; 2.321      ;
; 0.537 ; count_to_zero:COUNT_INTS|d_out ; detect_sw_trigger:detect_credit_sw_trigger|counter[8]  ; clk_50       ; cpu_clk_out ; 0.000        ; 1.680      ; 2.321      ;
; 0.537 ; count_to_zero:COUNT_INTS|d_out ; detect_sw_trigger:detect_credit_sw_trigger|counter[9]  ; clk_50       ; cpu_clk_out ; 0.000        ; 1.680      ; 2.321      ;
; 0.537 ; count_to_zero:COUNT_INTS|d_out ; detect_sw_trigger:detect_credit_sw_trigger|counter[10] ; clk_50       ; cpu_clk_out ; 0.000        ; 1.680      ; 2.321      ;
; 0.537 ; count_to_zero:COUNT_INTS|d_out ; detect_sw_trigger:detect_credit_sw_trigger|counter[11] ; clk_50       ; cpu_clk_out ; 0.000        ; 1.680      ; 2.321      ;
; 0.537 ; count_to_zero:COUNT_INTS|d_out ; detect_sw_trigger:detect_credit_sw_trigger|counter[12] ; clk_50       ; cpu_clk_out ; 0.000        ; 1.680      ; 2.321      ;
; 0.538 ; count_to_zero:COUNT_INTS|d_out ; detect_sw:detect_credit_sw|check_counter[12]           ; clk_50       ; cpu_clk_out ; 0.000        ; 1.694      ; 2.336      ;
; 0.538 ; count_to_zero:COUNT_INTS|d_out ; detect_sw:detect_credit_sw|check_counter[13]           ; clk_50       ; cpu_clk_out ; 0.000        ; 1.694      ; 2.336      ;
; 0.538 ; count_to_zero:COUNT_INTS|d_out ; detect_sw:detect_credit_sw|check_counter[14]           ; clk_50       ; cpu_clk_out ; 0.000        ; 1.694      ; 2.336      ;
; 0.538 ; count_to_zero:COUNT_INTS|d_out ; detect_sw:detect_credit_sw|check_counter[15]           ; clk_50       ; cpu_clk_out ; 0.000        ; 1.694      ; 2.336      ;
; 0.538 ; count_to_zero:COUNT_INTS|d_out ; detect_sw:detect_credit_sw|check_counter[16]           ; clk_50       ; cpu_clk_out ; 0.000        ; 1.694      ; 2.336      ;
; 0.538 ; count_to_zero:COUNT_INTS|d_out ; detect_sw:detect_credit_sw|check_counter[17]           ; clk_50       ; cpu_clk_out ; 0.000        ; 1.694      ; 2.336      ;
; 0.538 ; count_to_zero:COUNT_INTS|d_out ; detect_sw:detect_credit_sw|check_counter[18]           ; clk_50       ; cpu_clk_out ; 0.000        ; 1.694      ; 2.336      ;
; 0.538 ; count_to_zero:COUNT_INTS|d_out ; detect_sw:detect_credit_sw|check_counter[19]           ; clk_50       ; cpu_clk_out ; 0.000        ; 1.694      ; 2.336      ;
; 0.538 ; count_to_zero:COUNT_INTS|d_out ; detect_sw:detect_credit_sw|check_counter[20]           ; clk_50       ; cpu_clk_out ; 0.000        ; 1.694      ; 2.336      ;
; 0.538 ; count_to_zero:COUNT_INTS|d_out ; detect_sw:detect_credit_sw|check_counter[21]           ; clk_50       ; cpu_clk_out ; 0.000        ; 1.694      ; 2.336      ;
; 0.538 ; count_to_zero:COUNT_INTS|d_out ; detect_sw:detect_credit_sw|check_counter[22]           ; clk_50       ; cpu_clk_out ; 0.000        ; 1.694      ; 2.336      ;
; 0.538 ; count_to_zero:COUNT_INTS|d_out ; detect_sw:detect_credit_sw|check_counter[23]           ; clk_50       ; cpu_clk_out ; 0.000        ; 1.694      ; 2.336      ;
; 0.538 ; count_to_zero:COUNT_INTS|d_out ; detect_sw:detect_credit_sw|check_counter[24]           ; clk_50       ; cpu_clk_out ; 0.000        ; 1.694      ; 2.336      ;
; 0.538 ; count_to_zero:COUNT_INTS|d_out ; detect_sw:detect_test_sw|check_counter[0]              ; clk_50       ; cpu_clk_out ; 0.000        ; 1.676      ; 2.318      ;
; 0.538 ; count_to_zero:COUNT_INTS|d_out ; detect_sw:detect_test_sw|check_counter[1]              ; clk_50       ; cpu_clk_out ; 0.000        ; 1.676      ; 2.318      ;
; 0.538 ; count_to_zero:COUNT_INTS|d_out ; detect_sw:detect_test_sw|check_counter[2]              ; clk_50       ; cpu_clk_out ; 0.000        ; 1.676      ; 2.318      ;
; 0.538 ; count_to_zero:COUNT_INTS|d_out ; detect_sw:detect_test_sw|check_counter[3]              ; clk_50       ; cpu_clk_out ; 0.000        ; 1.676      ; 2.318      ;
; 0.538 ; count_to_zero:COUNT_INTS|d_out ; detect_sw:detect_test_sw|check_counter[4]              ; clk_50       ; cpu_clk_out ; 0.000        ; 1.676      ; 2.318      ;
; 0.538 ; count_to_zero:COUNT_INTS|d_out ; detect_sw:detect_test_sw|check_counter[5]              ; clk_50       ; cpu_clk_out ; 0.000        ; 1.676      ; 2.318      ;
; 0.538 ; count_to_zero:COUNT_INTS|d_out ; detect_sw:detect_test_sw|check_counter[6]              ; clk_50       ; cpu_clk_out ; 0.000        ; 1.676      ; 2.318      ;
; 0.538 ; count_to_zero:COUNT_INTS|d_out ; detect_sw:detect_test_sw|check_counter[7]              ; clk_50       ; cpu_clk_out ; 0.000        ; 1.676      ; 2.318      ;
; 0.538 ; count_to_zero:COUNT_INTS|d_out ; detect_sw:detect_test_sw|check_counter[8]              ; clk_50       ; cpu_clk_out ; 0.000        ; 1.676      ; 2.318      ;
; 0.538 ; count_to_zero:COUNT_INTS|d_out ; detect_sw:detect_test_sw|check_counter[9]              ; clk_50       ; cpu_clk_out ; 0.000        ; 1.676      ; 2.318      ;
; 0.538 ; count_to_zero:COUNT_INTS|d_out ; detect_sw:detect_test_sw|check_counter[10]             ; clk_50       ; cpu_clk_out ; 0.000        ; 1.676      ; 2.318      ;
; 0.538 ; count_to_zero:COUNT_INTS|d_out ; detect_sw:detect_test_sw|check_counter[11]             ; clk_50       ; cpu_clk_out ; 0.000        ; 1.676      ; 2.318      ;
; 0.538 ; count_to_zero:COUNT_INTS|d_out ; detect_sw:detect_test_sw|closed_counter[12]            ; clk_50       ; cpu_clk_out ; 0.000        ; 1.679      ; 2.321      ;
; 0.538 ; count_to_zero:COUNT_INTS|d_out ; detect_sw:detect_test_sw|closed_counter[13]            ; clk_50       ; cpu_clk_out ; 0.000        ; 1.679      ; 2.321      ;
; 0.538 ; count_to_zero:COUNT_INTS|d_out ; detect_sw:detect_test_sw|closed_counter[14]            ; clk_50       ; cpu_clk_out ; 0.000        ; 1.679      ; 2.321      ;
; 0.538 ; count_to_zero:COUNT_INTS|d_out ; detect_sw:detect_test_sw|closed_counter[15]            ; clk_50       ; cpu_clk_out ; 0.000        ; 1.679      ; 2.321      ;
; 0.538 ; count_to_zero:COUNT_INTS|d_out ; detect_sw:detect_test_sw|closed_counter[16]            ; clk_50       ; cpu_clk_out ; 0.000        ; 1.679      ; 2.321      ;
; 0.538 ; count_to_zero:COUNT_INTS|d_out ; detect_sw:detect_test_sw|closed_counter[17]            ; clk_50       ; cpu_clk_out ; 0.000        ; 1.679      ; 2.321      ;
; 0.538 ; count_to_zero:COUNT_INTS|d_out ; detect_sw:detect_test_sw|closed_counter[18]            ; clk_50       ; cpu_clk_out ; 0.000        ; 1.679      ; 2.321      ;
; 0.538 ; count_to_zero:COUNT_INTS|d_out ; detect_sw:detect_test_sw|closed_counter[19]            ; clk_50       ; cpu_clk_out ; 0.000        ; 1.679      ; 2.321      ;
; 0.538 ; count_to_zero:COUNT_INTS|d_out ; detect_sw:detect_test_sw|closed_counter[20]            ; clk_50       ; cpu_clk_out ; 0.000        ; 1.679      ; 2.321      ;
; 0.538 ; count_to_zero:COUNT_INTS|d_out ; detect_sw:detect_test_sw|closed_counter[21]            ; clk_50       ; cpu_clk_out ; 0.000        ; 1.679      ; 2.321      ;
; 0.538 ; count_to_zero:COUNT_INTS|d_out ; detect_sw:detect_test_sw|closed_counter[22]            ; clk_50       ; cpu_clk_out ; 0.000        ; 1.679      ; 2.321      ;
; 0.538 ; count_to_zero:COUNT_INTS|d_out ; detect_sw:detect_test_sw|closed_counter[23]            ; clk_50       ; cpu_clk_out ; 0.000        ; 1.679      ; 2.321      ;
; 0.538 ; count_to_zero:COUNT_INTS|d_out ; detect_sw:detect_test_sw|closed_counter[24]            ; clk_50       ; cpu_clk_out ; 0.000        ; 1.679      ; 2.321      ;
; 0.538 ; count_to_zero:COUNT_INTS|d_out ; detect_sw_trigger:detect_credit_sw_trigger|counter[13] ; clk_50       ; cpu_clk_out ; 0.000        ; 1.679      ; 2.321      ;
; 0.538 ; count_to_zero:COUNT_INTS|d_out ; detect_sw_trigger:detect_credit_sw_trigger|counter[14] ; clk_50       ; cpu_clk_out ; 0.000        ; 1.679      ; 2.321      ;
; 0.538 ; count_to_zero:COUNT_INTS|d_out ; detect_sw_trigger:detect_credit_sw_trigger|counter[15] ; clk_50       ; cpu_clk_out ; 0.000        ; 1.679      ; 2.321      ;
; 0.538 ; count_to_zero:COUNT_INTS|d_out ; detect_sw_trigger:detect_credit_sw_trigger|counter[16] ; clk_50       ; cpu_clk_out ; 0.000        ; 1.679      ; 2.321      ;
; 0.538 ; count_to_zero:COUNT_INTS|d_out ; detect_sw_trigger:detect_credit_sw_trigger|counter[17] ; clk_50       ; cpu_clk_out ; 0.000        ; 1.679      ; 2.321      ;
; 0.538 ; count_to_zero:COUNT_INTS|d_out ; detect_sw_trigger:detect_credit_sw_trigger|counter[18] ; clk_50       ; cpu_clk_out ; 0.000        ; 1.679      ; 2.321      ;
; 0.538 ; count_to_zero:COUNT_INTS|d_out ; detect_sw_trigger:detect_credit_sw_trigger|counter[19] ; clk_50       ; cpu_clk_out ; 0.000        ; 1.679      ; 2.321      ;
; 0.538 ; count_to_zero:COUNT_INTS|d_out ; detect_sw_trigger:detect_credit_sw_trigger|counter[20] ; clk_50       ; cpu_clk_out ; 0.000        ; 1.679      ; 2.321      ;
; 0.538 ; count_to_zero:COUNT_INTS|d_out ; detect_sw_trigger:detect_credit_sw_trigger|counter[21] ; clk_50       ; cpu_clk_out ; 0.000        ; 1.679      ; 2.321      ;
; 0.538 ; count_to_zero:COUNT_INTS|d_out ; detect_sw_trigger:detect_credit_sw_trigger|counter[22] ; clk_50       ; cpu_clk_out ; 0.000        ; 1.679      ; 2.321      ;
; 0.538 ; count_to_zero:COUNT_INTS|d_out ; detect_sw_trigger:detect_credit_sw_trigger|counter[23] ; clk_50       ; cpu_clk_out ; 0.000        ; 1.679      ; 2.321      ;
; 0.538 ; count_to_zero:COUNT_INTS|d_out ; detect_sw_trigger:detect_credit_sw_trigger|counter[24] ; clk_50       ; cpu_clk_out ; 0.000        ; 1.679      ; 2.321      ;
; 0.538 ; count_to_zero:COUNT_INTS|d_out ; detect_sw_trigger:detect_credit_sw_trigger|counter[25] ; clk_50       ; cpu_clk_out ; 0.000        ; 1.679      ; 2.321      ;
; 0.543 ; count_to_zero:COUNT_INTS|d_out ; detect_sw:detect_credit_sw|check_counter[0]            ; clk_50       ; cpu_clk_out ; 0.000        ; 1.696      ; 2.343      ;
; 0.543 ; count_to_zero:COUNT_INTS|d_out ; detect_sw:detect_credit_sw|check_counter[1]            ; clk_50       ; cpu_clk_out ; 0.000        ; 1.696      ; 2.343      ;
; 0.543 ; count_to_zero:COUNT_INTS|d_out ; detect_sw:detect_credit_sw|check_counter[2]            ; clk_50       ; cpu_clk_out ; 0.000        ; 1.696      ; 2.343      ;
; 0.543 ; count_to_zero:COUNT_INTS|d_out ; detect_sw:detect_credit_sw|check_counter[3]            ; clk_50       ; cpu_clk_out ; 0.000        ; 1.696      ; 2.343      ;
; 0.543 ; count_to_zero:COUNT_INTS|d_out ; detect_sw:detect_credit_sw|check_counter[4]            ; clk_50       ; cpu_clk_out ; 0.000        ; 1.696      ; 2.343      ;
; 0.543 ; count_to_zero:COUNT_INTS|d_out ; detect_sw:detect_credit_sw|check_counter[5]            ; clk_50       ; cpu_clk_out ; 0.000        ; 1.696      ; 2.343      ;
; 0.543 ; count_to_zero:COUNT_INTS|d_out ; detect_sw:detect_credit_sw|check_counter[6]            ; clk_50       ; cpu_clk_out ; 0.000        ; 1.696      ; 2.343      ;
; 0.543 ; count_to_zero:COUNT_INTS|d_out ; detect_sw:detect_credit_sw|check_counter[7]            ; clk_50       ; cpu_clk_out ; 0.000        ; 1.696      ; 2.343      ;
+-------+--------------------------------+--------------------------------------------------------+--------------+-------------+--------------+------------+------------+


+-----------------------------------------------------------------------------------------------------------------------------------------------------------------+
; Fast 1200mV 0C Model Removal: 'clk_50'                                                                                                                          ;
+-------+-----------------------------+-----------------------------------------------------+--------------+-------------+--------------+------------+------------+
; Slack ; From Node                   ; To Node                                             ; Launch Clock ; Latch Clock ; Relationship ; Clock Skew ; Data Delay ;
+-------+-----------------------------+-----------------------------------------------------+--------------+-------------+--------------+------------+------------+
; 0.924 ; SD_Card:SD_CARD|cpu_reset_l ; EEprom:EEprom|state.wait_for_Master_II              ; clk_50       ; clk_50      ; 0.000        ; 0.050      ; 1.058      ;
; 0.924 ; SD_Card:SD_CARD|cpu_reset_l ; EEprom:EEprom|state.check_WP_bit                    ; clk_50       ; clk_50      ; 0.000        ; 0.050      ; 1.058      ;
; 0.924 ; SD_Card:SD_CARD|cpu_reset_l ; EEprom:EEprom|state.wait_for_Master_III             ; clk_50       ; clk_50      ; 0.000        ; 0.050      ; 1.058      ;
; 0.924 ; SD_Card:SD_CARD|cpu_reset_l ; EEprom:EEprom|state.wait_for_Master_I               ; clk_50       ; clk_50      ; 0.000        ; 0.050      ; 1.058      ;
; 0.924 ; SD_Card:SD_CARD|cpu_reset_l ; EEprom:EEprom|state.wait_for_get_status_reg         ; clk_50       ; clk_50      ; 0.000        ; 0.050      ; 1.058      ;
; 0.924 ; SD_Card:SD_CARD|cpu_reset_l ; EEprom:EEprom|TX_Start_Stat                         ; clk_50       ; clk_50      ; 0.000        ; 0.050      ; 1.058      ;
; 0.924 ; SD_Card:SD_CARD|cpu_reset_l ; EEprom:EEprom|state.get_status_reg                  ; clk_50       ; clk_50      ; 0.000        ; 0.050      ; 1.058      ;
; 0.924 ; SD_Card:SD_CARD|cpu_reset_l ; EEprom:EEprom|state.next_write                      ; clk_50       ; clk_50      ; 0.000        ; 0.050      ; 1.058      ;
; 0.946 ; SD_Card:SD_CARD|cpu_reset_l ; EEprom:EEprom|TX_Start_W                            ; clk_50       ; clk_50      ; 0.000        ; 0.050      ; 1.080      ;
; 0.946 ; SD_Card:SD_CARD|cpu_reset_l ; EEprom:EEprom|state.wait_for_Write_done             ; clk_50       ; clk_50      ; 0.000        ; 0.050      ; 1.080      ;
; 0.946 ; SD_Card:SD_CARD|cpu_reset_l ; EEprom:EEprom|state.send_write_request              ; clk_50       ; clk_50      ; 0.000        ; 0.050      ; 1.080      ;
; 0.946 ; SD_Card:SD_CARD|cpu_reset_l ; EEprom:EEprom|TX_Start_Cmd                          ; clk_50       ; clk_50      ; 0.000        ; 0.050      ; 1.080      ;
; 0.946 ; SD_Card:SD_CARD|cpu_reset_l ; EEprom:EEprom|state.wait_for_Cmd_done               ; clk_50       ; clk_50      ; 0.000        ; 0.050      ; 1.080      ;
; 0.946 ; SD_Card:SD_CARD|cpu_reset_l ; EEprom:EEprom|state.send_read_request               ; clk_50       ; clk_50      ; 0.000        ; 0.050      ; 1.080      ;
; 0.946 ; SD_Card:SD_CARD|cpu_reset_l ; EEprom:EEprom|state.Delay                           ; clk_50       ; clk_50      ; 0.000        ; 0.050      ; 1.080      ;
; 0.946 ; SD_Card:SD_CARD|cpu_reset_l ; EEprom:EEprom|state.Check_dip                       ; clk_50       ; clk_50      ; 0.000        ; 0.050      ; 1.080      ;
; 1.041 ; SD_Card:SD_CARD|cpu_reset_l ; count_to_zero:COUNT_STROBES|d_out                   ; clk_50       ; clk_50      ; 0.000        ; 0.037      ; 1.162      ;
; 1.041 ; SD_Card:SD_CARD|cpu_reset_l ; count_to_zero:COUNT_STROBES|int_count[0]            ; clk_50       ; clk_50      ; 0.000        ; 0.037      ; 1.162      ;
; 1.043 ; SD_Card:SD_CARD|cpu_reset_l ; count_to_zero:COUNT_STROBES|int_count[5]            ; clk_50       ; clk_50      ; 0.000        ; 0.037      ; 1.164      ;
; 1.043 ; SD_Card:SD_CARD|cpu_reset_l ; count_to_zero:COUNT_STROBES|int_count[2]            ; clk_50       ; clk_50      ; 0.000        ; 0.037      ; 1.164      ;
; 1.043 ; SD_Card:SD_CARD|cpu_reset_l ; count_to_zero:COUNT_STROBES|int_count[1]            ; clk_50       ; clk_50      ; 0.000        ; 0.037      ; 1.164      ;
; 1.043 ; SD_Card:SD_CARD|cpu_reset_l ; count_to_zero:COUNT_STROBES|int_count[3]            ; clk_50       ; clk_50      ; 0.000        ; 0.037      ; 1.164      ;
; 1.043 ; SD_Card:SD_CARD|cpu_reset_l ; count_to_zero:COUNT_STROBES|int_count[4]            ; clk_50       ; clk_50      ; 0.000        ; 0.037      ; 1.164      ;
; 1.043 ; SD_Card:SD_CARD|cpu_reset_l ; count_to_zero:COUNT_STROBES|int_count[7]            ; clk_50       ; clk_50      ; 0.000        ; 0.037      ; 1.164      ;
; 1.043 ; SD_Card:SD_CARD|cpu_reset_l ; count_to_zero:COUNT_STROBES|int_count[6]            ; clk_50       ; clk_50      ; 0.000        ; 0.037      ; 1.164      ;
; 1.046 ; SD_Card:SD_CARD|cpu_reset_l ; EEprom:EEprom|state.Delay2                          ; clk_50       ; clk_50      ; 0.000        ; 0.050      ; 1.180      ;
; 1.046 ; SD_Card:SD_CARD|cpu_reset_l ; EEprom:EEprom|state.wait_for_Master                 ; clk_50       ; clk_50      ; 0.000        ; 0.050      ; 1.180      ;
; 1.046 ; SD_Card:SD_CARD|cpu_reset_l ; EEprom:EEprom|wr_ram                                ; clk_50       ; clk_50      ; 0.000        ; 0.050      ; 1.180      ;
; 1.046 ; SD_Card:SD_CARD|cpu_reset_l ; EEprom:EEprom|state.wait_for_read                   ; clk_50       ; clk_50      ; 0.000        ; 0.050      ; 1.180      ;
; 1.046 ; SD_Card:SD_CARD|cpu_reset_l ; EEprom:EEprom|TX_Start_R                            ; clk_50       ; clk_50      ; 0.000        ; 0.050      ; 1.180      ;
; 1.095 ; SD_Card:SD_CARD|cpu_reset_l ; gosof80:SOUNDBOARD|dac:Audio_DAC|DACout_q           ; clk_50       ; clk_50      ; 0.000        ; 0.049      ; 1.228      ;
; 1.106 ; SD_Card:SD_CARD|cpu_reset_l ; sn74175:sn74175_80B_1|Qn[2]                         ; clk_50       ; clk_50      ; 0.000        ; 0.023      ; 1.213      ;
; 1.106 ; SD_Card:SD_CARD|cpu_reset_l ; sn74175:sn74175_80B_1|Qn[1]                         ; clk_50       ; clk_50      ; 0.000        ; 0.023      ; 1.213      ;
; 1.106 ; SD_Card:SD_CARD|cpu_reset_l ; sn74175:sn74175_80B_1|Qn[0]                         ; clk_50       ; clk_50      ; 0.000        ; 0.023      ; 1.213      ;
; 1.106 ; SD_Card:SD_CARD|cpu_reset_l ; sn74175:sn74175_80B_1|Qn[3]                         ; clk_50       ; clk_50      ; 0.000        ; 0.023      ; 1.213      ;
; 1.219 ; SD_Card:SD_CARD|cpu_reset_l ; EEprom:EEprom|c_count[13]                           ; clk_50       ; clk_50      ; 0.000        ; 0.041      ; 1.344      ;
; 1.219 ; SD_Card:SD_CARD|cpu_reset_l ; EEprom:EEprom|c_count[12]                           ; clk_50       ; clk_50      ; 0.000        ; 0.041      ; 1.344      ;
; 1.219 ; SD_Card:SD_CARD|cpu_reset_l ; EEprom:EEprom|c_count[11]                           ; clk_50       ; clk_50      ; 0.000        ; 0.041      ; 1.344      ;
; 1.219 ; SD_Card:SD_CARD|cpu_reset_l ; EEprom:EEprom|c_count[10]                           ; clk_50       ; clk_50      ; 0.000        ; 0.041      ; 1.344      ;
; 1.219 ; SD_Card:SD_CARD|cpu_reset_l ; EEprom:EEprom|c_count[9]                            ; clk_50       ; clk_50      ; 0.000        ; 0.041      ; 1.344      ;
; 1.219 ; SD_Card:SD_CARD|cpu_reset_l ; EEprom:EEprom|c_count[8]                            ; clk_50       ; clk_50      ; 0.000        ; 0.041      ; 1.344      ;
; 1.219 ; SD_Card:SD_CARD|cpu_reset_l ; EEprom:EEprom|c_count[7]                            ; clk_50       ; clk_50      ; 0.000        ; 0.041      ; 1.344      ;
; 1.219 ; SD_Card:SD_CARD|cpu_reset_l ; EEprom:EEprom|c_count[6]                            ; clk_50       ; clk_50      ; 0.000        ; 0.041      ; 1.344      ;
; 1.219 ; SD_Card:SD_CARD|cpu_reset_l ; EEprom:EEprom|c_count[5]                            ; clk_50       ; clk_50      ; 0.000        ; 0.041      ; 1.344      ;
; 1.219 ; SD_Card:SD_CARD|cpu_reset_l ; EEprom:EEprom|c_count[4]                            ; clk_50       ; clk_50      ; 0.000        ; 0.041      ; 1.344      ;
; 1.219 ; SD_Card:SD_CARD|cpu_reset_l ; EEprom:EEprom|c_count[3]                            ; clk_50       ; clk_50      ; 0.000        ; 0.041      ; 1.344      ;
; 1.219 ; SD_Card:SD_CARD|cpu_reset_l ; EEprom:EEprom|c_count[2]                            ; clk_50       ; clk_50      ; 0.000        ; 0.041      ; 1.344      ;
; 1.219 ; SD_Card:SD_CARD|cpu_reset_l ; EEprom:EEprom|c_count[1]                            ; clk_50       ; clk_50      ; 0.000        ; 0.041      ; 1.344      ;
; 1.219 ; SD_Card:SD_CARD|cpu_reset_l ; EEprom:EEprom|c_count[0]                            ; clk_50       ; clk_50      ; 0.000        ; 0.041      ; 1.344      ;
; 1.220 ; SD_Card:SD_CARD|cpu_reset_l ; EEprom:EEprom|state.Write_enable                    ; clk_50       ; clk_50      ; 0.000        ; 0.042      ; 1.346      ;
; 1.220 ; SD_Card:SD_CARD|cpu_reset_l ; EEprom:EEprom|c_count[25]                           ; clk_50       ; clk_50      ; 0.000        ; 0.041      ; 1.345      ;
; 1.220 ; SD_Card:SD_CARD|cpu_reset_l ; EEprom:EEprom|address_eeprom[6]                     ; clk_50       ; clk_50      ; 0.000        ; 0.042      ; 1.346      ;
; 1.220 ; SD_Card:SD_CARD|cpu_reset_l ; EEprom:EEprom|address_eeprom[5]                     ; clk_50       ; clk_50      ; 0.000        ; 0.042      ; 1.346      ;
; 1.220 ; SD_Card:SD_CARD|cpu_reset_l ; EEprom:EEprom|address_eeprom[4]                     ; clk_50       ; clk_50      ; 0.000        ; 0.042      ; 1.346      ;
; 1.220 ; SD_Card:SD_CARD|cpu_reset_l ; EEprom:EEprom|address_eeprom[3]                     ; clk_50       ; clk_50      ; 0.000        ; 0.042      ; 1.346      ;
; 1.220 ; SD_Card:SD_CARD|cpu_reset_l ; EEprom:EEprom|address_eeprom[2]                     ; clk_50       ; clk_50      ; 0.000        ; 0.042      ; 1.346      ;
; 1.220 ; SD_Card:SD_CARD|cpu_reset_l ; EEprom:EEprom|address_eeprom[1]                     ; clk_50       ; clk_50      ; 0.000        ; 0.042      ; 1.346      ;
; 1.220 ; SD_Card:SD_CARD|cpu_reset_l ; EEprom:EEprom|address_eeprom[0]                     ; clk_50       ; clk_50      ; 0.000        ; 0.042      ; 1.346      ;
; 1.220 ; SD_Card:SD_CARD|cpu_reset_l ; EEprom:EEprom|state.Idle                            ; clk_50       ; clk_50      ; 0.000        ; 0.042      ; 1.346      ;
; 1.220 ; SD_Card:SD_CARD|cpu_reset_l ; EEprom:EEprom|c_count[28]                           ; clk_50       ; clk_50      ; 0.000        ; 0.041      ; 1.345      ;
; 1.220 ; SD_Card:SD_CARD|cpu_reset_l ; EEprom:EEprom|c_count[27]                           ; clk_50       ; clk_50      ; 0.000        ; 0.041      ; 1.345      ;
; 1.220 ; SD_Card:SD_CARD|cpu_reset_l ; EEprom:EEprom|c_count[26]                           ; clk_50       ; clk_50      ; 0.000        ; 0.041      ; 1.345      ;
; 1.220 ; SD_Card:SD_CARD|cpu_reset_l ; EEprom:EEprom|c_count[24]                           ; clk_50       ; clk_50      ; 0.000        ; 0.041      ; 1.345      ;
; 1.220 ; SD_Card:SD_CARD|cpu_reset_l ; EEprom:EEprom|c_count[23]                           ; clk_50       ; clk_50      ; 0.000        ; 0.041      ; 1.345      ;
; 1.220 ; SD_Card:SD_CARD|cpu_reset_l ; EEprom:EEprom|c_count[22]                           ; clk_50       ; clk_50      ; 0.000        ; 0.041      ; 1.345      ;
; 1.220 ; SD_Card:SD_CARD|cpu_reset_l ; EEprom:EEprom|c_count[21]                           ; clk_50       ; clk_50      ; 0.000        ; 0.041      ; 1.345      ;
; 1.220 ; SD_Card:SD_CARD|cpu_reset_l ; EEprom:EEprom|c_count[20]                           ; clk_50       ; clk_50      ; 0.000        ; 0.041      ; 1.345      ;
; 1.220 ; SD_Card:SD_CARD|cpu_reset_l ; EEprom:EEprom|c_count[19]                           ; clk_50       ; clk_50      ; 0.000        ; 0.041      ; 1.345      ;
; 1.220 ; SD_Card:SD_CARD|cpu_reset_l ; EEprom:EEprom|c_count[18]                           ; clk_50       ; clk_50      ; 0.000        ; 0.041      ; 1.345      ;
; 1.220 ; SD_Card:SD_CARD|cpu_reset_l ; EEprom:EEprom|c_count[17]                           ; clk_50       ; clk_50      ; 0.000        ; 0.041      ; 1.345      ;
; 1.220 ; SD_Card:SD_CARD|cpu_reset_l ; EEprom:EEprom|c_count[16]                           ; clk_50       ; clk_50      ; 0.000        ; 0.041      ; 1.345      ;
; 1.220 ; SD_Card:SD_CARD|cpu_reset_l ; EEprom:EEprom|c_count[15]                           ; clk_50       ; clk_50      ; 0.000        ; 0.041      ; 1.345      ;
; 1.220 ; SD_Card:SD_CARD|cpu_reset_l ; EEprom:EEprom|c_count[14]                           ; clk_50       ; clk_50      ; 0.000        ; 0.041      ; 1.345      ;
; 1.288 ; SD_Card:SD_CARD|cpu_reset_l ; count_to_zero:COUNT_INTS|int_count[7]               ; clk_50       ; clk_50      ; 0.000        ; 0.039      ; 1.411      ;
; 1.288 ; SD_Card:SD_CARD|cpu_reset_l ; count_to_zero:COUNT_INTS|int_count[6]               ; clk_50       ; clk_50      ; 0.000        ; 0.039      ; 1.411      ;
; 1.288 ; SD_Card:SD_CARD|cpu_reset_l ; count_to_zero:COUNT_INTS|int_count[5]               ; clk_50       ; clk_50      ; 0.000        ; 0.039      ; 1.411      ;
; 1.288 ; SD_Card:SD_CARD|cpu_reset_l ; count_to_zero:COUNT_INTS|int_count[4]               ; clk_50       ; clk_50      ; 0.000        ; 0.039      ; 1.411      ;
; 1.288 ; SD_Card:SD_CARD|cpu_reset_l ; count_to_zero:COUNT_INTS|int_count[3]               ; clk_50       ; clk_50      ; 0.000        ; 0.039      ; 1.411      ;
; 1.288 ; SD_Card:SD_CARD|cpu_reset_l ; count_to_zero:COUNT_INTS|int_count[2]               ; clk_50       ; clk_50      ; 0.000        ; 0.039      ; 1.411      ;
; 1.288 ; SD_Card:SD_CARD|cpu_reset_l ; count_to_zero:COUNT_INTS|int_count[1]               ; clk_50       ; clk_50      ; 0.000        ; 0.039      ; 1.411      ;
; 1.291 ; SD_Card:SD_CARD|cpu_reset_l ; count_to_zero:COUNT_INTS|d_out                      ; clk_50       ; clk_50      ; 0.000        ; 0.039      ; 1.414      ;
; 1.291 ; SD_Card:SD_CARD|cpu_reset_l ; count_to_zero:COUNT_INTS|int_count[0]               ; clk_50       ; clk_50      ; 0.000        ; 0.039      ; 1.414      ;
; 1.399 ; SD_Card:SD_CARD|cpu_reset_l ; sn74175:sn74175_80B_2|Qn[2]                         ; clk_50       ; clk_50      ; 0.000        ; 0.021      ; 1.504      ;
; 1.399 ; SD_Card:SD_CARD|cpu_reset_l ; sn74175:sn74175_80B_2|Qn[1]                         ; clk_50       ; clk_50      ; 0.000        ; 0.021      ; 1.504      ;
; 1.399 ; SD_Card:SD_CARD|cpu_reset_l ; sn74175:sn74175_80B_2|Qn[0]                         ; clk_50       ; clk_50      ; 0.000        ; 0.021      ; 1.504      ;
; 1.399 ; SD_Card:SD_CARD|cpu_reset_l ; sn74175:sn74175_80B_2|Qn[3]                         ; clk_50       ; clk_50      ; 0.000        ; 0.021      ; 1.504      ;
; 1.457 ; SD_Card:SD_CARD|cpu_reset_l ; gosof80:SOUNDBOARD|SC01:SC01_Simu|\SC01:counter[23] ; clk_50       ; clk_50      ; 0.000        ; 0.036      ; 1.577      ;
; 1.457 ; SD_Card:SD_CARD|cpu_reset_l ; gosof80:SOUNDBOARD|SC01:SC01_Simu|\SC01:counter[21] ; clk_50       ; clk_50      ; 0.000        ; 0.036      ; 1.577      ;
; 1.457 ; SD_Card:SD_CARD|cpu_reset_l ; gosof80:SOUNDBOARD|SC01:SC01_Simu|\SC01:counter[19] ; clk_50       ; clk_50      ; 0.000        ; 0.036      ; 1.577      ;
; 1.457 ; SD_Card:SD_CARD|cpu_reset_l ; gosof80:SOUNDBOARD|SC01:SC01_Simu|\SC01:counter[16] ; clk_50       ; clk_50      ; 0.000        ; 0.036      ; 1.577      ;
; 1.457 ; SD_Card:SD_CARD|cpu_reset_l ; gosof80:SOUNDBOARD|SC01:SC01_Simu|\SC01:counter[15] ; clk_50       ; clk_50      ; 0.000        ; 0.036      ; 1.577      ;
; 1.457 ; SD_Card:SD_CARD|cpu_reset_l ; gosof80:SOUNDBOARD|SC01:SC01_Simu|\SC01:counter[13] ; clk_50       ; clk_50      ; 0.000        ; 0.036      ; 1.577      ;
; 1.457 ; SD_Card:SD_CARD|cpu_reset_l ; gosof80:SOUNDBOARD|SC01:SC01_Simu|state.Speech      ; clk_50       ; clk_50      ; 0.000        ; 0.036      ; 1.577      ;
; 1.457 ; SD_Card:SD_CARD|cpu_reset_l ; gosof80:SOUNDBOARD|SC01:SC01_Simu|\SC01:counter[0]  ; clk_50       ; clk_50      ; 0.000        ; 0.036      ; 1.577      ;
; 1.896 ; SD_Card:SD_CARD|cpu_reset_l ; gosof80:SOUNDBOARD|dac:Audio_DAC|SigmaLatch_q[8]    ; clk_50       ; clk_50      ; 0.000        ; 0.031      ; 2.011      ;
; 1.896 ; SD_Card:SD_CARD|cpu_reset_l ; gosof80:SOUNDBOARD|dac:Audio_DAC|SigmaLatch_q[9]    ; clk_50       ; clk_50      ; 0.000        ; 0.031      ; 2.011      ;
; 1.896 ; SD_Card:SD_CARD|cpu_reset_l ; gosof80:SOUNDBOARD|dac:Audio_DAC|SigmaLatch_q[7]    ; clk_50       ; clk_50      ; 0.000        ; 0.031      ; 2.011      ;
; 1.896 ; SD_Card:SD_CARD|cpu_reset_l ; gosof80:SOUNDBOARD|dac:Audio_DAC|SigmaLatch_q[6]    ; clk_50       ; clk_50      ; 0.000        ; 0.031      ; 2.011      ;
; 1.896 ; SD_Card:SD_CARD|cpu_reset_l ; gosof80:SOUNDBOARD|dac:Audio_DAC|SigmaLatch_q[5]    ; clk_50       ; clk_50      ; 0.000        ; 0.031      ; 2.011      ;
; 1.896 ; SD_Card:SD_CARD|cpu_reset_l ; gosof80:SOUNDBOARD|dac:Audio_DAC|SigmaLatch_q[4]    ; clk_50       ; clk_50      ; 0.000        ; 0.031      ; 2.011      ;
+-------+-----------------------------+-----------------------------------------------------+--------------+-------------+--------------+------------+------------+


----------------------------------------------
; Fast 1200mV 0C Model Metastability Summary ;
----------------------------------------------
The design MTBF is not calculated because there are no specified synchronizers in the design.
Number of Synchronizer Chains Found: 11
Shortest Synchronizer Chain: 2 Registers
Fraction of Chains for which MTBFs Could Not be Calculated: 1.000
Worst Case Available Settling Time: 175.741 ns




+-----------------------------------------------------------------------------+
; Multicorner Timing Analysis Summary                                         ;
+------------------+-------+-------+----------+---------+---------------------+
; Clock            ; Setup ; Hold  ; Recovery ; Removal ; Minimum Pulse Width ;
+------------------+-------+-------+----------+---------+---------------------+
; Worst-case Slack ; 2.927 ; 0.136 ; 14.370   ; 0.537   ; 9.199               ;
;  clk_50          ; 2.927 ; 0.136 ; 14.370   ; 0.924   ; 9.199               ;
;  cpu_clk_out     ; 7.406 ; 0.184 ; 17.495   ; 0.537   ; 559.372             ;
; Design-wide TNS  ; 0.0   ; 0.0   ; 0.0      ; 0.0     ; 0.0                 ;
;  clk_50          ; 0.000 ; 0.000 ; 0.000    ; 0.000   ; 0.000               ;
;  cpu_clk_out     ; 0.000 ; 0.000 ; 0.000    ; 0.000   ; 0.000               ;
+------------------+-------+-------+----------+---------+---------------------+


+----------------------------------------------------------------------------------------------------------------------------------------------------------------------------------------------------------------------------------------------------------------------------------------------------------------------------------------------------------------------------------------------------------------------+
; Board Trace Model Assignments                                                                                                                                                                                                                                                                                                                                                                                        ;
+-------------------+--------------+-------------------+-------------------------+-------------------------+---------------+---------------------+----------------+------------------+--------+------------------+------------------------+------------------------+--------------+---------------+-----------------+-------+---------------------+--------------------+---------------+-----------------+-------------+
; Pin               ; I/O Standard ; Near Tline Length ; Near Tline L per Length ; Near Tline C per Length ; Near Series R ; Near Differential R ; Near Pull-up R ; Near Pull-down R ; Near C ; Far Tline Length ; Far Tline L per Length ; Far Tline C per Length ; Far Series R ; Far Pull-up R ; Far Pull-down R ; Far C ; Termination Voltage ; Far Differential R ; EBD File Name ; EBD Signal Name ; EBD Far-end ;
+-------------------+--------------+-------------------+-------------------------+-------------------------+---------------+---------------------+----------------+------------------+--------+------------------+------------------------+------------------------+--------------+---------------+-----------------+-------+---------------------+--------------------+---------------+-----------------+-------------+
; LED_Int           ; 3.3-V LVTTL  ; 0 in              ; 0 H/in                  ; 0 F/in                  ; short         ; -                   ; open           ; open             ; open   ; 0 in             ; 0 H/in                 ; 0 F/in                 ; short        ; open          ; open            ; open  ; 0 V                 ; -                  ; n/a           ; n/a             ; n/a         ;
; LED_SDcard        ; 3.3-V LVTTL  ; 0 in              ; 0 H/in                  ; 0 F/in                  ; short         ; -                   ; open           ; open             ; open   ; 0 in             ; 0 H/in                 ; 0 F/in                 ; short        ; open          ; open            ; open  ; 0 V                 ; -                  ; n/a           ; n/a             ; n/a         ;
; LED_ON            ; 3.3-V LVTTL  ; 0 in              ; 0 H/in                  ; 0 F/in                  ; short         ; -                   ; open           ; open             ; open   ; 0 in             ; 0 H/in                 ; 0 F/in                 ; short        ; open          ; open            ; open  ; 0 V                 ; -                  ; n/a           ; n/a             ; n/a         ;
; U4_PB[0]          ; 3.3-V LVTTL  ; 0 in              ; 0 H/in                  ; 0 F/in                  ; short         ; -                   ; open           ; open             ; open   ; 0 in             ; 0 H/in                 ; 0 F/in                 ; short        ; open          ; open            ; open  ; 0 V                 ; -                  ; n/a           ; n/a             ; n/a         ;
; U4_PB[1]          ; 3.3-V LVTTL  ; 0 in              ; 0 H/in                  ; 0 F/in                  ; short         ; -                   ; open           ; open             ; open   ; 0 in             ; 0 H/in                 ; 0 F/in                 ; short        ; open          ; open            ; open  ; 0 V                 ; -                  ; n/a           ; n/a             ; n/a         ;
; U4_PB[2]          ; 3.3-V LVTTL  ; 0 in              ; 0 H/in                  ; 0 F/in                  ; short         ; -                   ; open           ; open             ; open   ; 0 in             ; 0 H/in                 ; 0 F/in                 ; short        ; open          ; open            ; open  ; 0 V                 ; -                  ; n/a           ; n/a             ; n/a         ;
; U4_PB[3]          ; 3.3-V LVTTL  ; 0 in              ; 0 H/in                  ; 0 F/in                  ; short         ; -                   ; open           ; open             ; open   ; 0 in             ; 0 H/in                 ; 0 F/in                 ; short        ; open          ; open            ; open  ; 0 V                 ; -                  ; n/a           ; n/a             ; n/a         ;
; U4_PB[4]          ; 3.3-V LVTTL  ; 0 in              ; 0 H/in                  ; 0 F/in                  ; short         ; -                   ; open           ; open             ; open   ; 0 in             ; 0 H/in                 ; 0 F/in                 ; short        ; open          ; open            ; open  ; 0 V                 ; -                  ; n/a           ; n/a             ; n/a         ;
; U4_PB[5]          ; 3.3-V LVTTL  ; 0 in              ; 0 H/in                  ; 0 F/in                  ; short         ; -                   ; open           ; open             ; open   ; 0 in             ; 0 H/in                 ; 0 F/in                 ; short        ; open          ; open            ; open  ; 0 V                 ; -                  ; n/a           ; n/a             ; n/a         ;
; U4_PB[6]          ; 3.3-V LVTTL  ; 0 in              ; 0 H/in                  ; 0 F/in                  ; short         ; -                   ; open           ; open             ; open   ; 0 in             ; 0 H/in                 ; 0 F/in                 ; short        ; open          ; open            ; open  ; 0 V                 ; -                  ; n/a           ; n/a             ; n/a         ;
; U4_PB[7]          ; 3.3-V LVTTL  ; 0 in              ; 0 H/in                  ; 0 F/in                  ; short         ; -                   ; open           ; open             ; open   ; 0 in             ; 0 H/in                 ; 0 F/in                 ; short        ; open          ; open            ; open  ; 0 V                 ; -                  ; n/a           ; n/a             ; n/a         ;
; disp_segments[24] ; 3.3-V LVTTL  ; 0 in              ; 0 H/in                  ; 0 F/in                  ; short         ; -                   ; open           ; open             ; open   ; 0 in             ; 0 H/in                 ; 0 F/in                 ; short        ; open          ; open            ; open  ; 0 V                 ; -                  ; n/a           ; n/a             ; n/a         ;
; disp_segments[23] ; 3.3-V LVTTL  ; 0 in              ; 0 H/in                  ; 0 F/in                  ; short         ; -                   ; open           ; open             ; open   ; 0 in             ; 0 H/in                 ; 0 F/in                 ; short        ; open          ; open            ; open  ; 0 V                 ; -                  ; n/a           ; n/a             ; n/a         ;
; disp_segments[22] ; 3.3-V LVTTL  ; 0 in              ; 0 H/in                  ; 0 F/in                  ; short         ; -                   ; open           ; open             ; open   ; 0 in             ; 0 H/in                 ; 0 F/in                 ; short        ; open          ; open            ; open  ; 0 V                 ; -                  ; n/a           ; n/a             ; n/a         ;
; disp_segments[21] ; 3.3-V LVTTL  ; 0 in              ; 0 H/in                  ; 0 F/in                  ; short         ; -                   ; open           ; open             ; open   ; 0 in             ; 0 H/in                 ; 0 F/in                 ; short        ; open          ; open            ; open  ; 0 V                 ; -                  ; n/a           ; n/a             ; n/a         ;
; disp_segments[20] ; 3.3-V LVTTL  ; 0 in              ; 0 H/in                  ; 0 F/in                  ; short         ; -                   ; open           ; open             ; open   ; 0 in             ; 0 H/in                 ; 0 F/in                 ; short        ; open          ; open            ; open  ; 0 V                 ; -                  ; n/a           ; n/a             ; n/a         ;
; disp_segments[19] ; 3.3-V LVTTL  ; 0 in              ; 0 H/in                  ; 0 F/in                  ; short         ; -                   ; open           ; open             ; open   ; 0 in             ; 0 H/in                 ; 0 F/in                 ; short        ; open          ; open            ; open  ; 0 V                 ; -                  ; n/a           ; n/a             ; n/a         ;
; disp_segments[18] ; 3.3-V LVTTL  ; 0 in              ; 0 H/in                  ; 0 F/in                  ; short         ; -                   ; open           ; open             ; open   ; 0 in             ; 0 H/in                 ; 0 F/in                 ; short        ; open          ; open            ; open  ; 0 V                 ; -                  ; n/a           ; n/a             ; n/a         ;
; disp_segments[17] ; 3.3-V LVTTL  ; 0 in              ; 0 H/in                  ; 0 F/in                  ; short         ; -                   ; open           ; open             ; open   ; 0 in             ; 0 H/in                 ; 0 F/in                 ; short        ; open          ; open            ; open  ; 0 V                 ; -                  ; n/a           ; n/a             ; n/a         ;
; disp_segments[16] ; 3.3-V LVTTL  ; 0 in              ; 0 H/in                  ; 0 F/in                  ; short         ; -                   ; open           ; open             ; open   ; 0 in             ; 0 H/in                 ; 0 F/in                 ; short        ; open          ; open            ; open  ; 0 V                 ; -                  ; n/a           ; n/a             ; n/a         ;
; disp_segments[15] ; 3.3-V LVTTL  ; 0 in              ; 0 H/in                  ; 0 F/in                  ; short         ; -                   ; open           ; open             ; open   ; 0 in             ; 0 H/in                 ; 0 F/in                 ; short        ; open          ; open            ; open  ; 0 V                 ; -                  ; n/a           ; n/a             ; n/a         ;
; disp_segments[14] ; 3.3-V LVTTL  ; 0 in              ; 0 H/in                  ; 0 F/in                  ; short         ; -                   ; open           ; open             ; open   ; 0 in             ; 0 H/in                 ; 0 F/in                 ; short        ; open          ; open            ; open  ; 0 V                 ; -                  ; n/a           ; n/a             ; n/a         ;
; disp_segments[13] ; 3.3-V LVTTL  ; 0 in              ; 0 H/in                  ; 0 F/in                  ; short         ; -                   ; open           ; open             ; open   ; 0 in             ; 0 H/in                 ; 0 F/in                 ; short        ; open          ; open            ; open  ; 0 V                 ; -                  ; n/a           ; n/a             ; n/a         ;
; disp_segments[12] ; 3.3-V LVTTL  ; 0 in              ; 0 H/in                  ; 0 F/in                  ; short         ; -                   ; open           ; open             ; open   ; 0 in             ; 0 H/in                 ; 0 F/in                 ; short        ; open          ; open            ; open  ; 0 V                 ; -                  ; n/a           ; n/a             ; n/a         ;
; disp_segments[11] ; 3.3-V LVTTL  ; 0 in              ; 0 H/in                  ; 0 F/in                  ; short         ; -                   ; open           ; open             ; open   ; 0 in             ; 0 H/in                 ; 0 F/in                 ; short        ; open          ; open            ; open  ; 0 V                 ; -                  ; n/a           ; n/a             ; n/a         ;
; disp_segments[10] ; 3.3-V LVTTL  ; 0 in              ; 0 H/in                  ; 0 F/in                  ; short         ; -                   ; open           ; open             ; open   ; 0 in             ; 0 H/in                 ; 0 F/in                 ; short        ; open          ; open            ; open  ; 0 V                 ; -                  ; n/a           ; n/a             ; n/a         ;
; disp_segments[9]  ; 3.3-V LVTTL  ; 0 in              ; 0 H/in                  ; 0 F/in                  ; short         ; -                   ; open           ; open             ; open   ; 0 in             ; 0 H/in                 ; 0 F/in                 ; short        ; open          ; open            ; open  ; 0 V                 ; -                  ; n/a           ; n/a             ; n/a         ;
; disp_segments[8]  ; 3.3-V LVTTL  ; 0 in              ; 0 H/in                  ; 0 F/in                  ; short         ; -                   ; open           ; open             ; open   ; 0 in             ; 0 H/in                 ; 0 F/in                 ; short        ; open          ; open            ; open  ; 0 V                 ; -                  ; n/a           ; n/a             ; n/a         ;
; disp_segments[7]  ; 3.3-V LVTTL  ; 0 in              ; 0 H/in                  ; 0 F/in                  ; short         ; -                   ; open           ; open             ; open   ; 0 in             ; 0 H/in                 ; 0 F/in                 ; short        ; open          ; open            ; open  ; 0 V                 ; -                  ; n/a           ; n/a             ; n/a         ;
; disp_segments[6]  ; 3.3-V LVTTL  ; 0 in              ; 0 H/in                  ; 0 F/in                  ; short         ; -                   ; open           ; open             ; open   ; 0 in             ; 0 H/in                 ; 0 F/in                 ; short        ; open          ; open            ; open  ; 0 V                 ; -                  ; n/a           ; n/a             ; n/a         ;
; disp_segments[5]  ; 3.3-V LVTTL  ; 0 in              ; 0 H/in                  ; 0 F/in                  ; short         ; -                   ; open           ; open             ; open   ; 0 in             ; 0 H/in                 ; 0 F/in                 ; short        ; open          ; open            ; open  ; 0 V                 ; -                  ; n/a           ; n/a             ; n/a         ;
; disp_segments[4]  ; 3.3-V LVTTL  ; 0 in              ; 0 H/in                  ; 0 F/in                  ; short         ; -                   ; open           ; open             ; open   ; 0 in             ; 0 H/in                 ; 0 F/in                 ; short        ; open          ; open            ; open  ; 0 V                 ; -                  ; n/a           ; n/a             ; n/a         ;
; disp_segments[3]  ; 3.3-V LVTTL  ; 0 in              ; 0 H/in                  ; 0 F/in                  ; short         ; -                   ; open           ; open             ; open   ; 0 in             ; 0 H/in                 ; 0 F/in                 ; short        ; open          ; open            ; open  ; 0 V                 ; -                  ; n/a           ; n/a             ; n/a         ;
; disp_segments[2]  ; 3.3-V LVTTL  ; 0 in              ; 0 H/in                  ; 0 F/in                  ; short         ; -                   ; open           ; open             ; open   ; 0 in             ; 0 H/in                 ; 0 F/in                 ; short        ; open          ; open            ; open  ; 0 V                 ; -                  ; n/a           ; n/a             ; n/a         ;
; disp_segments[1]  ; 3.3-V LVTTL  ; 0 in              ; 0 H/in                  ; 0 F/in                  ; short         ; -                   ; open           ; open             ; open   ; 0 in             ; 0 H/in                 ; 0 F/in                 ; short        ; open          ; open            ; open  ; 0 V                 ; -                  ; n/a           ; n/a             ; n/a         ;
; U5_PA[0]          ; 3.3-V LVTTL  ; 0 in              ; 0 H/in                  ; 0 F/in                  ; short         ; -                   ; open           ; open             ; open   ; 0 in             ; 0 H/in                 ; 0 F/in                 ; short        ; open          ; open            ; open  ; 0 V                 ; -                  ; n/a           ; n/a             ; n/a         ;
; U5_PA[1]          ; 3.3-V LVTTL  ; 0 in              ; 0 H/in                  ; 0 F/in                  ; short         ; -                   ; open           ; open             ; open   ; 0 in             ; 0 H/in                 ; 0 F/in                 ; short        ; open          ; open            ; open  ; 0 V                 ; -                  ; n/a           ; n/a             ; n/a         ;
; U5_PA[2]          ; 3.3-V LVTTL  ; 0 in              ; 0 H/in                  ; 0 F/in                  ; short         ; -                   ; open           ; open             ; open   ; 0 in             ; 0 H/in                 ; 0 F/in                 ; short        ; open          ; open            ; open  ; 0 V                 ; -                  ; n/a           ; n/a             ; n/a         ;
; U5_PA[3]          ; 3.3-V LVTTL  ; 0 in              ; 0 H/in                  ; 0 F/in                  ; short         ; -                   ; open           ; open             ; open   ; 0 in             ; 0 H/in                 ; 0 F/in                 ; short        ; open          ; open            ; open  ; 0 V                 ; -                  ; n/a           ; n/a             ; n/a         ;
; U5_PB_7           ; 3.3-V LVTTL  ; 0 in              ; 0 H/in                  ; 0 F/in                  ; short         ; -                   ; open           ; open             ; open   ; 0 in             ; 0 H/in                 ; 0 F/in                 ; short        ; open          ; open            ; open  ; 0 V                 ; -                  ; n/a           ; n/a             ; n/a         ;
; U6_PA[0]          ; 3.3-V LVTTL  ; 0 in              ; 0 H/in                  ; 0 F/in                  ; short         ; -                   ; open           ; open             ; open   ; 0 in             ; 0 H/in                 ; 0 F/in                 ; short        ; open          ; open            ; open  ; 0 V                 ; -                  ; n/a           ; n/a             ; n/a         ;
; U6_PA[1]          ; 3.3-V LVTTL  ; 0 in              ; 0 H/in                  ; 0 F/in                  ; short         ; -                   ; open           ; open             ; open   ; 0 in             ; 0 H/in                 ; 0 F/in                 ; short        ; open          ; open            ; open  ; 0 V                 ; -                  ; n/a           ; n/a             ; n/a         ;
; U6_PA[2]          ; 3.3-V LVTTL  ; 0 in              ; 0 H/in                  ; 0 F/in                  ; short         ; -                   ; open           ; open             ; open   ; 0 in             ; 0 H/in                 ; 0 F/in                 ; short        ; open          ; open            ; open  ; 0 V                 ; -                  ; n/a           ; n/a             ; n/a         ;
; U6_PA[3]          ; 3.3-V LVTTL  ; 0 in              ; 0 H/in                  ; 0 F/in                  ; short         ; -                   ; open           ; open             ; open   ; 0 in             ; 0 H/in                 ; 0 F/in                 ; short        ; open          ; open            ; open  ; 0 V                 ; -                  ; n/a           ; n/a             ; n/a         ;
; U6_PA[4]          ; 3.3-V LVTTL  ; 0 in              ; 0 H/in                  ; 0 F/in                  ; short         ; -                   ; open           ; open             ; open   ; 0 in             ; 0 H/in                 ; 0 F/in                 ; short        ; open          ; open            ; open  ; 0 V                 ; -                  ; n/a           ; n/a             ; n/a         ;
; U6_PA[5]          ; 3.3-V LVTTL  ; 0 in              ; 0 H/in                  ; 0 F/in                  ; short         ; -                   ; open           ; open             ; open   ; 0 in             ; 0 H/in                 ; 0 F/in                 ; short        ; open          ; open            ; open  ; 0 V                 ; -                  ; n/a           ; n/a             ; n/a         ;
; U6_PA[6]          ; 3.3-V LVTTL  ; 0 in              ; 0 H/in                  ; 0 F/in                  ; short         ; -                   ; open           ; open             ; open   ; 0 in             ; 0 H/in                 ; 0 F/in                 ; short        ; open          ; open            ; open  ; 0 V                 ; -                  ; n/a           ; n/a             ; n/a         ;
; U6_PA[7]          ; 3.3-V LVTTL  ; 0 in              ; 0 H/in                  ; 0 F/in                  ; short         ; -                   ; open           ; open             ; open   ; 0 in             ; 0 H/in                 ; 0 F/in                 ; short        ; open          ; open            ; open  ; 0 V                 ; -                  ; n/a           ; n/a             ; n/a         ;
; U6_PB[0]          ; 3.3-V LVTTL  ; 0 in              ; 0 H/in                  ; 0 F/in                  ; short         ; -                   ; open           ; open             ; open   ; 0 in             ; 0 H/in                 ; 0 F/in                 ; short        ; open          ; open            ; open  ; 0 V                 ; -                  ; n/a           ; n/a             ; n/a         ;
; U6_PB[1]          ; 3.3-V LVTTL  ; 0 in              ; 0 H/in                  ; 0 F/in                  ; short         ; -                   ; open           ; open             ; open   ; 0 in             ; 0 H/in                 ; 0 F/in                 ; short        ; open          ; open            ; open  ; 0 V                 ; -                  ; n/a           ; n/a             ; n/a         ;
; U6_PB[2]          ; 3.3-V LVTTL  ; 0 in              ; 0 H/in                  ; 0 F/in                  ; short         ; -                   ; open           ; open             ; open   ; 0 in             ; 0 H/in                 ; 0 F/in                 ; short        ; open          ; open            ; open  ; 0 V                 ; -                  ; n/a           ; n/a             ; n/a         ;
; U6_PB[3]          ; 3.3-V LVTTL  ; 0 in              ; 0 H/in                  ; 0 F/in                  ; short         ; -                   ; open           ; open             ; open   ; 0 in             ; 0 H/in                 ; 0 F/in                 ; short        ; open          ; open            ; open  ; 0 V                 ; -                  ; n/a           ; n/a             ; n/a         ;
; U6_PB[4]          ; 3.3-V LVTTL  ; 0 in              ; 0 H/in                  ; 0 F/in                  ; short         ; -                   ; open           ; open             ; open   ; 0 in             ; 0 H/in                 ; 0 F/in                 ; short        ; open          ; open            ; open  ; 0 V                 ; -                  ; n/a           ; n/a             ; n/a         ;
; U6_PB[5]          ; 3.3-V LVTTL  ; 0 in              ; 0 H/in                  ; 0 F/in                  ; short         ; -                   ; open           ; open             ; open   ; 0 in             ; 0 H/in                 ; 0 F/in                 ; short        ; open          ; open            ; open  ; 0 V                 ; -                  ; n/a           ; n/a             ; n/a         ;
; U6_PB[6]          ; 3.3-V LVTTL  ; 0 in              ; 0 H/in                  ; 0 F/in                  ; short         ; -                   ; open           ; open             ; open   ; 0 in             ; 0 H/in                 ; 0 F/in                 ; short        ; open          ; open            ; open  ; 0 V                 ; -                  ; n/a           ; n/a             ; n/a         ;
; U6_PB[7]          ; 3.3-V LVTTL  ; 0 in              ; 0 H/in                  ; 0 F/in                  ; short         ; -                   ; open           ; open             ; open   ; 0 in             ; 0 H/in                 ; 0 F/in                 ; short        ; open          ; open            ; open  ; 0 V                 ; -                  ; n/a           ; n/a             ; n/a         ;
; CS_SDcard         ; 3.3-V LVTTL  ; 0 in              ; 0 H/in                  ; 0 F/in                  ; short         ; -                   ; open           ; open             ; open   ; 0 in             ; 0 H/in                 ; 0 F/in                 ; short        ; open          ; open            ; open  ; 0 V                 ; -                  ; n/a           ; n/a             ; n/a         ;
; CS_EEprom         ; 3.3-V LVTTL  ; 0 in              ; 0 H/in                  ; 0 F/in                  ; short         ; -                   ; open           ; open             ; open   ; 0 in             ; 0 H/in                 ; 0 F/in                 ; short        ; open          ; open            ; open  ; 0 V                 ; -                  ; n/a           ; n/a             ; n/a         ;
; MOSI              ; 3.3-V LVTTL  ; 0 in              ; 0 H/in                  ; 0 F/in                  ; short         ; -                   ; open           ; open             ; open   ; 0 in             ; 0 H/in                 ; 0 F/in                 ; short        ; open          ; open            ; open  ; 0 V                 ; -                  ; n/a           ; n/a             ; n/a         ;
; CLK               ; 3.3-V LVTTL  ; 0 in              ; 0 H/in                  ; 0 F/in                  ; short         ; -                   ; open           ; open             ; open   ; 0 in             ; 0 H/in                 ; 0 F/in                 ; short        ; open          ; open            ; open  ; 0 V                 ; -                  ; n/a           ; n/a             ; n/a         ;
; DIP_Strobe[0]     ; 3.3-V LVTTL  ; 0 in              ; 0 H/in                  ; 0 F/in                  ; short         ; -                   ; open           ; open             ; open   ; 0 in             ; 0 H/in                 ; 0 F/in                 ; short        ; open          ; open            ; open  ; 0 V                 ; -                  ; n/a           ; n/a             ; n/a         ;
; DIP_Strobe[1]     ; 3.3-V LVTTL  ; 0 in              ; 0 H/in                  ; 0 F/in                  ; short         ; -                   ; open           ; open             ; open   ; 0 in             ; 0 H/in                 ; 0 F/in                 ; short        ; open          ; open            ; open  ; 0 V                 ; -                  ; n/a           ; n/a             ; n/a         ;
; DIP_Strobe[2]     ; 3.3-V LVTTL  ; 0 in              ; 0 H/in                  ; 0 F/in                  ; short         ; -                   ; open           ; open             ; open   ; 0 in             ; 0 H/in                 ; 0 F/in                 ; short        ; open          ; open            ; open  ; 0 V                 ; -                  ; n/a           ; n/a             ; n/a         ;
; DIP_Strobe[3]     ; 3.3-V LVTTL  ; 0 in              ; 0 H/in                  ; 0 F/in                  ; short         ; -                   ; open           ; open             ; open   ; 0 in             ; 0 H/in                 ; 0 F/in                 ; short        ; open          ; open            ; open  ; 0 V                 ; -                  ; n/a           ; n/a             ; n/a         ;
; Audio_RX          ; 3.3-V LVTTL  ; 0 in              ; 0 H/in                  ; 0 F/in                  ; short         ; -                   ; open           ; open             ; open   ; 0 in             ; 0 H/in                 ; 0 F/in                 ; short        ; open          ; open            ; open  ; 0 V                 ; -                  ; n/a           ; n/a             ; n/a         ;
; Sound             ; 3.3-V LVTTL  ; 0 in              ; 0 H/in                  ; 0 F/in                  ; short         ; -                   ; open           ; open             ; open   ; 0 in             ; 0 H/in                 ; 0 F/in                 ; short        ; open          ; open            ; open  ; 0 V                 ; -                  ; n/a           ; n/a             ; n/a         ;
; Debug             ; 3.3-V LVTTL  ; 0 in              ; 0 H/in                  ; 0 F/in                  ; short         ; -                   ; open           ; open             ; open   ; 0 in             ; 0 H/in                 ; 0 F/in                 ; short        ; open          ; open            ; open  ; 0 V                 ; -                  ; n/a           ; n/a             ; n/a         ;
; ~ALTERA_DCLK~     ; 3.3-V LVTTL  ; 0 in              ; 0 H/in                  ; 0 F/in                  ; short         ; -                   ; open           ; open             ; open   ; 0 in             ; 0 H/in                 ; 0 F/in                 ; short        ; open          ; open            ; open  ; 0 V                 ; -                  ; n/a           ; n/a             ; n/a         ;
+-------------------+--------------+-------------------+-------------------------+-------------------------+---------------+---------------------+----------------+------------------+--------+------------------+------------------------+------------------------+--------------+---------------+-----------------+-------+---------------------+--------------------+---------------+-----------------+-------------+


+----------------------------------------------------------------------------+
; Input Transition Times                                                     ;
+-------------------------+--------------+-----------------+-----------------+
; Pin                     ; I/O Standard ; 10-90 Rise Time ; 90-10 Fall Time ;
+-------------------------+--------------+-----------------+-----------------+
; clk_50                  ; 3.3-V LVTTL  ; 2640 ps         ; 2640 ps         ;
; myTest                  ; 3.3-V LVTTL  ; 2640 ps         ; 2640 ps         ;
; DIP_Return[2]           ; 3.3-V LVTTL  ; 2640 ps         ; 2640 ps         ;
; DIP_Return[3]           ; 3.3-V LVTTL  ; 2640 ps         ; 2640 ps         ;
; DIP_Return[1]           ; 3.3-V LVTTL  ; 2640 ps         ; 2640 ps         ;
; DIP_Return[0]           ; 3.3-V LVTTL  ; 2640 ps         ; 2640 ps         ;
; U5_PA_7                 ; 3.3-V LVTTL  ; 2640 ps         ; 2640 ps         ;
; MISO                    ; 3.3-V LVTTL  ; 2640 ps         ; 2640 ps         ;
; reset_sw                ; 3.3-V LVTTL  ; 2640 ps         ; 2640 ps         ;
; U4_PA[7]                ; 3.3-V LVTTL  ; 2640 ps         ; 2640 ps         ;
; U4_PA[0]                ; 3.3-V LVTTL  ; 2640 ps         ; 2640 ps         ;
; U4_PA[1]                ; 3.3-V LVTTL  ; 2640 ps         ; 2640 ps         ;
; U4_PA[3]                ; 3.3-V LVTTL  ; 2640 ps         ; 2640 ps         ;
; U4_PA[2]                ; 3.3-V LVTTL  ; 2640 ps         ; 2640 ps         ;
; U4_PA[5]                ; 3.3-V LVTTL  ; 2640 ps         ; 2640 ps         ;
; U4_PA[4]                ; 3.3-V LVTTL  ; 2640 ps         ; 2640 ps         ;
; U4_PA[6]                ; 3.3-V LVTTL  ; 2640 ps         ; 2640 ps         ;
; ~ALTERA_ASDO_DATA1~     ; 3.3-V LVTTL  ; 2640 ps         ; 2640 ps         ;
; ~ALTERA_FLASH_nCE_nCSO~ ; 3.3-V LVTTL  ; 2640 ps         ; 2640 ps         ;
; ~ALTERA_DATA0~          ; 3.3-V LVTTL  ; 2640 ps         ; 2640 ps         ;
+-------------------------+--------------+-----------------+-----------------+


+------------------------------------------------------------------------------------------------------------------------------------------------------------------------------------------------------------------------------------------------------------------------------------------------------------------------------------------------------------------------------------------------------------------------------------------------------------------------------------------------------------------------------------------------------------------------------------------------------------------------------------------------------------------------------------------------+
; Signal Integrity Metrics (Slow 1200mv 0c Model)                                                                                                                                                                                                                                                                                                                                                                                                                                                                                                                                                                                                                                                ;
+-------------------+--------------+---------------------+---------------------+------------------------------+------------------------------+---------------------+---------------------+--------------------------------------+--------------------------------------+-----------------------------+-----------------------------+----------------------------+----------------------------+-----------------------------+-----------------------------+--------------------+--------------------+-------------------------------------+-------------------------------------+----------------------------+----------------------------+---------------------------+---------------------------+
; Pin               ; I/O Standard ; Board Delay on Rise ; Board Delay on Fall ; Steady State Voh at FPGA Pin ; Steady State Vol at FPGA Pin ; Voh Max at FPGA Pin ; Vol Min at FPGA Pin ; Ringback Voltage on Rise at FPGA Pin ; Ringback Voltage on Fall at FPGA Pin ; 10-90 Rise Time at FPGA Pin ; 90-10 Fall Time at FPGA Pin ; Monotonic Rise at FPGA Pin ; Monotonic Fall at FPGA Pin ; Steady State Voh at Far-end ; Steady State Vol at Far-end ; Voh Max at Far-end ; Vol Min at Far-end ; Ringback Voltage on Rise at Far-end ; Ringback Voltage on Fall at Far-end ; 10-90 Rise Time at Far-end ; 90-10 Fall Time at Far-end ; Monotonic Rise at Far-end ; Monotonic Fall at Far-end ;
+-------------------+--------------+---------------------+---------------------+------------------------------+------------------------------+---------------------+---------------------+--------------------------------------+--------------------------------------+-----------------------------+-----------------------------+----------------------------+----------------------------+-----------------------------+-----------------------------+--------------------+--------------------+-------------------------------------+-------------------------------------+----------------------------+----------------------------+---------------------------+---------------------------+
; LED_Int           ; 3.3-V LVTTL  ; 0 s                 ; 0 s                 ; 3.08 V                       ; 6.38e-09 V                   ; 3.12 V              ; -0.0818 V           ; 0.205 V                              ; 0.244 V                              ; 8.86e-10 s                  ; 6.56e-10 s                  ; No                         ; No                         ; 3.08 V                      ; 6.38e-09 V                  ; 3.12 V             ; -0.0818 V          ; 0.205 V                             ; 0.244 V                             ; 8.86e-10 s                 ; 6.56e-10 s                 ; No                        ; No                        ;
; LED_SDcard        ; 3.3-V LVTTL  ; 0 s                 ; 0 s                 ; 3.08 V                       ; 6.38e-09 V                   ; 3.13 V              ; -0.117 V            ; 0.15 V                               ; 0.263 V                              ; 6.31e-10 s                  ; 4.46e-10 s                  ; No                         ; No                         ; 3.08 V                      ; 6.38e-09 V                  ; 3.13 V             ; -0.117 V           ; 0.15 V                              ; 0.263 V                             ; 6.31e-10 s                 ; 4.46e-10 s                 ; No                        ; No                        ;
; LED_ON            ; 3.3-V LVTTL  ; 0 s                 ; 0 s                 ; 3.08 V                       ; 6.38e-09 V                   ; 3.13 V              ; -0.117 V            ; 0.15 V                               ; 0.263 V                              ; 6.31e-10 s                  ; 4.46e-10 s                  ; No                         ; No                         ; 3.08 V                      ; 6.38e-09 V                  ; 3.13 V             ; -0.117 V           ; 0.15 V                              ; 0.263 V                             ; 6.31e-10 s                 ; 4.46e-10 s                 ; No                        ; No                        ;
; U4_PB[0]          ; 3.3-V LVTTL  ; 0 s                 ; 0 s                 ; 3.08 V                       ; 8.89e-09 V                   ; 3.09 V              ; -0.011 V            ; 0.196 V                              ; 0.301 V                              ; 4.93e-09 s                  ; 3.56e-09 s                  ; Yes                        ; Yes                        ; 3.08 V                      ; 8.89e-09 V                  ; 3.09 V             ; -0.011 V           ; 0.196 V                             ; 0.301 V                             ; 4.93e-09 s                 ; 3.56e-09 s                 ; Yes                       ; Yes                       ;
; U4_PB[1]          ; 3.3-V LVTTL  ; 0 s                 ; 0 s                 ; 3.08 V                       ; 8.89e-09 V                   ; 3.12 V              ; -0.11 V             ; 0.153 V                              ; 0.272 V                              ; 6.41e-10 s                  ; 4.57e-10 s                  ; No                         ; Yes                        ; 3.08 V                      ; 8.89e-09 V                  ; 3.12 V             ; -0.11 V            ; 0.153 V                             ; 0.272 V                             ; 6.41e-10 s                 ; 4.57e-10 s                 ; No                        ; Yes                       ;
; U4_PB[2]          ; 3.3-V LVTTL  ; 0 s                 ; 0 s                 ; 3.08 V                       ; 8.89e-09 V                   ; 3.12 V              ; -0.11 V             ; 0.153 V                              ; 0.272 V                              ; 6.41e-10 s                  ; 4.57e-10 s                  ; No                         ; Yes                        ; 3.08 V                      ; 8.89e-09 V                  ; 3.12 V             ; -0.11 V            ; 0.153 V                             ; 0.272 V                             ; 6.41e-10 s                 ; 4.57e-10 s                 ; No                        ; Yes                       ;
; U4_PB[3]          ; 3.3-V LVTTL  ; 0 s                 ; 0 s                 ; 3.08 V                       ; 8.89e-09 V                   ; 3.12 V              ; -0.11 V             ; 0.153 V                              ; 0.272 V                              ; 6.41e-10 s                  ; 4.57e-10 s                  ; No                         ; Yes                        ; 3.08 V                      ; 8.89e-09 V                  ; 3.12 V             ; -0.11 V            ; 0.153 V                             ; 0.272 V                             ; 6.41e-10 s                 ; 4.57e-10 s                 ; No                        ; Yes                       ;
; U4_PB[4]          ; 3.3-V LVTTL  ; 0 s                 ; 0 s                 ; 3.08 V                       ; 8.89e-09 V                   ; 3.12 V              ; -0.11 V             ; 0.153 V                              ; 0.272 V                              ; 6.41e-10 s                  ; 4.57e-10 s                  ; No                         ; Yes                        ; 3.08 V                      ; 8.89e-09 V                  ; 3.12 V             ; -0.11 V            ; 0.153 V                             ; 0.272 V                             ; 6.41e-10 s                 ; 4.57e-10 s                 ; No                        ; Yes                       ;
; U4_PB[5]          ; 3.3-V LVTTL  ; 0 s                 ; 0 s                 ; 3.08 V                       ; 8.89e-09 V                   ; 3.12 V              ; -0.11 V             ; 0.153 V                              ; 0.272 V                              ; 6.41e-10 s                  ; 4.57e-10 s                  ; No                         ; Yes                        ; 3.08 V                      ; 8.89e-09 V                  ; 3.12 V             ; -0.11 V            ; 0.153 V                             ; 0.272 V                             ; 6.41e-10 s                 ; 4.57e-10 s                 ; No                        ; Yes                       ;
; U4_PB[6]          ; 3.3-V LVTTL  ; 0 s                 ; 0 s                 ; 3.08 V                       ; 8.89e-09 V                   ; 3.12 V              ; -0.11 V             ; 0.153 V                              ; 0.272 V                              ; 6.41e-10 s                  ; 4.57e-10 s                  ; No                         ; Yes                        ; 3.08 V                      ; 8.89e-09 V                  ; 3.12 V             ; -0.11 V            ; 0.153 V                             ; 0.272 V                             ; 6.41e-10 s                 ; 4.57e-10 s                 ; No                        ; Yes                       ;
; U4_PB[7]          ; 3.3-V LVTTL  ; 0 s                 ; 0 s                 ; 3.08 V                       ; 8.89e-09 V                   ; 3.12 V              ; -0.11 V             ; 0.153 V                              ; 0.272 V                              ; 6.41e-10 s                  ; 4.57e-10 s                  ; No                         ; Yes                        ; 3.08 V                      ; 8.89e-09 V                  ; 3.12 V             ; -0.11 V            ; 0.153 V                             ; 0.272 V                             ; 6.41e-10 s                 ; 4.57e-10 s                 ; No                        ; Yes                       ;
; disp_segments[24] ; 3.3-V LVTTL  ; 0 s                 ; 0 s                 ; 3.08 V                       ; 6.38e-09 V                   ; 3.13 V              ; -0.117 V            ; 0.15 V                               ; 0.263 V                              ; 6.31e-10 s                  ; 4.46e-10 s                  ; No                         ; No                         ; 3.08 V                      ; 6.38e-09 V                  ; 3.13 V             ; -0.117 V           ; 0.15 V                              ; 0.263 V                             ; 6.31e-10 s                 ; 4.46e-10 s                 ; No                        ; No                        ;
; disp_segments[23] ; 3.3-V LVTTL  ; 0 s                 ; 0 s                 ; 3.08 V                       ; 6.38e-09 V                   ; 3.13 V              ; -0.117 V            ; 0.15 V                               ; 0.263 V                              ; 6.31e-10 s                  ; 4.46e-10 s                  ; No                         ; No                         ; 3.08 V                      ; 6.38e-09 V                  ; 3.13 V             ; -0.117 V           ; 0.15 V                              ; 0.263 V                             ; 6.31e-10 s                 ; 4.46e-10 s                 ; No                        ; No                        ;
; disp_segments[22] ; 3.3-V LVTTL  ; 0 s                 ; 0 s                 ; 3.08 V                       ; 8.89e-09 V                   ; 3.12 V              ; -0.11 V             ; 0.153 V                              ; 0.272 V                              ; 6.41e-10 s                  ; 4.57e-10 s                  ; No                         ; Yes                        ; 3.08 V                      ; 8.89e-09 V                  ; 3.12 V             ; -0.11 V            ; 0.153 V                             ; 0.272 V                             ; 6.41e-10 s                 ; 4.57e-10 s                 ; No                        ; Yes                       ;
; disp_segments[21] ; 3.3-V LVTTL  ; 0 s                 ; 0 s                 ; 3.08 V                       ; 8.89e-09 V                   ; 3.12 V              ; -0.11 V             ; 0.153 V                              ; 0.272 V                              ; 6.41e-10 s                  ; 4.57e-10 s                  ; No                         ; Yes                        ; 3.08 V                      ; 8.89e-09 V                  ; 3.12 V             ; -0.11 V            ; 0.153 V                             ; 0.272 V                             ; 6.41e-10 s                 ; 4.57e-10 s                 ; No                        ; Yes                       ;
; disp_segments[20] ; 3.3-V LVTTL  ; 0 s                 ; 0 s                 ; 3.08 V                       ; 8.89e-09 V                   ; 3.12 V              ; -0.11 V             ; 0.153 V                              ; 0.272 V                              ; 6.41e-10 s                  ; 4.57e-10 s                  ; No                         ; Yes                        ; 3.08 V                      ; 8.89e-09 V                  ; 3.12 V             ; -0.11 V            ; 0.153 V                             ; 0.272 V                             ; 6.41e-10 s                 ; 4.57e-10 s                 ; No                        ; Yes                       ;
; disp_segments[19] ; 3.3-V LVTTL  ; 0 s                 ; 0 s                 ; 3.08 V                       ; 8.89e-09 V                   ; 3.12 V              ; -0.11 V             ; 0.153 V                              ; 0.272 V                              ; 6.41e-10 s                  ; 4.57e-10 s                  ; No                         ; Yes                        ; 3.08 V                      ; 8.89e-09 V                  ; 3.12 V             ; -0.11 V            ; 0.153 V                             ; 0.272 V                             ; 6.41e-10 s                 ; 4.57e-10 s                 ; No                        ; Yes                       ;
; disp_segments[18] ; 3.3-V LVTTL  ; 0 s                 ; 0 s                 ; 3.08 V                       ; 8.89e-09 V                   ; 3.12 V              ; -0.11 V             ; 0.153 V                              ; 0.272 V                              ; 6.41e-10 s                  ; 4.57e-10 s                  ; No                         ; Yes                        ; 3.08 V                      ; 8.89e-09 V                  ; 3.12 V             ; -0.11 V            ; 0.153 V                             ; 0.272 V                             ; 6.41e-10 s                 ; 4.57e-10 s                 ; No                        ; Yes                       ;
; disp_segments[17] ; 3.3-V LVTTL  ; 0 s                 ; 0 s                 ; 3.08 V                       ; 8.89e-09 V                   ; 3.12 V              ; -0.11 V             ; 0.153 V                              ; 0.272 V                              ; 6.41e-10 s                  ; 4.57e-10 s                  ; No                         ; Yes                        ; 3.08 V                      ; 8.89e-09 V                  ; 3.12 V             ; -0.11 V            ; 0.153 V                             ; 0.272 V                             ; 6.41e-10 s                 ; 4.57e-10 s                 ; No                        ; Yes                       ;
; disp_segments[16] ; 3.3-V LVTTL  ; 0 s                 ; 0 s                 ; 3.08 V                       ; 8.89e-09 V                   ; 3.12 V              ; -0.11 V             ; 0.153 V                              ; 0.272 V                              ; 6.41e-10 s                  ; 4.57e-10 s                  ; No                         ; Yes                        ; 3.08 V                      ; 8.89e-09 V                  ; 3.12 V             ; -0.11 V            ; 0.153 V                             ; 0.272 V                             ; 6.41e-10 s                 ; 4.57e-10 s                 ; No                        ; Yes                       ;
; disp_segments[15] ; 3.3-V LVTTL  ; 0 s                 ; 0 s                 ; 3.08 V                       ; 8.89e-09 V                   ; 3.09 V              ; -0.011 V            ; 0.196 V                              ; 0.301 V                              ; 4.93e-09 s                  ; 3.56e-09 s                  ; Yes                        ; Yes                        ; 3.08 V                      ; 8.89e-09 V                  ; 3.09 V             ; -0.011 V           ; 0.196 V                             ; 0.301 V                             ; 4.93e-09 s                 ; 3.56e-09 s                 ; Yes                       ; Yes                       ;
; disp_segments[14] ; 3.3-V LVTTL  ; 0 s                 ; 0 s                 ; 3.08 V                       ; 8.89e-09 V                   ; 3.12 V              ; -0.11 V             ; 0.153 V                              ; 0.272 V                              ; 6.41e-10 s                  ; 4.57e-10 s                  ; No                         ; Yes                        ; 3.08 V                      ; 8.89e-09 V                  ; 3.12 V             ; -0.11 V            ; 0.153 V                             ; 0.272 V                             ; 6.41e-10 s                 ; 4.57e-10 s                 ; No                        ; Yes                       ;
; disp_segments[13] ; 3.3-V LVTTL  ; 0 s                 ; 0 s                 ; 3.08 V                       ; 8.89e-09 V                   ; 3.12 V              ; -0.11 V             ; 0.153 V                              ; 0.272 V                              ; 6.41e-10 s                  ; 4.57e-10 s                  ; No                         ; Yes                        ; 3.08 V                      ; 8.89e-09 V                  ; 3.12 V             ; -0.11 V            ; 0.153 V                             ; 0.272 V                             ; 6.41e-10 s                 ; 4.57e-10 s                 ; No                        ; Yes                       ;
; disp_segments[12] ; 3.3-V LVTTL  ; 0 s                 ; 0 s                 ; 3.08 V                       ; 8.89e-09 V                   ; 3.12 V              ; -0.11 V             ; 0.153 V                              ; 0.272 V                              ; 6.41e-10 s                  ; 4.57e-10 s                  ; No                         ; Yes                        ; 3.08 V                      ; 8.89e-09 V                  ; 3.12 V             ; -0.11 V            ; 0.153 V                             ; 0.272 V                             ; 6.41e-10 s                 ; 4.57e-10 s                 ; No                        ; Yes                       ;
; disp_segments[11] ; 3.3-V LVTTL  ; 0 s                 ; 0 s                 ; 3.08 V                       ; 8.89e-09 V                   ; 3.12 V              ; -0.11 V             ; 0.153 V                              ; 0.272 V                              ; 6.41e-10 s                  ; 4.57e-10 s                  ; No                         ; Yes                        ; 3.08 V                      ; 8.89e-09 V                  ; 3.12 V             ; -0.11 V            ; 0.153 V                             ; 0.272 V                             ; 6.41e-10 s                 ; 4.57e-10 s                 ; No                        ; Yes                       ;
; disp_segments[10] ; 3.3-V LVTTL  ; 0 s                 ; 0 s                 ; 3.08 V                       ; 8.89e-09 V                   ; 3.12 V              ; -0.11 V             ; 0.153 V                              ; 0.272 V                              ; 6.41e-10 s                  ; 4.57e-10 s                  ; No                         ; Yes                        ; 3.08 V                      ; 8.89e-09 V                  ; 3.12 V             ; -0.11 V            ; 0.153 V                             ; 0.272 V                             ; 6.41e-10 s                 ; 4.57e-10 s                 ; No                        ; Yes                       ;
; disp_segments[9]  ; 3.3-V LVTTL  ; 0 s                 ; 0 s                 ; 3.08 V                       ; 8.89e-09 V                   ; 3.12 V              ; -0.11 V             ; 0.153 V                              ; 0.272 V                              ; 6.41e-10 s                  ; 4.57e-10 s                  ; No                         ; Yes                        ; 3.08 V                      ; 8.89e-09 V                  ; 3.12 V             ; -0.11 V            ; 0.153 V                             ; 0.272 V                             ; 6.41e-10 s                 ; 4.57e-10 s                 ; No                        ; Yes                       ;
; disp_segments[8]  ; 3.3-V LVTTL  ; 0 s                 ; 0 s                 ; 3.08 V                       ; 8.89e-09 V                   ; 3.12 V              ; -0.11 V             ; 0.153 V                              ; 0.272 V                              ; 6.41e-10 s                  ; 4.57e-10 s                  ; No                         ; Yes                        ; 3.08 V                      ; 8.89e-09 V                  ; 3.12 V             ; -0.11 V            ; 0.153 V                             ; 0.272 V                             ; 6.41e-10 s                 ; 4.57e-10 s                 ; No                        ; Yes                       ;
; disp_segments[7]  ; 3.3-V LVTTL  ; 0 s                 ; 0 s                 ; 3.08 V                       ; 8.89e-09 V                   ; 3.12 V              ; -0.11 V             ; 0.153 V                              ; 0.272 V                              ; 6.41e-10 s                  ; 4.57e-10 s                  ; No                         ; Yes                        ; 3.08 V                      ; 8.89e-09 V                  ; 3.12 V             ; -0.11 V            ; 0.153 V                             ; 0.272 V                             ; 6.41e-10 s                 ; 4.57e-10 s                 ; No                        ; Yes                       ;
; disp_segments[6]  ; 3.3-V LVTTL  ; 0 s                 ; 0 s                 ; 3.08 V                       ; 8.89e-09 V                   ; 3.12 V              ; -0.11 V             ; 0.153 V                              ; 0.272 V                              ; 6.41e-10 s                  ; 4.57e-10 s                  ; No                         ; Yes                        ; 3.08 V                      ; 8.89e-09 V                  ; 3.12 V             ; -0.11 V            ; 0.153 V                             ; 0.272 V                             ; 6.41e-10 s                 ; 4.57e-10 s                 ; No                        ; Yes                       ;
; disp_segments[5]  ; 3.3-V LVTTL  ; 0 s                 ; 0 s                 ; 3.08 V                       ; 8.89e-09 V                   ; 3.12 V              ; -0.11 V             ; 0.153 V                              ; 0.272 V                              ; 6.41e-10 s                  ; 4.57e-10 s                  ; No                         ; Yes                        ; 3.08 V                      ; 8.89e-09 V                  ; 3.12 V             ; -0.11 V            ; 0.153 V                             ; 0.272 V                             ; 6.41e-10 s                 ; 4.57e-10 s                 ; No                        ; Yes                       ;
; disp_segments[4]  ; 3.3-V LVTTL  ; 0 s                 ; 0 s                 ; 3.08 V                       ; 8.89e-09 V                   ; 3.12 V              ; -0.11 V             ; 0.153 V                              ; 0.272 V                              ; 6.41e-10 s                  ; 4.57e-10 s                  ; No                         ; Yes                        ; 3.08 V                      ; 8.89e-09 V                  ; 3.12 V             ; -0.11 V            ; 0.153 V                             ; 0.272 V                             ; 6.41e-10 s                 ; 4.57e-10 s                 ; No                        ; Yes                       ;
; disp_segments[3]  ; 3.3-V LVTTL  ; 0 s                 ; 0 s                 ; 3.08 V                       ; 8.89e-09 V                   ; 3.09 V              ; -0.011 V            ; 0.196 V                              ; 0.301 V                              ; 4.93e-09 s                  ; 3.56e-09 s                  ; Yes                        ; Yes                        ; 3.08 V                      ; 8.89e-09 V                  ; 3.09 V             ; -0.011 V           ; 0.196 V                             ; 0.301 V                             ; 4.93e-09 s                 ; 3.56e-09 s                 ; Yes                       ; Yes                       ;
; disp_segments[2]  ; 3.3-V LVTTL  ; 0 s                 ; 0 s                 ; 3.08 V                       ; 8.89e-09 V                   ; 3.12 V              ; -0.11 V             ; 0.153 V                              ; 0.272 V                              ; 6.41e-10 s                  ; 4.57e-10 s                  ; No                         ; Yes                        ; 3.08 V                      ; 8.89e-09 V                  ; 3.12 V             ; -0.11 V            ; 0.153 V                             ; 0.272 V                             ; 6.41e-10 s                 ; 4.57e-10 s                 ; No                        ; Yes                       ;
; disp_segments[1]  ; 3.3-V LVTTL  ; 0 s                 ; 0 s                 ; 3.08 V                       ; 8.89e-09 V                   ; 3.12 V              ; -0.11 V             ; 0.153 V                              ; 0.272 V                              ; 6.41e-10 s                  ; 4.57e-10 s                  ; No                         ; Yes                        ; 3.08 V                      ; 8.89e-09 V                  ; 3.12 V             ; -0.11 V            ; 0.153 V                             ; 0.272 V                             ; 6.41e-10 s                 ; 4.57e-10 s                 ; No                        ; Yes                       ;
; U5_PA[0]          ; 3.3-V LVTTL  ; 0 s                 ; 0 s                 ; 3.08 V                       ; 6.38e-09 V                   ; 3.13 V              ; -0.117 V            ; 0.15 V                               ; 0.263 V                              ; 6.31e-10 s                  ; 4.46e-10 s                  ; No                         ; No                         ; 3.08 V                      ; 6.38e-09 V                  ; 3.13 V             ; -0.117 V           ; 0.15 V                              ; 0.263 V                             ; 6.31e-10 s                 ; 4.46e-10 s                 ; No                        ; No                        ;
; U5_PA[1]          ; 3.3-V LVTTL  ; 0 s                 ; 0 s                 ; 3.08 V                       ; 6.38e-09 V                   ; 3.13 V              ; -0.117 V            ; 0.15 V                               ; 0.263 V                              ; 6.31e-10 s                  ; 4.46e-10 s                  ; No                         ; No                         ; 3.08 V                      ; 6.38e-09 V                  ; 3.13 V             ; -0.117 V           ; 0.15 V                              ; 0.263 V                             ; 6.31e-10 s                 ; 4.46e-10 s                 ; No                        ; No                        ;
; U5_PA[2]          ; 3.3-V LVTTL  ; 0 s                 ; 0 s                 ; 3.08 V                       ; 6.38e-09 V                   ; 3.09 V              ; -0.011 V            ; 0.226 V                              ; 0.296 V                              ; 4.86e-09 s                  ; 3.55e-09 s                  ; Yes                        ; Yes                        ; 3.08 V                      ; 6.38e-09 V                  ; 3.09 V             ; -0.011 V           ; 0.226 V                             ; 0.296 V                             ; 4.86e-09 s                 ; 3.55e-09 s                 ; Yes                       ; Yes                       ;
; U5_PA[3]          ; 3.3-V LVTTL  ; 0 s                 ; 0 s                 ; 3.08 V                       ; 6.38e-09 V                   ; 3.13 V              ; -0.117 V            ; 0.15 V                               ; 0.263 V                              ; 6.31e-10 s                  ; 4.46e-10 s                  ; No                         ; No                         ; 3.08 V                      ; 6.38e-09 V                  ; 3.13 V             ; -0.117 V           ; 0.15 V                              ; 0.263 V                             ; 6.31e-10 s                 ; 4.46e-10 s                 ; No                        ; No                        ;
; U5_PB_7           ; 3.3-V LVTTL  ; 0 s                 ; 0 s                 ; 3.08 V                       ; 8.89e-09 V                   ; 3.12 V              ; -0.11 V             ; 0.153 V                              ; 0.272 V                              ; 6.41e-10 s                  ; 4.57e-10 s                  ; No                         ; Yes                        ; 3.08 V                      ; 8.89e-09 V                  ; 3.12 V             ; -0.11 V            ; 0.153 V                             ; 0.272 V                             ; 6.41e-10 s                 ; 4.57e-10 s                 ; No                        ; Yes                       ;
; U6_PA[0]          ; 3.3-V LVTTL  ; 0 s                 ; 0 s                 ; 3.08 V                       ; 8.89e-09 V                   ; 3.12 V              ; -0.11 V             ; 0.153 V                              ; 0.272 V                              ; 6.41e-10 s                  ; 4.57e-10 s                  ; No                         ; Yes                        ; 3.08 V                      ; 8.89e-09 V                  ; 3.12 V             ; -0.11 V            ; 0.153 V                             ; 0.272 V                             ; 6.41e-10 s                 ; 4.57e-10 s                 ; No                        ; Yes                       ;
; U6_PA[1]          ; 3.3-V LVTTL  ; 0 s                 ; 0 s                 ; 3.08 V                       ; 6.38e-09 V                   ; 3.09 V              ; -0.011 V            ; 0.226 V                              ; 0.296 V                              ; 4.86e-09 s                  ; 3.55e-09 s                  ; Yes                        ; Yes                        ; 3.08 V                      ; 6.38e-09 V                  ; 3.09 V             ; -0.011 V           ; 0.226 V                             ; 0.296 V                             ; 4.86e-09 s                 ; 3.55e-09 s                 ; Yes                       ; Yes                       ;
; U6_PA[2]          ; 3.3-V LVTTL  ; 0 s                 ; 0 s                 ; 3.08 V                       ; 6.38e-09 V                   ; 3.12 V              ; -0.0818 V           ; 0.205 V                              ; 0.244 V                              ; 8.86e-10 s                  ; 6.56e-10 s                  ; No                         ; No                         ; 3.08 V                      ; 6.38e-09 V                  ; 3.12 V             ; -0.0818 V          ; 0.205 V                             ; 0.244 V                             ; 8.86e-10 s                 ; 6.56e-10 s                 ; No                        ; No                        ;
; U6_PA[3]          ; 3.3-V LVTTL  ; 0 s                 ; 0 s                 ; 3.08 V                       ; 6.38e-09 V                   ; 3.13 V              ; -0.117 V            ; 0.15 V                               ; 0.263 V                              ; 6.31e-10 s                  ; 4.46e-10 s                  ; No                         ; No                         ; 3.08 V                      ; 6.38e-09 V                  ; 3.13 V             ; -0.117 V           ; 0.15 V                              ; 0.263 V                             ; 6.31e-10 s                 ; 4.46e-10 s                 ; No                        ; No                        ;
; U6_PA[4]          ; 3.3-V LVTTL  ; 0 s                 ; 0 s                 ; 3.08 V                       ; 8.89e-09 V                   ; 3.12 V              ; -0.11 V             ; 0.153 V                              ; 0.272 V                              ; 6.41e-10 s                  ; 4.57e-10 s                  ; No                         ; Yes                        ; 3.08 V                      ; 8.89e-09 V                  ; 3.12 V             ; -0.11 V            ; 0.153 V                             ; 0.272 V                             ; 6.41e-10 s                 ; 4.57e-10 s                 ; No                        ; Yes                       ;
; U6_PA[5]          ; 3.3-V LVTTL  ; 0 s                 ; 0 s                 ; 3.08 V                       ; 8.89e-09 V                   ; 3.12 V              ; -0.11 V             ; 0.153 V                              ; 0.272 V                              ; 6.41e-10 s                  ; 4.57e-10 s                  ; No                         ; Yes                        ; 3.08 V                      ; 8.89e-09 V                  ; 3.12 V             ; -0.11 V            ; 0.153 V                             ; 0.272 V                             ; 6.41e-10 s                 ; 4.57e-10 s                 ; No                        ; Yes                       ;
; U6_PA[6]          ; 3.3-V LVTTL  ; 0 s                 ; 0 s                 ; 3.08 V                       ; 8.89e-09 V                   ; 3.12 V              ; -0.11 V             ; 0.153 V                              ; 0.272 V                              ; 6.41e-10 s                  ; 4.57e-10 s                  ; No                         ; Yes                        ; 3.08 V                      ; 8.89e-09 V                  ; 3.12 V             ; -0.11 V            ; 0.153 V                             ; 0.272 V                             ; 6.41e-10 s                 ; 4.57e-10 s                 ; No                        ; Yes                       ;
; U6_PA[7]          ; 3.3-V LVTTL  ; 0 s                 ; 0 s                 ; 3.08 V                       ; 8.89e-09 V                   ; 3.12 V              ; -0.11 V             ; 0.153 V                              ; 0.272 V                              ; 6.41e-10 s                  ; 4.57e-10 s                  ; No                         ; Yes                        ; 3.08 V                      ; 8.89e-09 V                  ; 3.12 V             ; -0.11 V            ; 0.153 V                             ; 0.272 V                             ; 6.41e-10 s                 ; 4.57e-10 s                 ; No                        ; Yes                       ;
; U6_PB[0]          ; 3.3-V LVTTL  ; 0 s                 ; 0 s                 ; 3.08 V                       ; 8.89e-09 V                   ; 3.12 V              ; -0.11 V             ; 0.153 V                              ; 0.272 V                              ; 6.41e-10 s                  ; 4.57e-10 s                  ; No                         ; Yes                        ; 3.08 V                      ; 8.89e-09 V                  ; 3.12 V             ; -0.11 V            ; 0.153 V                             ; 0.272 V                             ; 6.41e-10 s                 ; 4.57e-10 s                 ; No                        ; Yes                       ;
; U6_PB[1]          ; 3.3-V LVTTL  ; 0 s                 ; 0 s                 ; 3.08 V                       ; 6.38e-09 V                   ; 3.12 V              ; -0.0818 V           ; 0.205 V                              ; 0.244 V                              ; 8.86e-10 s                  ; 6.56e-10 s                  ; No                         ; No                         ; 3.08 V                      ; 6.38e-09 V                  ; 3.12 V             ; -0.0818 V          ; 0.205 V                             ; 0.244 V                             ; 8.86e-10 s                 ; 6.56e-10 s                 ; No                        ; No                        ;
; U6_PB[2]          ; 3.3-V LVTTL  ; 0 s                 ; 0 s                 ; 3.08 V                       ; 6.38e-09 V                   ; 3.12 V              ; -0.0818 V           ; 0.205 V                              ; 0.244 V                              ; 8.86e-10 s                  ; 6.56e-10 s                  ; No                         ; No                         ; 3.08 V                      ; 6.38e-09 V                  ; 3.12 V             ; -0.0818 V          ; 0.205 V                             ; 0.244 V                             ; 8.86e-10 s                 ; 6.56e-10 s                 ; No                        ; No                        ;
; U6_PB[3]          ; 3.3-V LVTTL  ; 0 s                 ; 0 s                 ; 3.08 V                       ; 6.38e-09 V                   ; 3.12 V              ; -0.0818 V           ; 0.205 V                              ; 0.244 V                              ; 8.86e-10 s                  ; 6.56e-10 s                  ; No                         ; No                         ; 3.08 V                      ; 6.38e-09 V                  ; 3.12 V             ; -0.0818 V          ; 0.205 V                             ; 0.244 V                             ; 8.86e-10 s                 ; 6.56e-10 s                 ; No                        ; No                        ;
; U6_PB[4]          ; 3.3-V LVTTL  ; 0 s                 ; 0 s                 ; 3.08 V                       ; 6.38e-09 V                   ; 3.12 V              ; -0.0818 V           ; 0.205 V                              ; 0.244 V                              ; 8.86e-10 s                  ; 6.56e-10 s                  ; No                         ; No                         ; 3.08 V                      ; 6.38e-09 V                  ; 3.12 V             ; -0.0818 V          ; 0.205 V                             ; 0.244 V                             ; 8.86e-10 s                 ; 6.56e-10 s                 ; No                        ; No                        ;
; U6_PB[5]          ; 3.3-V LVTTL  ; 0 s                 ; 0 s                 ; 3.08 V                       ; 6.38e-09 V                   ; 3.13 V              ; -0.117 V            ; 0.15 V                               ; 0.263 V                              ; 6.31e-10 s                  ; 4.46e-10 s                  ; No                         ; No                         ; 3.08 V                      ; 6.38e-09 V                  ; 3.13 V             ; -0.117 V           ; 0.15 V                              ; 0.263 V                             ; 6.31e-10 s                 ; 4.46e-10 s                 ; No                        ; No                        ;
; U6_PB[6]          ; 3.3-V LVTTL  ; 0 s                 ; 0 s                 ; 3.08 V                       ; 6.38e-09 V                   ; 3.12 V              ; -0.0818 V           ; 0.205 V                              ; 0.244 V                              ; 8.86e-10 s                  ; 6.56e-10 s                  ; No                         ; No                         ; 3.08 V                      ; 6.38e-09 V                  ; 3.12 V             ; -0.0818 V          ; 0.205 V                             ; 0.244 V                             ; 8.86e-10 s                 ; 6.56e-10 s                 ; No                        ; No                        ;
; U6_PB[7]          ; 3.3-V LVTTL  ; 0 s                 ; 0 s                 ; 3.08 V                       ; 6.38e-09 V                   ; 3.12 V              ; -0.0818 V           ; 0.205 V                              ; 0.244 V                              ; 8.86e-10 s                  ; 6.56e-10 s                  ; No                         ; No                         ; 3.08 V                      ; 6.38e-09 V                  ; 3.12 V             ; -0.0818 V          ; 0.205 V                             ; 0.244 V                             ; 8.86e-10 s                 ; 6.56e-10 s                 ; No                        ; No                        ;
; CS_SDcard         ; 3.3-V LVTTL  ; 0 s                 ; 0 s                 ; 3.08 V                       ; 6.38e-09 V                   ; 3.09 V              ; -0.011 V            ; 0.226 V                              ; 0.296 V                              ; 4.86e-09 s                  ; 3.55e-09 s                  ; Yes                        ; Yes                        ; 3.08 V                      ; 6.38e-09 V                  ; 3.09 V             ; -0.011 V           ; 0.226 V                             ; 0.296 V                             ; 4.86e-09 s                 ; 3.55e-09 s                 ; Yes                       ; Yes                       ;
; CS_EEprom         ; 3.3-V LVTTL  ; 0 s                 ; 0 s                 ; 3.08 V                       ; 8.89e-09 V                   ; 3.12 V              ; -0.11 V             ; 0.153 V                              ; 0.272 V                              ; 6.41e-10 s                  ; 4.57e-10 s                  ; No                         ; Yes                        ; 3.08 V                      ; 8.89e-09 V                  ; 3.12 V             ; -0.11 V            ; 0.153 V                             ; 0.272 V                             ; 6.41e-10 s                 ; 4.57e-10 s                 ; No                        ; Yes                       ;
; MOSI              ; 3.3-V LVTTL  ; 0 s                 ; 0 s                 ; 3.08 V                       ; 8.89e-09 V                   ; 3.12 V              ; -0.11 V             ; 0.153 V                              ; 0.272 V                              ; 6.41e-10 s                  ; 4.57e-10 s                  ; No                         ; Yes                        ; 3.08 V                      ; 8.89e-09 V                  ; 3.12 V             ; -0.11 V            ; 0.153 V                             ; 0.272 V                             ; 6.41e-10 s                 ; 4.57e-10 s                 ; No                        ; Yes                       ;
; CLK               ; 3.3-V LVTTL  ; 0 s                 ; 0 s                 ; 3.08 V                       ; 8.89e-09 V                   ; 3.12 V              ; -0.11 V             ; 0.153 V                              ; 0.272 V                              ; 6.41e-10 s                  ; 4.57e-10 s                  ; No                         ; Yes                        ; 3.08 V                      ; 8.89e-09 V                  ; 3.12 V             ; -0.11 V            ; 0.153 V                             ; 0.272 V                             ; 6.41e-10 s                 ; 4.57e-10 s                 ; No                        ; Yes                       ;
; DIP_Strobe[0]     ; 3.3-V LVTTL  ; 0 s                 ; 0 s                 ; 3.08 V                       ; 8.89e-09 V                   ; 3.12 V              ; -0.11 V             ; 0.153 V                              ; 0.272 V                              ; 6.41e-10 s                  ; 4.57e-10 s                  ; No                         ; Yes                        ; 3.08 V                      ; 8.89e-09 V                  ; 3.12 V             ; -0.11 V            ; 0.153 V                             ; 0.272 V                             ; 6.41e-10 s                 ; 4.57e-10 s                 ; No                        ; Yes                       ;
; DIP_Strobe[1]     ; 3.3-V LVTTL  ; 0 s                 ; 0 s                 ; 3.08 V                       ; 6.38e-09 V                   ; 3.13 V              ; -0.117 V            ; 0.15 V                               ; 0.263 V                              ; 6.31e-10 s                  ; 4.46e-10 s                  ; No                         ; No                         ; 3.08 V                      ; 6.38e-09 V                  ; 3.13 V             ; -0.117 V           ; 0.15 V                              ; 0.263 V                             ; 6.31e-10 s                 ; 4.46e-10 s                 ; No                        ; No                        ;
; DIP_Strobe[2]     ; 3.3-V LVTTL  ; 0 s                 ; 0 s                 ; 3.08 V                       ; 6.38e-09 V                   ; 3.13 V              ; -0.117 V            ; 0.15 V                               ; 0.263 V                              ; 6.31e-10 s                  ; 4.46e-10 s                  ; No                         ; No                         ; 3.08 V                      ; 6.38e-09 V                  ; 3.13 V             ; -0.117 V           ; 0.15 V                              ; 0.263 V                             ; 6.31e-10 s                 ; 4.46e-10 s                 ; No                        ; No                        ;
; DIP_Strobe[3]     ; 3.3-V LVTTL  ; 0 s                 ; 0 s                 ; 3.08 V                       ; 6.38e-09 V                   ; 3.12 V              ; -0.0818 V           ; 0.205 V                              ; 0.244 V                              ; 8.86e-10 s                  ; 6.56e-10 s                  ; No                         ; No                         ; 3.08 V                      ; 6.38e-09 V                  ; 3.12 V             ; -0.0818 V          ; 0.205 V                             ; 0.244 V                             ; 8.86e-10 s                 ; 6.56e-10 s                 ; No                        ; No                        ;
; Audio_RX          ; 3.3-V LVTTL  ; 0 s                 ; 0 s                 ; 3.08 V                       ; 6.38e-09 V                   ; 3.13 V              ; -0.117 V            ; 0.15 V                               ; 0.263 V                              ; 6.31e-10 s                  ; 4.46e-10 s                  ; No                         ; No                         ; 3.08 V                      ; 6.38e-09 V                  ; 3.13 V             ; -0.117 V           ; 0.15 V                              ; 0.263 V                             ; 6.31e-10 s                 ; 4.46e-10 s                 ; No                        ; No                        ;
; Sound             ; 3.3-V LVTTL  ; 0 s                 ; 0 s                 ; 3.08 V                       ; 6.38e-09 V                   ; 3.09 V              ; -0.011 V            ; 0.226 V                              ; 0.296 V                              ; 4.86e-09 s                  ; 3.55e-09 s                  ; Yes                        ; Yes                        ; 3.08 V                      ; 6.38e-09 V                  ; 3.09 V             ; -0.011 V           ; 0.226 V                             ; 0.296 V                             ; 4.86e-09 s                 ; 3.55e-09 s                 ; Yes                       ; Yes                       ;
; Debug             ; 3.3-V LVTTL  ; 0 s                 ; 0 s                 ; 3.08 V                       ; 6.38e-09 V                   ; 3.12 V              ; -0.0818 V           ; 0.205 V                              ; 0.244 V                              ; 8.86e-10 s                  ; 6.56e-10 s                  ; No                         ; No                         ; 3.08 V                      ; 6.38e-09 V                  ; 3.12 V             ; -0.0818 V          ; 0.205 V                             ; 0.244 V                             ; 8.86e-10 s                 ; 6.56e-10 s                 ; No                        ; No                        ;
; ~ALTERA_DCLK~     ; 3.3-V LVTTL  ; 0 s                 ; 0 s                 ; 3.08 V                       ; 3.51e-09 V                   ; 3.18 V              ; -0.157 V            ; 0.147 V                              ; 0.259 V                              ; 2.81e-10 s                  ; 2.53e-10 s                  ; Yes                        ; Yes                        ; 3.08 V                      ; 3.51e-09 V                  ; 3.18 V             ; -0.157 V           ; 0.147 V                             ; 0.259 V                             ; 2.81e-10 s                 ; 2.53e-10 s                 ; Yes                       ; Yes                       ;
+-------------------+--------------+---------------------+---------------------+------------------------------+------------------------------+---------------------+---------------------+--------------------------------------+--------------------------------------+-----------------------------+-----------------------------+----------------------------+----------------------------+-----------------------------+-----------------------------+--------------------+--------------------+-------------------------------------+-------------------------------------+----------------------------+----------------------------+---------------------------+---------------------------+


+------------------------------------------------------------------------------------------------------------------------------------------------------------------------------------------------------------------------------------------------------------------------------------------------------------------------------------------------------------------------------------------------------------------------------------------------------------------------------------------------------------------------------------------------------------------------------------------------------------------------------------------------------------------------------------------------+
; Signal Integrity Metrics (Slow 1200mv 85c Model)                                                                                                                                                                                                                                                                                                                                                                                                                                                                                                                                                                                                                                               ;
+-------------------+--------------+---------------------+---------------------+------------------------------+------------------------------+---------------------+---------------------+--------------------------------------+--------------------------------------+-----------------------------+-----------------------------+----------------------------+----------------------------+-----------------------------+-----------------------------+--------------------+--------------------+-------------------------------------+-------------------------------------+----------------------------+----------------------------+---------------------------+---------------------------+
; Pin               ; I/O Standard ; Board Delay on Rise ; Board Delay on Fall ; Steady State Voh at FPGA Pin ; Steady State Vol at FPGA Pin ; Voh Max at FPGA Pin ; Vol Min at FPGA Pin ; Ringback Voltage on Rise at FPGA Pin ; Ringback Voltage on Fall at FPGA Pin ; 10-90 Rise Time at FPGA Pin ; 90-10 Fall Time at FPGA Pin ; Monotonic Rise at FPGA Pin ; Monotonic Fall at FPGA Pin ; Steady State Voh at Far-end ; Steady State Vol at Far-end ; Voh Max at Far-end ; Vol Min at Far-end ; Ringback Voltage on Rise at Far-end ; Ringback Voltage on Fall at Far-end ; 10-90 Rise Time at Far-end ; 90-10 Fall Time at Far-end ; Monotonic Rise at Far-end ; Monotonic Fall at Far-end ;
+-------------------+--------------+---------------------+---------------------+------------------------------+------------------------------+---------------------+---------------------+--------------------------------------+--------------------------------------+-----------------------------+-----------------------------+----------------------------+----------------------------+-----------------------------+-----------------------------+--------------------+--------------------+-------------------------------------+-------------------------------------+----------------------------+----------------------------+---------------------------+---------------------------+
; LED_Int           ; 3.3-V LVTTL  ; 0 s                 ; 0 s                 ; 3.08 V                       ; 5.04e-07 V                   ; 3.11 V              ; -0.0469 V           ; 0.191 V                              ; 0.215 V                              ; 1.08e-09 s                  ; 8.62e-10 s                  ; Yes                        ; No                         ; 3.08 V                      ; 5.04e-07 V                  ; 3.11 V             ; -0.0469 V          ; 0.191 V                             ; 0.215 V                             ; 1.08e-09 s                 ; 8.62e-10 s                 ; Yes                       ; No                        ;
; LED_SDcard        ; 3.3-V LVTTL  ; 0 s                 ; 0 s                 ; 3.08 V                       ; 5.04e-07 V                   ; 3.11 V              ; -0.0624 V           ; 0.233 V                              ; 0.172 V                              ; 6.86e-10 s                  ; 6.33e-10 s                  ; Yes                        ; No                         ; 3.08 V                      ; 5.04e-07 V                  ; 3.11 V             ; -0.0624 V          ; 0.233 V                             ; 0.172 V                             ; 6.86e-10 s                 ; 6.33e-10 s                 ; Yes                       ; No                        ;
; LED_ON            ; 3.3-V LVTTL  ; 0 s                 ; 0 s                 ; 3.08 V                       ; 5.04e-07 V                   ; 3.11 V              ; -0.0624 V           ; 0.233 V                              ; 0.172 V                              ; 6.86e-10 s                  ; 6.33e-10 s                  ; Yes                        ; No                         ; 3.08 V                      ; 5.04e-07 V                  ; 3.11 V             ; -0.0624 V          ; 0.233 V                             ; 0.172 V                             ; 6.86e-10 s                 ; 6.33e-10 s                 ; Yes                       ; No                        ;
; U4_PB[0]          ; 3.3-V LVTTL  ; 0 s                 ; 0 s                 ; 3.08 V                       ; 7.5e-07 V                    ; 3.08 V              ; -0.00457 V          ; 0.185 V                              ; 0.21 V                               ; 5.8e-09 s                   ; 4.46e-09 s                  ; Yes                        ; Yes                        ; 3.08 V                      ; 7.5e-07 V                   ; 3.08 V             ; -0.00457 V         ; 0.185 V                             ; 0.21 V                              ; 5.8e-09 s                  ; 4.46e-09 s                 ; Yes                       ; Yes                       ;
; U4_PB[1]          ; 3.3-V LVTTL  ; 0 s                 ; 0 s                 ; 3.08 V                       ; 7.5e-07 V                    ; 3.11 V              ; -0.0503 V           ; 0.122 V                              ; 0.172 V                              ; 7.08e-10 s                  ; 6.43e-10 s                  ; Yes                        ; Yes                        ; 3.08 V                      ; 7.5e-07 V                   ; 3.11 V             ; -0.0503 V          ; 0.122 V                             ; 0.172 V                             ; 7.08e-10 s                 ; 6.43e-10 s                 ; Yes                       ; Yes                       ;
; U4_PB[2]          ; 3.3-V LVTTL  ; 0 s                 ; 0 s                 ; 3.08 V                       ; 7.5e-07 V                    ; 3.11 V              ; -0.0503 V           ; 0.122 V                              ; 0.172 V                              ; 7.08e-10 s                  ; 6.43e-10 s                  ; Yes                        ; Yes                        ; 3.08 V                      ; 7.5e-07 V                   ; 3.11 V             ; -0.0503 V          ; 0.122 V                             ; 0.172 V                             ; 7.08e-10 s                 ; 6.43e-10 s                 ; Yes                       ; Yes                       ;
; U4_PB[3]          ; 3.3-V LVTTL  ; 0 s                 ; 0 s                 ; 3.08 V                       ; 7.5e-07 V                    ; 3.11 V              ; -0.0503 V           ; 0.122 V                              ; 0.172 V                              ; 7.08e-10 s                  ; 6.43e-10 s                  ; Yes                        ; Yes                        ; 3.08 V                      ; 7.5e-07 V                   ; 3.11 V             ; -0.0503 V          ; 0.122 V                             ; 0.172 V                             ; 7.08e-10 s                 ; 6.43e-10 s                 ; Yes                       ; Yes                       ;
; U4_PB[4]          ; 3.3-V LVTTL  ; 0 s                 ; 0 s                 ; 3.08 V                       ; 7.5e-07 V                    ; 3.11 V              ; -0.0503 V           ; 0.122 V                              ; 0.172 V                              ; 7.08e-10 s                  ; 6.43e-10 s                  ; Yes                        ; Yes                        ; 3.08 V                      ; 7.5e-07 V                   ; 3.11 V             ; -0.0503 V          ; 0.122 V                             ; 0.172 V                             ; 7.08e-10 s                 ; 6.43e-10 s                 ; Yes                       ; Yes                       ;
; U4_PB[5]          ; 3.3-V LVTTL  ; 0 s                 ; 0 s                 ; 3.08 V                       ; 7.5e-07 V                    ; 3.11 V              ; -0.0503 V           ; 0.122 V                              ; 0.172 V                              ; 7.08e-10 s                  ; 6.43e-10 s                  ; Yes                        ; Yes                        ; 3.08 V                      ; 7.5e-07 V                   ; 3.11 V             ; -0.0503 V          ; 0.122 V                             ; 0.172 V                             ; 7.08e-10 s                 ; 6.43e-10 s                 ; Yes                       ; Yes                       ;
; U4_PB[6]          ; 3.3-V LVTTL  ; 0 s                 ; 0 s                 ; 3.08 V                       ; 7.5e-07 V                    ; 3.11 V              ; -0.0503 V           ; 0.122 V                              ; 0.172 V                              ; 7.08e-10 s                  ; 6.43e-10 s                  ; Yes                        ; Yes                        ; 3.08 V                      ; 7.5e-07 V                   ; 3.11 V             ; -0.0503 V          ; 0.122 V                             ; 0.172 V                             ; 7.08e-10 s                 ; 6.43e-10 s                 ; Yes                       ; Yes                       ;
; U4_PB[7]          ; 3.3-V LVTTL  ; 0 s                 ; 0 s                 ; 3.08 V                       ; 7.5e-07 V                    ; 3.11 V              ; -0.0503 V           ; 0.122 V                              ; 0.172 V                              ; 7.08e-10 s                  ; 6.43e-10 s                  ; Yes                        ; Yes                        ; 3.08 V                      ; 7.5e-07 V                   ; 3.11 V             ; -0.0503 V          ; 0.122 V                             ; 0.172 V                             ; 7.08e-10 s                 ; 6.43e-10 s                 ; Yes                       ; Yes                       ;
; disp_segments[24] ; 3.3-V LVTTL  ; 0 s                 ; 0 s                 ; 3.08 V                       ; 5.04e-07 V                   ; 3.11 V              ; -0.0624 V           ; 0.233 V                              ; 0.172 V                              ; 6.86e-10 s                  ; 6.33e-10 s                  ; Yes                        ; No                         ; 3.08 V                      ; 5.04e-07 V                  ; 3.11 V             ; -0.0624 V          ; 0.233 V                             ; 0.172 V                             ; 6.86e-10 s                 ; 6.33e-10 s                 ; Yes                       ; No                        ;
; disp_segments[23] ; 3.3-V LVTTL  ; 0 s                 ; 0 s                 ; 3.08 V                       ; 5.04e-07 V                   ; 3.11 V              ; -0.0624 V           ; 0.233 V                              ; 0.172 V                              ; 6.86e-10 s                  ; 6.33e-10 s                  ; Yes                        ; No                         ; 3.08 V                      ; 5.04e-07 V                  ; 3.11 V             ; -0.0624 V          ; 0.233 V                             ; 0.172 V                             ; 6.86e-10 s                 ; 6.33e-10 s                 ; Yes                       ; No                        ;
; disp_segments[22] ; 3.3-V LVTTL  ; 0 s                 ; 0 s                 ; 3.08 V                       ; 7.5e-07 V                    ; 3.11 V              ; -0.0503 V           ; 0.122 V                              ; 0.172 V                              ; 7.08e-10 s                  ; 6.43e-10 s                  ; Yes                        ; Yes                        ; 3.08 V                      ; 7.5e-07 V                   ; 3.11 V             ; -0.0503 V          ; 0.122 V                             ; 0.172 V                             ; 7.08e-10 s                 ; 6.43e-10 s                 ; Yes                       ; Yes                       ;
; disp_segments[21] ; 3.3-V LVTTL  ; 0 s                 ; 0 s                 ; 3.08 V                       ; 7.5e-07 V                    ; 3.11 V              ; -0.0503 V           ; 0.122 V                              ; 0.172 V                              ; 7.08e-10 s                  ; 6.43e-10 s                  ; Yes                        ; Yes                        ; 3.08 V                      ; 7.5e-07 V                   ; 3.11 V             ; -0.0503 V          ; 0.122 V                             ; 0.172 V                             ; 7.08e-10 s                 ; 6.43e-10 s                 ; Yes                       ; Yes                       ;
; disp_segments[20] ; 3.3-V LVTTL  ; 0 s                 ; 0 s                 ; 3.08 V                       ; 7.5e-07 V                    ; 3.11 V              ; -0.0503 V           ; 0.122 V                              ; 0.172 V                              ; 7.08e-10 s                  ; 6.43e-10 s                  ; Yes                        ; Yes                        ; 3.08 V                      ; 7.5e-07 V                   ; 3.11 V             ; -0.0503 V          ; 0.122 V                             ; 0.172 V                             ; 7.08e-10 s                 ; 6.43e-10 s                 ; Yes                       ; Yes                       ;
; disp_segments[19] ; 3.3-V LVTTL  ; 0 s                 ; 0 s                 ; 3.08 V                       ; 7.5e-07 V                    ; 3.11 V              ; -0.0503 V           ; 0.122 V                              ; 0.172 V                              ; 7.08e-10 s                  ; 6.43e-10 s                  ; Yes                        ; Yes                        ; 3.08 V                      ; 7.5e-07 V                   ; 3.11 V             ; -0.0503 V          ; 0.122 V                             ; 0.172 V                             ; 7.08e-10 s                 ; 6.43e-10 s                 ; Yes                       ; Yes                       ;
; disp_segments[18] ; 3.3-V LVTTL  ; 0 s                 ; 0 s                 ; 3.08 V                       ; 7.5e-07 V                    ; 3.11 V              ; -0.0503 V           ; 0.122 V                              ; 0.172 V                              ; 7.08e-10 s                  ; 6.43e-10 s                  ; Yes                        ; Yes                        ; 3.08 V                      ; 7.5e-07 V                   ; 3.11 V             ; -0.0503 V          ; 0.122 V                             ; 0.172 V                             ; 7.08e-10 s                 ; 6.43e-10 s                 ; Yes                       ; Yes                       ;
; disp_segments[17] ; 3.3-V LVTTL  ; 0 s                 ; 0 s                 ; 3.08 V                       ; 7.5e-07 V                    ; 3.11 V              ; -0.0503 V           ; 0.122 V                              ; 0.172 V                              ; 7.08e-10 s                  ; 6.43e-10 s                  ; Yes                        ; Yes                        ; 3.08 V                      ; 7.5e-07 V                   ; 3.11 V             ; -0.0503 V          ; 0.122 V                             ; 0.172 V                             ; 7.08e-10 s                 ; 6.43e-10 s                 ; Yes                       ; Yes                       ;
; disp_segments[16] ; 3.3-V LVTTL  ; 0 s                 ; 0 s                 ; 3.08 V                       ; 7.5e-07 V                    ; 3.11 V              ; -0.0503 V           ; 0.122 V                              ; 0.172 V                              ; 7.08e-10 s                  ; 6.43e-10 s                  ; Yes                        ; Yes                        ; 3.08 V                      ; 7.5e-07 V                   ; 3.11 V             ; -0.0503 V          ; 0.122 V                             ; 0.172 V                             ; 7.08e-10 s                 ; 6.43e-10 s                 ; Yes                       ; Yes                       ;
; disp_segments[15] ; 3.3-V LVTTL  ; 0 s                 ; 0 s                 ; 3.08 V                       ; 7.5e-07 V                    ; 3.08 V              ; -0.00457 V          ; 0.185 V                              ; 0.21 V                               ; 5.8e-09 s                   ; 4.46e-09 s                  ; Yes                        ; Yes                        ; 3.08 V                      ; 7.5e-07 V                   ; 3.08 V             ; -0.00457 V         ; 0.185 V                             ; 0.21 V                              ; 5.8e-09 s                  ; 4.46e-09 s                 ; Yes                       ; Yes                       ;
; disp_segments[14] ; 3.3-V LVTTL  ; 0 s                 ; 0 s                 ; 3.08 V                       ; 7.5e-07 V                    ; 3.11 V              ; -0.0503 V           ; 0.122 V                              ; 0.172 V                              ; 7.08e-10 s                  ; 6.43e-10 s                  ; Yes                        ; Yes                        ; 3.08 V                      ; 7.5e-07 V                   ; 3.11 V             ; -0.0503 V          ; 0.122 V                             ; 0.172 V                             ; 7.08e-10 s                 ; 6.43e-10 s                 ; Yes                       ; Yes                       ;
; disp_segments[13] ; 3.3-V LVTTL  ; 0 s                 ; 0 s                 ; 3.08 V                       ; 7.5e-07 V                    ; 3.11 V              ; -0.0503 V           ; 0.122 V                              ; 0.172 V                              ; 7.08e-10 s                  ; 6.43e-10 s                  ; Yes                        ; Yes                        ; 3.08 V                      ; 7.5e-07 V                   ; 3.11 V             ; -0.0503 V          ; 0.122 V                             ; 0.172 V                             ; 7.08e-10 s                 ; 6.43e-10 s                 ; Yes                       ; Yes                       ;
; disp_segments[12] ; 3.3-V LVTTL  ; 0 s                 ; 0 s                 ; 3.08 V                       ; 7.5e-07 V                    ; 3.11 V              ; -0.0503 V           ; 0.122 V                              ; 0.172 V                              ; 7.08e-10 s                  ; 6.43e-10 s                  ; Yes                        ; Yes                        ; 3.08 V                      ; 7.5e-07 V                   ; 3.11 V             ; -0.0503 V          ; 0.122 V                             ; 0.172 V                             ; 7.08e-10 s                 ; 6.43e-10 s                 ; Yes                       ; Yes                       ;
; disp_segments[11] ; 3.3-V LVTTL  ; 0 s                 ; 0 s                 ; 3.08 V                       ; 7.5e-07 V                    ; 3.11 V              ; -0.0503 V           ; 0.122 V                              ; 0.172 V                              ; 7.08e-10 s                  ; 6.43e-10 s                  ; Yes                        ; Yes                        ; 3.08 V                      ; 7.5e-07 V                   ; 3.11 V             ; -0.0503 V          ; 0.122 V                             ; 0.172 V                             ; 7.08e-10 s                 ; 6.43e-10 s                 ; Yes                       ; Yes                       ;
; disp_segments[10] ; 3.3-V LVTTL  ; 0 s                 ; 0 s                 ; 3.08 V                       ; 7.5e-07 V                    ; 3.11 V              ; -0.0503 V           ; 0.122 V                              ; 0.172 V                              ; 7.08e-10 s                  ; 6.43e-10 s                  ; Yes                        ; Yes                        ; 3.08 V                      ; 7.5e-07 V                   ; 3.11 V             ; -0.0503 V          ; 0.122 V                             ; 0.172 V                             ; 7.08e-10 s                 ; 6.43e-10 s                 ; Yes                       ; Yes                       ;
; disp_segments[9]  ; 3.3-V LVTTL  ; 0 s                 ; 0 s                 ; 3.08 V                       ; 7.5e-07 V                    ; 3.11 V              ; -0.0503 V           ; 0.122 V                              ; 0.172 V                              ; 7.08e-10 s                  ; 6.43e-10 s                  ; Yes                        ; Yes                        ; 3.08 V                      ; 7.5e-07 V                   ; 3.11 V             ; -0.0503 V          ; 0.122 V                             ; 0.172 V                             ; 7.08e-10 s                 ; 6.43e-10 s                 ; Yes                       ; Yes                       ;
; disp_segments[8]  ; 3.3-V LVTTL  ; 0 s                 ; 0 s                 ; 3.08 V                       ; 7.5e-07 V                    ; 3.11 V              ; -0.0503 V           ; 0.122 V                              ; 0.172 V                              ; 7.08e-10 s                  ; 6.43e-10 s                  ; Yes                        ; Yes                        ; 3.08 V                      ; 7.5e-07 V                   ; 3.11 V             ; -0.0503 V          ; 0.122 V                             ; 0.172 V                             ; 7.08e-10 s                 ; 6.43e-10 s                 ; Yes                       ; Yes                       ;
; disp_segments[7]  ; 3.3-V LVTTL  ; 0 s                 ; 0 s                 ; 3.08 V                       ; 7.5e-07 V                    ; 3.11 V              ; -0.0503 V           ; 0.122 V                              ; 0.172 V                              ; 7.08e-10 s                  ; 6.43e-10 s                  ; Yes                        ; Yes                        ; 3.08 V                      ; 7.5e-07 V                   ; 3.11 V             ; -0.0503 V          ; 0.122 V                             ; 0.172 V                             ; 7.08e-10 s                 ; 6.43e-10 s                 ; Yes                       ; Yes                       ;
; disp_segments[6]  ; 3.3-V LVTTL  ; 0 s                 ; 0 s                 ; 3.08 V                       ; 7.5e-07 V                    ; 3.11 V              ; -0.0503 V           ; 0.122 V                              ; 0.172 V                              ; 7.08e-10 s                  ; 6.43e-10 s                  ; Yes                        ; Yes                        ; 3.08 V                      ; 7.5e-07 V                   ; 3.11 V             ; -0.0503 V          ; 0.122 V                             ; 0.172 V                             ; 7.08e-10 s                 ; 6.43e-10 s                 ; Yes                       ; Yes                       ;
; disp_segments[5]  ; 3.3-V LVTTL  ; 0 s                 ; 0 s                 ; 3.08 V                       ; 7.5e-07 V                    ; 3.11 V              ; -0.0503 V           ; 0.122 V                              ; 0.172 V                              ; 7.08e-10 s                  ; 6.43e-10 s                  ; Yes                        ; Yes                        ; 3.08 V                      ; 7.5e-07 V                   ; 3.11 V             ; -0.0503 V          ; 0.122 V                             ; 0.172 V                             ; 7.08e-10 s                 ; 6.43e-10 s                 ; Yes                       ; Yes                       ;
; disp_segments[4]  ; 3.3-V LVTTL  ; 0 s                 ; 0 s                 ; 3.08 V                       ; 7.5e-07 V                    ; 3.11 V              ; -0.0503 V           ; 0.122 V                              ; 0.172 V                              ; 7.08e-10 s                  ; 6.43e-10 s                  ; Yes                        ; Yes                        ; 3.08 V                      ; 7.5e-07 V                   ; 3.11 V             ; -0.0503 V          ; 0.122 V                             ; 0.172 V                             ; 7.08e-10 s                 ; 6.43e-10 s                 ; Yes                       ; Yes                       ;
; disp_segments[3]  ; 3.3-V LVTTL  ; 0 s                 ; 0 s                 ; 3.08 V                       ; 7.5e-07 V                    ; 3.08 V              ; -0.00457 V          ; 0.185 V                              ; 0.21 V                               ; 5.8e-09 s                   ; 4.46e-09 s                  ; Yes                        ; Yes                        ; 3.08 V                      ; 7.5e-07 V                   ; 3.08 V             ; -0.00457 V         ; 0.185 V                             ; 0.21 V                              ; 5.8e-09 s                  ; 4.46e-09 s                 ; Yes                       ; Yes                       ;
; disp_segments[2]  ; 3.3-V LVTTL  ; 0 s                 ; 0 s                 ; 3.08 V                       ; 7.5e-07 V                    ; 3.11 V              ; -0.0503 V           ; 0.122 V                              ; 0.172 V                              ; 7.08e-10 s                  ; 6.43e-10 s                  ; Yes                        ; Yes                        ; 3.08 V                      ; 7.5e-07 V                   ; 3.11 V             ; -0.0503 V          ; 0.122 V                             ; 0.172 V                             ; 7.08e-10 s                 ; 6.43e-10 s                 ; Yes                       ; Yes                       ;
; disp_segments[1]  ; 3.3-V LVTTL  ; 0 s                 ; 0 s                 ; 3.08 V                       ; 7.5e-07 V                    ; 3.11 V              ; -0.0503 V           ; 0.122 V                              ; 0.172 V                              ; 7.08e-10 s                  ; 6.43e-10 s                  ; Yes                        ; Yes                        ; 3.08 V                      ; 7.5e-07 V                   ; 3.11 V             ; -0.0503 V          ; 0.122 V                             ; 0.172 V                             ; 7.08e-10 s                 ; 6.43e-10 s                 ; Yes                       ; Yes                       ;
; U5_PA[0]          ; 3.3-V LVTTL  ; 0 s                 ; 0 s                 ; 3.08 V                       ; 5.04e-07 V                   ; 3.11 V              ; -0.0624 V           ; 0.233 V                              ; 0.172 V                              ; 6.86e-10 s                  ; 6.33e-10 s                  ; Yes                        ; No                         ; 3.08 V                      ; 5.04e-07 V                  ; 3.11 V             ; -0.0624 V          ; 0.233 V                             ; 0.172 V                             ; 6.86e-10 s                 ; 6.33e-10 s                 ; Yes                       ; No                        ;
; U5_PA[1]          ; 3.3-V LVTTL  ; 0 s                 ; 0 s                 ; 3.08 V                       ; 5.04e-07 V                   ; 3.11 V              ; -0.0624 V           ; 0.233 V                              ; 0.172 V                              ; 6.86e-10 s                  ; 6.33e-10 s                  ; Yes                        ; No                         ; 3.08 V                      ; 5.04e-07 V                  ; 3.11 V             ; -0.0624 V          ; 0.233 V                             ; 0.172 V                             ; 6.86e-10 s                 ; 6.33e-10 s                 ; Yes                       ; No                        ;
; U5_PA[2]          ; 3.3-V LVTTL  ; 0 s                 ; 0 s                 ; 3.08 V                       ; 5.04e-07 V                   ; 3.08 V              ; -0.0053 V           ; 0.206 V                              ; 0.247 V                              ; 5.77e-09 s                  ; 4.45e-09 s                  ; Yes                        ; Yes                        ; 3.08 V                      ; 5.04e-07 V                  ; 3.08 V             ; -0.0053 V          ; 0.206 V                             ; 0.247 V                             ; 5.77e-09 s                 ; 4.45e-09 s                 ; Yes                       ; Yes                       ;
; U5_PA[3]          ; 3.3-V LVTTL  ; 0 s                 ; 0 s                 ; 3.08 V                       ; 5.04e-07 V                   ; 3.11 V              ; -0.0624 V           ; 0.233 V                              ; 0.172 V                              ; 6.86e-10 s                  ; 6.33e-10 s                  ; Yes                        ; No                         ; 3.08 V                      ; 5.04e-07 V                  ; 3.11 V             ; -0.0624 V          ; 0.233 V                             ; 0.172 V                             ; 6.86e-10 s                 ; 6.33e-10 s                 ; Yes                       ; No                        ;
; U5_PB_7           ; 3.3-V LVTTL  ; 0 s                 ; 0 s                 ; 3.08 V                       ; 7.5e-07 V                    ; 3.11 V              ; -0.0503 V           ; 0.122 V                              ; 0.172 V                              ; 7.08e-10 s                  ; 6.43e-10 s                  ; Yes                        ; Yes                        ; 3.08 V                      ; 7.5e-07 V                   ; 3.11 V             ; -0.0503 V          ; 0.122 V                             ; 0.172 V                             ; 7.08e-10 s                 ; 6.43e-10 s                 ; Yes                       ; Yes                       ;
; U6_PA[0]          ; 3.3-V LVTTL  ; 0 s                 ; 0 s                 ; 3.08 V                       ; 7.5e-07 V                    ; 3.11 V              ; -0.0503 V           ; 0.122 V                              ; 0.172 V                              ; 7.08e-10 s                  ; 6.43e-10 s                  ; Yes                        ; Yes                        ; 3.08 V                      ; 7.5e-07 V                   ; 3.11 V             ; -0.0503 V          ; 0.122 V                             ; 0.172 V                             ; 7.08e-10 s                 ; 6.43e-10 s                 ; Yes                       ; Yes                       ;
; U6_PA[1]          ; 3.3-V LVTTL  ; 0 s                 ; 0 s                 ; 3.08 V                       ; 5.04e-07 V                   ; 3.08 V              ; -0.0053 V           ; 0.206 V                              ; 0.247 V                              ; 5.77e-09 s                  ; 4.45e-09 s                  ; Yes                        ; Yes                        ; 3.08 V                      ; 5.04e-07 V                  ; 3.08 V             ; -0.0053 V          ; 0.206 V                             ; 0.247 V                             ; 5.77e-09 s                 ; 4.45e-09 s                 ; Yes                       ; Yes                       ;
; U6_PA[2]          ; 3.3-V LVTTL  ; 0 s                 ; 0 s                 ; 3.08 V                       ; 5.04e-07 V                   ; 3.11 V              ; -0.0469 V           ; 0.191 V                              ; 0.215 V                              ; 1.08e-09 s                  ; 8.62e-10 s                  ; Yes                        ; No                         ; 3.08 V                      ; 5.04e-07 V                  ; 3.11 V             ; -0.0469 V          ; 0.191 V                             ; 0.215 V                             ; 1.08e-09 s                 ; 8.62e-10 s                 ; Yes                       ; No                        ;
; U6_PA[3]          ; 3.3-V LVTTL  ; 0 s                 ; 0 s                 ; 3.08 V                       ; 5.04e-07 V                   ; 3.11 V              ; -0.0624 V           ; 0.233 V                              ; 0.172 V                              ; 6.86e-10 s                  ; 6.33e-10 s                  ; Yes                        ; No                         ; 3.08 V                      ; 5.04e-07 V                  ; 3.11 V             ; -0.0624 V          ; 0.233 V                             ; 0.172 V                             ; 6.86e-10 s                 ; 6.33e-10 s                 ; Yes                       ; No                        ;
; U6_PA[4]          ; 3.3-V LVTTL  ; 0 s                 ; 0 s                 ; 3.08 V                       ; 7.5e-07 V                    ; 3.11 V              ; -0.0503 V           ; 0.122 V                              ; 0.172 V                              ; 7.08e-10 s                  ; 6.43e-10 s                  ; Yes                        ; Yes                        ; 3.08 V                      ; 7.5e-07 V                   ; 3.11 V             ; -0.0503 V          ; 0.122 V                             ; 0.172 V                             ; 7.08e-10 s                 ; 6.43e-10 s                 ; Yes                       ; Yes                       ;
; U6_PA[5]          ; 3.3-V LVTTL  ; 0 s                 ; 0 s                 ; 3.08 V                       ; 7.5e-07 V                    ; 3.11 V              ; -0.0503 V           ; 0.122 V                              ; 0.172 V                              ; 7.08e-10 s                  ; 6.43e-10 s                  ; Yes                        ; Yes                        ; 3.08 V                      ; 7.5e-07 V                   ; 3.11 V             ; -0.0503 V          ; 0.122 V                             ; 0.172 V                             ; 7.08e-10 s                 ; 6.43e-10 s                 ; Yes                       ; Yes                       ;
; U6_PA[6]          ; 3.3-V LVTTL  ; 0 s                 ; 0 s                 ; 3.08 V                       ; 7.5e-07 V                    ; 3.11 V              ; -0.0503 V           ; 0.122 V                              ; 0.172 V                              ; 7.08e-10 s                  ; 6.43e-10 s                  ; Yes                        ; Yes                        ; 3.08 V                      ; 7.5e-07 V                   ; 3.11 V             ; -0.0503 V          ; 0.122 V                             ; 0.172 V                             ; 7.08e-10 s                 ; 6.43e-10 s                 ; Yes                       ; Yes                       ;
; U6_PA[7]          ; 3.3-V LVTTL  ; 0 s                 ; 0 s                 ; 3.08 V                       ; 7.5e-07 V                    ; 3.11 V              ; -0.0503 V           ; 0.122 V                              ; 0.172 V                              ; 7.08e-10 s                  ; 6.43e-10 s                  ; Yes                        ; Yes                        ; 3.08 V                      ; 7.5e-07 V                   ; 3.11 V             ; -0.0503 V          ; 0.122 V                             ; 0.172 V                             ; 7.08e-10 s                 ; 6.43e-10 s                 ; Yes                       ; Yes                       ;
; U6_PB[0]          ; 3.3-V LVTTL  ; 0 s                 ; 0 s                 ; 3.08 V                       ; 7.5e-07 V                    ; 3.11 V              ; -0.0503 V           ; 0.122 V                              ; 0.172 V                              ; 7.08e-10 s                  ; 6.43e-10 s                  ; Yes                        ; Yes                        ; 3.08 V                      ; 7.5e-07 V                   ; 3.11 V             ; -0.0503 V          ; 0.122 V                             ; 0.172 V                             ; 7.08e-10 s                 ; 6.43e-10 s                 ; Yes                       ; Yes                       ;
; U6_PB[1]          ; 3.3-V LVTTL  ; 0 s                 ; 0 s                 ; 3.08 V                       ; 5.04e-07 V                   ; 3.11 V              ; -0.0469 V           ; 0.191 V                              ; 0.215 V                              ; 1.08e-09 s                  ; 8.62e-10 s                  ; Yes                        ; No                         ; 3.08 V                      ; 5.04e-07 V                  ; 3.11 V             ; -0.0469 V          ; 0.191 V                             ; 0.215 V                             ; 1.08e-09 s                 ; 8.62e-10 s                 ; Yes                       ; No                        ;
; U6_PB[2]          ; 3.3-V LVTTL  ; 0 s                 ; 0 s                 ; 3.08 V                       ; 5.04e-07 V                   ; 3.11 V              ; -0.0469 V           ; 0.191 V                              ; 0.215 V                              ; 1.08e-09 s                  ; 8.62e-10 s                  ; Yes                        ; No                         ; 3.08 V                      ; 5.04e-07 V                  ; 3.11 V             ; -0.0469 V          ; 0.191 V                             ; 0.215 V                             ; 1.08e-09 s                 ; 8.62e-10 s                 ; Yes                       ; No                        ;
; U6_PB[3]          ; 3.3-V LVTTL  ; 0 s                 ; 0 s                 ; 3.08 V                       ; 5.04e-07 V                   ; 3.11 V              ; -0.0469 V           ; 0.191 V                              ; 0.215 V                              ; 1.08e-09 s                  ; 8.62e-10 s                  ; Yes                        ; No                         ; 3.08 V                      ; 5.04e-07 V                  ; 3.11 V             ; -0.0469 V          ; 0.191 V                             ; 0.215 V                             ; 1.08e-09 s                 ; 8.62e-10 s                 ; Yes                       ; No                        ;
; U6_PB[4]          ; 3.3-V LVTTL  ; 0 s                 ; 0 s                 ; 3.08 V                       ; 5.04e-07 V                   ; 3.11 V              ; -0.0469 V           ; 0.191 V                              ; 0.215 V                              ; 1.08e-09 s                  ; 8.62e-10 s                  ; Yes                        ; No                         ; 3.08 V                      ; 5.04e-07 V                  ; 3.11 V             ; -0.0469 V          ; 0.191 V                             ; 0.215 V                             ; 1.08e-09 s                 ; 8.62e-10 s                 ; Yes                       ; No                        ;
; U6_PB[5]          ; 3.3-V LVTTL  ; 0 s                 ; 0 s                 ; 3.08 V                       ; 5.04e-07 V                   ; 3.11 V              ; -0.0624 V           ; 0.233 V                              ; 0.172 V                              ; 6.86e-10 s                  ; 6.33e-10 s                  ; Yes                        ; No                         ; 3.08 V                      ; 5.04e-07 V                  ; 3.11 V             ; -0.0624 V          ; 0.233 V                             ; 0.172 V                             ; 6.86e-10 s                 ; 6.33e-10 s                 ; Yes                       ; No                        ;
; U6_PB[6]          ; 3.3-V LVTTL  ; 0 s                 ; 0 s                 ; 3.08 V                       ; 5.04e-07 V                   ; 3.11 V              ; -0.0469 V           ; 0.191 V                              ; 0.215 V                              ; 1.08e-09 s                  ; 8.62e-10 s                  ; Yes                        ; No                         ; 3.08 V                      ; 5.04e-07 V                  ; 3.11 V             ; -0.0469 V          ; 0.191 V                             ; 0.215 V                             ; 1.08e-09 s                 ; 8.62e-10 s                 ; Yes                       ; No                        ;
; U6_PB[7]          ; 3.3-V LVTTL  ; 0 s                 ; 0 s                 ; 3.08 V                       ; 5.04e-07 V                   ; 3.11 V              ; -0.0469 V           ; 0.191 V                              ; 0.215 V                              ; 1.08e-09 s                  ; 8.62e-10 s                  ; Yes                        ; No                         ; 3.08 V                      ; 5.04e-07 V                  ; 3.11 V             ; -0.0469 V          ; 0.191 V                             ; 0.215 V                             ; 1.08e-09 s                 ; 8.62e-10 s                 ; Yes                       ; No                        ;
; CS_SDcard         ; 3.3-V LVTTL  ; 0 s                 ; 0 s                 ; 3.08 V                       ; 5.04e-07 V                   ; 3.08 V              ; -0.0053 V           ; 0.206 V                              ; 0.247 V                              ; 5.77e-09 s                  ; 4.45e-09 s                  ; Yes                        ; Yes                        ; 3.08 V                      ; 5.04e-07 V                  ; 3.08 V             ; -0.0053 V          ; 0.206 V                             ; 0.247 V                             ; 5.77e-09 s                 ; 4.45e-09 s                 ; Yes                       ; Yes                       ;
; CS_EEprom         ; 3.3-V LVTTL  ; 0 s                 ; 0 s                 ; 3.08 V                       ; 7.5e-07 V                    ; 3.11 V              ; -0.0503 V           ; 0.122 V                              ; 0.172 V                              ; 7.08e-10 s                  ; 6.43e-10 s                  ; Yes                        ; Yes                        ; 3.08 V                      ; 7.5e-07 V                   ; 3.11 V             ; -0.0503 V          ; 0.122 V                             ; 0.172 V                             ; 7.08e-10 s                 ; 6.43e-10 s                 ; Yes                       ; Yes                       ;
; MOSI              ; 3.3-V LVTTL  ; 0 s                 ; 0 s                 ; 3.08 V                       ; 7.5e-07 V                    ; 3.11 V              ; -0.0503 V           ; 0.122 V                              ; 0.172 V                              ; 7.08e-10 s                  ; 6.43e-10 s                  ; Yes                        ; Yes                        ; 3.08 V                      ; 7.5e-07 V                   ; 3.11 V             ; -0.0503 V          ; 0.122 V                             ; 0.172 V                             ; 7.08e-10 s                 ; 6.43e-10 s                 ; Yes                       ; Yes                       ;
; CLK               ; 3.3-V LVTTL  ; 0 s                 ; 0 s                 ; 3.08 V                       ; 7.5e-07 V                    ; 3.11 V              ; -0.0503 V           ; 0.122 V                              ; 0.172 V                              ; 7.08e-10 s                  ; 6.43e-10 s                  ; Yes                        ; Yes                        ; 3.08 V                      ; 7.5e-07 V                   ; 3.11 V             ; -0.0503 V          ; 0.122 V                             ; 0.172 V                             ; 7.08e-10 s                 ; 6.43e-10 s                 ; Yes                       ; Yes                       ;
; DIP_Strobe[0]     ; 3.3-V LVTTL  ; 0 s                 ; 0 s                 ; 3.08 V                       ; 7.5e-07 V                    ; 3.11 V              ; -0.0503 V           ; 0.122 V                              ; 0.172 V                              ; 7.08e-10 s                  ; 6.43e-10 s                  ; Yes                        ; Yes                        ; 3.08 V                      ; 7.5e-07 V                   ; 3.11 V             ; -0.0503 V          ; 0.122 V                             ; 0.172 V                             ; 7.08e-10 s                 ; 6.43e-10 s                 ; Yes                       ; Yes                       ;
; DIP_Strobe[1]     ; 3.3-V LVTTL  ; 0 s                 ; 0 s                 ; 3.08 V                       ; 5.04e-07 V                   ; 3.11 V              ; -0.0624 V           ; 0.233 V                              ; 0.172 V                              ; 6.86e-10 s                  ; 6.33e-10 s                  ; Yes                        ; No                         ; 3.08 V                      ; 5.04e-07 V                  ; 3.11 V             ; -0.0624 V          ; 0.233 V                             ; 0.172 V                             ; 6.86e-10 s                 ; 6.33e-10 s                 ; Yes                       ; No                        ;
; DIP_Strobe[2]     ; 3.3-V LVTTL  ; 0 s                 ; 0 s                 ; 3.08 V                       ; 5.04e-07 V                   ; 3.11 V              ; -0.0624 V           ; 0.233 V                              ; 0.172 V                              ; 6.86e-10 s                  ; 6.33e-10 s                  ; Yes                        ; No                         ; 3.08 V                      ; 5.04e-07 V                  ; 3.11 V             ; -0.0624 V          ; 0.233 V                             ; 0.172 V                             ; 6.86e-10 s                 ; 6.33e-10 s                 ; Yes                       ; No                        ;
; DIP_Strobe[3]     ; 3.3-V LVTTL  ; 0 s                 ; 0 s                 ; 3.08 V                       ; 5.04e-07 V                   ; 3.11 V              ; -0.0469 V           ; 0.191 V                              ; 0.215 V                              ; 1.08e-09 s                  ; 8.62e-10 s                  ; Yes                        ; No                         ; 3.08 V                      ; 5.04e-07 V                  ; 3.11 V             ; -0.0469 V          ; 0.191 V                             ; 0.215 V                             ; 1.08e-09 s                 ; 8.62e-10 s                 ; Yes                       ; No                        ;
; Audio_RX          ; 3.3-V LVTTL  ; 0 s                 ; 0 s                 ; 3.08 V                       ; 5.04e-07 V                   ; 3.11 V              ; -0.0624 V           ; 0.233 V                              ; 0.172 V                              ; 6.86e-10 s                  ; 6.33e-10 s                  ; Yes                        ; No                         ; 3.08 V                      ; 5.04e-07 V                  ; 3.11 V             ; -0.0624 V          ; 0.233 V                             ; 0.172 V                             ; 6.86e-10 s                 ; 6.33e-10 s                 ; Yes                       ; No                        ;
; Sound             ; 3.3-V LVTTL  ; 0 s                 ; 0 s                 ; 3.08 V                       ; 5.04e-07 V                   ; 3.08 V              ; -0.0053 V           ; 0.206 V                              ; 0.247 V                              ; 5.77e-09 s                  ; 4.45e-09 s                  ; Yes                        ; Yes                        ; 3.08 V                      ; 5.04e-07 V                  ; 3.08 V             ; -0.0053 V          ; 0.206 V                             ; 0.247 V                             ; 5.77e-09 s                 ; 4.45e-09 s                 ; Yes                       ; Yes                       ;
; Debug             ; 3.3-V LVTTL  ; 0 s                 ; 0 s                 ; 3.08 V                       ; 5.04e-07 V                   ; 3.11 V              ; -0.0469 V           ; 0.191 V                              ; 0.215 V                              ; 1.08e-09 s                  ; 8.62e-10 s                  ; Yes                        ; No                         ; 3.08 V                      ; 5.04e-07 V                  ; 3.11 V             ; -0.0469 V          ; 0.191 V                             ; 0.215 V                             ; 1.08e-09 s                 ; 8.62e-10 s                 ; Yes                       ; No                        ;
; ~ALTERA_DCLK~     ; 3.3-V LVTTL  ; 0 s                 ; 0 s                 ; 3.08 V                       ; 2.6e-07 V                    ; 3.13 V              ; -0.103 V            ; 0.164 V                              ; 0.134 V                              ; 3.14e-10 s                  ; 4.05e-10 s                  ; Yes                        ; No                         ; 3.08 V                      ; 2.6e-07 V                   ; 3.13 V             ; -0.103 V           ; 0.164 V                             ; 0.134 V                             ; 3.14e-10 s                 ; 4.05e-10 s                 ; Yes                       ; No                        ;
+-------------------+--------------+---------------------+---------------------+------------------------------+------------------------------+---------------------+---------------------+--------------------------------------+--------------------------------------+-----------------------------+-----------------------------+----------------------------+----------------------------+-----------------------------+-----------------------------+--------------------+--------------------+-------------------------------------+-------------------------------------+----------------------------+----------------------------+---------------------------+---------------------------+


+------------------------------------------------------------------------------------------------------------------------------------------------------------------------------------------------------------------------------------------------------------------------------------------------------------------------------------------------------------------------------------------------------------------------------------------------------------------------------------------------------------------------------------------------------------------------------------------------------------------------------------------------------------------------------------------------+
; Signal Integrity Metrics (Fast 1200mv 0c Model)                                                                                                                                                                                                                                                                                                                                                                                                                                                                                                                                                                                                                                                ;
+-------------------+--------------+---------------------+---------------------+------------------------------+------------------------------+---------------------+---------------------+--------------------------------------+--------------------------------------+-----------------------------+-----------------------------+----------------------------+----------------------------+-----------------------------+-----------------------------+--------------------+--------------------+-------------------------------------+-------------------------------------+----------------------------+----------------------------+---------------------------+---------------------------+
; Pin               ; I/O Standard ; Board Delay on Rise ; Board Delay on Fall ; Steady State Voh at FPGA Pin ; Steady State Vol at FPGA Pin ; Voh Max at FPGA Pin ; Vol Min at FPGA Pin ; Ringback Voltage on Rise at FPGA Pin ; Ringback Voltage on Fall at FPGA Pin ; 10-90 Rise Time at FPGA Pin ; 90-10 Fall Time at FPGA Pin ; Monotonic Rise at FPGA Pin ; Monotonic Fall at FPGA Pin ; Steady State Voh at Far-end ; Steady State Vol at Far-end ; Voh Max at Far-end ; Vol Min at Far-end ; Ringback Voltage on Rise at Far-end ; Ringback Voltage on Fall at Far-end ; 10-90 Rise Time at Far-end ; 90-10 Fall Time at Far-end ; Monotonic Rise at Far-end ; Monotonic Fall at Far-end ;
+-------------------+--------------+---------------------+---------------------+------------------------------+------------------------------+---------------------+---------------------+--------------------------------------+--------------------------------------+-----------------------------+-----------------------------+----------------------------+----------------------------+-----------------------------+-----------------------------+--------------------+--------------------+-------------------------------------+-------------------------------------+----------------------------+----------------------------+---------------------------+---------------------------+
; LED_Int           ; 3.3-V LVTTL  ; 0 s                 ; 0 s                 ; 3.46 V                       ; 1.25e-07 V                   ; 3.57 V              ; -0.0855 V           ; 0.315 V                              ; 0.175 V                              ; 6.79e-10 s                  ; 6.15e-10 s                  ; No                         ; No                         ; 3.46 V                      ; 1.25e-07 V                  ; 3.57 V             ; -0.0855 V          ; 0.315 V                             ; 0.175 V                             ; 6.79e-10 s                 ; 6.15e-10 s                 ; No                        ; No                        ;
; LED_SDcard        ; 3.3-V LVTTL  ; 0 s                 ; 0 s                 ; 3.46 V                       ; 1.25e-07 V                   ; 3.6 V               ; -0.127 V            ; 0.302 V                              ; 0.21 V                               ; 4.55e-10 s                  ; 4.11e-10 s                  ; No                         ; No                         ; 3.46 V                      ; 1.25e-07 V                  ; 3.6 V              ; -0.127 V           ; 0.302 V                             ; 0.21 V                              ; 4.55e-10 s                 ; 4.11e-10 s                 ; No                        ; No                        ;
; LED_ON            ; 3.3-V LVTTL  ; 0 s                 ; 0 s                 ; 3.46 V                       ; 1.25e-07 V                   ; 3.6 V               ; -0.127 V            ; 0.302 V                              ; 0.21 V                               ; 4.55e-10 s                  ; 4.11e-10 s                  ; No                         ; No                         ; 3.46 V                      ; 1.25e-07 V                  ; 3.6 V              ; -0.127 V           ; 0.302 V                             ; 0.21 V                              ; 4.55e-10 s                 ; 4.11e-10 s                 ; No                        ; No                        ;
; U4_PB[0]          ; 3.3-V LVTTL  ; 0 s                 ; 0 s                 ; 3.46 V                       ; 1.85e-07 V                   ; 3.48 V              ; -0.0173 V           ; 0.356 V                              ; 0.324 V                              ; 3.89e-09 s                  ; 3.06e-09 s                  ; No                         ; No                         ; 3.46 V                      ; 1.85e-07 V                  ; 3.48 V             ; -0.0173 V          ; 0.356 V                             ; 0.324 V                             ; 3.89e-09 s                 ; 3.06e-09 s                 ; No                        ; No                        ;
; U4_PB[1]          ; 3.3-V LVTTL  ; 0 s                 ; 0 s                 ; 3.46 V                       ; 1.85e-07 V                   ; 3.57 V              ; -0.141 V            ; 0.301 V                              ; 0.239 V                              ; 4.61e-10 s                  ; 4.2e-10 s                   ; No                         ; No                         ; 3.46 V                      ; 1.85e-07 V                  ; 3.57 V             ; -0.141 V           ; 0.301 V                             ; 0.239 V                             ; 4.61e-10 s                 ; 4.2e-10 s                  ; No                        ; No                        ;
; U4_PB[2]          ; 3.3-V LVTTL  ; 0 s                 ; 0 s                 ; 3.46 V                       ; 1.85e-07 V                   ; 3.57 V              ; -0.141 V            ; 0.301 V                              ; 0.239 V                              ; 4.61e-10 s                  ; 4.2e-10 s                   ; No                         ; No                         ; 3.46 V                      ; 1.85e-07 V                  ; 3.57 V             ; -0.141 V           ; 0.301 V                             ; 0.239 V                             ; 4.61e-10 s                 ; 4.2e-10 s                  ; No                        ; No                        ;
; U4_PB[3]          ; 3.3-V LVTTL  ; 0 s                 ; 0 s                 ; 3.46 V                       ; 1.85e-07 V                   ; 3.57 V              ; -0.141 V            ; 0.301 V                              ; 0.239 V                              ; 4.61e-10 s                  ; 4.2e-10 s                   ; No                         ; No                         ; 3.46 V                      ; 1.85e-07 V                  ; 3.57 V             ; -0.141 V           ; 0.301 V                             ; 0.239 V                             ; 4.61e-10 s                 ; 4.2e-10 s                  ; No                        ; No                        ;
; U4_PB[4]          ; 3.3-V LVTTL  ; 0 s                 ; 0 s                 ; 3.46 V                       ; 1.85e-07 V                   ; 3.57 V              ; -0.141 V            ; 0.301 V                              ; 0.239 V                              ; 4.61e-10 s                  ; 4.2e-10 s                   ; No                         ; No                         ; 3.46 V                      ; 1.85e-07 V                  ; 3.57 V             ; -0.141 V           ; 0.301 V                             ; 0.239 V                             ; 4.61e-10 s                 ; 4.2e-10 s                  ; No                        ; No                        ;
; U4_PB[5]          ; 3.3-V LVTTL  ; 0 s                 ; 0 s                 ; 3.46 V                       ; 1.85e-07 V                   ; 3.57 V              ; -0.141 V            ; 0.301 V                              ; 0.239 V                              ; 4.61e-10 s                  ; 4.2e-10 s                   ; No                         ; No                         ; 3.46 V                      ; 1.85e-07 V                  ; 3.57 V             ; -0.141 V           ; 0.301 V                             ; 0.239 V                             ; 4.61e-10 s                 ; 4.2e-10 s                  ; No                        ; No                        ;
; U4_PB[6]          ; 3.3-V LVTTL  ; 0 s                 ; 0 s                 ; 3.46 V                       ; 1.85e-07 V                   ; 3.57 V              ; -0.141 V            ; 0.301 V                              ; 0.239 V                              ; 4.61e-10 s                  ; 4.2e-10 s                   ; No                         ; No                         ; 3.46 V                      ; 1.85e-07 V                  ; 3.57 V             ; -0.141 V           ; 0.301 V                             ; 0.239 V                             ; 4.61e-10 s                 ; 4.2e-10 s                  ; No                        ; No                        ;
; U4_PB[7]          ; 3.3-V LVTTL  ; 0 s                 ; 0 s                 ; 3.46 V                       ; 1.85e-07 V                   ; 3.57 V              ; -0.141 V            ; 0.301 V                              ; 0.239 V                              ; 4.61e-10 s                  ; 4.2e-10 s                   ; No                         ; No                         ; 3.46 V                      ; 1.85e-07 V                  ; 3.57 V             ; -0.141 V           ; 0.301 V                             ; 0.239 V                             ; 4.61e-10 s                 ; 4.2e-10 s                  ; No                        ; No                        ;
; disp_segments[24] ; 3.3-V LVTTL  ; 0 s                 ; 0 s                 ; 3.46 V                       ; 1.25e-07 V                   ; 3.6 V               ; -0.127 V            ; 0.302 V                              ; 0.21 V                               ; 4.55e-10 s                  ; 4.11e-10 s                  ; No                         ; No                         ; 3.46 V                      ; 1.25e-07 V                  ; 3.6 V              ; -0.127 V           ; 0.302 V                             ; 0.21 V                              ; 4.55e-10 s                 ; 4.11e-10 s                 ; No                        ; No                        ;
; disp_segments[23] ; 3.3-V LVTTL  ; 0 s                 ; 0 s                 ; 3.46 V                       ; 1.25e-07 V                   ; 3.6 V               ; -0.127 V            ; 0.302 V                              ; 0.21 V                               ; 4.55e-10 s                  ; 4.11e-10 s                  ; No                         ; No                         ; 3.46 V                      ; 1.25e-07 V                  ; 3.6 V              ; -0.127 V           ; 0.302 V                             ; 0.21 V                              ; 4.55e-10 s                 ; 4.11e-10 s                 ; No                        ; No                        ;
; disp_segments[22] ; 3.3-V LVTTL  ; 0 s                 ; 0 s                 ; 3.46 V                       ; 1.85e-07 V                   ; 3.57 V              ; -0.141 V            ; 0.301 V                              ; 0.239 V                              ; 4.61e-10 s                  ; 4.2e-10 s                   ; No                         ; No                         ; 3.46 V                      ; 1.85e-07 V                  ; 3.57 V             ; -0.141 V           ; 0.301 V                             ; 0.239 V                             ; 4.61e-10 s                 ; 4.2e-10 s                  ; No                        ; No                        ;
; disp_segments[21] ; 3.3-V LVTTL  ; 0 s                 ; 0 s                 ; 3.46 V                       ; 1.85e-07 V                   ; 3.57 V              ; -0.141 V            ; 0.301 V                              ; 0.239 V                              ; 4.61e-10 s                  ; 4.2e-10 s                   ; No                         ; No                         ; 3.46 V                      ; 1.85e-07 V                  ; 3.57 V             ; -0.141 V           ; 0.301 V                             ; 0.239 V                             ; 4.61e-10 s                 ; 4.2e-10 s                  ; No                        ; No                        ;
; disp_segments[20] ; 3.3-V LVTTL  ; 0 s                 ; 0 s                 ; 3.46 V                       ; 1.85e-07 V                   ; 3.57 V              ; -0.141 V            ; 0.301 V                              ; 0.239 V                              ; 4.61e-10 s                  ; 4.2e-10 s                   ; No                         ; No                         ; 3.46 V                      ; 1.85e-07 V                  ; 3.57 V             ; -0.141 V           ; 0.301 V                             ; 0.239 V                             ; 4.61e-10 s                 ; 4.2e-10 s                  ; No                        ; No                        ;
; disp_segments[19] ; 3.3-V LVTTL  ; 0 s                 ; 0 s                 ; 3.46 V                       ; 1.85e-07 V                   ; 3.57 V              ; -0.141 V            ; 0.301 V                              ; 0.239 V                              ; 4.61e-10 s                  ; 4.2e-10 s                   ; No                         ; No                         ; 3.46 V                      ; 1.85e-07 V                  ; 3.57 V             ; -0.141 V           ; 0.301 V                             ; 0.239 V                             ; 4.61e-10 s                 ; 4.2e-10 s                  ; No                        ; No                        ;
; disp_segments[18] ; 3.3-V LVTTL  ; 0 s                 ; 0 s                 ; 3.46 V                       ; 1.85e-07 V                   ; 3.57 V              ; -0.141 V            ; 0.301 V                              ; 0.239 V                              ; 4.61e-10 s                  ; 4.2e-10 s                   ; No                         ; No                         ; 3.46 V                      ; 1.85e-07 V                  ; 3.57 V             ; -0.141 V           ; 0.301 V                             ; 0.239 V                             ; 4.61e-10 s                 ; 4.2e-10 s                  ; No                        ; No                        ;
; disp_segments[17] ; 3.3-V LVTTL  ; 0 s                 ; 0 s                 ; 3.46 V                       ; 1.85e-07 V                   ; 3.57 V              ; -0.141 V            ; 0.301 V                              ; 0.239 V                              ; 4.61e-10 s                  ; 4.2e-10 s                   ; No                         ; No                         ; 3.46 V                      ; 1.85e-07 V                  ; 3.57 V             ; -0.141 V           ; 0.301 V                             ; 0.239 V                             ; 4.61e-10 s                 ; 4.2e-10 s                  ; No                        ; No                        ;
; disp_segments[16] ; 3.3-V LVTTL  ; 0 s                 ; 0 s                 ; 3.46 V                       ; 1.85e-07 V                   ; 3.57 V              ; -0.141 V            ; 0.301 V                              ; 0.239 V                              ; 4.61e-10 s                  ; 4.2e-10 s                   ; No                         ; No                         ; 3.46 V                      ; 1.85e-07 V                  ; 3.57 V             ; -0.141 V           ; 0.301 V                             ; 0.239 V                             ; 4.61e-10 s                 ; 4.2e-10 s                  ; No                        ; No                        ;
; disp_segments[15] ; 3.3-V LVTTL  ; 0 s                 ; 0 s                 ; 3.46 V                       ; 1.85e-07 V                   ; 3.48 V              ; -0.0173 V           ; 0.356 V                              ; 0.324 V                              ; 3.89e-09 s                  ; 3.06e-09 s                  ; No                         ; No                         ; 3.46 V                      ; 1.85e-07 V                  ; 3.48 V             ; -0.0173 V          ; 0.356 V                             ; 0.324 V                             ; 3.89e-09 s                 ; 3.06e-09 s                 ; No                        ; No                        ;
; disp_segments[14] ; 3.3-V LVTTL  ; 0 s                 ; 0 s                 ; 3.46 V                       ; 1.85e-07 V                   ; 3.57 V              ; -0.141 V            ; 0.301 V                              ; 0.239 V                              ; 4.61e-10 s                  ; 4.2e-10 s                   ; No                         ; No                         ; 3.46 V                      ; 1.85e-07 V                  ; 3.57 V             ; -0.141 V           ; 0.301 V                             ; 0.239 V                             ; 4.61e-10 s                 ; 4.2e-10 s                  ; No                        ; No                        ;
; disp_segments[13] ; 3.3-V LVTTL  ; 0 s                 ; 0 s                 ; 3.46 V                       ; 1.85e-07 V                   ; 3.57 V              ; -0.141 V            ; 0.301 V                              ; 0.239 V                              ; 4.61e-10 s                  ; 4.2e-10 s                   ; No                         ; No                         ; 3.46 V                      ; 1.85e-07 V                  ; 3.57 V             ; -0.141 V           ; 0.301 V                             ; 0.239 V                             ; 4.61e-10 s                 ; 4.2e-10 s                  ; No                        ; No                        ;
; disp_segments[12] ; 3.3-V LVTTL  ; 0 s                 ; 0 s                 ; 3.46 V                       ; 1.85e-07 V                   ; 3.57 V              ; -0.141 V            ; 0.301 V                              ; 0.239 V                              ; 4.61e-10 s                  ; 4.2e-10 s                   ; No                         ; No                         ; 3.46 V                      ; 1.85e-07 V                  ; 3.57 V             ; -0.141 V           ; 0.301 V                             ; 0.239 V                             ; 4.61e-10 s                 ; 4.2e-10 s                  ; No                        ; No                        ;
; disp_segments[11] ; 3.3-V LVTTL  ; 0 s                 ; 0 s                 ; 3.46 V                       ; 1.85e-07 V                   ; 3.57 V              ; -0.141 V            ; 0.301 V                              ; 0.239 V                              ; 4.61e-10 s                  ; 4.2e-10 s                   ; No                         ; No                         ; 3.46 V                      ; 1.85e-07 V                  ; 3.57 V             ; -0.141 V           ; 0.301 V                             ; 0.239 V                             ; 4.61e-10 s                 ; 4.2e-10 s                  ; No                        ; No                        ;
; disp_segments[10] ; 3.3-V LVTTL  ; 0 s                 ; 0 s                 ; 3.46 V                       ; 1.85e-07 V                   ; 3.57 V              ; -0.141 V            ; 0.301 V                              ; 0.239 V                              ; 4.61e-10 s                  ; 4.2e-10 s                   ; No                         ; No                         ; 3.46 V                      ; 1.85e-07 V                  ; 3.57 V             ; -0.141 V           ; 0.301 V                             ; 0.239 V                             ; 4.61e-10 s                 ; 4.2e-10 s                  ; No                        ; No                        ;
; disp_segments[9]  ; 3.3-V LVTTL  ; 0 s                 ; 0 s                 ; 3.46 V                       ; 1.85e-07 V                   ; 3.57 V              ; -0.141 V            ; 0.301 V                              ; 0.239 V                              ; 4.61e-10 s                  ; 4.2e-10 s                   ; No                         ; No                         ; 3.46 V                      ; 1.85e-07 V                  ; 3.57 V             ; -0.141 V           ; 0.301 V                             ; 0.239 V                             ; 4.61e-10 s                 ; 4.2e-10 s                  ; No                        ; No                        ;
; disp_segments[8]  ; 3.3-V LVTTL  ; 0 s                 ; 0 s                 ; 3.46 V                       ; 1.85e-07 V                   ; 3.57 V              ; -0.141 V            ; 0.301 V                              ; 0.239 V                              ; 4.61e-10 s                  ; 4.2e-10 s                   ; No                         ; No                         ; 3.46 V                      ; 1.85e-07 V                  ; 3.57 V             ; -0.141 V           ; 0.301 V                             ; 0.239 V                             ; 4.61e-10 s                 ; 4.2e-10 s                  ; No                        ; No                        ;
; disp_segments[7]  ; 3.3-V LVTTL  ; 0 s                 ; 0 s                 ; 3.46 V                       ; 1.85e-07 V                   ; 3.57 V              ; -0.141 V            ; 0.301 V                              ; 0.239 V                              ; 4.61e-10 s                  ; 4.2e-10 s                   ; No                         ; No                         ; 3.46 V                      ; 1.85e-07 V                  ; 3.57 V             ; -0.141 V           ; 0.301 V                             ; 0.239 V                             ; 4.61e-10 s                 ; 4.2e-10 s                  ; No                        ; No                        ;
; disp_segments[6]  ; 3.3-V LVTTL  ; 0 s                 ; 0 s                 ; 3.46 V                       ; 1.85e-07 V                   ; 3.57 V              ; -0.141 V            ; 0.301 V                              ; 0.239 V                              ; 4.61e-10 s                  ; 4.2e-10 s                   ; No                         ; No                         ; 3.46 V                      ; 1.85e-07 V                  ; 3.57 V             ; -0.141 V           ; 0.301 V                             ; 0.239 V                             ; 4.61e-10 s                 ; 4.2e-10 s                  ; No                        ; No                        ;
; disp_segments[5]  ; 3.3-V LVTTL  ; 0 s                 ; 0 s                 ; 3.46 V                       ; 1.85e-07 V                   ; 3.57 V              ; -0.141 V            ; 0.301 V                              ; 0.239 V                              ; 4.61e-10 s                  ; 4.2e-10 s                   ; No                         ; No                         ; 3.46 V                      ; 1.85e-07 V                  ; 3.57 V             ; -0.141 V           ; 0.301 V                             ; 0.239 V                             ; 4.61e-10 s                 ; 4.2e-10 s                  ; No                        ; No                        ;
; disp_segments[4]  ; 3.3-V LVTTL  ; 0 s                 ; 0 s                 ; 3.46 V                       ; 1.85e-07 V                   ; 3.57 V              ; -0.141 V            ; 0.301 V                              ; 0.239 V                              ; 4.61e-10 s                  ; 4.2e-10 s                   ; No                         ; No                         ; 3.46 V                      ; 1.85e-07 V                  ; 3.57 V             ; -0.141 V           ; 0.301 V                             ; 0.239 V                             ; 4.61e-10 s                 ; 4.2e-10 s                  ; No                        ; No                        ;
; disp_segments[3]  ; 3.3-V LVTTL  ; 0 s                 ; 0 s                 ; 3.46 V                       ; 1.85e-07 V                   ; 3.48 V              ; -0.0173 V           ; 0.356 V                              ; 0.324 V                              ; 3.89e-09 s                  ; 3.06e-09 s                  ; No                         ; No                         ; 3.46 V                      ; 1.85e-07 V                  ; 3.48 V             ; -0.0173 V          ; 0.356 V                             ; 0.324 V                             ; 3.89e-09 s                 ; 3.06e-09 s                 ; No                        ; No                        ;
; disp_segments[2]  ; 3.3-V LVTTL  ; 0 s                 ; 0 s                 ; 3.46 V                       ; 1.85e-07 V                   ; 3.57 V              ; -0.141 V            ; 0.301 V                              ; 0.239 V                              ; 4.61e-10 s                  ; 4.2e-10 s                   ; No                         ; No                         ; 3.46 V                      ; 1.85e-07 V                  ; 3.57 V             ; -0.141 V           ; 0.301 V                             ; 0.239 V                             ; 4.61e-10 s                 ; 4.2e-10 s                  ; No                        ; No                        ;
; disp_segments[1]  ; 3.3-V LVTTL  ; 0 s                 ; 0 s                 ; 3.46 V                       ; 1.85e-07 V                   ; 3.57 V              ; -0.141 V            ; 0.301 V                              ; 0.239 V                              ; 4.61e-10 s                  ; 4.2e-10 s                   ; No                         ; No                         ; 3.46 V                      ; 1.85e-07 V                  ; 3.57 V             ; -0.141 V           ; 0.301 V                             ; 0.239 V                             ; 4.61e-10 s                 ; 4.2e-10 s                  ; No                        ; No                        ;
; U5_PA[0]          ; 3.3-V LVTTL  ; 0 s                 ; 0 s                 ; 3.46 V                       ; 1.25e-07 V                   ; 3.6 V               ; -0.127 V            ; 0.302 V                              ; 0.21 V                               ; 4.55e-10 s                  ; 4.11e-10 s                  ; No                         ; No                         ; 3.46 V                      ; 1.25e-07 V                  ; 3.6 V              ; -0.127 V           ; 0.302 V                             ; 0.21 V                              ; 4.55e-10 s                 ; 4.11e-10 s                 ; No                        ; No                        ;
; U5_PA[1]          ; 3.3-V LVTTL  ; 0 s                 ; 0 s                 ; 3.46 V                       ; 1.25e-07 V                   ; 3.6 V               ; -0.127 V            ; 0.302 V                              ; 0.21 V                               ; 4.55e-10 s                  ; 4.11e-10 s                  ; No                         ; No                         ; 3.46 V                      ; 1.25e-07 V                  ; 3.6 V              ; -0.127 V           ; 0.302 V                             ; 0.21 V                              ; 4.55e-10 s                 ; 4.11e-10 s                 ; No                        ; No                        ;
; U5_PA[2]          ; 3.3-V LVTTL  ; 0 s                 ; 0 s                 ; 3.46 V                       ; 1.25e-07 V                   ; 3.48 V              ; -0.0162 V           ; 0.354 V                              ; 0.317 V                              ; 3.88e-09 s                  ; 3.06e-09 s                  ; No                         ; No                         ; 3.46 V                      ; 1.25e-07 V                  ; 3.48 V             ; -0.0162 V          ; 0.354 V                             ; 0.317 V                             ; 3.88e-09 s                 ; 3.06e-09 s                 ; No                        ; No                        ;
; U5_PA[3]          ; 3.3-V LVTTL  ; 0 s                 ; 0 s                 ; 3.46 V                       ; 1.25e-07 V                   ; 3.6 V               ; -0.127 V            ; 0.302 V                              ; 0.21 V                               ; 4.55e-10 s                  ; 4.11e-10 s                  ; No                         ; No                         ; 3.46 V                      ; 1.25e-07 V                  ; 3.6 V              ; -0.127 V           ; 0.302 V                             ; 0.21 V                              ; 4.55e-10 s                 ; 4.11e-10 s                 ; No                        ; No                        ;
; U5_PB_7           ; 3.3-V LVTTL  ; 0 s                 ; 0 s                 ; 3.46 V                       ; 1.85e-07 V                   ; 3.57 V              ; -0.141 V            ; 0.301 V                              ; 0.239 V                              ; 4.61e-10 s                  ; 4.2e-10 s                   ; No                         ; No                         ; 3.46 V                      ; 1.85e-07 V                  ; 3.57 V             ; -0.141 V           ; 0.301 V                             ; 0.239 V                             ; 4.61e-10 s                 ; 4.2e-10 s                  ; No                        ; No                        ;
; U6_PA[0]          ; 3.3-V LVTTL  ; 0 s                 ; 0 s                 ; 3.46 V                       ; 1.85e-07 V                   ; 3.57 V              ; -0.141 V            ; 0.301 V                              ; 0.239 V                              ; 4.61e-10 s                  ; 4.2e-10 s                   ; No                         ; No                         ; 3.46 V                      ; 1.85e-07 V                  ; 3.57 V             ; -0.141 V           ; 0.301 V                             ; 0.239 V                             ; 4.61e-10 s                 ; 4.2e-10 s                  ; No                        ; No                        ;
; U6_PA[1]          ; 3.3-V LVTTL  ; 0 s                 ; 0 s                 ; 3.46 V                       ; 1.25e-07 V                   ; 3.48 V              ; -0.0162 V           ; 0.354 V                              ; 0.317 V                              ; 3.88e-09 s                  ; 3.06e-09 s                  ; No                         ; No                         ; 3.46 V                      ; 1.25e-07 V                  ; 3.48 V             ; -0.0162 V          ; 0.354 V                             ; 0.317 V                             ; 3.88e-09 s                 ; 3.06e-09 s                 ; No                        ; No                        ;
; U6_PA[2]          ; 3.3-V LVTTL  ; 0 s                 ; 0 s                 ; 3.46 V                       ; 1.25e-07 V                   ; 3.57 V              ; -0.0855 V           ; 0.315 V                              ; 0.175 V                              ; 6.79e-10 s                  ; 6.15e-10 s                  ; No                         ; No                         ; 3.46 V                      ; 1.25e-07 V                  ; 3.57 V             ; -0.0855 V          ; 0.315 V                             ; 0.175 V                             ; 6.79e-10 s                 ; 6.15e-10 s                 ; No                        ; No                        ;
; U6_PA[3]          ; 3.3-V LVTTL  ; 0 s                 ; 0 s                 ; 3.46 V                       ; 1.25e-07 V                   ; 3.6 V               ; -0.127 V            ; 0.302 V                              ; 0.21 V                               ; 4.55e-10 s                  ; 4.11e-10 s                  ; No                         ; No                         ; 3.46 V                      ; 1.25e-07 V                  ; 3.6 V              ; -0.127 V           ; 0.302 V                             ; 0.21 V                              ; 4.55e-10 s                 ; 4.11e-10 s                 ; No                        ; No                        ;
; U6_PA[4]          ; 3.3-V LVTTL  ; 0 s                 ; 0 s                 ; 3.46 V                       ; 1.85e-07 V                   ; 3.57 V              ; -0.141 V            ; 0.301 V                              ; 0.239 V                              ; 4.61e-10 s                  ; 4.2e-10 s                   ; No                         ; No                         ; 3.46 V                      ; 1.85e-07 V                  ; 3.57 V             ; -0.141 V           ; 0.301 V                             ; 0.239 V                             ; 4.61e-10 s                 ; 4.2e-10 s                  ; No                        ; No                        ;
; U6_PA[5]          ; 3.3-V LVTTL  ; 0 s                 ; 0 s                 ; 3.46 V                       ; 1.85e-07 V                   ; 3.57 V              ; -0.141 V            ; 0.301 V                              ; 0.239 V                              ; 4.61e-10 s                  ; 4.2e-10 s                   ; No                         ; No                         ; 3.46 V                      ; 1.85e-07 V                  ; 3.57 V             ; -0.141 V           ; 0.301 V                             ; 0.239 V                             ; 4.61e-10 s                 ; 4.2e-10 s                  ; No                        ; No                        ;
; U6_PA[6]          ; 3.3-V LVTTL  ; 0 s                 ; 0 s                 ; 3.46 V                       ; 1.85e-07 V                   ; 3.57 V              ; -0.141 V            ; 0.301 V                              ; 0.239 V                              ; 4.61e-10 s                  ; 4.2e-10 s                   ; No                         ; No                         ; 3.46 V                      ; 1.85e-07 V                  ; 3.57 V             ; -0.141 V           ; 0.301 V                             ; 0.239 V                             ; 4.61e-10 s                 ; 4.2e-10 s                  ; No                        ; No                        ;
; U6_PA[7]          ; 3.3-V LVTTL  ; 0 s                 ; 0 s                 ; 3.46 V                       ; 1.85e-07 V                   ; 3.57 V              ; -0.141 V            ; 0.301 V                              ; 0.239 V                              ; 4.61e-10 s                  ; 4.2e-10 s                   ; No                         ; No                         ; 3.46 V                      ; 1.85e-07 V                  ; 3.57 V             ; -0.141 V           ; 0.301 V                             ; 0.239 V                             ; 4.61e-10 s                 ; 4.2e-10 s                  ; No                        ; No                        ;
; U6_PB[0]          ; 3.3-V LVTTL  ; 0 s                 ; 0 s                 ; 3.46 V                       ; 1.85e-07 V                   ; 3.57 V              ; -0.141 V            ; 0.301 V                              ; 0.239 V                              ; 4.61e-10 s                  ; 4.2e-10 s                   ; No                         ; No                         ; 3.46 V                      ; 1.85e-07 V                  ; 3.57 V             ; -0.141 V           ; 0.301 V                             ; 0.239 V                             ; 4.61e-10 s                 ; 4.2e-10 s                  ; No                        ; No                        ;
; U6_PB[1]          ; 3.3-V LVTTL  ; 0 s                 ; 0 s                 ; 3.46 V                       ; 1.25e-07 V                   ; 3.57 V              ; -0.0855 V           ; 0.315 V                              ; 0.175 V                              ; 6.79e-10 s                  ; 6.15e-10 s                  ; No                         ; No                         ; 3.46 V                      ; 1.25e-07 V                  ; 3.57 V             ; -0.0855 V          ; 0.315 V                             ; 0.175 V                             ; 6.79e-10 s                 ; 6.15e-10 s                 ; No                        ; No                        ;
; U6_PB[2]          ; 3.3-V LVTTL  ; 0 s                 ; 0 s                 ; 3.46 V                       ; 1.25e-07 V                   ; 3.57 V              ; -0.0855 V           ; 0.315 V                              ; 0.175 V                              ; 6.79e-10 s                  ; 6.15e-10 s                  ; No                         ; No                         ; 3.46 V                      ; 1.25e-07 V                  ; 3.57 V             ; -0.0855 V          ; 0.315 V                             ; 0.175 V                             ; 6.79e-10 s                 ; 6.15e-10 s                 ; No                        ; No                        ;
; U6_PB[3]          ; 3.3-V LVTTL  ; 0 s                 ; 0 s                 ; 3.46 V                       ; 1.25e-07 V                   ; 3.57 V              ; -0.0855 V           ; 0.315 V                              ; 0.175 V                              ; 6.79e-10 s                  ; 6.15e-10 s                  ; No                         ; No                         ; 3.46 V                      ; 1.25e-07 V                  ; 3.57 V             ; -0.0855 V          ; 0.315 V                             ; 0.175 V                             ; 6.79e-10 s                 ; 6.15e-10 s                 ; No                        ; No                        ;
; U6_PB[4]          ; 3.3-V LVTTL  ; 0 s                 ; 0 s                 ; 3.46 V                       ; 1.25e-07 V                   ; 3.57 V              ; -0.0855 V           ; 0.315 V                              ; 0.175 V                              ; 6.79e-10 s                  ; 6.15e-10 s                  ; No                         ; No                         ; 3.46 V                      ; 1.25e-07 V                  ; 3.57 V             ; -0.0855 V          ; 0.315 V                             ; 0.175 V                             ; 6.79e-10 s                 ; 6.15e-10 s                 ; No                        ; No                        ;
; U6_PB[5]          ; 3.3-V LVTTL  ; 0 s                 ; 0 s                 ; 3.46 V                       ; 1.25e-07 V                   ; 3.6 V               ; -0.127 V            ; 0.302 V                              ; 0.21 V                               ; 4.55e-10 s                  ; 4.11e-10 s                  ; No                         ; No                         ; 3.46 V                      ; 1.25e-07 V                  ; 3.6 V              ; -0.127 V           ; 0.302 V                             ; 0.21 V                              ; 4.55e-10 s                 ; 4.11e-10 s                 ; No                        ; No                        ;
; U6_PB[6]          ; 3.3-V LVTTL  ; 0 s                 ; 0 s                 ; 3.46 V                       ; 1.25e-07 V                   ; 3.57 V              ; -0.0855 V           ; 0.315 V                              ; 0.175 V                              ; 6.79e-10 s                  ; 6.15e-10 s                  ; No                         ; No                         ; 3.46 V                      ; 1.25e-07 V                  ; 3.57 V             ; -0.0855 V          ; 0.315 V                             ; 0.175 V                             ; 6.79e-10 s                 ; 6.15e-10 s                 ; No                        ; No                        ;
; U6_PB[7]          ; 3.3-V LVTTL  ; 0 s                 ; 0 s                 ; 3.46 V                       ; 1.25e-07 V                   ; 3.57 V              ; -0.0855 V           ; 0.315 V                              ; 0.175 V                              ; 6.79e-10 s                  ; 6.15e-10 s                  ; No                         ; No                         ; 3.46 V                      ; 1.25e-07 V                  ; 3.57 V             ; -0.0855 V          ; 0.315 V                             ; 0.175 V                             ; 6.79e-10 s                 ; 6.15e-10 s                 ; No                        ; No                        ;
; CS_SDcard         ; 3.3-V LVTTL  ; 0 s                 ; 0 s                 ; 3.46 V                       ; 1.25e-07 V                   ; 3.48 V              ; -0.0162 V           ; 0.354 V                              ; 0.317 V                              ; 3.88e-09 s                  ; 3.06e-09 s                  ; No                         ; No                         ; 3.46 V                      ; 1.25e-07 V                  ; 3.48 V             ; -0.0162 V          ; 0.354 V                             ; 0.317 V                             ; 3.88e-09 s                 ; 3.06e-09 s                 ; No                        ; No                        ;
; CS_EEprom         ; 3.3-V LVTTL  ; 0 s                 ; 0 s                 ; 3.46 V                       ; 1.85e-07 V                   ; 3.57 V              ; -0.141 V            ; 0.301 V                              ; 0.239 V                              ; 4.61e-10 s                  ; 4.2e-10 s                   ; No                         ; No                         ; 3.46 V                      ; 1.85e-07 V                  ; 3.57 V             ; -0.141 V           ; 0.301 V                             ; 0.239 V                             ; 4.61e-10 s                 ; 4.2e-10 s                  ; No                        ; No                        ;
; MOSI              ; 3.3-V LVTTL  ; 0 s                 ; 0 s                 ; 3.46 V                       ; 1.85e-07 V                   ; 3.57 V              ; -0.141 V            ; 0.301 V                              ; 0.239 V                              ; 4.61e-10 s                  ; 4.2e-10 s                   ; No                         ; No                         ; 3.46 V                      ; 1.85e-07 V                  ; 3.57 V             ; -0.141 V           ; 0.301 V                             ; 0.239 V                             ; 4.61e-10 s                 ; 4.2e-10 s                  ; No                        ; No                        ;
; CLK               ; 3.3-V LVTTL  ; 0 s                 ; 0 s                 ; 3.46 V                       ; 1.85e-07 V                   ; 3.57 V              ; -0.141 V            ; 0.301 V                              ; 0.239 V                              ; 4.61e-10 s                  ; 4.2e-10 s                   ; No                         ; No                         ; 3.46 V                      ; 1.85e-07 V                  ; 3.57 V             ; -0.141 V           ; 0.301 V                             ; 0.239 V                             ; 4.61e-10 s                 ; 4.2e-10 s                  ; No                        ; No                        ;
; DIP_Strobe[0]     ; 3.3-V LVTTL  ; 0 s                 ; 0 s                 ; 3.46 V                       ; 1.85e-07 V                   ; 3.57 V              ; -0.141 V            ; 0.301 V                              ; 0.239 V                              ; 4.61e-10 s                  ; 4.2e-10 s                   ; No                         ; No                         ; 3.46 V                      ; 1.85e-07 V                  ; 3.57 V             ; -0.141 V           ; 0.301 V                             ; 0.239 V                             ; 4.61e-10 s                 ; 4.2e-10 s                  ; No                        ; No                        ;
; DIP_Strobe[1]     ; 3.3-V LVTTL  ; 0 s                 ; 0 s                 ; 3.46 V                       ; 1.25e-07 V                   ; 3.6 V               ; -0.127 V            ; 0.302 V                              ; 0.21 V                               ; 4.55e-10 s                  ; 4.11e-10 s                  ; No                         ; No                         ; 3.46 V                      ; 1.25e-07 V                  ; 3.6 V              ; -0.127 V           ; 0.302 V                             ; 0.21 V                              ; 4.55e-10 s                 ; 4.11e-10 s                 ; No                        ; No                        ;
; DIP_Strobe[2]     ; 3.3-V LVTTL  ; 0 s                 ; 0 s                 ; 3.46 V                       ; 1.25e-07 V                   ; 3.6 V               ; -0.127 V            ; 0.302 V                              ; 0.21 V                               ; 4.55e-10 s                  ; 4.11e-10 s                  ; No                         ; No                         ; 3.46 V                      ; 1.25e-07 V                  ; 3.6 V              ; -0.127 V           ; 0.302 V                             ; 0.21 V                              ; 4.55e-10 s                 ; 4.11e-10 s                 ; No                        ; No                        ;
; DIP_Strobe[3]     ; 3.3-V LVTTL  ; 0 s                 ; 0 s                 ; 3.46 V                       ; 1.25e-07 V                   ; 3.57 V              ; -0.0855 V           ; 0.315 V                              ; 0.175 V                              ; 6.79e-10 s                  ; 6.15e-10 s                  ; No                         ; No                         ; 3.46 V                      ; 1.25e-07 V                  ; 3.57 V             ; -0.0855 V          ; 0.315 V                             ; 0.175 V                             ; 6.79e-10 s                 ; 6.15e-10 s                 ; No                        ; No                        ;
; Audio_RX          ; 3.3-V LVTTL  ; 0 s                 ; 0 s                 ; 3.46 V                       ; 1.25e-07 V                   ; 3.6 V               ; -0.127 V            ; 0.302 V                              ; 0.21 V                               ; 4.55e-10 s                  ; 4.11e-10 s                  ; No                         ; No                         ; 3.46 V                      ; 1.25e-07 V                  ; 3.6 V              ; -0.127 V           ; 0.302 V                             ; 0.21 V                              ; 4.55e-10 s                 ; 4.11e-10 s                 ; No                        ; No                        ;
; Sound             ; 3.3-V LVTTL  ; 0 s                 ; 0 s                 ; 3.46 V                       ; 1.25e-07 V                   ; 3.48 V              ; -0.0162 V           ; 0.354 V                              ; 0.317 V                              ; 3.88e-09 s                  ; 3.06e-09 s                  ; No                         ; No                         ; 3.46 V                      ; 1.25e-07 V                  ; 3.48 V             ; -0.0162 V          ; 0.354 V                             ; 0.317 V                             ; 3.88e-09 s                 ; 3.06e-09 s                 ; No                        ; No                        ;
; Debug             ; 3.3-V LVTTL  ; 0 s                 ; 0 s                 ; 3.46 V                       ; 1.25e-07 V                   ; 3.57 V              ; -0.0855 V           ; 0.315 V                              ; 0.175 V                              ; 6.79e-10 s                  ; 6.15e-10 s                  ; No                         ; No                         ; 3.46 V                      ; 1.25e-07 V                  ; 3.57 V             ; -0.0855 V          ; 0.315 V                             ; 0.175 V                             ; 6.79e-10 s                 ; 6.15e-10 s                 ; No                        ; No                        ;
; ~ALTERA_DCLK~     ; 3.3-V LVTTL  ; 0 s                 ; 0 s                 ; 3.46 V                       ; 6.54e-08 V                   ; 3.66 V              ; -0.26 V             ; 0.41 V                               ; 0.32 V                               ; 1.57e-10 s                  ; 2.15e-10 s                  ; No                         ; Yes                        ; 3.46 V                      ; 6.54e-08 V                  ; 3.66 V             ; -0.26 V            ; 0.41 V                              ; 0.32 V                              ; 1.57e-10 s                 ; 2.15e-10 s                 ; No                        ; Yes                       ;
+-------------------+--------------+---------------------+---------------------+------------------------------+------------------------------+---------------------+---------------------+--------------------------------------+--------------------------------------+-----------------------------+-----------------------------+----------------------------+----------------------------+-----------------------------+-----------------------------+--------------------+--------------------+-------------------------------------+-------------------------------------+----------------------------+----------------------------+---------------------------+---------------------------+


+-----------------------------------------------------------------------+
; Setup Transfers                                                       ;
+-------------+-------------+----------+----------+----------+----------+
; From Clock  ; To Clock    ; RR Paths ; FR Paths ; RF Paths ; FF Paths ;
+-------------+-------------+----------+----------+----------+----------+
; clk_50      ; clk_50      ; 142299   ; 0        ; 0        ; 0        ;
; cpu_clk_out ; clk_50      ; 173297   ; 30       ; 0        ; 0        ;
; clk_50      ; cpu_clk_out ; 1767     ; 0        ; 475      ; 0        ;
; cpu_clk_out ; cpu_clk_out ; 498190   ; 708      ; 52304    ; 1975     ;
+-------------+-------------+----------+----------+----------+----------+
Entries labeled "false path" only account for clock-to-clock false paths and not path-based false paths. As a result, actual path counts may be lower than reported.


+-----------------------------------------------------------------------+
; Hold Transfers                                                        ;
+-------------+-------------+----------+----------+----------+----------+
; From Clock  ; To Clock    ; RR Paths ; FR Paths ; RF Paths ; FF Paths ;
+-------------+-------------+----------+----------+----------+----------+
; clk_50      ; clk_50      ; 142299   ; 0        ; 0        ; 0        ;
; cpu_clk_out ; clk_50      ; 173297   ; 30       ; 0        ; 0        ;
; clk_50      ; cpu_clk_out ; 1767     ; 0        ; 475      ; 0        ;
; cpu_clk_out ; cpu_clk_out ; 498190   ; 708      ; 52304    ; 1975     ;
+-------------+-------------+----------+----------+----------+----------+
Entries labeled "false path" only account for clock-to-clock false paths and not path-based false paths. As a result, actual path counts may be lower than reported.


+-----------------------------------------------------------------------+
; Recovery Transfers                                                    ;
+-------------+-------------+----------+----------+----------+----------+
; From Clock  ; To Clock    ; RR Paths ; FR Paths ; RF Paths ; FF Paths ;
+-------------+-------------+----------+----------+----------+----------+
; clk_50      ; clk_50      ; 142      ; 0        ; 0        ; 0        ;
; clk_50      ; cpu_clk_out ; 140      ; 0        ; 0        ; 0        ;
; cpu_clk_out ; cpu_clk_out ; 272      ; 0        ; 0        ; 0        ;
+-------------+-------------+----------+----------+----------+----------+
Entries labeled "false path" only account for clock-to-clock false paths and not path-based false paths. As a result, actual path counts may be lower than reported.


+-----------------------------------------------------------------------+
; Removal Transfers                                                     ;
+-------------+-------------+----------+----------+----------+----------+
; From Clock  ; To Clock    ; RR Paths ; FR Paths ; RF Paths ; FF Paths ;
+-------------+-------------+----------+----------+----------+----------+
; clk_50      ; clk_50      ; 142      ; 0        ; 0        ; 0        ;
; clk_50      ; cpu_clk_out ; 140      ; 0        ; 0        ; 0        ;
; cpu_clk_out ; cpu_clk_out ; 272      ; 0        ; 0        ; 0        ;
+-------------+-------------+----------+----------+----------+----------+
Entries labeled "false path" only account for clock-to-clock false paths and not path-based false paths. As a result, actual path counts may be lower than reported.


---------------
; Report TCCS ;
---------------
No dedicated SERDES Transmitter circuitry present in device or used in design


---------------
; Report RSKM ;
---------------
No non-DPA dedicated SERDES Receiver circuitry present in device or used in design


+------------------------------------------------+
; Unconstrained Paths Summary                    ;
+---------------------------------+-------+------+
; Property                        ; Setup ; Hold ;
+---------------------------------+-------+------+
; Illegal Clocks                  ; 0     ; 0    ;
; Unconstrained Clocks            ; 2     ; 2    ;
; Unconstrained Input Ports       ; 16    ; 16   ;
; Unconstrained Input Port Paths  ; 70    ; 70   ;
; Unconstrained Output Ports      ; 65    ; 65   ;
; Unconstrained Output Port Paths ; 427   ; 427  ;
+---------------------------------+-------+------+


+-------------------------------------------------------------------------------------------------+
; Clock Status Summary                                                                            ;
+-------------------------------------------------------+-------------+-----------+---------------+
; Target                                                ; Clock       ; Type      ; Status        ;
+-------------------------------------------------------+-------------+-----------+---------------+
; clk_50                                                ; clk_50      ; Base      ; Constrained   ;
; cpu_clk_gen:clock_gen|cpu_clk_out                     ; cpu_clk_out ; Generated ; Constrained   ;
; gosof80:SOUNDBOARD|uart_clk_gen:uart_gen|uart_clk_out ;             ; Base      ; Unconstrained ;
; myTest                                                ;             ; Base      ; Unconstrained ;
+-------------------------------------------------------+-------------+-----------+---------------+


+------------------------------------------------------------------------------------------------------+
; Unconstrained Input Ports                                                                            ;
+---------------+--------------------------------------------------------------------------------------+
; Input Port    ; Comment                                                                              ;
+---------------+--------------------------------------------------------------------------------------+
; DIP_Return[0] ; No input delay, min/max delays, false-path exceptions, or max skew assignments found ;
; DIP_Return[1] ; No input delay, min/max delays, false-path exceptions, or max skew assignments found ;
; DIP_Return[2] ; No input delay, min/max delays, false-path exceptions, or max skew assignments found ;
; DIP_Return[3] ; No input delay, min/max delays, false-path exceptions, or max skew assignments found ;
; MISO          ; No input delay, min/max delays, false-path exceptions, or max skew assignments found ;
; U4_PA[0]      ; No input delay, min/max delays, false-path exceptions, or max skew assignments found ;
; U4_PA[1]      ; No input delay, min/max delays, false-path exceptions, or max skew assignments found ;
; U4_PA[2]      ; No input delay, min/max delays, false-path exceptions, or max skew assignments found ;
; U4_PA[3]      ; No input delay, min/max delays, false-path exceptions, or max skew assignments found ;
; U4_PA[4]      ; No input delay, min/max delays, false-path exceptions, or max skew assignments found ;
; U4_PA[5]      ; No input delay, min/max delays, false-path exceptions, or max skew assignments found ;
; U4_PA[6]      ; No input delay, min/max delays, false-path exceptions, or max skew assignments found ;
; U4_PA[7]      ; No input delay, min/max delays, false-path exceptions, or max skew assignments found ;
; U5_PA_7       ; No input delay, min/max delays, false-path exceptions, or max skew assignments found ;
; myTest        ; No input delay, min/max delays, false-path exceptions, or max skew assignments found ;
; reset_sw      ; No input delay, min/max delays, false-path exceptions, or max skew assignments found ;
+---------------+--------------------------------------------------------------------------------------+


+-----------------------------------------------------------------------------------------------------------+
; Unconstrained Output Ports                                                                                ;
+-------------------+---------------------------------------------------------------------------------------+
; Output Port       ; Comment                                                                               ;
+-------------------+---------------------------------------------------------------------------------------+
; Audio_RX          ; No output delay, min/max delays, false-path exceptions, or max skew assignments found ;
; CLK               ; No output delay, min/max delays, false-path exceptions, or max skew assignments found ;
; CS_EEprom         ; No output delay, min/max delays, false-path exceptions, or max skew assignments found ;
; CS_SDcard         ; No output delay, min/max delays, false-path exceptions, or max skew assignments found ;
; DIP_Strobe[0]     ; No output delay, min/max delays, false-path exceptions, or max skew assignments found ;
; DIP_Strobe[1]     ; No output delay, min/max delays, false-path exceptions, or max skew assignments found ;
; DIP_Strobe[2]     ; No output delay, min/max delays, false-path exceptions, or max skew assignments found ;
; DIP_Strobe[3]     ; No output delay, min/max delays, false-path exceptions, or max skew assignments found ;
; LED_Int           ; No output delay, min/max delays, false-path exceptions, or max skew assignments found ;
; LED_SDcard        ; No output delay, min/max delays, false-path exceptions, or max skew assignments found ;
; MOSI              ; No output delay, min/max delays, false-path exceptions, or max skew assignments found ;
; Sound             ; No output delay, min/max delays, false-path exceptions, or max skew assignments found ;
; U4_PB[0]          ; No output delay, min/max delays, false-path exceptions, or max skew assignments found ;
; U4_PB[1]          ; No output delay, min/max delays, false-path exceptions, or max skew assignments found ;
; U4_PB[2]          ; No output delay, min/max delays, false-path exceptions, or max skew assignments found ;
; U4_PB[3]          ; No output delay, min/max delays, false-path exceptions, or max skew assignments found ;
; U4_PB[4]          ; No output delay, min/max delays, false-path exceptions, or max skew assignments found ;
; U4_PB[5]          ; No output delay, min/max delays, false-path exceptions, or max skew assignments found ;
; U4_PB[6]          ; No output delay, min/max delays, false-path exceptions, or max skew assignments found ;
; U4_PB[7]          ; No output delay, min/max delays, false-path exceptions, or max skew assignments found ;
; U5_PA[0]          ; No output delay, min/max delays, false-path exceptions, or max skew assignments found ;
; U5_PA[1]          ; No output delay, min/max delays, false-path exceptions, or max skew assignments found ;
; U5_PA[2]          ; No output delay, min/max delays, false-path exceptions, or max skew assignments found ;
; U5_PA[3]          ; No output delay, min/max delays, false-path exceptions, or max skew assignments found ;
; U5_PB_7           ; No output delay, min/max delays, false-path exceptions, or max skew assignments found ;
; U6_PA[0]          ; No output delay, min/max delays, false-path exceptions, or max skew assignments found ;
; U6_PA[1]          ; No output delay, min/max delays, false-path exceptions, or max skew assignments found ;
; U6_PA[2]          ; No output delay, min/max delays, false-path exceptions, or max skew assignments found ;
; U6_PA[3]          ; No output delay, min/max delays, false-path exceptions, or max skew assignments found ;
; U6_PA[4]          ; No output delay, min/max delays, false-path exceptions, or max skew assignments found ;
; U6_PA[5]          ; No output delay, min/max delays, false-path exceptions, or max skew assignments found ;
; U6_PA[6]          ; No output delay, min/max delays, false-path exceptions, or max skew assignments found ;
; U6_PA[7]          ; No output delay, min/max delays, false-path exceptions, or max skew assignments found ;
; U6_PB[0]          ; No output delay, min/max delays, false-path exceptions, or max skew assignments found ;
; U6_PB[1]          ; No output delay, min/max delays, false-path exceptions, or max skew assignments found ;
; U6_PB[2]          ; No output delay, min/max delays, false-path exceptions, or max skew assignments found ;
; U6_PB[3]          ; No output delay, min/max delays, false-path exceptions, or max skew assignments found ;
; U6_PB[4]          ; No output delay, min/max delays, false-path exceptions, or max skew assignments found ;
; U6_PB[5]          ; No output delay, min/max delays, false-path exceptions, or max skew assignments found ;
; U6_PB[6]          ; No output delay, min/max delays, false-path exceptions, or max skew assignments found ;
; U6_PB[7]          ; No output delay, min/max delays, false-path exceptions, or max skew assignments found ;
; disp_segments[1]  ; No output delay, min/max delays, false-path exceptions, or max skew assignments found ;
; disp_segments[2]  ; No output delay, min/max delays, false-path exceptions, or max skew assignments found ;
; disp_segments[3]  ; No output delay, min/max delays, false-path exceptions, or max skew assignments found ;
; disp_segments[4]  ; No output delay, min/max delays, false-path exceptions, or max skew assignments found ;
; disp_segments[5]  ; No output delay, min/max delays, false-path exceptions, or max skew assignments found ;
; disp_segments[6]  ; No output delay, min/max delays, false-path exceptions, or max skew assignments found ;
; disp_segments[7]  ; No output delay, min/max delays, false-path exceptions, or max skew assignments found ;
; disp_segments[8]  ; No output delay, min/max delays, false-path exceptions, or max skew assignments found ;
; disp_segments[9]  ; No output delay, min/max delays, false-path exceptions, or max skew assignments found ;
; disp_segments[10] ; No output delay, min/max delays, false-path exceptions, or max skew assignments found ;
; disp_segments[11] ; No output delay, min/max delays, false-path exceptions, or max skew assignments found ;
; disp_segments[12] ; No output delay, min/max delays, false-path exceptions, or max skew assignments found ;
; disp_segments[13] ; No output delay, min/max delays, false-path exceptions, or max skew assignments found ;
; disp_segments[14] ; No output delay, min/max delays, false-path exceptions, or max skew assignments found ;
; disp_segments[15] ; No output delay, min/max delays, false-path exceptions, or max skew assignments found ;
; disp_segments[16] ; No output delay, min/max delays, false-path exceptions, or max skew assignments found ;
; disp_segments[17] ; No output delay, min/max delays, false-path exceptions, or max skew assignments found ;
; disp_segments[18] ; No output delay, min/max delays, false-path exceptions, or max skew assignments found ;
; disp_segments[19] ; No output delay, min/max delays, false-path exceptions, or max skew assignments found ;
; disp_segments[20] ; No output delay, min/max delays, false-path exceptions, or max skew assignments found ;
; disp_segments[21] ; No output delay, min/max delays, false-path exceptions, or max skew assignments found ;
; disp_segments[22] ; No output delay, min/max delays, false-path exceptions, or max skew assignments found ;
; disp_segments[23] ; No output delay, min/max delays, false-path exceptions, or max skew assignments found ;
; disp_segments[24] ; No output delay, min/max delays, false-path exceptions, or max skew assignments found ;
+-------------------+---------------------------------------------------------------------------------------+


+------------------------------------------------------------------------------------------------------+
; Unconstrained Input Ports                                                                            ;
+---------------+--------------------------------------------------------------------------------------+
; Input Port    ; Comment                                                                              ;
+---------------+--------------------------------------------------------------------------------------+
; DIP_Return[0] ; No input delay, min/max delays, false-path exceptions, or max skew assignments found ;
; DIP_Return[1] ; No input delay, min/max delays, false-path exceptions, or max skew assignments found ;
; DIP_Return[2] ; No input delay, min/max delays, false-path exceptions, or max skew assignments found ;
; DIP_Return[3] ; No input delay, min/max delays, false-path exceptions, or max skew assignments found ;
; MISO          ; No input delay, min/max delays, false-path exceptions, or max skew assignments found ;
; U4_PA[0]      ; No input delay, min/max delays, false-path exceptions, or max skew assignments found ;
; U4_PA[1]      ; No input delay, min/max delays, false-path exceptions, or max skew assignments found ;
; U4_PA[2]      ; No input delay, min/max delays, false-path exceptions, or max skew assignments found ;
; U4_PA[3]      ; No input delay, min/max delays, false-path exceptions, or max skew assignments found ;
; U4_PA[4]      ; No input delay, min/max delays, false-path exceptions, or max skew assignments found ;
; U4_PA[5]      ; No input delay, min/max delays, false-path exceptions, or max skew assignments found ;
; U4_PA[6]      ; No input delay, min/max delays, false-path exceptions, or max skew assignments found ;
; U4_PA[7]      ; No input delay, min/max delays, false-path exceptions, or max skew assignments found ;
; U5_PA_7       ; No input delay, min/max delays, false-path exceptions, or max skew assignments found ;
; myTest        ; No input delay, min/max delays, false-path exceptions, or max skew assignments found ;
; reset_sw      ; No input delay, min/max delays, false-path exceptions, or max skew assignments found ;
+---------------+--------------------------------------------------------------------------------------+


+-----------------------------------------------------------------------------------------------------------+
; Unconstrained Output Ports                                                                                ;
+-------------------+---------------------------------------------------------------------------------------+
; Output Port       ; Comment                                                                               ;
+-------------------+---------------------------------------------------------------------------------------+
; Audio_RX          ; No output delay, min/max delays, false-path exceptions, or max skew assignments found ;
; CLK               ; No output delay, min/max delays, false-path exceptions, or max skew assignments found ;
; CS_EEprom         ; No output delay, min/max delays, false-path exceptions, or max skew assignments found ;
; CS_SDcard         ; No output delay, min/max delays, false-path exceptions, or max skew assignments found ;
; DIP_Strobe[0]     ; No output delay, min/max delays, false-path exceptions, or max skew assignments found ;
; DIP_Strobe[1]     ; No output delay, min/max delays, false-path exceptions, or max skew assignments found ;
; DIP_Strobe[2]     ; No output delay, min/max delays, false-path exceptions, or max skew assignments found ;
; DIP_Strobe[3]     ; No output delay, min/max delays, false-path exceptions, or max skew assignments found ;
; LED_Int           ; No output delay, min/max delays, false-path exceptions, or max skew assignments found ;
; LED_SDcard        ; No output delay, min/max delays, false-path exceptions, or max skew assignments found ;
; MOSI              ; No output delay, min/max delays, false-path exceptions, or max skew assignments found ;
; Sound             ; No output delay, min/max delays, false-path exceptions, or max skew assignments found ;
; U4_PB[0]          ; No output delay, min/max delays, false-path exceptions, or max skew assignments found ;
; U4_PB[1]          ; No output delay, min/max delays, false-path exceptions, or max skew assignments found ;
; U4_PB[2]          ; No output delay, min/max delays, false-path exceptions, or max skew assignments found ;
; U4_PB[3]          ; No output delay, min/max delays, false-path exceptions, or max skew assignments found ;
; U4_PB[4]          ; No output delay, min/max delays, false-path exceptions, or max skew assignments found ;
; U4_PB[5]          ; No output delay, min/max delays, false-path exceptions, or max skew assignments found ;
; U4_PB[6]          ; No output delay, min/max delays, false-path exceptions, or max skew assignments found ;
; U4_PB[7]          ; No output delay, min/max delays, false-path exceptions, or max skew assignments found ;
; U5_PA[0]          ; No output delay, min/max delays, false-path exceptions, or max skew assignments found ;
; U5_PA[1]          ; No output delay, min/max delays, false-path exceptions, or max skew assignments found ;
; U5_PA[2]          ; No output delay, min/max delays, false-path exceptions, or max skew assignments found ;
; U5_PA[3]          ; No output delay, min/max delays, false-path exceptions, or max skew assignments found ;
; U5_PB_7           ; No output delay, min/max delays, false-path exceptions, or max skew assignments found ;
; U6_PA[0]          ; No output delay, min/max delays, false-path exceptions, or max skew assignments found ;
; U6_PA[1]          ; No output delay, min/max delays, false-path exceptions, or max skew assignments found ;
; U6_PA[2]          ; No output delay, min/max delays, false-path exceptions, or max skew assignments found ;
; U6_PA[3]          ; No output delay, min/max delays, false-path exceptions, or max skew assignments found ;
; U6_PA[4]          ; No output delay, min/max delays, false-path exceptions, or max skew assignments found ;
; U6_PA[5]          ; No output delay, min/max delays, false-path exceptions, or max skew assignments found ;
; U6_PA[6]          ; No output delay, min/max delays, false-path exceptions, or max skew assignments found ;
; U6_PA[7]          ; No output delay, min/max delays, false-path exceptions, or max skew assignments found ;
; U6_PB[0]          ; No output delay, min/max delays, false-path exceptions, or max skew assignments found ;
; U6_PB[1]          ; No output delay, min/max delays, false-path exceptions, or max skew assignments found ;
; U6_PB[2]          ; No output delay, min/max delays, false-path exceptions, or max skew assignments found ;
; U6_PB[3]          ; No output delay, min/max delays, false-path exceptions, or max skew assignments found ;
; U6_PB[4]          ; No output delay, min/max delays, false-path exceptions, or max skew assignments found ;
; U6_PB[5]          ; No output delay, min/max delays, false-path exceptions, or max skew assignments found ;
; U6_PB[6]          ; No output delay, min/max delays, false-path exceptions, or max skew assignments found ;
; U6_PB[7]          ; No output delay, min/max delays, false-path exceptions, or max skew assignments found ;
; disp_segments[1]  ; No output delay, min/max delays, false-path exceptions, or max skew assignments found ;
; disp_segments[2]  ; No output delay, min/max delays, false-path exceptions, or max skew assignments found ;
; disp_segments[3]  ; No output delay, min/max delays, false-path exceptions, or max skew assignments found ;
; disp_segments[4]  ; No output delay, min/max delays, false-path exceptions, or max skew assignments found ;
; disp_segments[5]  ; No output delay, min/max delays, false-path exceptions, or max skew assignments found ;
; disp_segments[6]  ; No output delay, min/max delays, false-path exceptions, or max skew assignments found ;
; disp_segments[7]  ; No output delay, min/max delays, false-path exceptions, or max skew assignments found ;
; disp_segments[8]  ; No output delay, min/max delays, false-path exceptions, or max skew assignments found ;
; disp_segments[9]  ; No output delay, min/max delays, false-path exceptions, or max skew assignments found ;
; disp_segments[10] ; No output delay, min/max delays, false-path exceptions, or max skew assignments found ;
; disp_segments[11] ; No output delay, min/max delays, false-path exceptions, or max skew assignments found ;
; disp_segments[12] ; No output delay, min/max delays, false-path exceptions, or max skew assignments found ;
; disp_segments[13] ; No output delay, min/max delays, false-path exceptions, or max skew assignments found ;
; disp_segments[14] ; No output delay, min/max delays, false-path exceptions, or max skew assignments found ;
; disp_segments[15] ; No output delay, min/max delays, false-path exceptions, or max skew assignments found ;
; disp_segments[16] ; No output delay, min/max delays, false-path exceptions, or max skew assignments found ;
; disp_segments[17] ; No output delay, min/max delays, false-path exceptions, or max skew assignments found ;
; disp_segments[18] ; No output delay, min/max delays, false-path exceptions, or max skew assignments found ;
; disp_segments[19] ; No output delay, min/max delays, false-path exceptions, or max skew assignments found ;
; disp_segments[20] ; No output delay, min/max delays, false-path exceptions, or max skew assignments found ;
; disp_segments[21] ; No output delay, min/max delays, false-path exceptions, or max skew assignments found ;
; disp_segments[22] ; No output delay, min/max delays, false-path exceptions, or max skew assignments found ;
; disp_segments[23] ; No output delay, min/max delays, false-path exceptions, or max skew assignments found ;
; disp_segments[24] ; No output delay, min/max delays, false-path exceptions, or max skew assignments found ;
+-------------------+---------------------------------------------------------------------------------------+


+--------------------------+
; Timing Analyzer Messages ;
+--------------------------+
Info: *******************************************************************
Info: Running Quartus Prime Timing Analyzer
    Info: Version 22.1std.2 Build 922 07/20/2023 SC Lite Edition
    Info: Processing started: Fri Sep 12 10:01:56 2025
Info: Command: quartus_sta SYS80 -c SYS80
Info: qsta_default_script.tcl version: #1
Warning (18236): Number of processors has not been specified which may cause overloading on shared machines.  Set the global assignment NUM_PARALLEL_PROCESSORS in your QSF to an appropriate value for best performance.
Info (20030): Parallel compilation is enabled and will use 14 of the 14 processors detected
Info (21077): Low junction temperature is 0 degrees C
Info (21077): High junction temperature is 85 degrees C
Info (332104): Reading SDC File: 'SYS80.sdc'
Info (332151): Clock uncertainty is not calculated until you update the timing netlist.
Warning (332060): Node: myTest was determined to be a clock but was found without an associated clock assignment.
    Info (13166): Register gosof80:SOUNDBOARD|ma490_irq_n is being clocked by myTest
Warning (332060): Node: gosof80:SOUNDBOARD|uart_clk_gen:uart_gen|uart_clk_out was determined to be a clock but was found without an associated clock assignment.
    Info (13166): Register gosof80:SOUNDBOARD|attract:Attract_S|send_flag is being clocked by gosof80:SOUNDBOARD|uart_clk_gen:uart_gen|uart_clk_out
Info (332123): Deriving Clock Uncertainty. Please refer to report_sdc in the Timing Analyzer to see clock uncertainties.
Info: Found TIMING_ANALYZER_REPORT_SCRIPT_INCLUDE_DEFAULT_ANALYSIS = ON
Info: Analyzing Slow 1200mV 85C Model
Info (332146): Worst-case setup slack is 2.927
    Info (332119):     Slack       End Point TNS Clock 
    Info (332119): ========= =================== =====================
    Info (332119):     2.927               0.000 clk_50 
    Info (332119):     7.406               0.000 cpu_clk_out 
Info (332146): Worst-case hold slack is 0.407
    Info (332119):     Slack       End Point TNS Clock 
    Info (332119): ========= =================== =====================
    Info (332119):     0.407               0.000 clk_50 
    Info (332119):     0.451               0.000 cpu_clk_out 
Info (332146): Worst-case recovery slack is 14.370
    Info (332119):     Slack       End Point TNS Clock 
    Info (332119): ========= =================== =====================
    Info (332119):    14.370               0.000 clk_50 
    Info (332119):    17.495               0.000 cpu_clk_out 
Info (332146): Worst-case removal slack is 1.133
    Info (332119):     Slack       End Point TNS Clock 
    Info (332119): ========= =================== =====================
    Info (332119):     1.133               0.000 cpu_clk_out 
    Info (332119):     2.163               0.000 clk_50 
Info (332146): Worst-case minimum pulse width slack is 9.594
    Info (332119):     Slack       End Point TNS Clock 
    Info (332119): ========= =================== =====================
    Info (332119):     9.594               0.000 clk_50 
    Info (332119):   559.543               0.000 cpu_clk_out 
Info (332114): Report Metastability: Found 11 synchronizer chains.
    Info (332114): The design MTBF is not calculated because there are no specified synchronizers in the design.
    Info (332114): Number of Synchronizer Chains Found: 11
    Info (332114): Shortest Synchronizer Chain: 2 Registers
    Info (332114): Fraction of Chains for which MTBFs Could Not be Calculated: 1.000
    Info (332114): Worst Case Available Settling Time: 170.097 ns
    Info (332114): 
Info: Analyzing Slow 1200mV 0C Model
Info (334003): Started post-fitting delay annotation
Info (334004): Delay annotation completed successfully
Warning (332060): Node: myTest was determined to be a clock but was found without an associated clock assignment.
    Info (13166): Register gosof80:SOUNDBOARD|ma490_irq_n is being clocked by myTest
Warning (332060): Node: gosof80:SOUNDBOARD|uart_clk_gen:uart_gen|uart_clk_out was determined to be a clock but was found without an associated clock assignment.
    Info (13166): Register gosof80:SOUNDBOARD|attract:Attract_S|send_flag is being clocked by gosof80:SOUNDBOARD|uart_clk_gen:uart_gen|uart_clk_out
Info (332123): Deriving Clock Uncertainty. Please refer to report_sdc in the Timing Analyzer to see clock uncertainties.
Info (332146): Worst-case setup slack is 3.791
    Info (332119):     Slack       End Point TNS Clock 
    Info (332119): ========= =================== =====================
    Info (332119):     3.791               0.000 clk_50 
    Info (332119):     8.084               0.000 cpu_clk_out 
Info (332146): Worst-case hold slack is 0.391
    Info (332119):     Slack       End Point TNS Clock 
    Info (332119): ========= =================== =====================
    Info (332119):     0.391               0.000 clk_50 
    Info (332119):     0.400               0.000 cpu_clk_out 
Info (332146): Worst-case recovery slack is 14.730
    Info (332119):     Slack       End Point TNS Clock 
    Info (332119): ========= =================== =====================
    Info (332119):    14.730               0.000 clk_50 
    Info (332119):    17.516               0.000 cpu_clk_out 
Info (332146): Worst-case removal slack is 0.926
    Info (332119):     Slack       End Point TNS Clock 
    Info (332119): ========= =================== =====================
    Info (332119):     0.926               0.000 cpu_clk_out 
    Info (332119):     1.944               0.000 clk_50 
Info (332146): Worst-case minimum pulse width slack is 9.595
    Info (332119):     Slack       End Point TNS Clock 
    Info (332119): ========= =================== =====================
    Info (332119):     9.595               0.000 clk_50 
    Info (332119):   559.372               0.000 cpu_clk_out 
Info (332114): Report Metastability: Found 11 synchronizer chains.
    Info (332114): The design MTBF is not calculated because there are no specified synchronizers in the design.
    Info (332114): Number of Synchronizer Chains Found: 11
    Info (332114): Shortest Synchronizer Chain: 2 Registers
    Info (332114): Fraction of Chains for which MTBFs Could Not be Calculated: 1.000
    Info (332114): Worst Case Available Settling Time: 170.958 ns
    Info (332114): 
Info: Analyzing Fast 1200mV 0C Model
Warning (332060): Node: myTest was determined to be a clock but was found without an associated clock assignment.
    Info (13166): Register gosof80:SOUNDBOARD|ma490_irq_n is being clocked by myTest
Warning (332060): Node: gosof80:SOUNDBOARD|uart_clk_gen:uart_gen|uart_clk_out was determined to be a clock but was found without an associated clock assignment.
    Info (13166): Register gosof80:SOUNDBOARD|attract:Attract_S|send_flag is being clocked by gosof80:SOUNDBOARD|uart_clk_gen:uart_gen|uart_clk_out
Info (332123): Deriving Clock Uncertainty. Please refer to report_sdc in the Timing Analyzer to see clock uncertainties.
Info (332146): Worst-case setup slack is 12.651
    Info (332119):     Slack       End Point TNS Clock 
    Info (332119): ========= =================== =====================
    Info (332119):    12.651               0.000 clk_50 
    Info (332119):    14.379               0.000 cpu_clk_out 
Info (332146): Worst-case hold slack is 0.136
    Info (332119):     Slack       End Point TNS Clock 
    Info (332119): ========= =================== =====================
    Info (332119):     0.136               0.000 clk_50 
    Info (332119):     0.184               0.000 cpu_clk_out 
Info (332146): Worst-case recovery slack is 17.264
    Info (332119):     Slack       End Point TNS Clock 
    Info (332119): ========= =================== =====================
    Info (332119):    17.264               0.000 clk_50 
    Info (332119):    18.655               0.000 cpu_clk_out 
Info (332146): Worst-case removal slack is 0.537
    Info (332119):     Slack       End Point TNS Clock 
    Info (332119): ========= =================== =====================
    Info (332119):     0.537               0.000 cpu_clk_out 
    Info (332119):     0.924               0.000 clk_50 
Info (332146): Worst-case minimum pulse width slack is 9.199
    Info (332119):     Slack       End Point TNS Clock 
    Info (332119): ========= =================== =====================
    Info (332119):     9.199               0.000 clk_50 
    Info (332119):   559.652               0.000 cpu_clk_out 
Info (332114): Report Metastability: Found 11 synchronizer chains.
    Info (332114): The design MTBF is not calculated because there are no specified synchronizers in the design.
    Info (332114): Number of Synchronizer Chains Found: 11
    Info (332114): Shortest Synchronizer Chain: 2 Registers
    Info (332114): Fraction of Chains for which MTBFs Could Not be Calculated: 1.000
    Info (332114): Worst Case Available Settling Time: 175.741 ns
    Info (332114): 
Info (332102): Design is not fully constrained for setup requirements
Info (332102): Design is not fully constrained for hold requirements
Info: Quartus Prime Timing Analyzer was successful. 0 errors, 7 warnings
    Info: Peak virtual memory: 4986 megabytes
    Info: Processing ended: Fri Sep 12 10:02:00 2025
    Info: Elapsed time: 00:00:04
    Info: Total CPU time (on all processors): 00:00:03


