Analysis & Synthesis report for SYS80
Fri Sep 12 10:01:36 2025
Quartus Prime Version 22.1std.2 Build 922 07/20/2023 SC Lite Edition


---------------------
; Table of Contents ;
---------------------
  1. Legal Notice
  2. Analysis & Synthesis Summary
  3. Analysis & Synthesis Settings
  4. Parallel Compilation
  5. Analysis & Synthesis Source Files Read
  6. Analysis & Synthesis Resource Usage Summary
  7. Analysis & Synthesis Resource Utilization by Entity
  8. Analysis & Synthesis RAM Summary
  9. Analysis & Synthesis IP Cores Summary
 10. State Machine - |SYS80|gosof80:SOUNDBOARD|T65:CPU|Set_Addr_To_r
 11. State Machine - |SYS80|gosof80:SOUNDBOARD|T65:CPU|Write_Data_r
 12. State Machine - |SYS80|gosof80:SOUNDBOARD|T65:CPU|ALU_Op_r
 13. State Machine - |SYS80|gosof80:SOUNDBOARD|SC01:SC01_Simu|state
 14. State Machine - |SYS80|gosof80:SOUNDBOARD|DFPlayer_Mini_CMD:DFP_send|state
 15. State Machine - |SYS80|EEprom:EEprom|state
 16. State Machine - |SYS80|EEprom:EEprom|SPI_Master:EEPROM_CMD|spitxstate
 17. State Machine - |SYS80|EEprom:EEprom|SPI_Master:EEPROM_STAT|spitxstate
 18. State Machine - |SYS80|EEprom:EEprom|SPI_Master:EEPROM_READ|spitxstate
 19. State Machine - |SYS80|EEprom:EEprom|SPI_Master:EEPROM_WRITE|spitxstate
 20. State Machine - |SYS80|T65:U1|Set_Addr_To_r
 21. State Machine - |SYS80|T65:U1|Write_Data_r
 22. State Machine - |SYS80|T65:U1|ALU_Op_r
 23. State Machine - |SYS80|detect_sw:detect_test_sw|state
 24. State Machine - |SYS80|detect_sw:detect_credit_sw|state
 25. State Machine - |SYS80|detect_sw_trigger:detect_credit_sw_trigger|state
 26. State Machine - |SYS80|SD_Card:SD_CARD|state_A
 27. State Machine - |SYS80|SD_Card:SD_CARD|SPI_Master:SD_CARD_READ|spitxstate
 28. State Machine - |SYS80|SD_Card:SD_CARD|SPI_Master:SD_CARD_ACCESS|spitxstate
 29. State Machine - |SYS80|byte_to_ascii:CONVS|state
 30. State Machine - |SYS80|byte_to_ascii:CONVO|state
 31. State Machine - |SYS80|byte_to_ascii:CONVG|state
 32. State Machine - |SYS80|read_the_dips:RDIPS|state
 33. Registers Removed During Synthesis
 34. Removed Registers Triggering Further Register Optimizations
 35. General Register Statistics
 36. Inverted Register Statistics
 37. Multiplexer Restructuring Statistics (Restructuring Performed)
 38. Source assignments for R5101:Z5|altsyncram:altsyncram_component|altsyncram_qpq3:auto_generated
 39. Source assignments for RIOT_RAM:U4_RAM|altsyncram:altsyncram_component|altsyncram_b8p3:auto_generated
 40. Source assignments for RIOT_RAM:U5_RAM|altsyncram:altsyncram_component|altsyncram_b8p3:auto_generated
 41. Source assignments for RIOT_RAM:U6_RAM|altsyncram:altsyncram_component|altsyncram_b8p3:auto_generated
 42. Source assignments for GAME_ROM:GAME|altsyncram:altsyncram_component|altsyncram_r1q3:auto_generated
 43. Source assignments for GAME_ROM:GAME2|altsyncram:altsyncram_component|altsyncram_r1q3:auto_generated
 44. Source assignments for SYSTEM_ROM:SYSTEM|altsyncram:altsyncram_component|altsyncram_32q3:auto_generated
 45. Source assignments for GAME_ROM:SOUNDROM1|altsyncram:altsyncram_component|altsyncram_r1q3:auto_generated
 46. Source assignments for GAME_ROM:SOUNDROM2|altsyncram:altsyncram_component|altsyncram_r1q3:auto_generated
 47. Source assignments for gosof80:SOUNDBOARD|SB_RAM:RIOT_RAM|altsyncram:altsyncram_component|altsyncram_88p3:auto_generated
 48. Parameter Settings for User Entity Instance: SD_Card:SD_CARD|SPI_Master:SD_CARD_ACCESS
 49. Parameter Settings for User Entity Instance: SD_Card:SD_CARD|SPI_Master:SD_CARD_READ
 50. Parameter Settings for User Entity Instance: EEprom:EEprom|SPI_Master:EEPROM_WRITE
 51. Parameter Settings for User Entity Instance: EEprom:EEprom|SPI_Master:EEPROM_READ
 52. Parameter Settings for User Entity Instance: EEprom:EEprom|SPI_Master:EEPROM_STAT
 53. Parameter Settings for User Entity Instance: EEprom:EEprom|SPI_Master:EEPROM_CMD
 54. Parameter Settings for User Entity Instance: R5101:Z5|altsyncram:altsyncram_component
 55. Parameter Settings for User Entity Instance: RIOT_RAM:U4_RAM|altsyncram:altsyncram_component
 56. Parameter Settings for User Entity Instance: RIOT_RAM:U5_RAM|altsyncram:altsyncram_component
 57. Parameter Settings for User Entity Instance: RIOT_RAM:U6_RAM|altsyncram:altsyncram_component
 58. Parameter Settings for User Entity Instance: GAME_ROM:GAME|altsyncram:altsyncram_component
 59. Parameter Settings for User Entity Instance: GAME_ROM:GAME2|altsyncram:altsyncram_component
 60. Parameter Settings for User Entity Instance: SYSTEM_ROM:SYSTEM|altsyncram:altsyncram_component
 61. Parameter Settings for User Entity Instance: GAME_ROM:SOUNDROM1|altsyncram:altsyncram_component
 62. Parameter Settings for User Entity Instance: GAME_ROM:SOUNDROM2|altsyncram:altsyncram_component
 63. Parameter Settings for User Entity Instance: gosof80:SOUNDBOARD|DFPlayer_Mini_CMD:DFP_send
 64. Parameter Settings for User Entity Instance: gosof80:SOUNDBOARD|SB_RAM:RIOT_RAM|altsyncram:altsyncram_component
 65. Parameter Settings for User Entity Instance: gosof80:SOUNDBOARD|dac:Audio_DAC
 66. Parameter Settings for Inferred Entity Instance: byte_to_ascii:CONVS|lpm_divide:Div1
 67. Parameter Settings for Inferred Entity Instance: byte_to_ascii:CONVO|lpm_divide:Div1
 68. Parameter Settings for Inferred Entity Instance: byte_to_ascii:CONVG|lpm_divide:Div1
 69. Parameter Settings for Inferred Entity Instance: byte_to_ascii:CONVG|lpm_divide:Div0
 70. Parameter Settings for Inferred Entity Instance: byte_to_ascii:CONVS|lpm_mult:Mult0
 71. Parameter Settings for Inferred Entity Instance: byte_to_ascii:CONVO|lpm_mult:Mult0
 72. Parameter Settings for Inferred Entity Instance: byte_to_ascii:CONVG|lpm_mult:Mult0
 73. Parameter Settings for Inferred Entity Instance: byte_to_ascii:CONVS|lpm_divide:Div0
 74. Parameter Settings for Inferred Entity Instance: byte_to_ascii:CONVO|lpm_divide:Div0
 75. Parameter Settings for Inferred Entity Instance: gosof80:SOUNDBOARD|SC01:SC01_Simu|lpm_mult:Mult0
 76. altsyncram Parameter Settings by Entity Instance
 77. lpm_mult Parameter Settings by Entity Instance
 78. Port Connectivity Checks: "gosof80:SOUNDBOARD|R6532:RIOT"
 79. Port Connectivity Checks: "gosof80:SOUNDBOARD|T65:CPU"
 80. Port Connectivity Checks: "gosof80:SOUNDBOARD|DFPlayer_Mini_CMD:DFP_send"
 81. Port Connectivity Checks: "gosof80:SOUNDBOARD|attract:Attract_S"
 82. Port Connectivity Checks: "gosof80:SOUNDBOARD"
 83. Port Connectivity Checks: "sn74175:sn74175_Sound16"
 84. Port Connectivity Checks: "R6532:U6_IO"
 85. Port Connectivity Checks: "R6532:U5_IO"
 86. Port Connectivity Checks: "R6532:U4_IO"
 87. Port Connectivity Checks: "EEprom:EEprom|SPI_Master:EEPROM_CMD"
 88. Port Connectivity Checks: "EEprom:EEprom|SPI_Master:EEPROM_STAT"
 89. Port Connectivity Checks: "EEprom:EEprom|SPI_Master:EEPROM_READ"
 90. Port Connectivity Checks: "EEprom:EEprom|SPI_Master:EEPROM_WRITE"
 91. Port Connectivity Checks: "EEprom:EEprom"
 92. Port Connectivity Checks: "T65:U1|T65_ALU:alu"
 93. Port Connectivity Checks: "T65:U1"
 94. Port Connectivity Checks: "sn74175:sn74175_80_3"
 95. Port Connectivity Checks: "sn74175:sn74175_80_2"
 96. Port Connectivity Checks: "sn74175:sn74175_80_1"
 97. Port Connectivity Checks: "sn74175:sn74175_80B_2"
 98. Port Connectivity Checks: "sn74175:sn74175_80B_1"
 99. Port Connectivity Checks: "count_to_zero:COUNT_STROBES"
100. Port Connectivity Checks: "detect_sw:detect_test_sw"
101. Port Connectivity Checks: "detect_sw:detect_credit_sw"
102. Port Connectivity Checks: "SD_Card:SD_CARD|SPI_Master:SD_CARD_READ"
103. Port Connectivity Checks: "SD_Card:SD_CARD|SPI_Master:SD_CARD_ACCESS"
104. Port Connectivity Checks: "SD_Card:SD_CARD"
105. Port Connectivity Checks: "sn74175:sn74175_Game_O"
106. Port Connectivity Checks: "count_to_zero:COUNT_INTS"
107. Port Connectivity Checks: "byte_to_ascii:CONVS"
108. Port Connectivity Checks: "byte_to_ascii:CONVO"
109. Port Connectivity Checks: "byte_to_ascii:CONVG"
110. Post-Synthesis Netlist Statistics for Top Partition
111. Elapsed Time Per Partition
112. Analysis & Synthesis Messages



----------------
; Legal Notice ;
----------------
Copyright (C) 2023  Intel Corporation. All rights reserved.
Your use of Intel Corporation's design tools, logic functions 
and other software and tools, and any partner logic 
functions, and any output files from any of the foregoing 
(including device programming or simulation files), and any 
associated documentation or information are expressly subject 
to the terms and conditions of the Intel Program License 
Subscription Agreement, the Intel Quartus Prime License Agreement,
the Intel FPGA IP License Agreement, or other applicable license
agreement, including, without limitation, that your use is for
the sole purpose of programming logic devices manufactured by
Intel and sold by Intel or its authorized distributors.  Please
refer to the applicable agreement for further details, at
https://fpgasoftware.intel.com/eula.



+-------------------------------------------------------------------------------------+
; Analysis & Synthesis Summary                                                        ;
+------------------------------------+------------------------------------------------+
; Analysis & Synthesis Status        ; Successful - Fri Sep 12 10:01:36 2025          ;
; Quartus Prime Version              ; 22.1std.2 Build 922 07/20/2023 SC Lite Edition ;
; Revision Name                      ; SYS80                                          ;
; Top-level Entity Name              ; SYS80                                          ;
; Family                             ; Cyclone IV E                                   ;
; Total logic elements               ; 5,321                                          ;
;     Total combinational functions  ; 4,868                                          ;
;     Dedicated logic registers      ; 1,861                                          ;
; Total registers                    ; 1861                                           ;
; Total pins                         ; 84                                             ;
; Total virtual pins                 ; 0                                              ;
; Total memory bits                  ; 139,264                                        ;
; Embedded Multiplier 9-bit elements ; 0                                              ;
; Total PLLs                         ; 0                                              ;
+------------------------------------+------------------------------------------------+


+------------------------------------------------------------------------------------------------------------+
; Analysis & Synthesis Settings                                                                              ;
+------------------------------------------------------------------+--------------------+--------------------+
; Option                                                           ; Setting            ; Default Value      ;
+------------------------------------------------------------------+--------------------+--------------------+
; Device                                                           ; EP4CE6E22C8        ;                    ;
; Top-level entity name                                            ; SYS80              ; SYS80              ;
; Family name                                                      ; Cyclone IV E       ; Cyclone V          ;
; Use smart compilation                                            ; Off                ; Off                ;
; Enable parallel Assembler and Timing Analyzer during compilation ; On                 ; On                 ;
; Enable compact report table                                      ; Off                ; Off                ;
; Restructure Multiplexers                                         ; Auto               ; Auto               ;
; Create Debugging Nodes for IP Cores                              ; Off                ; Off                ;
; Preserve fewer node names                                        ; On                 ; On                 ;
; Intel FPGA IP Evaluation Mode                                    ; Enable             ; Enable             ;
; Verilog Version                                                  ; Verilog_2001       ; Verilog_2001       ;
; VHDL Version                                                     ; VHDL_1993          ; VHDL_1993          ;
; State Machine Processing                                         ; Auto               ; Auto               ;
; Safe State Machine                                               ; Off                ; Off                ;
; Extract Verilog State Machines                                   ; On                 ; On                 ;
; Extract VHDL State Machines                                      ; On                 ; On                 ;
; Ignore Verilog initial constructs                                ; Off                ; Off                ;
; Iteration limit for constant Verilog loops                       ; 5000               ; 5000               ;
; Iteration limit for non-constant Verilog loops                   ; 250                ; 250                ;
; Add Pass-Through Logic to Inferred RAMs                          ; On                 ; On                 ;
; Infer RAMs from Raw Logic                                        ; On                 ; On                 ;
; Parallel Synthesis                                               ; On                 ; On                 ;
; DSP Block Balancing                                              ; Auto               ; Auto               ;
; NOT Gate Push-Back                                               ; On                 ; On                 ;
; Power-Up Don't Care                                              ; On                 ; On                 ;
; Remove Redundant Logic Cells                                     ; Off                ; Off                ;
; Remove Duplicate Registers                                       ; On                 ; On                 ;
; Ignore CARRY Buffers                                             ; Off                ; Off                ;
; Ignore CASCADE Buffers                                           ; Off                ; Off                ;
; Ignore GLOBAL Buffers                                            ; Off                ; Off                ;
; Ignore ROW GLOBAL Buffers                                        ; Off                ; Off                ;
; Ignore LCELL Buffers                                             ; Off                ; Off                ;
; Ignore SOFT Buffers                                              ; On                 ; On                 ;
; Limit AHDL Integers to 32 Bits                                   ; Off                ; Off                ;
; Optimization Technique                                           ; Balanced           ; Balanced           ;
; Carry Chain Length                                               ; 70                 ; 70                 ;
; Auto Carry Chains                                                ; On                 ; On                 ;
; Auto Open-Drain Pins                                             ; On                 ; On                 ;
; Perform WYSIWYG Primitive Resynthesis                            ; Off                ; Off                ;
; Auto ROM Replacement                                             ; On                 ; On                 ;
; Auto RAM Replacement                                             ; On                 ; On                 ;
; Auto DSP Block Replacement                                       ; On                 ; On                 ;
; Auto Shift Register Replacement                                  ; Auto               ; Auto               ;
; Allow Shift Register Merging across Hierarchies                  ; Auto               ; Auto               ;
; Auto Clock Enable Replacement                                    ; On                 ; On                 ;
; Strict RAM Replacement                                           ; Off                ; Off                ;
; Allow Synchronous Control Signals                                ; On                 ; On                 ;
; Force Use of Synchronous Clear Signals                           ; Off                ; Off                ;
; Auto RAM Block Balancing                                         ; On                 ; On                 ;
; Auto RAM to Logic Cell Conversion                                ; Off                ; Off                ;
; Auto Resource Sharing                                            ; Off                ; Off                ;
; Allow Any RAM Size For Recognition                               ; Off                ; Off                ;
; Allow Any ROM Size For Recognition                               ; Off                ; Off                ;
; Allow Any Shift Register Size For Recognition                    ; Off                ; Off                ;
; Use LogicLock Constraints during Resource Balancing              ; On                 ; On                 ;
; Ignore translate_off and synthesis_off directives                ; Off                ; Off                ;
; Timing-Driven Synthesis                                          ; On                 ; On                 ;
; Report Parameter Settings                                        ; On                 ; On                 ;
; Report Source Assignments                                        ; On                 ; On                 ;
; Report Connectivity Checks                                       ; On                 ; On                 ;
; Ignore Maximum Fan-Out Assignments                               ; Off                ; Off                ;
; Synchronization Register Chain Length                            ; 2                  ; 2                  ;
; Power Optimization During Synthesis                              ; Normal compilation ; Normal compilation ;
; HDL message level                                                ; Level2             ; Level2             ;
; Suppress Register Optimization Related Messages                  ; Off                ; Off                ;
; Number of Removed Registers Reported in Synthesis Report         ; 5000               ; 5000               ;
; Number of Swept Nodes Reported in Synthesis Report               ; 5000               ; 5000               ;
; Number of Inverted Registers Reported in Synthesis Report        ; 100                ; 100                ;
; Clock MUX Protection                                             ; On                 ; On                 ;
; Auto Gated Clock Conversion                                      ; Off                ; Off                ;
; Block Design Naming                                              ; Auto               ; Auto               ;
; SDC constraint protection                                        ; Off                ; Off                ;
; Synthesis Effort                                                 ; Auto               ; Auto               ;
; Shift Register Replacement - Allow Asynchronous Clear Signal     ; On                 ; On                 ;
; Pre-Mapping Resynthesis Optimization                             ; Off                ; Off                ;
; Analysis & Synthesis Message Level                               ; Medium             ; Medium             ;
; Disable Register Merging Across Hierarchies                      ; Auto               ; Auto               ;
; Resource Aware Inference For Block RAM                           ; On                 ; On                 ;
+------------------------------------------------------------------+--------------------+--------------------+


+------------------------------------------+
; Parallel Compilation                     ;
+----------------------------+-------------+
; Processors                 ; Number      ;
+----------------------------+-------------+
; Number detected on machine ; 20          ;
; Maximum allowed            ; 14          ;
;                            ;             ;
; Average used               ; 1.01        ;
; Maximum used               ; 14          ;
;                            ;             ;
; Usage by Processor         ; % Time Used ;
;     Processor 1            ; 100.0%      ;
;     Processor 2            ;   0.1%      ;
;     Processor 3            ;   0.1%      ;
;     Processor 4            ;   0.1%      ;
;     Processor 5            ;   0.1%      ;
;     Processor 6            ;   0.1%      ;
;     Processor 7            ;   0.1%      ;
;     Processor 8            ;   0.1%      ;
;     Processors 9-14        ;   0.1%      ;
+----------------------------+-------------+


+----------------------------------------------------------------------------------------------------------------------------------------------------------------------------------------------------------+
; Analysis & Synthesis Source Files Read                                                                                                                                                                   ;
+------------------------------------------+-----------------+------------------------------+----------------------------------------------------------------------------------------------------+---------+
; File Name with User-Entered Path         ; Used in Netlist ; File Type                    ; File Name with Absolute Path                                                                       ; Library ;
+------------------------------------------+-----------------+------------------------------+----------------------------------------------------------------------------------------------------+---------+
; ../lib_common/uart_clk_gen.vhd           ; yes             ; User VHDL File               ; N:/Projekte/FPGA System80/FPGA_source/lib_common/uart_clk_gen.vhd                                  ;         ;
; ../lib_common/attract.vhd                ; yes             ; User VHDL File               ; N:/Projekte/FPGA System80/FPGA_source/lib_common/attract.vhd                                       ;         ;
; ../lib_common/dac.vhd                    ; yes             ; User VHDL File               ; N:/Projekte/FPGA System80/FPGA_source/lib_common/dac.vhd                                           ;         ;
; ../lib_common/Votrax-SC01.vhd            ; yes             ; User VHDL File               ; N:/Projekte/FPGA System80/FPGA_source/lib_common/Votrax-SC01.vhd                                   ;         ;
; ../lib_common/DFPlayer_Mini_CMD.vhd      ; yes             ; User VHDL File               ; N:/Projekte/FPGA System80/FPGA_source/lib_common/DFPlayer_Mini_CMD.vhd                             ;         ;
; ../lib_common/GOSOF80.vhd                ; yes             ; User VHDL File               ; N:/Projekte/FPGA System80/FPGA_source/lib_common/GOSOF80.vhd                                       ;         ;
; ../lib_common/anti_thunk.vhd             ; yes             ; User VHDL File               ; N:/Projekte/FPGA System80/FPGA_source/lib_common/anti_thunk.vhd                                    ;         ;
; ../lib_common/EEprom.vhd                 ; yes             ; User VHDL File               ; N:/Projekte/FPGA System80/FPGA_source/lib_common/EEprom.vhd                                        ;         ;
; ../lib_common/T65/T65_Pack.vhd           ; yes             ; User VHDL File               ; N:/Projekte/FPGA System80/FPGA_source/lib_common/T65/T65_Pack.vhd                                  ;         ;
; ../lib_common/T65/T65_MCode.vhd          ; yes             ; User VHDL File               ; N:/Projekte/FPGA System80/FPGA_source/lib_common/T65/T65_MCode.vhd                                 ;         ;
; ../lib_common/T65/T65_ALU.vhd            ; yes             ; User VHDL File               ; N:/Projekte/FPGA System80/FPGA_source/lib_common/T65/T65_ALU.vhd                                   ;         ;
; ../lib_common/T65/T65.vhd                ; yes             ; User VHDL File               ; N:/Projekte/FPGA System80/FPGA_source/lib_common/T65/T65.vhd                                       ;         ;
; ../lib_common/SPI_Master.vhd             ; yes             ; User VHDL File               ; N:/Projekte/FPGA System80/FPGA_source/lib_common/SPI_Master.vhd                                    ;         ;
; ../lib_common/SN74175.vhd                ; yes             ; User VHDL File               ; N:/Projekte/FPGA System80/FPGA_source/lib_common/SN74175.vhd                                       ;         ;
; ../lib_common/SN7448_GTB.vhd             ; yes             ; User VHDL File               ; N:/Projekte/FPGA System80/FPGA_source/lib_common/SN7448_GTB.vhd                                    ;         ;
; ../lib_common/SN7448.vhd                 ; yes             ; User VHDL File               ; N:/Projekte/FPGA System80/FPGA_source/lib_common/SN7448.vhd                                        ;         ;
; ../lib_common/slow_to_fast_clock_bus.vhd ; yes             ; User VHDL File               ; N:/Projekte/FPGA System80/FPGA_source/lib_common/slow_to_fast_clock_bus.vhd                        ;         ;
; ../lib_common/slow_to_fast_clock.vhd     ; yes             ; User VHDL File               ; N:/Projekte/FPGA System80/FPGA_source/lib_common/slow_to_fast_clock.vhd                            ;         ;
; ../lib_common/SD_Card.vhd                ; yes             ; User VHDL File               ; N:/Projekte/FPGA System80/FPGA_source/lib_common/SD_Card.vhd                                       ;         ;
; ../lib_common/read_the_dips.vhd          ; yes             ; User VHDL File               ; N:/Projekte/FPGA System80/FPGA_source/lib_common/read_the_dips.vhd                                 ;         ;
; ../lib_common/R6532.vhd                  ; yes             ; User VHDL File               ; N:/Projekte/FPGA System80/FPGA_source/lib_common/R6532.vhd                                         ;         ;
; ../lib_common/detect_sw_trigger.vhd      ; yes             ; User VHDL File               ; N:/Projekte/FPGA System80/FPGA_source/lib_common/detect_sw_trigger.vhd                             ;         ;
; ../lib_common/detect_sw.vhd              ; yes             ; User VHDL File               ; N:/Projekte/FPGA System80/FPGA_source/lib_common/detect_sw.vhd                                     ;         ;
; ../lib_common/cpu_clk_gen.vhd            ; yes             ; User VHDL File               ; N:/Projekte/FPGA System80/FPGA_source/lib_common/cpu_clk_gen.vhd                                   ;         ;
; ../lib_common/count_to_zero.vhd          ; yes             ; User VHDL File               ; N:/Projekte/FPGA System80/FPGA_source/lib_common/count_to_zero.vhd                                 ;         ;
; ../lib_common/byte_to_ascii.vhd          ; yes             ; User VHDL File               ; N:/Projekte/FPGA System80/FPGA_source/lib_common/byte_to_ascii.vhd                                 ;         ;
; ../lib_common/boot_message.vhd           ; yes             ; User VHDL File               ; N:/Projekte/FPGA System80/FPGA_source/lib_common/boot_message.vhd                                  ;         ;
; ../lib_cyclone_IV/SYSTEM_ROM.vhd         ; yes             ; User Wizard-Generated File   ; N:/Projekte/FPGA System80/FPGA_source/lib_cyclone_IV/SYSTEM_ROM.vhd                                ;         ;
; ../lib_cyclone_IV/SB_RAM.vhd             ; yes             ; User Wizard-Generated File   ; N:/Projekte/FPGA System80/FPGA_source/lib_cyclone_IV/SB_RAM.vhd                                    ;         ;
; ../lib_cyclone_IV/RIOT_RAM.vhd           ; yes             ; User Wizard-Generated File   ; N:/Projekte/FPGA System80/FPGA_source/lib_cyclone_IV/RIOT_RAM.vhd                                  ;         ;
; ../lib_cyclone_IV/R5101.vhd              ; yes             ; User Wizard-Generated File   ; N:/Projekte/FPGA System80/FPGA_source/lib_cyclone_IV/R5101.vhd                                     ;         ;
; ../lib_cyclone_IV/GAME_ROM.vhd           ; yes             ; User Wizard-Generated File   ; N:/Projekte/FPGA System80/FPGA_source/lib_cyclone_IV/GAME_ROM.vhd                                  ;         ;
; SYS80.vhd                                ; yes             ; User VHDL File               ; N:/Projekte/FPGA System80/FPGA_source/GottFA80_PLuS_HW21x_Cyclone_IV_v4/SYS80.vhd                  ;         ;
; altsyncram.tdf                           ; yes             ; Megafunction                 ; c:/intelfpga_lite/22.1std/quartus/libraries/megafunctions/altsyncram.tdf                           ;         ;
; stratix_ram_block.inc                    ; yes             ; Megafunction                 ; c:/intelfpga_lite/22.1std/quartus/libraries/megafunctions/stratix_ram_block.inc                    ;         ;
; lpm_mux.inc                              ; yes             ; Megafunction                 ; c:/intelfpga_lite/22.1std/quartus/libraries/megafunctions/lpm_mux.inc                              ;         ;
; lpm_decode.inc                           ; yes             ; Megafunction                 ; c:/intelfpga_lite/22.1std/quartus/libraries/megafunctions/lpm_decode.inc                           ;         ;
; aglobal221.inc                           ; yes             ; Megafunction                 ; c:/intelfpga_lite/22.1std/quartus/libraries/megafunctions/aglobal221.inc                           ;         ;
; a_rdenreg.inc                            ; yes             ; Megafunction                 ; c:/intelfpga_lite/22.1std/quartus/libraries/megafunctions/a_rdenreg.inc                            ;         ;
; altrom.inc                               ; yes             ; Megafunction                 ; c:/intelfpga_lite/22.1std/quartus/libraries/megafunctions/altrom.inc                               ;         ;
; altram.inc                               ; yes             ; Megafunction                 ; c:/intelfpga_lite/22.1std/quartus/libraries/megafunctions/altram.inc                               ;         ;
; altdpram.inc                             ; yes             ; Megafunction                 ; c:/intelfpga_lite/22.1std/quartus/libraries/megafunctions/altdpram.inc                             ;         ;
; db/altsyncram_qpq3.tdf                   ; yes             ; Auto-Generated Megafunction  ; N:/Projekte/FPGA System80/FPGA_source/GottFA80_PLuS_HW21x_Cyclone_IV_v4/db/altsyncram_qpq3.tdf     ;         ;
; db/altsyncram_b8p3.tdf                   ; yes             ; Auto-Generated Megafunction  ; N:/Projekte/FPGA System80/FPGA_source/GottFA80_PLuS_HW21x_Cyclone_IV_v4/db/altsyncram_b8p3.tdf     ;         ;
; db/altsyncram_r1q3.tdf                   ; yes             ; Auto-Generated Megafunction  ; N:/Projekte/FPGA System80/FPGA_source/GottFA80_PLuS_HW21x_Cyclone_IV_v4/db/altsyncram_r1q3.tdf     ;         ;
; db/altsyncram_32q3.tdf                   ; yes             ; Auto-Generated Megafunction  ; N:/Projekte/FPGA System80/FPGA_source/GottFA80_PLuS_HW21x_Cyclone_IV_v4/db/altsyncram_32q3.tdf     ;         ;
; db/altsyncram_88p3.tdf                   ; yes             ; Auto-Generated Megafunction  ; N:/Projekte/FPGA System80/FPGA_source/GottFA80_PLuS_HW21x_Cyclone_IV_v4/db/altsyncram_88p3.tdf     ;         ;
; lpm_divide.tdf                           ; yes             ; Megafunction                 ; c:/intelfpga_lite/22.1std/quartus/libraries/megafunctions/lpm_divide.tdf                           ;         ;
; abs_divider.inc                          ; yes             ; Megafunction                 ; c:/intelfpga_lite/22.1std/quartus/libraries/megafunctions/abs_divider.inc                          ;         ;
; sign_div_unsign.inc                      ; yes             ; Megafunction                 ; c:/intelfpga_lite/22.1std/quartus/libraries/megafunctions/sign_div_unsign.inc                      ;         ;
; db/lpm_divide_jhm.tdf                    ; yes             ; Auto-Generated Megafunction  ; N:/Projekte/FPGA System80/FPGA_source/GottFA80_PLuS_HW21x_Cyclone_IV_v4/db/lpm_divide_jhm.tdf      ;         ;
; db/sign_div_unsign_bkh.tdf               ; yes             ; Auto-Generated Megafunction  ; N:/Projekte/FPGA System80/FPGA_source/GottFA80_PLuS_HW21x_Cyclone_IV_v4/db/sign_div_unsign_bkh.tdf ;         ;
; db/alt_u_div_a4f.tdf                     ; yes             ; Auto-Generated Megafunction  ; N:/Projekte/FPGA System80/FPGA_source/GottFA80_PLuS_HW21x_Cyclone_IV_v4/db/alt_u_div_a4f.tdf       ;         ;
; db/add_sub_7pc.tdf                       ; yes             ; Auto-Generated Megafunction  ; N:/Projekte/FPGA System80/FPGA_source/GottFA80_PLuS_HW21x_Cyclone_IV_v4/db/add_sub_7pc.tdf         ;         ;
; db/add_sub_8pc.tdf                       ; yes             ; Auto-Generated Megafunction  ; N:/Projekte/FPGA System80/FPGA_source/GottFA80_PLuS_HW21x_Cyclone_IV_v4/db/add_sub_8pc.tdf         ;         ;
; db/lpm_divide_mhm.tdf                    ; yes             ; Auto-Generated Megafunction  ; N:/Projekte/FPGA System80/FPGA_source/GottFA80_PLuS_HW21x_Cyclone_IV_v4/db/lpm_divide_mhm.tdf      ;         ;
; db/sign_div_unsign_ekh.tdf               ; yes             ; Auto-Generated Megafunction  ; N:/Projekte/FPGA System80/FPGA_source/GottFA80_PLuS_HW21x_Cyclone_IV_v4/db/sign_div_unsign_ekh.tdf ;         ;
; db/alt_u_div_g4f.tdf                     ; yes             ; Auto-Generated Megafunction  ; N:/Projekte/FPGA System80/FPGA_source/GottFA80_PLuS_HW21x_Cyclone_IV_v4/db/alt_u_div_g4f.tdf       ;         ;
; lpm_mult.tdf                             ; yes             ; Megafunction                 ; c:/intelfpga_lite/22.1std/quartus/libraries/megafunctions/lpm_mult.tdf                             ;         ;
; lpm_add_sub.inc                          ; yes             ; Megafunction                 ; c:/intelfpga_lite/22.1std/quartus/libraries/megafunctions/lpm_add_sub.inc                          ;         ;
; multcore.inc                             ; yes             ; Megafunction                 ; c:/intelfpga_lite/22.1std/quartus/libraries/megafunctions/multcore.inc                             ;         ;
; bypassff.inc                             ; yes             ; Megafunction                 ; c:/intelfpga_lite/22.1std/quartus/libraries/megafunctions/bypassff.inc                             ;         ;
; altshift.inc                             ; yes             ; Megafunction                 ; c:/intelfpga_lite/22.1std/quartus/libraries/megafunctions/altshift.inc                             ;         ;
; multcore.tdf                             ; yes             ; Megafunction                 ; c:/intelfpga_lite/22.1std/quartus/libraries/megafunctions/multcore.tdf                             ;         ;
; csa_add.inc                              ; yes             ; Megafunction                 ; c:/intelfpga_lite/22.1std/quartus/libraries/megafunctions/csa_add.inc                              ;         ;
; mpar_add.inc                             ; yes             ; Megafunction                 ; c:/intelfpga_lite/22.1std/quartus/libraries/megafunctions/mpar_add.inc                             ;         ;
; muleabz.inc                              ; yes             ; Megafunction                 ; c:/intelfpga_lite/22.1std/quartus/libraries/megafunctions/muleabz.inc                              ;         ;
; mul_lfrg.inc                             ; yes             ; Megafunction                 ; c:/intelfpga_lite/22.1std/quartus/libraries/megafunctions/mul_lfrg.inc                             ;         ;
; mul_boothc.inc                           ; yes             ; Megafunction                 ; c:/intelfpga_lite/22.1std/quartus/libraries/megafunctions/mul_boothc.inc                           ;         ;
; alt_ded_mult.inc                         ; yes             ; Megafunction                 ; c:/intelfpga_lite/22.1std/quartus/libraries/megafunctions/alt_ded_mult.inc                         ;         ;
; alt_ded_mult_y.inc                       ; yes             ; Megafunction                 ; c:/intelfpga_lite/22.1std/quartus/libraries/megafunctions/alt_ded_mult_y.inc                       ;         ;
; dffpipe.inc                              ; yes             ; Megafunction                 ; c:/intelfpga_lite/22.1std/quartus/libraries/megafunctions/dffpipe.inc                              ;         ;
; mpar_add.tdf                             ; yes             ; Megafunction                 ; c:/intelfpga_lite/22.1std/quartus/libraries/megafunctions/mpar_add.tdf                             ;         ;
; altshift.tdf                             ; yes             ; Megafunction                 ; c:/intelfpga_lite/22.1std/quartus/libraries/megafunctions/altshift.tdf                             ;         ;
; lpm_add_sub.tdf                          ; yes             ; Megafunction                 ; c:/intelfpga_lite/22.1std/quartus/libraries/megafunctions/lpm_add_sub.tdf                          ;         ;
; addcore.inc                              ; yes             ; Megafunction                 ; c:/intelfpga_lite/22.1std/quartus/libraries/megafunctions/addcore.inc                              ;         ;
; look_add.inc                             ; yes             ; Megafunction                 ; c:/intelfpga_lite/22.1std/quartus/libraries/megafunctions/look_add.inc                             ;         ;
; alt_stratix_add_sub.inc                  ; yes             ; Megafunction                 ; c:/intelfpga_lite/22.1std/quartus/libraries/megafunctions/alt_stratix_add_sub.inc                  ;         ;
; db/add_sub_kgh.tdf                       ; yes             ; Auto-Generated Megafunction  ; N:/Projekte/FPGA System80/FPGA_source/GottFA80_PLuS_HW21x_Cyclone_IV_v4/db/add_sub_kgh.tdf         ;         ;
+------------------------------------------+-----------------+------------------------------+----------------------------------------------------------------------------------------------------+---------+


+------------------------------------------------------------+
; Analysis & Synthesis Resource Usage Summary                ;
+---------------------------------------------+--------------+
; Resource                                    ; Usage        ;
+---------------------------------------------+--------------+
; Estimated Total logic elements              ; 5,321        ;
;                                             ;              ;
; Total combinational functions               ; 4868         ;
; Logic element usage by number of LUT inputs ;              ;
;     -- 4 input functions                    ; 2545         ;
;     -- 3 input functions                    ; 999          ;
;     -- <=2 input functions                  ; 1324         ;
;                                             ;              ;
; Logic elements by mode                      ;              ;
;     -- normal mode                          ; 3920         ;
;     -- arithmetic mode                      ; 948          ;
;                                             ;              ;
; Total registers                             ; 1861         ;
;     -- Dedicated logic registers            ; 1861         ;
;     -- I/O registers                        ; 0            ;
;                                             ;              ;
; I/O pins                                    ; 84           ;
; Total memory bits                           ; 139264       ;
;                                             ;              ;
; Embedded Multiplier 9-bit elements          ; 0            ;
;                                             ;              ;
; Maximum fan-out node                        ; clk_50~input ;
; Maximum fan-out                             ; 991          ;
; Total fan-out                               ; 23023        ;
; Average fan-out                             ; 3.30         ;
+---------------------------------------------+--------------+


+-------------------------------------------------------------------------------------------------------------------------------------------------------------------------------------------------------------------------------------------------------------------------------------------------------------------------------------------------------+
; Analysis & Synthesis Resource Utilization by Entity                                                                                                                                                                                                                                                                                                   ;
+-------------------------------------------------+---------------------+---------------------------+-------------+--------------+---------+-----------+------+--------------+----------------------------------------------------------------------------------------------------------------------------+------------------------------+--------------+
; Compilation Hierarchy Node                      ; Combinational ALUTs ; Dedicated Logic Registers ; Memory Bits ; DSP Elements ; DSP 9x9 ; DSP 18x18 ; Pins ; Virtual Pins ; Full Hierarchy Name                                                                                                        ; Entity Name                  ; Library Name ;
+-------------------------------------------------+---------------------+---------------------------+-------------+--------------+---------+-----------+------+--------------+----------------------------------------------------------------------------------------------------------------------------+------------------------------+--------------+
; |SYS80                                          ; 4868 (234)          ; 1861 (0)                  ; 139264      ; 0            ; 0       ; 0         ; 84   ; 0            ; |SYS80                                                                                                                     ; SYS80                        ; work         ;
;    |Cross_Slow_To_Fast_Clock:META1|             ; 0 (0)               ; 3 (3)                     ; 0           ; 0            ; 0       ; 0         ; 0    ; 0            ; |SYS80|Cross_Slow_To_Fast_Clock:META1                                                                                      ; Cross_Slow_To_Fast_Clock     ; work         ;
;    |Cross_Slow_To_Fast_Clock_Bus:META2|         ; 0 (0)               ; 24 (24)                   ; 0           ; 0            ; 0       ; 0         ; 0    ; 0            ; |SYS80|Cross_Slow_To_Fast_Clock_Bus:META2                                                                                  ; Cross_Slow_To_Fast_Clock_Bus ; work         ;
;    |EEprom:EEprom|                              ; 323 (122)           ; 255 (106)                 ; 0           ; 0            ; 0       ; 0         ; 0    ; 0            ; |SYS80|EEprom:EEprom                                                                                                       ; EEprom                       ; work         ;
;       |SPI_Master:EEPROM_CMD|                   ; 35 (35)             ; 23 (23)                   ; 0           ; 0            ; 0       ; 0         ; 0    ; 0            ; |SYS80|EEprom:EEprom|SPI_Master:EEPROM_CMD                                                                                 ; SPI_Master                   ; work         ;
;       |SPI_Master:EEPROM_READ|                  ; 59 (59)             ; 50 (50)                   ; 0           ; 0            ; 0       ; 0         ; 0    ; 0            ; |SYS80|EEprom:EEprom|SPI_Master:EEPROM_READ                                                                                ; SPI_Master                   ; work         ;
;       |SPI_Master:EEPROM_STAT|                  ; 41 (41)             ; 26 (26)                   ; 0           ; 0            ; 0       ; 0         ; 0    ; 0            ; |SYS80|EEprom:EEprom|SPI_Master:EEPROM_STAT                                                                                ; SPI_Master                   ; work         ;
;       |SPI_Master:EEPROM_WRITE|                 ; 66 (66)             ; 50 (50)                   ; 0           ; 0            ; 0       ; 0         ; 0    ; 0            ; |SYS80|EEprom:EEprom|SPI_Master:EEPROM_WRITE                                                                               ; SPI_Master                   ; work         ;
;    |GAME_ROM:GAME2|                             ; 0 (0)               ; 0 (0)                     ; 16384       ; 0            ; 0       ; 0         ; 0    ; 0            ; |SYS80|GAME_ROM:GAME2                                                                                                      ; GAME_ROM                     ; work         ;
;       |altsyncram:altsyncram_component|         ; 0 (0)               ; 0 (0)                     ; 16384       ; 0            ; 0       ; 0         ; 0    ; 0            ; |SYS80|GAME_ROM:GAME2|altsyncram:altsyncram_component                                                                      ; altsyncram                   ; work         ;
;          |altsyncram_r1q3:auto_generated|       ; 0 (0)               ; 0 (0)                     ; 16384       ; 0            ; 0       ; 0         ; 0    ; 0            ; |SYS80|GAME_ROM:GAME2|altsyncram:altsyncram_component|altsyncram_r1q3:auto_generated                                       ; altsyncram_r1q3              ; work         ;
;    |GAME_ROM:GAME|                              ; 0 (0)               ; 0 (0)                     ; 16384       ; 0            ; 0       ; 0         ; 0    ; 0            ; |SYS80|GAME_ROM:GAME                                                                                                       ; GAME_ROM                     ; work         ;
;       |altsyncram:altsyncram_component|         ; 0 (0)               ; 0 (0)                     ; 16384       ; 0            ; 0       ; 0         ; 0    ; 0            ; |SYS80|GAME_ROM:GAME|altsyncram:altsyncram_component                                                                       ; altsyncram                   ; work         ;
;          |altsyncram_r1q3:auto_generated|       ; 0 (0)               ; 0 (0)                     ; 16384       ; 0            ; 0       ; 0         ; 0    ; 0            ; |SYS80|GAME_ROM:GAME|altsyncram:altsyncram_component|altsyncram_r1q3:auto_generated                                        ; altsyncram_r1q3              ; work         ;
;    |GAME_ROM:SOUNDROM1|                         ; 0 (0)               ; 0 (0)                     ; 16384       ; 0            ; 0       ; 0         ; 0    ; 0            ; |SYS80|GAME_ROM:SOUNDROM1                                                                                                  ; GAME_ROM                     ; work         ;
;       |altsyncram:altsyncram_component|         ; 0 (0)               ; 0 (0)                     ; 16384       ; 0            ; 0       ; 0         ; 0    ; 0            ; |SYS80|GAME_ROM:SOUNDROM1|altsyncram:altsyncram_component                                                                  ; altsyncram                   ; work         ;
;          |altsyncram_r1q3:auto_generated|       ; 0 (0)               ; 0 (0)                     ; 16384       ; 0            ; 0       ; 0         ; 0    ; 0            ; |SYS80|GAME_ROM:SOUNDROM1|altsyncram:altsyncram_component|altsyncram_r1q3:auto_generated                                   ; altsyncram_r1q3              ; work         ;
;    |GAME_ROM:SOUNDROM2|                         ; 0 (0)               ; 0 (0)                     ; 16384       ; 0            ; 0       ; 0         ; 0    ; 0            ; |SYS80|GAME_ROM:SOUNDROM2                                                                                                  ; GAME_ROM                     ; work         ;
;       |altsyncram:altsyncram_component|         ; 0 (0)               ; 0 (0)                     ; 16384       ; 0            ; 0       ; 0         ; 0    ; 0            ; |SYS80|GAME_ROM:SOUNDROM2|altsyncram:altsyncram_component                                                                  ; altsyncram                   ; work         ;
;          |altsyncram_r1q3:auto_generated|       ; 0 (0)               ; 0 (0)                     ; 16384       ; 0            ; 0       ; 0         ; 0    ; 0            ; |SYS80|GAME_ROM:SOUNDROM2|altsyncram:altsyncram_component|altsyncram_r1q3:auto_generated                                   ; altsyncram_r1q3              ; work         ;
;    |R5101:Z5|                                   ; 0 (0)               ; 0 (0)                     ; 1024        ; 0            ; 0       ; 0         ; 0    ; 0            ; |SYS80|R5101:Z5                                                                                                            ; R5101                        ; work         ;
;       |altsyncram:altsyncram_component|         ; 0 (0)               ; 0 (0)                     ; 1024        ; 0            ; 0       ; 0         ; 0    ; 0            ; |SYS80|R5101:Z5|altsyncram:altsyncram_component                                                                            ; altsyncram                   ; work         ;
;          |altsyncram_qpq3:auto_generated|       ; 0 (0)               ; 0 (0)                     ; 1024        ; 0            ; 0       ; 0         ; 0    ; 0            ; |SYS80|R5101:Z5|altsyncram:altsyncram_component|altsyncram_qpq3:auto_generated                                             ; altsyncram_qpq3              ; work         ;
;    |R6532:U4_IO|                                ; 108 (108)           ; 76 (76)                   ; 0           ; 0            ; 0       ; 0         ; 0    ; 0            ; |SYS80|R6532:U4_IO                                                                                                         ; R6532                        ; work         ;
;    |R6532:U5_IO|                                ; 103 (103)           ; 83 (83)                   ; 0           ; 0            ; 0       ; 0         ; 0    ; 0            ; |SYS80|R6532:U5_IO                                                                                                         ; R6532                        ; work         ;
;    |R6532:U6_IO|                                ; 107 (107)           ; 80 (80)                   ; 0           ; 0            ; 0       ; 0         ; 0    ; 0            ; |SYS80|R6532:U6_IO                                                                                                         ; R6532                        ; work         ;
;    |RIOT_RAM:U4_RAM|                            ; 0 (0)               ; 0 (0)                     ; 2048        ; 0            ; 0       ; 0         ; 0    ; 0            ; |SYS80|RIOT_RAM:U4_RAM                                                                                                     ; RIOT_RAM                     ; work         ;
;       |altsyncram:altsyncram_component|         ; 0 (0)               ; 0 (0)                     ; 2048        ; 0            ; 0       ; 0         ; 0    ; 0            ; |SYS80|RIOT_RAM:U4_RAM|altsyncram:altsyncram_component                                                                     ; altsyncram                   ; work         ;
;          |altsyncram_b8p3:auto_generated|       ; 0 (0)               ; 0 (0)                     ; 2048        ; 0            ; 0       ; 0         ; 0    ; 0            ; |SYS80|RIOT_RAM:U4_RAM|altsyncram:altsyncram_component|altsyncram_b8p3:auto_generated                                      ; altsyncram_b8p3              ; work         ;
;    |RIOT_RAM:U5_RAM|                            ; 0 (0)               ; 0 (0)                     ; 2048        ; 0            ; 0       ; 0         ; 0    ; 0            ; |SYS80|RIOT_RAM:U5_RAM                                                                                                     ; RIOT_RAM                     ; work         ;
;       |altsyncram:altsyncram_component|         ; 0 (0)               ; 0 (0)                     ; 2048        ; 0            ; 0       ; 0         ; 0    ; 0            ; |SYS80|RIOT_RAM:U5_RAM|altsyncram:altsyncram_component                                                                     ; altsyncram                   ; work         ;
;          |altsyncram_b8p3:auto_generated|       ; 0 (0)               ; 0 (0)                     ; 2048        ; 0            ; 0       ; 0         ; 0    ; 0            ; |SYS80|RIOT_RAM:U5_RAM|altsyncram:altsyncram_component|altsyncram_b8p3:auto_generated                                      ; altsyncram_b8p3              ; work         ;
;    |RIOT_RAM:U6_RAM|                            ; 0 (0)               ; 0 (0)                     ; 2048        ; 0            ; 0       ; 0         ; 0    ; 0            ; |SYS80|RIOT_RAM:U6_RAM                                                                                                     ; RIOT_RAM                     ; work         ;
;       |altsyncram:altsyncram_component|         ; 0 (0)               ; 0 (0)                     ; 2048        ; 0            ; 0       ; 0         ; 0    ; 0            ; |SYS80|RIOT_RAM:U6_RAM|altsyncram:altsyncram_component                                                                     ; altsyncram                   ; work         ;
;          |altsyncram_b8p3:auto_generated|       ; 0 (0)               ; 0 (0)                     ; 2048        ; 0            ; 0       ; 0         ; 0    ; 0            ; |SYS80|RIOT_RAM:U6_RAM|altsyncram:altsyncram_component|altsyncram_b8p3:auto_generated                                      ; altsyncram_b8p3              ; work         ;
;    |SD_Card:SD_CARD|                            ; 465 (272)           ; 358 (146)                 ; 0           ; 0            ; 0       ; 0         ; 0    ; 0            ; |SYS80|SD_Card:SD_CARD                                                                                                     ; SD_Card                      ; work         ;
;       |SPI_Master:SD_CARD_ACCESS|               ; 153 (153)           ; 180 (180)                 ; 0           ; 0            ; 0       ; 0         ; 0    ; 0            ; |SYS80|SD_Card:SD_CARD|SPI_Master:SD_CARD_ACCESS                                                                           ; SPI_Master                   ; work         ;
;       |SPI_Master:SD_CARD_READ|                 ; 40 (40)             ; 32 (32)                   ; 0           ; 0            ; 0       ; 0         ; 0    ; 0            ; |SYS80|SD_Card:SD_CARD|SPI_Master:SD_CARD_READ                                                                             ; SPI_Master                   ; work         ;
;    |SYSTEM_ROM:SYSTEM|                          ; 0 (0)               ; 0 (0)                     ; 65536       ; 0            ; 0       ; 0         ; 0    ; 0            ; |SYS80|SYSTEM_ROM:SYSTEM                                                                                                   ; SYSTEM_ROM                   ; work         ;
;       |altsyncram:altsyncram_component|         ; 0 (0)               ; 0 (0)                     ; 65536       ; 0            ; 0       ; 0         ; 0    ; 0            ; |SYS80|SYSTEM_ROM:SYSTEM|altsyncram:altsyncram_component                                                                   ; altsyncram                   ; work         ;
;          |altsyncram_32q3:auto_generated|       ; 0 (0)               ; 0 (0)                     ; 65536       ; 0            ; 0       ; 0         ; 0    ; 0            ; |SYS80|SYSTEM_ROM:SYSTEM|altsyncram:altsyncram_component|altsyncram_32q3:auto_generated                                    ; altsyncram_32q3              ; work         ;
;    |T65:U1|                                     ; 1042 (436)          ; 163 (163)                 ; 0           ; 0            ; 0       ; 0         ; 0    ; 0            ; |SYS80|T65:U1                                                                                                              ; T65                          ; work         ;
;       |T65_ALU:alu|                             ; 183 (183)           ; 0 (0)                     ; 0           ; 0            ; 0       ; 0         ; 0    ; 0            ; |SYS80|T65:U1|T65_ALU:alu                                                                                                  ; T65_ALU                      ; work         ;
;       |T65_MCode:mcode|                         ; 423 (423)           ; 0 (0)                     ; 0           ; 0            ; 0       ; 0         ; 0    ; 0            ; |SYS80|T65:U1|T65_MCode:mcode                                                                                              ; T65_MCode                    ; work         ;
;    |anti_thunk:AT|                              ; 24 (24)             ; 23 (23)                   ; 0           ; 0            ; 0       ; 0         ; 0    ; 0            ; |SYS80|anti_thunk:AT                                                                                                       ; anti_thunk                   ; work         ;
;    |boot_message:BM|                            ; 129 (115)           ; 31 (31)                   ; 0           ; 0            ; 0       ; 0         ; 0    ; 0            ; |SYS80|boot_message:BM                                                                                                     ; boot_message                 ; work         ;
;       |sn7448_gtb:sn7448_gtb_1|                 ; 7 (7)               ; 0 (0)                     ; 0           ; 0            ; 0       ; 0         ; 0    ; 0            ; |SYS80|boot_message:BM|sn7448_gtb:sn7448_gtb_1                                                                             ; sn7448_gtb                   ; work         ;
;       |sn7448_gtb:sn7448_gtb_3|                 ; 7 (7)               ; 0 (0)                     ; 0           ; 0            ; 0       ; 0         ; 0    ; 0            ; |SYS80|boot_message:BM|sn7448_gtb:sn7448_gtb_3                                                                             ; sn7448_gtb                   ; work         ;
;    |byte_to_ascii:CONVG|                        ; 117 (46)            ; 47 (47)                   ; 0           ; 0            ; 0       ; 0         ; 0    ; 0            ; |SYS80|byte_to_ascii:CONVG                                                                                                 ; byte_to_ascii                ; work         ;
;       |lpm_divide:Div0|                         ; 18 (0)              ; 0 (0)                     ; 0           ; 0            ; 0       ; 0         ; 0    ; 0            ; |SYS80|byte_to_ascii:CONVG|lpm_divide:Div0                                                                                 ; lpm_divide                   ; work         ;
;          |lpm_divide_mhm:auto_generated|        ; 18 (0)              ; 0 (0)                     ; 0           ; 0            ; 0       ; 0         ; 0    ; 0            ; |SYS80|byte_to_ascii:CONVG|lpm_divide:Div0|lpm_divide_mhm:auto_generated                                                   ; lpm_divide_mhm               ; work         ;
;             |sign_div_unsign_ekh:divider|       ; 18 (0)              ; 0 (0)                     ; 0           ; 0            ; 0       ; 0         ; 0    ; 0            ; |SYS80|byte_to_ascii:CONVG|lpm_divide:Div0|lpm_divide_mhm:auto_generated|sign_div_unsign_ekh:divider                       ; sign_div_unsign_ekh          ; work         ;
;                |alt_u_div_g4f:divider|          ; 18 (18)             ; 0 (0)                     ; 0           ; 0            ; 0       ; 0         ; 0    ; 0            ; |SYS80|byte_to_ascii:CONVG|lpm_divide:Div0|lpm_divide_mhm:auto_generated|sign_div_unsign_ekh:divider|alt_u_div_g4f:divider ; alt_u_div_g4f                ; work         ;
;       |lpm_divide:Div1|                         ; 51 (0)              ; 0 (0)                     ; 0           ; 0            ; 0       ; 0         ; 0    ; 0            ; |SYS80|byte_to_ascii:CONVG|lpm_divide:Div1                                                                                 ; lpm_divide                   ; work         ;
;          |lpm_divide_jhm:auto_generated|        ; 51 (0)              ; 0 (0)                     ; 0           ; 0            ; 0       ; 0         ; 0    ; 0            ; |SYS80|byte_to_ascii:CONVG|lpm_divide:Div1|lpm_divide_jhm:auto_generated                                                   ; lpm_divide_jhm               ; work         ;
;             |sign_div_unsign_bkh:divider|       ; 51 (0)              ; 0 (0)                     ; 0           ; 0            ; 0       ; 0         ; 0    ; 0            ; |SYS80|byte_to_ascii:CONVG|lpm_divide:Div1|lpm_divide_jhm:auto_generated|sign_div_unsign_bkh:divider                       ; sign_div_unsign_bkh          ; work         ;
;                |alt_u_div_a4f:divider|          ; 51 (51)             ; 0 (0)                     ; 0           ; 0            ; 0       ; 0         ; 0    ; 0            ; |SYS80|byte_to_ascii:CONVG|lpm_divide:Div1|lpm_divide_jhm:auto_generated|sign_div_unsign_bkh:divider|alt_u_div_a4f:divider ; alt_u_div_a4f                ; work         ;
;       |lpm_mult:Mult0|                          ; 2 (0)               ; 0 (0)                     ; 0           ; 0            ; 0       ; 0         ; 0    ; 0            ; |SYS80|byte_to_ascii:CONVG|lpm_mult:Mult0                                                                                  ; lpm_mult                     ; work         ;
;          |multcore:mult_core|                   ; 2 (2)               ; 0 (0)                     ; 0           ; 0            ; 0       ; 0         ; 0    ; 0            ; |SYS80|byte_to_ascii:CONVG|lpm_mult:Mult0|multcore:mult_core                                                               ; multcore                     ; work         ;
;    |byte_to_ascii:CONVO|                        ; 114 (43)            ; 34 (34)                   ; 0           ; 0            ; 0       ; 0         ; 0    ; 0            ; |SYS80|byte_to_ascii:CONVO                                                                                                 ; byte_to_ascii                ; work         ;
;       |lpm_divide:Div0|                         ; 18 (0)              ; 0 (0)                     ; 0           ; 0            ; 0       ; 0         ; 0    ; 0            ; |SYS80|byte_to_ascii:CONVO|lpm_divide:Div0                                                                                 ; lpm_divide                   ; work         ;
;          |lpm_divide_mhm:auto_generated|        ; 18 (0)              ; 0 (0)                     ; 0           ; 0            ; 0       ; 0         ; 0    ; 0            ; |SYS80|byte_to_ascii:CONVO|lpm_divide:Div0|lpm_divide_mhm:auto_generated                                                   ; lpm_divide_mhm               ; work         ;
;             |sign_div_unsign_ekh:divider|       ; 18 (0)              ; 0 (0)                     ; 0           ; 0            ; 0       ; 0         ; 0    ; 0            ; |SYS80|byte_to_ascii:CONVO|lpm_divide:Div0|lpm_divide_mhm:auto_generated|sign_div_unsign_ekh:divider                       ; sign_div_unsign_ekh          ; work         ;
;                |alt_u_div_g4f:divider|          ; 18 (18)             ; 0 (0)                     ; 0           ; 0            ; 0       ; 0         ; 0    ; 0            ; |SYS80|byte_to_ascii:CONVO|lpm_divide:Div0|lpm_divide_mhm:auto_generated|sign_div_unsign_ekh:divider|alt_u_div_g4f:divider ; alt_u_div_g4f                ; work         ;
;       |lpm_divide:Div1|                         ; 51 (0)              ; 0 (0)                     ; 0           ; 0            ; 0       ; 0         ; 0    ; 0            ; |SYS80|byte_to_ascii:CONVO|lpm_divide:Div1                                                                                 ; lpm_divide                   ; work         ;
;          |lpm_divide_jhm:auto_generated|        ; 51 (0)              ; 0 (0)                     ; 0           ; 0            ; 0       ; 0         ; 0    ; 0            ; |SYS80|byte_to_ascii:CONVO|lpm_divide:Div1|lpm_divide_jhm:auto_generated                                                   ; lpm_divide_jhm               ; work         ;
;             |sign_div_unsign_bkh:divider|       ; 51 (0)              ; 0 (0)                     ; 0           ; 0            ; 0       ; 0         ; 0    ; 0            ; |SYS80|byte_to_ascii:CONVO|lpm_divide:Div1|lpm_divide_jhm:auto_generated|sign_div_unsign_bkh:divider                       ; sign_div_unsign_bkh          ; work         ;
;                |alt_u_div_a4f:divider|          ; 51 (51)             ; 0 (0)                     ; 0           ; 0            ; 0       ; 0         ; 0    ; 0            ; |SYS80|byte_to_ascii:CONVO|lpm_divide:Div1|lpm_divide_jhm:auto_generated|sign_div_unsign_bkh:divider|alt_u_div_a4f:divider ; alt_u_div_a4f                ; work         ;
;       |lpm_mult:Mult0|                          ; 2 (0)               ; 0 (0)                     ; 0           ; 0            ; 0       ; 0         ; 0    ; 0            ; |SYS80|byte_to_ascii:CONVO|lpm_mult:Mult0                                                                                  ; lpm_mult                     ; work         ;
;          |multcore:mult_core|                   ; 2 (2)               ; 0 (0)                     ; 0           ; 0            ; 0       ; 0         ; 0    ; 0            ; |SYS80|byte_to_ascii:CONVO|lpm_mult:Mult0|multcore:mult_core                                                               ; multcore                     ; work         ;
;    |byte_to_ascii:CONVS|                        ; 115 (44)            ; 34 (34)                   ; 0           ; 0            ; 0       ; 0         ; 0    ; 0            ; |SYS80|byte_to_ascii:CONVS                                                                                                 ; byte_to_ascii                ; work         ;
;       |lpm_divide:Div0|                         ; 18 (0)              ; 0 (0)                     ; 0           ; 0            ; 0       ; 0         ; 0    ; 0            ; |SYS80|byte_to_ascii:CONVS|lpm_divide:Div0                                                                                 ; lpm_divide                   ; work         ;
;          |lpm_divide_mhm:auto_generated|        ; 18 (0)              ; 0 (0)                     ; 0           ; 0            ; 0       ; 0         ; 0    ; 0            ; |SYS80|byte_to_ascii:CONVS|lpm_divide:Div0|lpm_divide_mhm:auto_generated                                                   ; lpm_divide_mhm               ; work         ;
;             |sign_div_unsign_ekh:divider|       ; 18 (0)              ; 0 (0)                     ; 0           ; 0            ; 0       ; 0         ; 0    ; 0            ; |SYS80|byte_to_ascii:CONVS|lpm_divide:Div0|lpm_divide_mhm:auto_generated|sign_div_unsign_ekh:divider                       ; sign_div_unsign_ekh          ; work         ;
;                |alt_u_div_g4f:divider|          ; 18 (18)             ; 0 (0)                     ; 0           ; 0            ; 0       ; 0         ; 0    ; 0            ; |SYS80|byte_to_ascii:CONVS|lpm_divide:Div0|lpm_divide_mhm:auto_generated|sign_div_unsign_ekh:divider|alt_u_div_g4f:divider ; alt_u_div_g4f                ; work         ;
;       |lpm_divide:Div1|                         ; 51 (0)              ; 0 (0)                     ; 0           ; 0            ; 0       ; 0         ; 0    ; 0            ; |SYS80|byte_to_ascii:CONVS|lpm_divide:Div1                                                                                 ; lpm_divide                   ; work         ;
;          |lpm_divide_jhm:auto_generated|        ; 51 (0)              ; 0 (0)                     ; 0           ; 0            ; 0       ; 0         ; 0    ; 0            ; |SYS80|byte_to_ascii:CONVS|lpm_divide:Div1|lpm_divide_jhm:auto_generated                                                   ; lpm_divide_jhm               ; work         ;
;             |sign_div_unsign_bkh:divider|       ; 51 (0)              ; 0 (0)                     ; 0           ; 0            ; 0       ; 0         ; 0    ; 0            ; |SYS80|byte_to_ascii:CONVS|lpm_divide:Div1|lpm_divide_jhm:auto_generated|sign_div_unsign_bkh:divider                       ; sign_div_unsign_bkh          ; work         ;
;                |alt_u_div_a4f:divider|          ; 51 (51)             ; 0 (0)                     ; 0           ; 0            ; 0       ; 0         ; 0    ; 0            ; |SYS80|byte_to_ascii:CONVS|lpm_divide:Div1|lpm_divide_jhm:auto_generated|sign_div_unsign_bkh:divider|alt_u_div_a4f:divider ; alt_u_div_a4f                ; work         ;
;       |lpm_mult:Mult0|                          ; 2 (0)               ; 0 (0)                     ; 0           ; 0            ; 0       ; 0         ; 0    ; 0            ; |SYS80|byte_to_ascii:CONVS|lpm_mult:Mult0                                                                                  ; lpm_mult                     ; work         ;
;          |multcore:mult_core|                   ; 2 (2)               ; 0 (0)                     ; 0           ; 0            ; 0       ; 0         ; 0    ; 0            ; |SYS80|byte_to_ascii:CONVS|lpm_mult:Mult0|multcore:mult_core                                                               ; multcore                     ; work         ;
;    |count_to_zero:COUNT_INTS|                   ; 21 (21)             ; 11 (11)                   ; 0           ; 0            ; 0       ; 0         ; 0    ; 0            ; |SYS80|count_to_zero:COUNT_INTS                                                                                            ; count_to_zero                ; work         ;
;    |count_to_zero:COUNT_STROBES|                ; 17 (17)             ; 11 (11)                   ; 0           ; 0            ; 0       ; 0         ; 0    ; 0            ; |SYS80|count_to_zero:COUNT_STROBES                                                                                         ; count_to_zero                ; work         ;
;    |cpu_clk_gen:clock_gen|                      ; 10 (10)             ; 8 (8)                     ; 0           ; 0            ; 0       ; 0         ; 0    ; 0            ; |SYS80|cpu_clk_gen:clock_gen                                                                                               ; cpu_clk_gen                  ; work         ;
;    |detect_sw:detect_credit_sw|                 ; 83 (83)             ; 54 (54)                   ; 0           ; 0            ; 0       ; 0         ; 0    ; 0            ; |SYS80|detect_sw:detect_credit_sw                                                                                          ; detect_sw                    ; work         ;
;    |detect_sw:detect_test_sw|                   ; 81 (81)             ; 54 (54)                   ; 0           ; 0            ; 0       ; 0         ; 0    ; 0            ; |SYS80|detect_sw:detect_test_sw                                                                                            ; detect_sw                    ; work         ;
;    |detect_sw_trigger:detect_credit_sw_trigger| ; 43 (43)             ; 30 (30)                   ; 0           ; 0            ; 0       ; 0         ; 0    ; 0            ; |SYS80|detect_sw_trigger:detect_credit_sw_trigger                                                                          ; detect_sw_trigger            ; work         ;
;    |gosof80:SOUNDBOARD|                         ; 1691 (139)          ; 419 (9)                   ; 1024        ; 0            ; 0       ; 0         ; 0    ; 0            ; |SYS80|gosof80:SOUNDBOARD                                                                                                  ; gosof80                      ; work         ;
;       |DFPlayer_Mini_CMD:DFP_send|              ; 64 (64)             ; 39 (39)                   ; 0           ; 0            ; 0       ; 0         ; 0    ; 0            ; |SYS80|gosof80:SOUNDBOARD|DFPlayer_Mini_CMD:DFP_send                                                                       ; DFPlayer_Mini_CMD            ; work         ;
;       |R6532:RIOT|                              ; 123 (123)           ; 77 (77)                   ; 0           ; 0            ; 0       ; 0         ; 0    ; 0            ; |SYS80|gosof80:SOUNDBOARD|R6532:RIOT                                                                                       ; R6532                        ; work         ;
;       |SB_RAM:RIOT_RAM|                         ; 0 (0)               ; 0 (0)                     ; 1024        ; 0            ; 0       ; 0         ; 0    ; 0            ; |SYS80|gosof80:SOUNDBOARD|SB_RAM:RIOT_RAM                                                                                  ; SB_RAM                       ; work         ;
;          |altsyncram:altsyncram_component|      ; 0 (0)               ; 0 (0)                     ; 1024        ; 0            ; 0       ; 0         ; 0    ; 0            ; |SYS80|gosof80:SOUNDBOARD|SB_RAM:RIOT_RAM|altsyncram:altsyncram_component                                                  ; altsyncram                   ; work         ;
;             |altsyncram_88p3:auto_generated|    ; 0 (0)               ; 0 (0)                     ; 1024        ; 0            ; 0       ; 0         ; 0    ; 0            ; |SYS80|gosof80:SOUNDBOARD|SB_RAM:RIOT_RAM|altsyncram:altsyncram_component|altsyncram_88p3:auto_generated                   ; altsyncram_88p3              ; work         ;
;       |SC01:SC01_Simu|                          ; 176 (147)           ; 47 (47)                   ; 0           ; 0            ; 0       ; 0         ; 0    ; 0            ; |SYS80|gosof80:SOUNDBOARD|SC01:SC01_Simu                                                                                   ; SC01                         ; work         ;
;          |lpm_mult:Mult0|                       ; 29 (0)              ; 0 (0)                     ; 0           ; 0            ; 0       ; 0         ; 0    ; 0            ; |SYS80|gosof80:SOUNDBOARD|SC01:SC01_Simu|lpm_mult:Mult0                                                                    ; lpm_mult                     ; work         ;
;             |multcore:mult_core|                ; 29 (29)             ; 0 (0)                     ; 0           ; 0            ; 0       ; 0         ; 0    ; 0            ; |SYS80|gosof80:SOUNDBOARD|SC01:SC01_Simu|lpm_mult:Mult0|multcore:mult_core                                                 ; multcore                     ; work         ;
;       |T65:CPU|                                 ; 1040 (446)          ; 163 (163)                 ; 0           ; 0            ; 0       ; 0         ; 0    ; 0            ; |SYS80|gosof80:SOUNDBOARD|T65:CPU                                                                                          ; T65                          ; work         ;
;          |T65_ALU:alu|                          ; 182 (182)           ; 0 (0)                     ; 0           ; 0            ; 0       ; 0         ; 0    ; 0            ; |SYS80|gosof80:SOUNDBOARD|T65:CPU|T65_ALU:alu                                                                              ; T65_ALU                      ; work         ;
;          |T65_MCode:mcode|                      ; 412 (412)           ; 0 (0)                     ; 0           ; 0            ; 0       ; 0         ; 0    ; 0            ; |SYS80|gosof80:SOUNDBOARD|T65:CPU|T65_MCode:mcode                                                                          ; T65_MCode                    ; work         ;
;       |attract:Attract_S|                       ; 117 (117)           ; 58 (58)                   ; 0           ; 0            ; 0       ; 0         ; 0    ; 0            ; |SYS80|gosof80:SOUNDBOARD|attract:Attract_S                                                                                ; attract                      ; work         ;
;       |dac:Audio_DAC|                           ; 10 (10)             ; 11 (11)                   ; 0           ; 0            ; 0       ; 0         ; 0    ; 0            ; |SYS80|gosof80:SOUNDBOARD|dac:Audio_DAC                                                                                    ; dac                          ; work         ;
;       |uart_clk_gen:uart_gen|                   ; 22 (22)             ; 15 (15)                   ; 0           ; 0            ; 0       ; 0         ; 0    ; 0            ; |SYS80|gosof80:SOUNDBOARD|uart_clk_gen:uart_gen                                                                            ; uart_clk_gen                 ; work         ;
;    |read_the_dips:RDIPS|                        ; 11 (11)             ; 27 (27)                   ; 0           ; 0            ; 0       ; 0         ; 0    ; 0            ; |SYS80|read_the_dips:RDIPS                                                                                                 ; read_the_dips                ; work         ;
;    |sn74175:sn74175_80B_1|                      ; 5 (5)               ; 6 (6)                     ; 0           ; 0            ; 0       ; 0         ; 0    ; 0            ; |SYS80|sn74175:sn74175_80B_1                                                                                               ; sn74175                      ; work         ;
;    |sn74175:sn74175_80B_2|                      ; 5 (5)               ; 6 (6)                     ; 0           ; 0            ; 0       ; 0         ; 0    ; 0            ; |SYS80|sn74175:sn74175_80B_2                                                                                               ; sn74175                      ; work         ;
;    |sn74175:sn74175_80_1|                       ; 1 (1)               ; 6 (6)                     ; 0           ; 0            ; 0       ; 0         ; 0    ; 0            ; |SYS80|sn74175:sn74175_80_1                                                                                                ; sn74175                      ; work         ;
;    |sn74175:sn74175_80_2|                       ; 1 (1)               ; 6 (6)                     ; 0           ; 0            ; 0       ; 0         ; 0    ; 0            ; |SYS80|sn74175:sn74175_80_2                                                                                                ; sn74175                      ; work         ;
;    |sn74175:sn74175_80_3|                       ; 1 (1)               ; 6 (6)                     ; 0           ; 0            ; 0       ; 0         ; 0    ; 0            ; |SYS80|sn74175:sn74175_80_3                                                                                                ; sn74175                      ; work         ;
;    |sn74175:sn74175_Game_O|                     ; 1 (1)               ; 3 (3)                     ; 0           ; 0            ; 0       ; 0         ; 0    ; 0            ; |SYS80|sn74175:sn74175_Game_O                                                                                              ; sn74175                      ; work         ;
;    |sn74175:sn74175_Sound16|                    ; 1 (1)               ; 3 (3)                     ; 0           ; 0            ; 0       ; 0         ; 0    ; 0            ; |SYS80|sn74175:sn74175_Sound16                                                                                             ; sn74175                      ; work         ;
;    |sn7448:sn7448_1|                            ; 5 (5)               ; 0 (0)                     ; 0           ; 0            ; 0       ; 0         ; 0    ; 0            ; |SYS80|sn7448:sn7448_1                                                                                                     ; sn7448                       ; work         ;
;    |sn7448:sn7448_2|                            ; 5 (5)               ; 0 (0)                     ; 0           ; 0            ; 0       ; 0         ; 0    ; 0            ; |SYS80|sn7448:sn7448_2                                                                                                     ; sn7448                       ; work         ;
;    |sn7448:sn7448_3|                            ; 5 (5)               ; 0 (0)                     ; 0           ; 0            ; 0       ; 0         ; 0    ; 0            ; |SYS80|sn7448:sn7448_3                                                                                                     ; sn7448                       ; work         ;
+-------------------------------------------------+---------------------+---------------------------+-------------+--------------+---------+-----------+------+--------------+----------------------------------------------------------------------------------------------------------------------------+------------------------------+--------------+
Note: For table entries with two numbers listed, the numbers in parentheses indicate the number of resources of the given type used by the specific entity alone. The numbers listed outside of parentheses indicate the total resources of the given type used by the specific entity and all of its sub-entities in the hierarchy.


+-----------------------------------------------------------------------------------------------------------------------------------------------------------------------------------------------------------------+
; Analysis & Synthesis RAM Summary                                                                                                                                                                                ;
+--------------------------------------------------------------------------------------------------------------+------+----------------+--------------+--------------+--------------+--------------+-------+------+
; Name                                                                                                         ; Type ; Mode           ; Port A Depth ; Port A Width ; Port B Depth ; Port B Width ; Size  ; MIF  ;
+--------------------------------------------------------------------------------------------------------------+------+----------------+--------------+--------------+--------------+--------------+-------+------+
; GAME_ROM:GAME2|altsyncram:altsyncram_component|altsyncram_r1q3:auto_generated|ALTSYNCRAM                     ; AUTO ; Single Port    ; 2048         ; 8            ; --           ; --           ; 16384 ; None ;
; GAME_ROM:GAME|altsyncram:altsyncram_component|altsyncram_r1q3:auto_generated|ALTSYNCRAM                      ; AUTO ; Single Port    ; 2048         ; 8            ; --           ; --           ; 16384 ; None ;
; GAME_ROM:SOUNDROM1|altsyncram:altsyncram_component|altsyncram_r1q3:auto_generated|ALTSYNCRAM                 ; AUTO ; Single Port    ; 2048         ; 8            ; --           ; --           ; 16384 ; None ;
; GAME_ROM:SOUNDROM2|altsyncram:altsyncram_component|altsyncram_r1q3:auto_generated|ALTSYNCRAM                 ; AUTO ; Single Port    ; 2048         ; 8            ; --           ; --           ; 16384 ; None ;
; R5101:Z5|altsyncram:altsyncram_component|altsyncram_qpq3:auto_generated|ALTSYNCRAM                           ; AUTO ; True Dual Port ; 256          ; 4            ; 128          ; 8            ; 1024  ; None ;
; RIOT_RAM:U4_RAM|altsyncram:altsyncram_component|altsyncram_b8p3:auto_generated|ALTSYNCRAM                    ; AUTO ; Single Port    ; 256          ; 8            ; --           ; --           ; 2048  ; None ;
; RIOT_RAM:U5_RAM|altsyncram:altsyncram_component|altsyncram_b8p3:auto_generated|ALTSYNCRAM                    ; AUTO ; Single Port    ; 256          ; 8            ; --           ; --           ; 2048  ; None ;
; RIOT_RAM:U6_RAM|altsyncram:altsyncram_component|altsyncram_b8p3:auto_generated|ALTSYNCRAM                    ; AUTO ; Single Port    ; 256          ; 8            ; --           ; --           ; 2048  ; None ;
; SYSTEM_ROM:SYSTEM|altsyncram:altsyncram_component|altsyncram_32q3:auto_generated|ALTSYNCRAM                  ; AUTO ; Single Port    ; 8192         ; 8            ; --           ; --           ; 65536 ; None ;
; gosof80:SOUNDBOARD|SB_RAM:RIOT_RAM|altsyncram:altsyncram_component|altsyncram_88p3:auto_generated|ALTSYNCRAM ; AUTO ; Single Port    ; 128          ; 8            ; --           ; --           ; 1024  ; None ;
+--------------------------------------------------------------------------------------------------------------+------+----------------+--------------+--------------+--------------+--------------+-------+------+


+----------------------------------------------------------------------------------------------------------------------------------------------+
; Analysis & Synthesis IP Cores Summary                                                                                                        ;
+--------+--------------+---------+--------------+--------------+-------------------------------------------+----------------------------------+
; Vendor ; IP Core Name ; Version ; Release Date ; License Type ; Entity Instance                           ; IP Include File                  ;
+--------+--------------+---------+--------------+--------------+-------------------------------------------+----------------------------------+
; Altera ; RAM: 1-PORT  ; 22.1    ; N/A          ; N/A          ; |SYS80|GAME_ROM:GAME                      ; ../lib_cyclone_IV/GAME_ROM.vhd   ;
; Altera ; RAM: 1-PORT  ; 22.1    ; N/A          ; N/A          ; |SYS80|GAME_ROM:GAME2                     ; ../lib_cyclone_IV/GAME_ROM.vhd   ;
; Altera ; RAM: 1-PORT  ; 22.1    ; N/A          ; N/A          ; |SYS80|gosof80:SOUNDBOARD|SB_RAM:RIOT_RAM ; ../lib_cyclone_IV/SB_RAM.vhd     ;
; Altera ; RAM: 1-PORT  ; 22.1    ; N/A          ; N/A          ; |SYS80|GAME_ROM:SOUNDROM1                 ; ../lib_cyclone_IV/GAME_ROM.vhd   ;
; Altera ; RAM: 1-PORT  ; 22.1    ; N/A          ; N/A          ; |SYS80|GAME_ROM:SOUNDROM2                 ; ../lib_cyclone_IV/GAME_ROM.vhd   ;
; Altera ; RAM: 1-PORT  ; 22.1    ; N/A          ; N/A          ; |SYS80|SYSTEM_ROM:SYSTEM                  ; ../lib_cyclone_IV/SYSTEM_ROM.vhd ;
; Altera ; RAM: 1-PORT  ; 22.1    ; N/A          ; N/A          ; |SYS80|RIOT_RAM:U4_RAM                    ; ../lib_cyclone_IV/RIOT_RAM.vhd   ;
; Altera ; RAM: 1-PORT  ; 22.1    ; N/A          ; N/A          ; |SYS80|RIOT_RAM:U5_RAM                    ; ../lib_cyclone_IV/RIOT_RAM.vhd   ;
; Altera ; RAM: 1-PORT  ; 22.1    ; N/A          ; N/A          ; |SYS80|RIOT_RAM:U6_RAM                    ; ../lib_cyclone_IV/RIOT_RAM.vhd   ;
; Altera ; RAM: 2-PORT  ; 22.1    ; N/A          ; N/A          ; |SYS80|R5101:Z5                           ; ../lib_cyclone_IV/R5101.vhd      ;
+--------+--------------+---------+--------------+--------------+-------------------------------------------+----------------------------------+


Encoding Type:  One-Hot
+-------------------------------------------------------------------------------------------------------------------------------------------------------------+
; State Machine - |SYS80|gosof80:SOUNDBOARD|T65:CPU|Set_Addr_To_r                                                                                             ;
+-------------------------------+------------------------------+------------------------------+-------------------------------+-------------------------------+
; Name                          ; Set_Addr_To_r.Set_Addr_To_BA ; Set_Addr_To_r.Set_Addr_To_SP ; Set_Addr_To_r.Set_Addr_To_ZPG ; Set_Addr_To_r.Set_Addr_To_PBR ;
+-------------------------------+------------------------------+------------------------------+-------------------------------+-------------------------------+
; Set_Addr_To_r.Set_Addr_To_PBR ; 0                            ; 0                            ; 0                             ; 0                             ;
; Set_Addr_To_r.Set_Addr_To_ZPG ; 0                            ; 0                            ; 1                             ; 1                             ;
; Set_Addr_To_r.Set_Addr_To_SP  ; 0                            ; 1                            ; 0                             ; 1                             ;
; Set_Addr_To_r.Set_Addr_To_BA  ; 1                            ; 0                            ; 0                             ; 1                             ;
+-------------------------------+------------------------------+------------------------------+-------------------------------+-------------------------------+


Encoding Type:  One-Hot
+---------------------------------------------------------------------------------------------------------------------------------------------------------------------------------------------------------------------------------------------------------------------------------------------------------------------------------------------------------------------------------------------------------------------------------+
; State Machine - |SYS80|gosof80:SOUNDBOARD|T65:CPU|Write_Data_r                                                                                                                                                                                                                                                                                                                                                                  ;
+----------------------------------+----------------------------------+----------------------------+----------------------------+-----------------------------+----------------------------+-----------------------------+-----------------------------+---------------------------+---------------------------+---------------------------+---------------------------+-----------------------------+----------------------------+
; Name                             ; Write_Data_r.Write_Data_DONTCARE ; Write_Data_r.Write_Data_YB ; Write_Data_r.Write_Data_XB ; Write_Data_r.Write_Data_AXB ; Write_Data_r.Write_Data_AX ; Write_Data_r.Write_Data_PCH ; Write_Data_r.Write_Data_PCL ; Write_Data_r.Write_Data_P ; Write_Data_r.Write_Data_S ; Write_Data_r.Write_Data_Y ; Write_Data_r.Write_Data_X ; Write_Data_r.Write_Data_ABC ; Write_Data_r.Write_Data_DL ;
+----------------------------------+----------------------------------+----------------------------+----------------------------+-----------------------------+----------------------------+-----------------------------+-----------------------------+---------------------------+---------------------------+---------------------------+---------------------------+-----------------------------+----------------------------+
; Write_Data_r.Write_Data_DL       ; 0                                ; 0                          ; 0                          ; 0                           ; 0                          ; 0                           ; 0                           ; 0                         ; 0                         ; 0                         ; 0                         ; 0                           ; 0                          ;
; Write_Data_r.Write_Data_ABC      ; 0                                ; 0                          ; 0                          ; 0                           ; 0                          ; 0                           ; 0                           ; 0                         ; 0                         ; 0                         ; 0                         ; 1                           ; 1                          ;
; Write_Data_r.Write_Data_X        ; 0                                ; 0                          ; 0                          ; 0                           ; 0                          ; 0                           ; 0                           ; 0                         ; 0                         ; 0                         ; 1                         ; 0                           ; 1                          ;
; Write_Data_r.Write_Data_Y        ; 0                                ; 0                          ; 0                          ; 0                           ; 0                          ; 0                           ; 0                           ; 0                         ; 0                         ; 1                         ; 0                         ; 0                           ; 1                          ;
; Write_Data_r.Write_Data_S        ; 0                                ; 0                          ; 0                          ; 0                           ; 0                          ; 0                           ; 0                           ; 0                         ; 1                         ; 0                         ; 0                         ; 0                           ; 1                          ;
; Write_Data_r.Write_Data_P        ; 0                                ; 0                          ; 0                          ; 0                           ; 0                          ; 0                           ; 0                           ; 1                         ; 0                         ; 0                         ; 0                         ; 0                           ; 1                          ;
; Write_Data_r.Write_Data_PCL      ; 0                                ; 0                          ; 0                          ; 0                           ; 0                          ; 0                           ; 1                           ; 0                         ; 0                         ; 0                         ; 0                         ; 0                           ; 1                          ;
; Write_Data_r.Write_Data_PCH      ; 0                                ; 0                          ; 0                          ; 0                           ; 0                          ; 1                           ; 0                           ; 0                         ; 0                         ; 0                         ; 0                         ; 0                           ; 1                          ;
; Write_Data_r.Write_Data_AX       ; 0                                ; 0                          ; 0                          ; 0                           ; 1                          ; 0                           ; 0                           ; 0                         ; 0                         ; 0                         ; 0                         ; 0                           ; 1                          ;
; Write_Data_r.Write_Data_AXB      ; 0                                ; 0                          ; 0                          ; 1                           ; 0                          ; 0                           ; 0                           ; 0                         ; 0                         ; 0                         ; 0                         ; 0                           ; 1                          ;
; Write_Data_r.Write_Data_XB       ; 0                                ; 0                          ; 1                          ; 0                           ; 0                          ; 0                           ; 0                           ; 0                         ; 0                         ; 0                         ; 0                         ; 0                           ; 1                          ;
; Write_Data_r.Write_Data_YB       ; 0                                ; 1                          ; 0                          ; 0                           ; 0                          ; 0                           ; 0                           ; 0                         ; 0                         ; 0                         ; 0                         ; 0                           ; 1                          ;
; Write_Data_r.Write_Data_DONTCARE ; 1                                ; 0                          ; 0                          ; 0                           ; 0                          ; 0                           ; 0                           ; 0                         ; 0                         ; 0                         ; 0                         ; 0                           ; 1                          ;
+----------------------------------+----------------------------------+----------------------------+----------------------------+-----------------------------+----------------------------+-----------------------------+-----------------------------+---------------------------+---------------------------+---------------------------+---------------------------+-----------------------------+----------------------------+


Encoding Type:  One-Hot
+------------------------------------------------------------------------------------------------------------------------------------------------------------------------------------------------------------------------------------------------------------------------------------------------------------------------------------------------------------------------------------------------------------------------------------------------------+
; State Machine - |SYS80|gosof80:SOUNDBOARD|T65:CPU|ALU_Op_r                                                                                                                                                                                                                                                                                                                                                                                           ;
+---------------------+---------------------+---------------------+---------------------+---------------------+---------------------+---------------------+--------------------+---------------------+---------------------+---------------------+---------------------+---------------------+---------------------+---------------------+---------------------+---------------------+---------------------+---------------------+---------------------+
; Name                ; ALU_Op_r.ALU_OP_XAA ; ALU_Op_r.ALU_OP_SAX ; ALU_Op_r.ALU_OP_ANC ; ALU_Op_r.ALU_OP_ARR ; ALU_Op_r.ALU_OP_INC ; ALU_Op_r.ALU_OP_DEC ; ALU_Op_r.ALU_OP_OR ; ALU_Op_r.ALU_OP_ROR ; ALU_Op_r.ALU_OP_LSR ; ALU_Op_r.ALU_OP_ROL ; ALU_Op_r.ALU_OP_ASL ; ALU_Op_r.ALU_OP_SBC ; ALU_Op_r.ALU_OP_CMP ; ALU_Op_r.ALU_OP_EQ2 ; ALU_Op_r.ALU_OP_EQ1 ; ALU_Op_r.ALU_OP_ADC ; ALU_Op_r.ALU_OP_EOR ; ALU_Op_r.ALU_OP_AND ; ALU_Op_r.ALU_OP_BIT ;
+---------------------+---------------------+---------------------+---------------------+---------------------+---------------------+---------------------+--------------------+---------------------+---------------------+---------------------+---------------------+---------------------+---------------------+---------------------+---------------------+---------------------+---------------------+---------------------+---------------------+
; ALU_Op_r.ALU_OP_BIT ; 0                   ; 0                   ; 0                   ; 0                   ; 0                   ; 0                   ; 0                  ; 0                   ; 0                   ; 0                   ; 0                   ; 0                   ; 0                   ; 0                   ; 0                   ; 0                   ; 0                   ; 0                   ; 0                   ;
; ALU_Op_r.ALU_OP_AND ; 0                   ; 0                   ; 0                   ; 0                   ; 0                   ; 0                   ; 0                  ; 0                   ; 0                   ; 0                   ; 0                   ; 0                   ; 0                   ; 0                   ; 0                   ; 0                   ; 0                   ; 1                   ; 1                   ;
; ALU_Op_r.ALU_OP_EOR ; 0                   ; 0                   ; 0                   ; 0                   ; 0                   ; 0                   ; 0                  ; 0                   ; 0                   ; 0                   ; 0                   ; 0                   ; 0                   ; 0                   ; 0                   ; 0                   ; 1                   ; 0                   ; 1                   ;
; ALU_Op_r.ALU_OP_ADC ; 0                   ; 0                   ; 0                   ; 0                   ; 0                   ; 0                   ; 0                  ; 0                   ; 0                   ; 0                   ; 0                   ; 0                   ; 0                   ; 0                   ; 0                   ; 1                   ; 0                   ; 0                   ; 1                   ;
; ALU_Op_r.ALU_OP_EQ1 ; 0                   ; 0                   ; 0                   ; 0                   ; 0                   ; 0                   ; 0                  ; 0                   ; 0                   ; 0                   ; 0                   ; 0                   ; 0                   ; 0                   ; 1                   ; 0                   ; 0                   ; 0                   ; 1                   ;
; ALU_Op_r.ALU_OP_EQ2 ; 0                   ; 0                   ; 0                   ; 0                   ; 0                   ; 0                   ; 0                  ; 0                   ; 0                   ; 0                   ; 0                   ; 0                   ; 0                   ; 1                   ; 0                   ; 0                   ; 0                   ; 0                   ; 1                   ;
; ALU_Op_r.ALU_OP_CMP ; 0                   ; 0                   ; 0                   ; 0                   ; 0                   ; 0                   ; 0                  ; 0                   ; 0                   ; 0                   ; 0                   ; 0                   ; 1                   ; 0                   ; 0                   ; 0                   ; 0                   ; 0                   ; 1                   ;
; ALU_Op_r.ALU_OP_SBC ; 0                   ; 0                   ; 0                   ; 0                   ; 0                   ; 0                   ; 0                  ; 0                   ; 0                   ; 0                   ; 0                   ; 1                   ; 0                   ; 0                   ; 0                   ; 0                   ; 0                   ; 0                   ; 1                   ;
; ALU_Op_r.ALU_OP_ASL ; 0                   ; 0                   ; 0                   ; 0                   ; 0                   ; 0                   ; 0                  ; 0                   ; 0                   ; 0                   ; 1                   ; 0                   ; 0                   ; 0                   ; 0                   ; 0                   ; 0                   ; 0                   ; 1                   ;
; ALU_Op_r.ALU_OP_ROL ; 0                   ; 0                   ; 0                   ; 0                   ; 0                   ; 0                   ; 0                  ; 0                   ; 0                   ; 1                   ; 0                   ; 0                   ; 0                   ; 0                   ; 0                   ; 0                   ; 0                   ; 0                   ; 1                   ;
; ALU_Op_r.ALU_OP_LSR ; 0                   ; 0                   ; 0                   ; 0                   ; 0                   ; 0                   ; 0                  ; 0                   ; 1                   ; 0                   ; 0                   ; 0                   ; 0                   ; 0                   ; 0                   ; 0                   ; 0                   ; 0                   ; 1                   ;
; ALU_Op_r.ALU_OP_ROR ; 0                   ; 0                   ; 0                   ; 0                   ; 0                   ; 0                   ; 0                  ; 1                   ; 0                   ; 0                   ; 0                   ; 0                   ; 0                   ; 0                   ; 0                   ; 0                   ; 0                   ; 0                   ; 1                   ;
; ALU_Op_r.ALU_OP_OR  ; 0                   ; 0                   ; 0                   ; 0                   ; 0                   ; 0                   ; 1                  ; 0                   ; 0                   ; 0                   ; 0                   ; 0                   ; 0                   ; 0                   ; 0                   ; 0                   ; 0                   ; 0                   ; 1                   ;
; ALU_Op_r.ALU_OP_DEC ; 0                   ; 0                   ; 0                   ; 0                   ; 0                   ; 1                   ; 0                  ; 0                   ; 0                   ; 0                   ; 0                   ; 0                   ; 0                   ; 0                   ; 0                   ; 0                   ; 0                   ; 0                   ; 1                   ;
; ALU_Op_r.ALU_OP_INC ; 0                   ; 0                   ; 0                   ; 0                   ; 1                   ; 0                   ; 0                  ; 0                   ; 0                   ; 0                   ; 0                   ; 0                   ; 0                   ; 0                   ; 0                   ; 0                   ; 0                   ; 0                   ; 1                   ;
; ALU_Op_r.ALU_OP_ARR ; 0                   ; 0                   ; 0                   ; 1                   ; 0                   ; 0                   ; 0                  ; 0                   ; 0                   ; 0                   ; 0                   ; 0                   ; 0                   ; 0                   ; 0                   ; 0                   ; 0                   ; 0                   ; 1                   ;
; ALU_Op_r.ALU_OP_ANC ; 0                   ; 0                   ; 1                   ; 0                   ; 0                   ; 0                   ; 0                  ; 0                   ; 0                   ; 0                   ; 0                   ; 0                   ; 0                   ; 0                   ; 0                   ; 0                   ; 0                   ; 0                   ; 1                   ;
; ALU_Op_r.ALU_OP_SAX ; 0                   ; 1                   ; 0                   ; 0                   ; 0                   ; 0                   ; 0                  ; 0                   ; 0                   ; 0                   ; 0                   ; 0                   ; 0                   ; 0                   ; 0                   ; 0                   ; 0                   ; 0                   ; 1                   ;
; ALU_Op_r.ALU_OP_XAA ; 1                   ; 0                   ; 0                   ; 0                   ; 0                   ; 0                   ; 0                  ; 0                   ; 0                   ; 0                   ; 0                   ; 0                   ; 0                   ; 0                   ; 0                   ; 0                   ; 0                   ; 0                   ; 1                   ;
+---------------------+---------------------+---------------------+---------------------+---------------------+---------------------+---------------------+--------------------+---------------------+---------------------+---------------------+---------------------+---------------------+---------------------+---------------------+---------------------+---------------------+---------------------+---------------------+---------------------+


Encoding Type:  One-Hot
+----------------------------------------------------------------+
; State Machine - |SYS80|gosof80:SOUNDBOARD|SC01:SC01_Simu|state ;
+--------------+--------------+------------+---------------------+
; Name         ; state.Speech ; state.Calc ; state.Idle          ;
+--------------+--------------+------------+---------------------+
; state.Idle   ; 0            ; 0          ; 0                   ;
; state.Calc   ; 0            ; 1          ; 1                   ;
; state.Speech ; 1            ; 0          ; 1                   ;
+--------------+--------------+------------+---------------------+


Encoding Type:  One-Hot
+----------------------------------------------------------------------------+
; State Machine - |SYS80|gosof80:SOUNDBOARD|DFPlayer_Mini_CMD:DFP_send|state ;
+-------------+-------------+-------------+------------+---------------------+
; Name        ; state.Delay ; state.Check ; state.Send ; state.Idle          ;
+-------------+-------------+-------------+------------+---------------------+
; state.Idle  ; 0           ; 0           ; 0          ; 0                   ;
; state.Send  ; 0           ; 0           ; 1          ; 1                   ;
; state.Check ; 0           ; 1           ; 0          ; 1                   ;
; state.Delay ; 1           ; 0           ; 0          ; 1                   ;
+-------------+-------------+-------------+------------+---------------------+


Encoding Type:  One-Hot
+---------------------------------------------------------------------------------------------------------------------------------------------------------------------------------------------------------------------------------------------------------------------------------------------------------------------------------------------------------------------------------------------------------------------------------------------------------+
; State Machine - |SYS80|EEprom:EEprom|state                                                                                                                                                                                                                                                                                                                                                                                                              ;
+-------------------------------+------------------+--------------------+---------------------------+-------------------------------+----------------------+--------------------------+---------------------------+--------------------------+-------------------------+-------------------------+--------------------+------------+--------------+-------------+-----------------------+---------------------+-------------------------+-----------------+
; Name                          ; state.next_write ; state.check_WP_bit ; state.wait_for_Master_III ; state.wait_for_get_status_reg ; state.get_status_reg ; state.wait_for_Master_II ; state.wait_for_Write_done ; state.send_write_request ; state.wait_for_Master_I ; state.wait_for_Cmd_done ; state.Write_enable ; state.Idle ; state.Delay2 ; state.Delay ; state.wait_for_Master ; state.wait_for_read ; state.send_read_request ; state.Check_dip ;
+-------------------------------+------------------+--------------------+---------------------------+-------------------------------+----------------------+--------------------------+---------------------------+--------------------------+-------------------------+-------------------------+--------------------+------------+--------------+-------------+-----------------------+---------------------+-------------------------+-----------------+
; state.Check_dip               ; 0                ; 0                  ; 0                         ; 0                             ; 0                    ; 0                        ; 0                         ; 0                        ; 0                       ; 0                       ; 0                  ; 0          ; 0            ; 0           ; 0                     ; 0                   ; 0                       ; 0               ;
; state.send_read_request       ; 0                ; 0                  ; 0                         ; 0                             ; 0                    ; 0                        ; 0                         ; 0                        ; 0                       ; 0                       ; 0                  ; 0          ; 0            ; 0           ; 0                     ; 0                   ; 1                       ; 1               ;
; state.wait_for_read           ; 0                ; 0                  ; 0                         ; 0                             ; 0                    ; 0                        ; 0                         ; 0                        ; 0                       ; 0                       ; 0                  ; 0          ; 0            ; 0           ; 0                     ; 1                   ; 0                       ; 1               ;
; state.wait_for_Master         ; 0                ; 0                  ; 0                         ; 0                             ; 0                    ; 0                        ; 0                         ; 0                        ; 0                       ; 0                       ; 0                  ; 0          ; 0            ; 0           ; 1                     ; 0                   ; 0                       ; 1               ;
; state.Delay                   ; 0                ; 0                  ; 0                         ; 0                             ; 0                    ; 0                        ; 0                         ; 0                        ; 0                       ; 0                       ; 0                  ; 0          ; 0            ; 1           ; 0                     ; 0                   ; 0                       ; 1               ;
; state.Delay2                  ; 0                ; 0                  ; 0                         ; 0                             ; 0                    ; 0                        ; 0                         ; 0                        ; 0                       ; 0                       ; 0                  ; 0          ; 1            ; 0           ; 0                     ; 0                   ; 0                       ; 1               ;
; state.Idle                    ; 0                ; 0                  ; 0                         ; 0                             ; 0                    ; 0                        ; 0                         ; 0                        ; 0                       ; 0                       ; 0                  ; 1          ; 0            ; 0           ; 0                     ; 0                   ; 0                       ; 1               ;
; state.Write_enable            ; 0                ; 0                  ; 0                         ; 0                             ; 0                    ; 0                        ; 0                         ; 0                        ; 0                       ; 0                       ; 1                  ; 0          ; 0            ; 0           ; 0                     ; 0                   ; 0                       ; 1               ;
; state.wait_for_Cmd_done       ; 0                ; 0                  ; 0                         ; 0                             ; 0                    ; 0                        ; 0                         ; 0                        ; 0                       ; 1                       ; 0                  ; 0          ; 0            ; 0           ; 0                     ; 0                   ; 0                       ; 1               ;
; state.wait_for_Master_I       ; 0                ; 0                  ; 0                         ; 0                             ; 0                    ; 0                        ; 0                         ; 0                        ; 1                       ; 0                       ; 0                  ; 0          ; 0            ; 0           ; 0                     ; 0                   ; 0                       ; 1               ;
; state.send_write_request      ; 0                ; 0                  ; 0                         ; 0                             ; 0                    ; 0                        ; 0                         ; 1                        ; 0                       ; 0                       ; 0                  ; 0          ; 0            ; 0           ; 0                     ; 0                   ; 0                       ; 1               ;
; state.wait_for_Write_done     ; 0                ; 0                  ; 0                         ; 0                             ; 0                    ; 0                        ; 1                         ; 0                        ; 0                       ; 0                       ; 0                  ; 0          ; 0            ; 0           ; 0                     ; 0                   ; 0                       ; 1               ;
; state.wait_for_Master_II      ; 0                ; 0                  ; 0                         ; 0                             ; 0                    ; 1                        ; 0                         ; 0                        ; 0                       ; 0                       ; 0                  ; 0          ; 0            ; 0           ; 0                     ; 0                   ; 0                       ; 1               ;
; state.get_status_reg          ; 0                ; 0                  ; 0                         ; 0                             ; 1                    ; 0                        ; 0                         ; 0                        ; 0                       ; 0                       ; 0                  ; 0          ; 0            ; 0           ; 0                     ; 0                   ; 0                       ; 1               ;
; state.wait_for_get_status_reg ; 0                ; 0                  ; 0                         ; 1                             ; 0                    ; 0                        ; 0                         ; 0                        ; 0                       ; 0                       ; 0                  ; 0          ; 0            ; 0           ; 0                     ; 0                   ; 0                       ; 1               ;
; state.wait_for_Master_III     ; 0                ; 0                  ; 1                         ; 0                             ; 0                    ; 0                        ; 0                         ; 0                        ; 0                       ; 0                       ; 0                  ; 0          ; 0            ; 0           ; 0                     ; 0                   ; 0                       ; 1               ;
; state.check_WP_bit            ; 0                ; 1                  ; 0                         ; 0                             ; 0                    ; 0                        ; 0                         ; 0                        ; 0                       ; 0                       ; 0                  ; 0          ; 0            ; 0           ; 0                     ; 0                   ; 0                       ; 1               ;
; state.next_write              ; 1                ; 0                  ; 0                         ; 0                             ; 0                    ; 0                        ; 0                         ; 0                        ; 0                       ; 0                       ; 0                  ; 0          ; 0            ; 0           ; 0                     ; 0                   ; 0                       ; 1               ;
+-------------------------------+------------------+--------------------+---------------------------+-------------------------------+----------------------+--------------------------+---------------------------+--------------------------+-------------------------+-------------------------+--------------------+------------+--------------+-------------+-----------------------+---------------------+-------------------------+-----------------+


Encoding Type:  One-Hot
+---------------------------------------------------------------------------------------------+
; State Machine - |SYS80|EEprom:EEprom|SPI_Master:EEPROM_CMD|spitxstate                       ;
+-------------------------+--------------------+-------------------------+--------------------+
; Name                    ; spitxstate.spi_etx ; spitxstate.spi_txactive ; spitxstate.spi_stx ;
+-------------------------+--------------------+-------------------------+--------------------+
; spitxstate.spi_stx      ; 0                  ; 0                       ; 0                  ;
; spitxstate.spi_txactive ; 0                  ; 1                       ; 1                  ;
; spitxstate.spi_etx      ; 1                  ; 0                       ; 1                  ;
+-------------------------+--------------------+-------------------------+--------------------+


Encoding Type:  One-Hot
+---------------------------------------------------------------------------------------------+
; State Machine - |SYS80|EEprom:EEprom|SPI_Master:EEPROM_STAT|spitxstate                      ;
+-------------------------+--------------------+-------------------------+--------------------+
; Name                    ; spitxstate.spi_etx ; spitxstate.spi_txactive ; spitxstate.spi_stx ;
+-------------------------+--------------------+-------------------------+--------------------+
; spitxstate.spi_stx      ; 0                  ; 0                       ; 0                  ;
; spitxstate.spi_txactive ; 0                  ; 1                       ; 1                  ;
; spitxstate.spi_etx      ; 1                  ; 0                       ; 1                  ;
+-------------------------+--------------------+-------------------------+--------------------+


Encoding Type:  One-Hot
+---------------------------------------------------------------------------------------------+
; State Machine - |SYS80|EEprom:EEprom|SPI_Master:EEPROM_READ|spitxstate                      ;
+-------------------------+--------------------+-------------------------+--------------------+
; Name                    ; spitxstate.spi_etx ; spitxstate.spi_txactive ; spitxstate.spi_stx ;
+-------------------------+--------------------+-------------------------+--------------------+
; spitxstate.spi_stx      ; 0                  ; 0                       ; 0                  ;
; spitxstate.spi_txactive ; 0                  ; 1                       ; 1                  ;
; spitxstate.spi_etx      ; 1                  ; 0                       ; 1                  ;
+-------------------------+--------------------+-------------------------+--------------------+


Encoding Type:  One-Hot
+---------------------------------------------------------------------------------------------+
; State Machine - |SYS80|EEprom:EEprom|SPI_Master:EEPROM_WRITE|spitxstate                     ;
+-------------------------+--------------------+-------------------------+--------------------+
; Name                    ; spitxstate.spi_etx ; spitxstate.spi_txactive ; spitxstate.spi_stx ;
+-------------------------+--------------------+-------------------------+--------------------+
; spitxstate.spi_stx      ; 0                  ; 0                       ; 0                  ;
; spitxstate.spi_txactive ; 0                  ; 1                       ; 1                  ;
; spitxstate.spi_etx      ; 1                  ; 0                       ; 1                  ;
+-------------------------+--------------------+-------------------------+--------------------+


Encoding Type:  One-Hot
+-------------------------------------------------------------------------------------------------------------------------------------------------------------+
; State Machine - |SYS80|T65:U1|Set_Addr_To_r                                                                                                                 ;
+-------------------------------+------------------------------+------------------------------+-------------------------------+-------------------------------+
; Name                          ; Set_Addr_To_r.Set_Addr_To_BA ; Set_Addr_To_r.Set_Addr_To_SP ; Set_Addr_To_r.Set_Addr_To_ZPG ; Set_Addr_To_r.Set_Addr_To_PBR ;
+-------------------------------+------------------------------+------------------------------+-------------------------------+-------------------------------+
; Set_Addr_To_r.Set_Addr_To_PBR ; 0                            ; 0                            ; 0                             ; 0                             ;
; Set_Addr_To_r.Set_Addr_To_ZPG ; 0                            ; 0                            ; 1                             ; 1                             ;
; Set_Addr_To_r.Set_Addr_To_SP  ; 0                            ; 1                            ; 0                             ; 1                             ;
; Set_Addr_To_r.Set_Addr_To_BA  ; 1                            ; 0                            ; 0                             ; 1                             ;
+-------------------------------+------------------------------+------------------------------+-------------------------------+-------------------------------+


Encoding Type:  One-Hot
+---------------------------------------------------------------------------------------------------------------------------------------------------------------------------------------------------------------------------------------------------------------------------------------------------------------------------------------------------------------------------------------------------------------------------------+
; State Machine - |SYS80|T65:U1|Write_Data_r                                                                                                                                                                                                                                                                                                                                                                                      ;
+----------------------------------+----------------------------------+----------------------------+----------------------------+-----------------------------+----------------------------+-----------------------------+-----------------------------+---------------------------+---------------------------+---------------------------+---------------------------+-----------------------------+----------------------------+
; Name                             ; Write_Data_r.Write_Data_DONTCARE ; Write_Data_r.Write_Data_YB ; Write_Data_r.Write_Data_XB ; Write_Data_r.Write_Data_AXB ; Write_Data_r.Write_Data_AX ; Write_Data_r.Write_Data_PCH ; Write_Data_r.Write_Data_PCL ; Write_Data_r.Write_Data_P ; Write_Data_r.Write_Data_S ; Write_Data_r.Write_Data_Y ; Write_Data_r.Write_Data_X ; Write_Data_r.Write_Data_ABC ; Write_Data_r.Write_Data_DL ;
+----------------------------------+----------------------------------+----------------------------+----------------------------+-----------------------------+----------------------------+-----------------------------+-----------------------------+---------------------------+---------------------------+---------------------------+---------------------------+-----------------------------+----------------------------+
; Write_Data_r.Write_Data_DL       ; 0                                ; 0                          ; 0                          ; 0                           ; 0                          ; 0                           ; 0                           ; 0                         ; 0                         ; 0                         ; 0                         ; 0                           ; 0                          ;
; Write_Data_r.Write_Data_ABC      ; 0                                ; 0                          ; 0                          ; 0                           ; 0                          ; 0                           ; 0                           ; 0                         ; 0                         ; 0                         ; 0                         ; 1                           ; 1                          ;
; Write_Data_r.Write_Data_X        ; 0                                ; 0                          ; 0                          ; 0                           ; 0                          ; 0                           ; 0                           ; 0                         ; 0                         ; 0                         ; 1                         ; 0                           ; 1                          ;
; Write_Data_r.Write_Data_Y        ; 0                                ; 0                          ; 0                          ; 0                           ; 0                          ; 0                           ; 0                           ; 0                         ; 0                         ; 1                         ; 0                         ; 0                           ; 1                          ;
; Write_Data_r.Write_Data_S        ; 0                                ; 0                          ; 0                          ; 0                           ; 0                          ; 0                           ; 0                           ; 0                         ; 1                         ; 0                         ; 0                         ; 0                           ; 1                          ;
; Write_Data_r.Write_Data_P        ; 0                                ; 0                          ; 0                          ; 0                           ; 0                          ; 0                           ; 0                           ; 1                         ; 0                         ; 0                         ; 0                         ; 0                           ; 1                          ;
; Write_Data_r.Write_Data_PCL      ; 0                                ; 0                          ; 0                          ; 0                           ; 0                          ; 0                           ; 1                           ; 0                         ; 0                         ; 0                         ; 0                         ; 0                           ; 1                          ;
; Write_Data_r.Write_Data_PCH      ; 0                                ; 0                          ; 0                          ; 0                           ; 0                          ; 1                           ; 0                           ; 0                         ; 0                         ; 0                         ; 0                         ; 0                           ; 1                          ;
; Write_Data_r.Write_Data_AX       ; 0                                ; 0                          ; 0                          ; 0                           ; 1                          ; 0                           ; 0                           ; 0                         ; 0                         ; 0                         ; 0                         ; 0                           ; 1                          ;
; Write_Data_r.Write_Data_AXB      ; 0                                ; 0                          ; 0                          ; 1                           ; 0                          ; 0                           ; 0                           ; 0                         ; 0                         ; 0                         ; 0                         ; 0                           ; 1                          ;
; Write_Data_r.Write_Data_XB       ; 0                                ; 0                          ; 1                          ; 0                           ; 0                          ; 0                           ; 0                           ; 0                         ; 0                         ; 0                         ; 0                         ; 0                           ; 1                          ;
; Write_Data_r.Write_Data_YB       ; 0                                ; 1                          ; 0                          ; 0                           ; 0                          ; 0                           ; 0                           ; 0                         ; 0                         ; 0                         ; 0                         ; 0                           ; 1                          ;
; Write_Data_r.Write_Data_DONTCARE ; 1                                ; 0                          ; 0                          ; 0                           ; 0                          ; 0                           ; 0                           ; 0                         ; 0                         ; 0                         ; 0                         ; 0                           ; 1                          ;
+----------------------------------+----------------------------------+----------------------------+----------------------------+-----------------------------+----------------------------+-----------------------------+-----------------------------+---------------------------+---------------------------+---------------------------+---------------------------+-----------------------------+----------------------------+


Encoding Type:  One-Hot
+------------------------------------------------------------------------------------------------------------------------------------------------------------------------------------------------------------------------------------------------------------------------------------------------------------------------------------------------------------------------------------------------------------------------------------------------------+
; State Machine - |SYS80|T65:U1|ALU_Op_r                                                                                                                                                                                                                                                                                                                                                                                                               ;
+---------------------+---------------------+---------------------+---------------------+---------------------+---------------------+---------------------+--------------------+---------------------+---------------------+---------------------+---------------------+---------------------+---------------------+---------------------+---------------------+---------------------+---------------------+---------------------+---------------------+
; Name                ; ALU_Op_r.ALU_OP_XAA ; ALU_Op_r.ALU_OP_SAX ; ALU_Op_r.ALU_OP_ANC ; ALU_Op_r.ALU_OP_ARR ; ALU_Op_r.ALU_OP_INC ; ALU_Op_r.ALU_OP_DEC ; ALU_Op_r.ALU_OP_OR ; ALU_Op_r.ALU_OP_ROR ; ALU_Op_r.ALU_OP_LSR ; ALU_Op_r.ALU_OP_ROL ; ALU_Op_r.ALU_OP_ASL ; ALU_Op_r.ALU_OP_SBC ; ALU_Op_r.ALU_OP_CMP ; ALU_Op_r.ALU_OP_EQ2 ; ALU_Op_r.ALU_OP_EQ1 ; ALU_Op_r.ALU_OP_ADC ; ALU_Op_r.ALU_OP_EOR ; ALU_Op_r.ALU_OP_AND ; ALU_Op_r.ALU_OP_BIT ;
+---------------------+---------------------+---------------------+---------------------+---------------------+---------------------+---------------------+--------------------+---------------------+---------------------+---------------------+---------------------+---------------------+---------------------+---------------------+---------------------+---------------------+---------------------+---------------------+---------------------+
; ALU_Op_r.ALU_OP_BIT ; 0                   ; 0                   ; 0                   ; 0                   ; 0                   ; 0                   ; 0                  ; 0                   ; 0                   ; 0                   ; 0                   ; 0                   ; 0                   ; 0                   ; 0                   ; 0                   ; 0                   ; 0                   ; 0                   ;
; ALU_Op_r.ALU_OP_AND ; 0                   ; 0                   ; 0                   ; 0                   ; 0                   ; 0                   ; 0                  ; 0                   ; 0                   ; 0                   ; 0                   ; 0                   ; 0                   ; 0                   ; 0                   ; 0                   ; 0                   ; 1                   ; 1                   ;
; ALU_Op_r.ALU_OP_EOR ; 0                   ; 0                   ; 0                   ; 0                   ; 0                   ; 0                   ; 0                  ; 0                   ; 0                   ; 0                   ; 0                   ; 0                   ; 0                   ; 0                   ; 0                   ; 0                   ; 1                   ; 0                   ; 1                   ;
; ALU_Op_r.ALU_OP_ADC ; 0                   ; 0                   ; 0                   ; 0                   ; 0                   ; 0                   ; 0                  ; 0                   ; 0                   ; 0                   ; 0                   ; 0                   ; 0                   ; 0                   ; 0                   ; 1                   ; 0                   ; 0                   ; 1                   ;
; ALU_Op_r.ALU_OP_EQ1 ; 0                   ; 0                   ; 0                   ; 0                   ; 0                   ; 0                   ; 0                  ; 0                   ; 0                   ; 0                   ; 0                   ; 0                   ; 0                   ; 0                   ; 1                   ; 0                   ; 0                   ; 0                   ; 1                   ;
; ALU_Op_r.ALU_OP_EQ2 ; 0                   ; 0                   ; 0                   ; 0                   ; 0                   ; 0                   ; 0                  ; 0                   ; 0                   ; 0                   ; 0                   ; 0                   ; 0                   ; 1                   ; 0                   ; 0                   ; 0                   ; 0                   ; 1                   ;
; ALU_Op_r.ALU_OP_CMP ; 0                   ; 0                   ; 0                   ; 0                   ; 0                   ; 0                   ; 0                  ; 0                   ; 0                   ; 0                   ; 0                   ; 0                   ; 1                   ; 0                   ; 0                   ; 0                   ; 0                   ; 0                   ; 1                   ;
; ALU_Op_r.ALU_OP_SBC ; 0                   ; 0                   ; 0                   ; 0                   ; 0                   ; 0                   ; 0                  ; 0                   ; 0                   ; 0                   ; 0                   ; 1                   ; 0                   ; 0                   ; 0                   ; 0                   ; 0                   ; 0                   ; 1                   ;
; ALU_Op_r.ALU_OP_ASL ; 0                   ; 0                   ; 0                   ; 0                   ; 0                   ; 0                   ; 0                  ; 0                   ; 0                   ; 0                   ; 1                   ; 0                   ; 0                   ; 0                   ; 0                   ; 0                   ; 0                   ; 0                   ; 1                   ;
; ALU_Op_r.ALU_OP_ROL ; 0                   ; 0                   ; 0                   ; 0                   ; 0                   ; 0                   ; 0                  ; 0                   ; 0                   ; 1                   ; 0                   ; 0                   ; 0                   ; 0                   ; 0                   ; 0                   ; 0                   ; 0                   ; 1                   ;
; ALU_Op_r.ALU_OP_LSR ; 0                   ; 0                   ; 0                   ; 0                   ; 0                   ; 0                   ; 0                  ; 0                   ; 1                   ; 0                   ; 0                   ; 0                   ; 0                   ; 0                   ; 0                   ; 0                   ; 0                   ; 0                   ; 1                   ;
; ALU_Op_r.ALU_OP_ROR ; 0                   ; 0                   ; 0                   ; 0                   ; 0                   ; 0                   ; 0                  ; 1                   ; 0                   ; 0                   ; 0                   ; 0                   ; 0                   ; 0                   ; 0                   ; 0                   ; 0                   ; 0                   ; 1                   ;
; ALU_Op_r.ALU_OP_OR  ; 0                   ; 0                   ; 0                   ; 0                   ; 0                   ; 0                   ; 1                  ; 0                   ; 0                   ; 0                   ; 0                   ; 0                   ; 0                   ; 0                   ; 0                   ; 0                   ; 0                   ; 0                   ; 1                   ;
; ALU_Op_r.ALU_OP_DEC ; 0                   ; 0                   ; 0                   ; 0                   ; 0                   ; 1                   ; 0                  ; 0                   ; 0                   ; 0                   ; 0                   ; 0                   ; 0                   ; 0                   ; 0                   ; 0                   ; 0                   ; 0                   ; 1                   ;
; ALU_Op_r.ALU_OP_INC ; 0                   ; 0                   ; 0                   ; 0                   ; 1                   ; 0                   ; 0                  ; 0                   ; 0                   ; 0                   ; 0                   ; 0                   ; 0                   ; 0                   ; 0                   ; 0                   ; 0                   ; 0                   ; 1                   ;
; ALU_Op_r.ALU_OP_ARR ; 0                   ; 0                   ; 0                   ; 1                   ; 0                   ; 0                   ; 0                  ; 0                   ; 0                   ; 0                   ; 0                   ; 0                   ; 0                   ; 0                   ; 0                   ; 0                   ; 0                   ; 0                   ; 1                   ;
; ALU_Op_r.ALU_OP_ANC ; 0                   ; 0                   ; 1                   ; 0                   ; 0                   ; 0                   ; 0                  ; 0                   ; 0                   ; 0                   ; 0                   ; 0                   ; 0                   ; 0                   ; 0                   ; 0                   ; 0                   ; 0                   ; 1                   ;
; ALU_Op_r.ALU_OP_SAX ; 0                   ; 1                   ; 0                   ; 0                   ; 0                   ; 0                   ; 0                  ; 0                   ; 0                   ; 0                   ; 0                   ; 0                   ; 0                   ; 0                   ; 0                   ; 0                   ; 0                   ; 0                   ; 1                   ;
; ALU_Op_r.ALU_OP_XAA ; 1                   ; 0                   ; 0                   ; 0                   ; 0                   ; 0                   ; 0                  ; 0                   ; 0                   ; 0                   ; 0                   ; 0                   ; 0                   ; 0                   ; 0                   ; 0                   ; 0                   ; 0                   ; 1                   ;
+---------------------+---------------------+---------------------+---------------------+---------------------+---------------------+---------------------+--------------------+---------------------+---------------------+---------------------+---------------------+---------------------+---------------------+---------------------+---------------------+---------------------+---------------------+---------------------+---------------------+


Encoding Type:  One-Hot
+------------------------------------------------------------+
; State Machine - |SYS80|detect_sw:detect_test_sw|state      ;
+----------------+-------------+----------------+------------+
; Name           ; state.delay ; state.counting ; state.Idle ;
+----------------+-------------+----------------+------------+
; state.Idle     ; 0           ; 0              ; 0          ;
; state.counting ; 0           ; 1              ; 1          ;
; state.delay    ; 1           ; 0              ; 1          ;
+----------------+-------------+----------------+------------+


Encoding Type:  One-Hot
+------------------------------------------------------------+
; State Machine - |SYS80|detect_sw:detect_credit_sw|state    ;
+----------------+-------------+----------------+------------+
; Name           ; state.delay ; state.counting ; state.Idle ;
+----------------+-------------+----------------+------------+
; state.Idle     ; 0           ; 0              ; 0          ;
; state.counting ; 0           ; 1              ; 1          ;
; state.delay    ; 1           ; 0              ; 1          ;
+----------------+-------------+----------------+------------+


Encoding Type:  One-Hot
+-------------------------------------------------------------------------+
; State Machine - |SYS80|detect_sw_trigger:detect_credit_sw_trigger|state ;
+-----------------+----------------+-----------------+--------------------+
; Name            ; state.counting ; state.wait_open ; state.Idle         ;
+-----------------+----------------+-----------------+--------------------+
; state.Idle      ; 0              ; 0               ; 0                  ;
; state.wait_open ; 0              ; 1               ; 1                  ;
; state.counting  ; 1              ; 0               ; 1                  ;
+-----------------+----------------+-----------------+--------------------+


Encoding Type:  One-Hot
+----------------------------------------------------------------------------------------------------------------------------------------------------------------------------------------------------------------------------------------------------------------------------------------------------------------------------------------------------------------------------------------------------------------------------------------+
; State Machine - |SYS80|SD_Card:SD_CARD|state_A                                                                                                                                                                                                                                                                                                                                                                                         ;
+--------------------------------+--------------+---------------+------------------+--------------------------+-------------------+-------------------------------+---------------------------+----------------------------+---------------------+---------------------------+--------------------------------+------------------------------+------------------+-----------------------+---------------------------+--------------------+
; Name                           ; state_A.stop ; state_A.error ; state_A.all_done ; state_A.delay_and_repeat ; state_A.stop_read ; state_A.inc_addr_and_unset_wr ; state_A.check_sector_byte ; state_A.wait_for_byte_read ; state_A.sector_read ; state_A.check_for_FE_flag ; state_A.wait_for_begin_of_data ; state_A.initiate_read_sector ; state_A.continue ; state_A.wait_for_read ; state_A.send_read_request ; state_A.Startdelay ;
+--------------------------------+--------------+---------------+------------------+--------------------------+-------------------+-------------------------------+---------------------------+----------------------------+---------------------+---------------------------+--------------------------------+------------------------------+------------------+-----------------------+---------------------------+--------------------+
; state_A.Startdelay             ; 0            ; 0             ; 0                ; 0                        ; 0                 ; 0                             ; 0                         ; 0                          ; 0                   ; 0                         ; 0                              ; 0                            ; 0                ; 0                     ; 0                         ; 0                  ;
; state_A.send_read_request      ; 0            ; 0             ; 0                ; 0                        ; 0                 ; 0                             ; 0                         ; 0                          ; 0                   ; 0                         ; 0                              ; 0                            ; 0                ; 0                     ; 1                         ; 1                  ;
; state_A.wait_for_read          ; 0            ; 0             ; 0                ; 0                        ; 0                 ; 0                             ; 0                         ; 0                          ; 0                   ; 0                         ; 0                              ; 0                            ; 0                ; 1                     ; 0                         ; 1                  ;
; state_A.continue               ; 0            ; 0             ; 0                ; 0                        ; 0                 ; 0                             ; 0                         ; 0                          ; 0                   ; 0                         ; 0                              ; 0                            ; 1                ; 0                     ; 0                         ; 1                  ;
; state_A.initiate_read_sector   ; 0            ; 0             ; 0                ; 0                        ; 0                 ; 0                             ; 0                         ; 0                          ; 0                   ; 0                         ; 0                              ; 1                            ; 0                ; 0                     ; 0                         ; 1                  ;
; state_A.wait_for_begin_of_data ; 0            ; 0             ; 0                ; 0                        ; 0                 ; 0                             ; 0                         ; 0                          ; 0                   ; 0                         ; 1                              ; 0                            ; 0                ; 0                     ; 0                         ; 1                  ;
; state_A.check_for_FE_flag      ; 0            ; 0             ; 0                ; 0                        ; 0                 ; 0                             ; 0                         ; 0                          ; 0                   ; 1                         ; 0                              ; 0                            ; 0                ; 0                     ; 0                         ; 1                  ;
; state_A.sector_read            ; 0            ; 0             ; 0                ; 0                        ; 0                 ; 0                             ; 0                         ; 0                          ; 1                   ; 0                         ; 0                              ; 0                            ; 0                ; 0                     ; 0                         ; 1                  ;
; state_A.wait_for_byte_read     ; 0            ; 0             ; 0                ; 0                        ; 0                 ; 0                             ; 0                         ; 1                          ; 0                   ; 0                         ; 0                              ; 0                            ; 0                ; 0                     ; 0                         ; 1                  ;
; state_A.check_sector_byte      ; 0            ; 0             ; 0                ; 0                        ; 0                 ; 0                             ; 1                         ; 0                          ; 0                   ; 0                         ; 0                              ; 0                            ; 0                ; 0                     ; 0                         ; 1                  ;
; state_A.inc_addr_and_unset_wr  ; 0            ; 0             ; 0                ; 0                        ; 0                 ; 1                             ; 0                         ; 0                          ; 0                   ; 0                         ; 0                              ; 0                            ; 0                ; 0                     ; 0                         ; 1                  ;
; state_A.stop_read              ; 0            ; 0             ; 0                ; 0                        ; 1                 ; 0                             ; 0                         ; 0                          ; 0                   ; 0                         ; 0                              ; 0                            ; 0                ; 0                     ; 0                         ; 1                  ;
; state_A.delay_and_repeat       ; 0            ; 0             ; 0                ; 1                        ; 0                 ; 0                             ; 0                         ; 0                          ; 0                   ; 0                         ; 0                              ; 0                            ; 0                ; 0                     ; 0                         ; 1                  ;
; state_A.all_done               ; 0            ; 0             ; 1                ; 0                        ; 0                 ; 0                             ; 0                         ; 0                          ; 0                   ; 0                         ; 0                              ; 0                            ; 0                ; 0                     ; 0                         ; 1                  ;
; state_A.error                  ; 0            ; 1             ; 0                ; 0                        ; 0                 ; 0                             ; 0                         ; 0                          ; 0                   ; 0                         ; 0                              ; 0                            ; 0                ; 0                     ; 0                         ; 1                  ;
; state_A.stop                   ; 1            ; 0             ; 0                ; 0                        ; 0                 ; 0                             ; 0                         ; 0                          ; 0                   ; 0                         ; 0                              ; 0                            ; 0                ; 0                     ; 0                         ; 1                  ;
+--------------------------------+--------------+---------------+------------------+--------------------------+-------------------+-------------------------------+---------------------------+----------------------------+---------------------+---------------------------+--------------------------------+------------------------------+------------------+-----------------------+---------------------------+--------------------+


Encoding Type:  One-Hot
+---------------------------------------------------------------------------------------------+
; State Machine - |SYS80|SD_Card:SD_CARD|SPI_Master:SD_CARD_READ|spitxstate                   ;
+-------------------------+--------------------+-------------------------+--------------------+
; Name                    ; spitxstate.spi_etx ; spitxstate.spi_txactive ; spitxstate.spi_stx ;
+-------------------------+--------------------+-------------------------+--------------------+
; spitxstate.spi_stx      ; 0                  ; 0                       ; 0                  ;
; spitxstate.spi_txactive ; 0                  ; 1                       ; 1                  ;
; spitxstate.spi_etx      ; 1                  ; 0                       ; 1                  ;
+-------------------------+--------------------+-------------------------+--------------------+


Encoding Type:  One-Hot
+---------------------------------------------------------------------------------------------+
; State Machine - |SYS80|SD_Card:SD_CARD|SPI_Master:SD_CARD_ACCESS|spitxstate                 ;
+-------------------------+--------------------+-------------------------+--------------------+
; Name                    ; spitxstate.spi_etx ; spitxstate.spi_txactive ; spitxstate.spi_stx ;
+-------------------------+--------------------+-------------------------+--------------------+
; spitxstate.spi_stx      ; 0                  ; 0                       ; 0                  ;
; spitxstate.spi_txactive ; 0                  ; 1                       ; 1                  ;
; spitxstate.spi_etx      ; 1                  ; 0                       ; 1                  ;
+-------------------------+--------------------+-------------------------+--------------------+


Encoding Type:  One-Hot
+----------------------------------------------------------------------------------------------------------------------------+
; State Machine - |SYS80|byte_to_ascii:CONVS|state                                                                           ;
+---------------+---------------+------------+------------+------------+------------+-------------+-------------+------------+
; Name          ; state.CONVERT ; state.ONE2 ; state.ONE1 ; state.TEN2 ; state.TEN1 ; state.HUND2 ; state.HUND1 ; state.INIT ;
+---------------+---------------+------------+------------+------------+------------+-------------+-------------+------------+
; state.INIT    ; 0             ; 0          ; 0          ; 0          ; 0          ; 0           ; 0           ; 0          ;
; state.HUND1   ; 0             ; 0          ; 0          ; 0          ; 0          ; 0           ; 1           ; 1          ;
; state.HUND2   ; 0             ; 0          ; 0          ; 0          ; 0          ; 1           ; 0           ; 1          ;
; state.TEN1    ; 0             ; 0          ; 0          ; 0          ; 1          ; 0           ; 0           ; 1          ;
; state.TEN2    ; 0             ; 0          ; 0          ; 1          ; 0          ; 0           ; 0           ; 1          ;
; state.ONE1    ; 0             ; 0          ; 1          ; 0          ; 0          ; 0           ; 0           ; 1          ;
; state.ONE2    ; 0             ; 1          ; 0          ; 0          ; 0          ; 0           ; 0           ; 1          ;
; state.CONVERT ; 1             ; 0          ; 0          ; 0          ; 0          ; 0           ; 0           ; 1          ;
+---------------+---------------+------------+------------+------------+------------+-------------+-------------+------------+


Encoding Type:  One-Hot
+----------------------------------------------------------------------------------------------------------------------------+
; State Machine - |SYS80|byte_to_ascii:CONVO|state                                                                           ;
+---------------+---------------+------------+------------+------------+------------+-------------+-------------+------------+
; Name          ; state.CONVERT ; state.ONE2 ; state.ONE1 ; state.TEN2 ; state.TEN1 ; state.HUND2 ; state.HUND1 ; state.INIT ;
+---------------+---------------+------------+------------+------------+------------+-------------+-------------+------------+
; state.INIT    ; 0             ; 0          ; 0          ; 0          ; 0          ; 0           ; 0           ; 0          ;
; state.HUND1   ; 0             ; 0          ; 0          ; 0          ; 0          ; 0           ; 1           ; 1          ;
; state.HUND2   ; 0             ; 0          ; 0          ; 0          ; 0          ; 1           ; 0           ; 1          ;
; state.TEN1    ; 0             ; 0          ; 0          ; 0          ; 1          ; 0           ; 0           ; 1          ;
; state.TEN2    ; 0             ; 0          ; 0          ; 1          ; 0          ; 0           ; 0           ; 1          ;
; state.ONE1    ; 0             ; 0          ; 1          ; 0          ; 0          ; 0           ; 0           ; 1          ;
; state.ONE2    ; 0             ; 1          ; 0          ; 0          ; 0          ; 0           ; 0           ; 1          ;
; state.CONVERT ; 1             ; 0          ; 0          ; 0          ; 0          ; 0           ; 0           ; 1          ;
+---------------+---------------+------------+------------+------------+------------+-------------+-------------+------------+


Encoding Type:  One-Hot
+----------------------------------------------------------------------------------------------------------------------------+
; State Machine - |SYS80|byte_to_ascii:CONVG|state                                                                           ;
+---------------+---------------+------------+------------+------------+------------+-------------+-------------+------------+
; Name          ; state.CONVERT ; state.ONE2 ; state.ONE1 ; state.TEN2 ; state.TEN1 ; state.HUND2 ; state.HUND1 ; state.INIT ;
+---------------+---------------+------------+------------+------------+------------+-------------+-------------+------------+
; state.INIT    ; 0             ; 0          ; 0          ; 0          ; 0          ; 0           ; 0           ; 0          ;
; state.HUND1   ; 0             ; 0          ; 0          ; 0          ; 0          ; 0           ; 1           ; 1          ;
; state.HUND2   ; 0             ; 0          ; 0          ; 0          ; 0          ; 1           ; 0           ; 1          ;
; state.TEN1    ; 0             ; 0          ; 0          ; 0          ; 1          ; 0           ; 0           ; 1          ;
; state.TEN2    ; 0             ; 0          ; 0          ; 1          ; 0          ; 0           ; 0           ; 1          ;
; state.ONE1    ; 0             ; 0          ; 1          ; 0          ; 0          ; 0           ; 0           ; 1          ;
; state.ONE2    ; 0             ; 1          ; 0          ; 0          ; 0          ; 0           ; 0           ; 1          ;
; state.CONVERT ; 1             ; 0          ; 0          ; 0          ; 0          ; 0           ; 0           ; 1          ;
+---------------+---------------+------------+------------+------------+------------+-------------+-------------+------------+


Encoding Type:  One-Hot
+------------------------------------------------------------------------------------------------+
; State Machine - |SYS80|read_the_dips:RDIPS|state                                               ;
+-------------+-------------+-------------+-------------+-------------+------------+-------------+
; Name        ; state.Read4 ; state.Read3 ; state.Read2 ; state.Read1 ; state.Idle ; state.Start ;
+-------------+-------------+-------------+-------------+-------------+------------+-------------+
; state.Start ; 0           ; 0           ; 0           ; 0           ; 0          ; 0           ;
; state.Idle  ; 0           ; 0           ; 0           ; 0           ; 1          ; 1           ;
; state.Read1 ; 0           ; 0           ; 0           ; 1           ; 0          ; 1           ;
; state.Read2 ; 0           ; 0           ; 1           ; 0           ; 0          ; 1           ;
; state.Read3 ; 0           ; 1           ; 0           ; 0           ; 0          ; 1           ;
; state.Read4 ; 1           ; 0           ; 0           ; 0           ; 0          ; 1           ;
+-------------+-------------+-------------+-------------+-------------+------------+-------------+


+----------------------------------------------------------------------------------------------------------------------------------------------+
; Registers Removed During Synthesis                                                                                                           ;
+-----------------------------------------------------------------+----------------------------------------------------------------------------+
; Register name                                                   ; Reason for Removal                                                         ;
+-----------------------------------------------------------------+----------------------------------------------------------------------------+
; gosof80:SOUNDBOARD|T65:CPU|SO_n_o                               ; Lost fanout                                                                ;
; R6532:U6_IO|s_PA7                                               ; Stuck at GND due to stuck port data_in                                     ;
; T65:U1|SO_n_o                                                   ; Lost fanout                                                                ;
; byte_to_ascii:CONVS|dig1_ascii[6,7]                             ; Stuck at GND due to stuck port data_in                                     ;
; byte_to_ascii:CONVS|dig0_ascii[6,7]                             ; Stuck at GND due to stuck port data_in                                     ;
; byte_to_ascii:CONVO|dig1_ascii[6,7]                             ; Stuck at GND due to stuck port data_in                                     ;
; byte_to_ascii:CONVO|dig0_ascii[6,7]                             ; Stuck at GND due to stuck port data_in                                     ;
; byte_to_ascii:CONVG|dig1_ascii[6,7]                             ; Stuck at GND due to stuck port data_in                                     ;
; byte_to_ascii:CONVG|dig2_ascii[6,7]                             ; Stuck at GND due to stuck port data_in                                     ;
; byte_to_ascii:CONVG|dig0_ascii[6,7]                             ; Stuck at GND due to stuck port data_in                                     ;
; R6532:U6_IO|s_edge                                              ; Lost fanout                                                                ;
; T65:U1|NMI_n_o                                                  ; Lost fanout                                                                ;
; gosof80:SOUNDBOARD|T65:CPU|Mode_r[0,1]                          ; Stuck at GND due to stuck port data_in                                     ;
; gosof80:SOUNDBOARD|DFPlayer_Mini_CMD:DFP_send|command[0]        ; Stuck at VCC due to stuck port data_in                                     ;
; gosof80:SOUNDBOARD|DFPlayer_Mini_CMD:DFP_send|command[78,79]    ; Stuck at GND due to stuck port data_in                                     ;
; gosof80:SOUNDBOARD|DFPlayer_Mini_CMD:DFP_send|command[72..77]   ; Stuck at VCC due to stuck port data_in                                     ;
; gosof80:SOUNDBOARD|DFPlayer_Mini_CMD:DFP_send|command[71]       ; Stuck at GND due to stuck port data_in                                     ;
; gosof80:SOUNDBOARD|DFPlayer_Mini_CMD:DFP_send|command[70]       ; Stuck at VCC due to stuck port data_in                                     ;
; gosof80:SOUNDBOARD|DFPlayer_Mini_CMD:DFP_send|command[69]       ; Stuck at GND due to stuck port data_in                                     ;
; gosof80:SOUNDBOARD|DFPlayer_Mini_CMD:DFP_send|command[60..68]   ; Stuck at VCC due to stuck port data_in                                     ;
; gosof80:SOUNDBOARD|DFPlayer_Mini_CMD:DFP_send|command[58,59]    ; Stuck at GND due to stuck port data_in                                     ;
; gosof80:SOUNDBOARD|DFPlayer_Mini_CMD:DFP_send|command[56,57]    ; Stuck at VCC due to stuck port data_in                                     ;
; gosof80:SOUNDBOARD|DFPlayer_Mini_CMD:DFP_send|command[51..55]   ; Stuck at GND due to stuck port data_in                                     ;
; gosof80:SOUNDBOARD|DFPlayer_Mini_CMD:DFP_send|command[50]       ; Stuck at VCC due to stuck port data_in                                     ;
; gosof80:SOUNDBOARD|DFPlayer_Mini_CMD:DFP_send|command[49]       ; Stuck at GND due to stuck port data_in                                     ;
; gosof80:SOUNDBOARD|DFPlayer_Mini_CMD:DFP_send|command[45..48]   ; Stuck at VCC due to stuck port data_in                                     ;
; gosof80:SOUNDBOARD|DFPlayer_Mini_CMD:DFP_send|command[41..44]   ; Stuck at GND due to stuck port data_in                                     ;
; gosof80:SOUNDBOARD|DFPlayer_Mini_CMD:DFP_send|command[40]       ; Stuck at VCC due to stuck port data_in                                     ;
; gosof80:SOUNDBOARD|DFPlayer_Mini_CMD:DFP_send|command[31..39]   ; Stuck at GND due to stuck port data_in                                     ;
; gosof80:SOUNDBOARD|DFPlayer_Mini_CMD:DFP_send|command[30]       ; Stuck at VCC due to stuck port data_in                                     ;
; gosof80:SOUNDBOARD|DFPlayer_Mini_CMD:DFP_send|command[21,22,29] ; Stuck at GND due to stuck port data_in                                     ;
; gosof80:SOUNDBOARD|DFPlayer_Mini_CMD:DFP_send|command[20]       ; Stuck at VCC due to stuck port data_in                                     ;
; gosof80:SOUNDBOARD|DFPlayer_Mini_CMD:DFP_send|command[19]       ; Stuck at GND due to stuck port data_in                                     ;
; gosof80:SOUNDBOARD|DFPlayer_Mini_CMD:DFP_send|command[10]       ; Stuck at VCC due to stuck port data_in                                     ;
; gosof80:SOUNDBOARD|DFPlayer_Mini_CMD:DFP_send|command[9]        ; Stuck at GND due to stuck port data_in                                     ;
; gosof80:SOUNDBOARD|DFPlayer_Mini_CMD:DFP_send|command[5..8]     ; Stuck at VCC due to stuck port data_in                                     ;
; gosof80:SOUNDBOARD|DFPlayer_Mini_CMD:DFP_send|command[4]        ; Stuck at GND due to stuck port data_in                                     ;
; gosof80:SOUNDBOARD|DFPlayer_Mini_CMD:DFP_send|command[1..3]     ; Stuck at VCC due to stuck port data_in                                     ;
; EEprom:EEprom|TX_Data_R[26..31]                                 ; Stuck at GND due to stuck port data_in                                     ;
; EEprom:EEprom|TX_Data_R[24,25]                                  ; Stuck at VCC due to stuck port data_in                                     ;
; EEprom:EEprom|TX_Data_R[21..23]                                 ; Stuck at GND due to stuck port data_in                                     ;
; EEprom:EEprom|TX_Data_Cmd[3..7]                                 ; Stuck at GND due to stuck port data_in                                     ;
; EEprom:EEprom|TX_Data_Cmd[1,2]                                  ; Stuck at VCC due to stuck port data_in                                     ;
; EEprom:EEprom|TX_Data_Cmd[0]                                    ; Stuck at GND due to stuck port data_in                                     ;
; EEprom:EEprom|TX_Data_W[26..31]                                 ; Stuck at GND due to stuck port data_in                                     ;
; EEprom:EEprom|TX_Data_W[25]                                     ; Stuck at VCC due to stuck port data_in                                     ;
; EEprom:EEprom|TX_Data_W[21..24]                                 ; Stuck at GND due to stuck port data_in                                     ;
; EEprom:EEprom|TX_Data_Stat[11..15]                              ; Stuck at GND due to stuck port data_in                                     ;
; EEprom:EEprom|TX_Data_Stat[10]                                  ; Stuck at VCC due to stuck port data_in                                     ;
; EEprom:EEprom|TX_Data_Stat[9]                                   ; Stuck at GND due to stuck port data_in                                     ;
; EEprom:EEprom|TX_Data_Stat[8]                                   ; Stuck at VCC due to stuck port data_in                                     ;
; EEprom:EEprom|TX_Data_Stat[0..7]                                ; Stuck at GND due to stuck port data_in                                     ;
; EEprom:EEprom|SPI_Master:EEPROM_CMD|tx_reg[0]                   ; Stuck at GND due to stuck port data_in                                     ;
; EEprom:EEprom|SPI_Master:EEPROM_STAT|tx_reg[0]                  ; Stuck at GND due to stuck port data_in                                     ;
; EEprom:EEprom|SPI_Master:EEPROM_READ|tx_reg[0]                  ; Stuck at GND due to stuck port data_in                                     ;
; T65:U1|Mode_r[0,1]                                              ; Stuck at GND due to stuck port data_in                                     ;
; SD_Card:SD_CARD|TX_Data_A[0..56,58,63,102,104..111]             ; Stuck at VCC due to stuck port data_in                                     ;
; byte_to_ascii:CONVG|dig0_ascii[5]                               ; Merged with byte_to_ascii:CONVG|dig0_ascii[4]                              ;
; byte_to_ascii:CONVG|dig0_ascii[4]                               ; Merged with byte_to_ascii:CONVG|dig2_ascii[4]                              ;
; byte_to_ascii:CONVG|dig2_ascii[4]                               ; Merged with byte_to_ascii:CONVG|dig2_ascii[5]                              ;
; byte_to_ascii:CONVG|dig2_ascii[5]                               ; Merged with byte_to_ascii:CONVG|dig1_ascii[4]                              ;
; byte_to_ascii:CONVG|dig1_ascii[4]                               ; Merged with byte_to_ascii:CONVG|dig1_ascii[5]                              ;
; byte_to_ascii:CONVO|dig0_ascii[5]                               ; Merged with byte_to_ascii:CONVO|dig0_ascii[4]                              ;
; byte_to_ascii:CONVO|dig0_ascii[4]                               ; Merged with byte_to_ascii:CONVO|dig1_ascii[4]                              ;
; byte_to_ascii:CONVO|dig1_ascii[4]                               ; Merged with byte_to_ascii:CONVO|dig1_ascii[5]                              ;
; byte_to_ascii:CONVS|dig0_ascii[5]                               ; Merged with byte_to_ascii:CONVS|dig0_ascii[4]                              ;
; byte_to_ascii:CONVS|dig0_ascii[4]                               ; Merged with byte_to_ascii:CONVS|dig1_ascii[4]                              ;
; byte_to_ascii:CONVS|dig1_ascii[4]                               ; Merged with byte_to_ascii:CONVS|dig1_ascii[5]                              ;
; gosof80:SOUNDBOARD|R6532:RIOT|s_divider[1,2]                    ; Merged with gosof80:SOUNDBOARD|R6532:RIOT|s_divider[0]                     ;
; gosof80:SOUNDBOARD|R6532:RIOT|s_divider[4,5]                    ; Merged with gosof80:SOUNDBOARD|R6532:RIOT|s_divider[3]                     ;
; gosof80:SOUNDBOARD|R6532:RIOT|s_divider[7..9]                   ; Merged with gosof80:SOUNDBOARD|R6532:RIOT|s_divider[6]                     ;
; R6532:U6_IO|s_divider[1,2]                                      ; Merged with R6532:U6_IO|s_divider[0]                                       ;
; R6532:U6_IO|s_divider[4,5]                                      ; Merged with R6532:U6_IO|s_divider[3]                                       ;
; R6532:U6_IO|s_divider[7..9]                                     ; Merged with R6532:U6_IO|s_divider[6]                                       ;
; R6532:U5_IO|s_divider[1,2]                                      ; Merged with R6532:U5_IO|s_divider[0]                                       ;
; R6532:U5_IO|s_divider[4,5]                                      ; Merged with R6532:U5_IO|s_divider[3]                                       ;
; R6532:U5_IO|s_divider[7..9]                                     ; Merged with R6532:U5_IO|s_divider[6]                                       ;
; R6532:U4_IO|s_divider[1,2]                                      ; Merged with R6532:U4_IO|s_divider[0]                                       ;
; R6532:U4_IO|s_divider[4,5]                                      ; Merged with R6532:U4_IO|s_divider[3]                                       ;
; R6532:U4_IO|s_divider[7..9]                                     ; Merged with R6532:U4_IO|s_divider[6]                                       ;
; boot_message:BM|Din_Seg_A[7]                                    ; Merged with boot_message:BM|Din_Seg_A[6]                                   ;
; boot_message:BM|Din_Seg_B[6,7]                                  ; Merged with boot_message:BM|Din_Seg_A[6]                                   ;
; gosof80:SOUNDBOARD|T65:CPU|Res_n_i                              ; Merged with T65:U1|Res_n_i                                                 ;
; detect_sw_trigger:detect_credit_sw_trigger|trigger              ; Merged with detect_sw_trigger:detect_credit_sw_trigger|old_trigger         ;
; SD_Card:SD_CARD|TX_Data_R[1..7]                                 ; Merged with SD_Card:SD_CARD|TX_Data_R[0]                                   ;
; gosof80:SOUNDBOARD|T65:CPU|Res_n_d                              ; Merged with T65:U1|Res_n_d                                                 ;
; T65:U1|P[5]                                                     ; Merged with T65:U1|P[4]                                                    ;
; gosof80:SOUNDBOARD|T65:CPU|P[4,5]                               ; Merged with T65:U1|P[4]                                                    ;
; gosof80:SOUNDBOARD|attract:Attract_S|soundnumber[0]             ; Merged with gosof80:SOUNDBOARD|attract:Attract_S|\attract:attract_sound[0] ;
; gosof80:SOUNDBOARD|attract:Attract_S|soundnumber[2]             ; Merged with gosof80:SOUNDBOARD|attract:Attract_S|\attract:attract_sound[2] ;
; gosof80:SOUNDBOARD|attract:Attract_S|soundnumber[3]             ; Merged with gosof80:SOUNDBOARD|attract:Attract_S|\attract:attract_sound[3] ;
; gosof80:SOUNDBOARD|attract:Attract_S|soundnumber[4]             ; Merged with gosof80:SOUNDBOARD|attract:Attract_S|\attract:attract_sound[4] ;
; gosof80:SOUNDBOARD|attract:Attract_S|soundnumber[6]             ; Merged with gosof80:SOUNDBOARD|attract:Attract_S|\attract:attract_sound[6] ;
; gosof80:SOUNDBOARD|attract:Attract_S|soundnumber[7]             ; Merged with gosof80:SOUNDBOARD|attract:Attract_S|\attract:attract_sound[7] ;
; SD_Card:SD_CARD|TX_Data_A[64,78..93,95]                         ; Merged with SD_Card:SD_CARD|TX_Data_A[103]                                 ;
; SD_Card:SD_CARD|TX_Data_A[61,62]                                ; Merged with SD_Card:SD_CARD|TX_Data_A[59]                                  ;
; SD_Card:SD_CARD|TX_Data_A[97]                                   ; Merged with SD_Card:SD_CARD|TX_Data_A[100]                                 ;
; SD_Card:SD_CARD|TX_Data_A[68]                                   ; Merged with SD_Card:SD_CARD|TX_Data_A[66]                                  ;
; SD_Card:SD_CARD|TX_Data_A[67]                                   ; Merged with SD_Card:SD_CARD|TX_Data_A[65]                                  ;
; EEprom:EEprom|SPI_Master:EEPROM_STAT|tx_reg[1]                  ; Stuck at GND due to stuck port data_in                                     ;
; EEprom:EEprom|SPI_Master:EEPROM_READ|tx_reg[1]                  ; Stuck at GND due to stuck port data_in                                     ;
; T65:U1|NMIAct                                                   ; Stuck at GND due to stuck port data_in                                     ;
; T65:U1|NMICycle                                                 ; Stuck at GND due to stuck port data_in                                     ;
; EEprom:EEprom|SPI_Master:EEPROM_STAT|tx_reg[2]                  ; Stuck at GND due to stuck port data_in                                     ;
; EEprom:EEprom|SPI_Master:EEPROM_READ|tx_reg[2]                  ; Stuck at GND due to stuck port data_in                                     ;
; EEprom:EEprom|SPI_Master:EEPROM_STAT|tx_reg[3]                  ; Stuck at GND due to stuck port data_in                                     ;
; EEprom:EEprom|SPI_Master:EEPROM_READ|tx_reg[3]                  ; Stuck at GND due to stuck port data_in                                     ;
; EEprom:EEprom|SPI_Master:EEPROM_STAT|tx_reg[4]                  ; Stuck at GND due to stuck port data_in                                     ;
; EEprom:EEprom|SPI_Master:EEPROM_READ|tx_reg[4]                  ; Stuck at GND due to stuck port data_in                                     ;
; EEprom:EEprom|SPI_Master:EEPROM_STAT|tx_reg[5]                  ; Stuck at GND due to stuck port data_in                                     ;
; EEprom:EEprom|SPI_Master:EEPROM_READ|tx_reg[5]                  ; Stuck at GND due to stuck port data_in                                     ;
; EEprom:EEprom|SPI_Master:EEPROM_STAT|tx_reg[6]                  ; Stuck at GND due to stuck port data_in                                     ;
; EEprom:EEprom|SPI_Master:EEPROM_READ|tx_reg[6]                  ; Stuck at GND due to stuck port data_in                                     ;
; EEprom:EEprom|SPI_Master:EEPROM_STAT|tx_reg[7]                  ; Stuck at GND due to stuck port data_in                                     ;
; EEprom:EEprom|SPI_Master:EEPROM_READ|tx_reg[7]                  ; Stuck at GND due to stuck port data_in                                     ;
; gosof80:SOUNDBOARD|SC01:SC01_Simu|\SC01:duration[0..4]          ; Stuck at GND due to stuck port data_in                                     ;
; boot_message:BM|Din_Seg_A[6]                                    ; Stuck at GND due to stuck port data_in                                     ;
; gosof80:SOUNDBOARD|attract:Attract_S|soundnumber[5]             ; Merged with gosof80:SOUNDBOARD|attract:Attract_S|\attract:attract_sound[5] ;
; gosof80:SOUNDBOARD|attract:Attract_S|soundnumber[1]             ; Merged with gosof80:SOUNDBOARD|attract:Attract_S|\attract:attract_sound[1] ;
; SD_Card:SD_CARD|TX_Data_A[103]                                  ; Merged with SD_Card:SD_CARD|TX_Data_A[77]                                  ;
; R6532:U6_IO|s_irq_pa7                                           ; Stuck at GND due to stuck port data_in                                     ;
; R6532:U6_IO|s_irq_pa7_en                                        ; Lost fanout                                                                ;
; SD_Card:SD_CARD|TX_Data_R[0]                                    ; Stuck at VCC due to stuck port data_in                                     ;
; T65:U1|NMI_entered                                              ; Stuck at GND due to stuck port data_in                                     ;
; gosof80:SOUNDBOARD|T65:CPU|Write_Data_r.Write_Data_S            ; Lost fanout                                                                ;
; gosof80:SOUNDBOARD|T65:CPU|Write_Data_r.Write_Data_DONTCARE     ; Lost fanout                                                                ;
; T65:U1|Write_Data_r.Write_Data_S                                ; Lost fanout                                                                ;
; T65:U1|Write_Data_r.Write_Data_DONTCARE                         ; Lost fanout                                                                ;
; byte_to_ascii:CONVO|dig1_ascii[5]                               ; Merged with byte_to_ascii:CONVG|dig1_ascii[5]                              ;
; byte_to_ascii:CONVS|dig1_ascii[5]                               ; Merged with byte_to_ascii:CONVG|dig1_ascii[5]                              ;
; byte_to_ascii:CONVO|state.CONVERT                               ; Merged with byte_to_ascii:CONVG|state.CONVERT                              ;
; byte_to_ascii:CONVS|state.CONVERT                               ; Merged with byte_to_ascii:CONVG|state.CONVERT                              ;
; byte_to_ascii:CONVO|state.ONE2                                  ; Merged with byte_to_ascii:CONVG|state.ONE2                                 ;
; byte_to_ascii:CONVS|state.ONE2                                  ; Merged with byte_to_ascii:CONVG|state.ONE2                                 ;
; byte_to_ascii:CONVO|state.ONE1                                  ; Merged with byte_to_ascii:CONVG|state.ONE1                                 ;
; byte_to_ascii:CONVS|state.ONE1                                  ; Merged with byte_to_ascii:CONVG|state.ONE1                                 ;
; byte_to_ascii:CONVO|state.TEN1                                  ; Merged with byte_to_ascii:CONVG|state.TEN1                                 ;
; byte_to_ascii:CONVS|state.TEN1                                  ; Merged with byte_to_ascii:CONVG|state.TEN1                                 ;
; byte_to_ascii:CONVO|state.HUND1                                 ; Merged with byte_to_ascii:CONVG|state.HUND1                                ;
; byte_to_ascii:CONVS|state.HUND1                                 ; Merged with byte_to_ascii:CONVG|state.HUND1                                ;
; byte_to_ascii:CONVO|state.TEN2                                  ; Merged with byte_to_ascii:CONVG|state.TEN2                                 ;
; byte_to_ascii:CONVS|state.TEN2                                  ; Merged with byte_to_ascii:CONVG|state.TEN2                                 ;
; byte_to_ascii:CONVO|state.HUND2                                 ; Merged with byte_to_ascii:CONVG|state.HUND2                                ;
; byte_to_ascii:CONVS|state.HUND2                                 ; Merged with byte_to_ascii:CONVG|state.HUND2                                ;
; byte_to_ascii:CONVO|state.INIT                                  ; Merged with byte_to_ascii:CONVG|state.INIT                                 ;
; byte_to_ascii:CONVS|state.INIT                                  ; Merged with byte_to_ascii:CONVG|state.INIT                                 ;
; T65:U1|S[8..15]                                                 ; Lost fanout                                                                ;
; gosof80:SOUNDBOARD|T65:CPU|BAH[7]                               ; Lost fanout                                                                ;
; gosof80:SOUNDBOARD|T65:CPU|S[8..15]                             ; Lost fanout                                                                ;
; byte_to_ascii:CONVG|hundreds[2,3]                               ; Stuck at GND due to stuck port data_in                                     ;
; byte_to_ascii:CONVS|hundreds[2,3]                               ; Stuck at GND due to stuck port data_in                                     ;
; byte_to_ascii:CONVO|hundreds[2,3]                               ; Stuck at GND due to stuck port data_in                                     ;
; byte_to_ascii:CONVG|dig2[2,3]                                   ; Stuck at GND due to stuck port data_in                                     ;
; byte_to_ascii:CONVG|dig2_ascii[2,3]                             ; Stuck at GND due to stuck port data_in                                     ;
; Total Number of Removed Registers = 368                         ;                                                                            ;
+-----------------------------------------------------------------+----------------------------------------------------------------------------+


+--------------------------------------------------------------------------------------------------------------------------------------------------+
; Removed Registers Triggering Further Register Optimizations                                                                                      ;
+------------------------------------------------+---------------------------+---------------------------------------------------------------------+
; Register name                                  ; Reason for Removal        ; Registers Removed due to This Register                              ;
+------------------------------------------------+---------------------------+---------------------------------------------------------------------+
; EEprom:EEprom|SPI_Master:EEPROM_READ|tx_reg[0] ; Stuck at GND              ; EEprom:EEprom|SPI_Master:EEPROM_READ|tx_reg[1],                     ;
;                                                ; due to stuck port data_in ; EEprom:EEprom|SPI_Master:EEPROM_READ|tx_reg[2],                     ;
;                                                ;                           ; EEprom:EEprom|SPI_Master:EEPROM_READ|tx_reg[3],                     ;
;                                                ;                           ; EEprom:EEprom|SPI_Master:EEPROM_READ|tx_reg[4],                     ;
;                                                ;                           ; EEprom:EEprom|SPI_Master:EEPROM_READ|tx_reg[5],                     ;
;                                                ;                           ; EEprom:EEprom|SPI_Master:EEPROM_READ|tx_reg[6],                     ;
;                                                ;                           ; EEprom:EEprom|SPI_Master:EEPROM_READ|tx_reg[7]                      ;
; R6532:U6_IO|s_PA7                              ; Stuck at GND              ; R6532:U6_IO|s_edge, R6532:U6_IO|s_irq_pa7, R6532:U6_IO|s_irq_pa7_en ;
;                                                ; due to stuck port data_in ;                                                                     ;
; T65:U1|Mode_r[1]                               ; Stuck at GND              ; T65:U1|NMIAct, T65:U1|NMICycle, T65:U1|NMI_entered                  ;
;                                                ; due to stuck port data_in ;                                                                     ;
; byte_to_ascii:CONVG|hundreds[3]                ; Stuck at GND              ; byte_to_ascii:CONVG|dig2[3], byte_to_ascii:CONVG|dig2_ascii[3]      ;
;                                                ; due to stuck port data_in ;                                                                     ;
; byte_to_ascii:CONVG|hundreds[2]                ; Stuck at GND              ; byte_to_ascii:CONVG|dig2[2], byte_to_ascii:CONVG|dig2_ascii[2]      ;
;                                                ; due to stuck port data_in ;                                                                     ;
; byte_to_ascii:CONVG|dig1_ascii[6]              ; Stuck at GND              ; boot_message:BM|Din_Seg_A[6]                                        ;
;                                                ; due to stuck port data_in ;                                                                     ;
; EEprom:EEprom|TX_Data_Cmd[0]                   ; Stuck at GND              ; EEprom:EEprom|SPI_Master:EEPROM_CMD|tx_reg[0]                       ;
;                                                ; due to stuck port data_in ;                                                                     ;
; EEprom:EEprom|TX_Data_Stat[7]                  ; Stuck at GND              ; EEprom:EEprom|SPI_Master:EEPROM_STAT|tx_reg[7]                      ;
;                                                ; due to stuck port data_in ;                                                                     ;
; EEprom:EEprom|TX_Data_Stat[6]                  ; Stuck at GND              ; EEprom:EEprom|SPI_Master:EEPROM_STAT|tx_reg[6]                      ;
;                                                ; due to stuck port data_in ;                                                                     ;
; EEprom:EEprom|TX_Data_Stat[5]                  ; Stuck at GND              ; EEprom:EEprom|SPI_Master:EEPROM_STAT|tx_reg[5]                      ;
;                                                ; due to stuck port data_in ;                                                                     ;
; EEprom:EEprom|TX_Data_Stat[4]                  ; Stuck at GND              ; EEprom:EEprom|SPI_Master:EEPROM_STAT|tx_reg[4]                      ;
;                                                ; due to stuck port data_in ;                                                                     ;
; EEprom:EEprom|TX_Data_Stat[3]                  ; Stuck at GND              ; EEprom:EEprom|SPI_Master:EEPROM_STAT|tx_reg[3]                      ;
;                                                ; due to stuck port data_in ;                                                                     ;
; EEprom:EEprom|TX_Data_Stat[2]                  ; Stuck at GND              ; EEprom:EEprom|SPI_Master:EEPROM_STAT|tx_reg[2]                      ;
;                                                ; due to stuck port data_in ;                                                                     ;
; EEprom:EEprom|TX_Data_Stat[1]                  ; Stuck at GND              ; EEprom:EEprom|SPI_Master:EEPROM_STAT|tx_reg[1]                      ;
;                                                ; due to stuck port data_in ;                                                                     ;
; EEprom:EEprom|TX_Data_Stat[0]                  ; Stuck at GND              ; EEprom:EEprom|SPI_Master:EEPROM_STAT|tx_reg[0]                      ;
;                                                ; due to stuck port data_in ;                                                                     ;
+------------------------------------------------+---------------------------+---------------------------------------------------------------------+


+------------------------------------------------------+
; General Register Statistics                          ;
+----------------------------------------------+-------+
; Statistic                                    ; Value ;
+----------------------------------------------+-------+
; Total registers                              ; 1861  ;
; Number of registers using Synchronous Clear  ; 431   ;
; Number of registers using Synchronous Load   ; 106   ;
; Number of registers using Asynchronous Clear ; 579   ;
; Number of registers using Asynchronous Load  ; 0     ;
; Number of registers using Clock Enable       ; 1313  ;
; Number of registers using Preset             ; 0     ;
+----------------------------------------------+-------+


+-------------------------------------------------------------------------------------+
; Inverted Register Statistics                                                        ;
+---------------------------------------------------------------------------+---------+
; Inverted Register                                                         ; Fan out ;
+---------------------------------------------------------------------------+---------+
; gosof80:SOUNDBOARD|dac:Audio_DAC|SigmaLatch_q[8]                          ; 1       ;
; sn74175:sn74175_80B_2|Qn[2]                                               ; 1       ;
; sn74175:sn74175_80B_2|Qn[1]                                               ; 1       ;
; sn74175:sn74175_80B_2|Qn[0]                                               ; 1       ;
; sn74175:sn74175_80B_2|Qn[3]                                               ; 1       ;
; sn74175:sn74175_80B_1|Qn[2]                                               ; 1       ;
; sn74175:sn74175_80B_1|Qn[1]                                               ; 1       ;
; sn74175:sn74175_80B_1|Qn[0]                                               ; 1       ;
; sn74175:sn74175_80B_1|Qn[3]                                               ; 1       ;
; gosof80:SOUNDBOARD|DFPlayer_Mini_CMD:DFP_send|txd                         ; 2       ;
; count_to_zero:COUNT_INTS|int_count[7]                                     ; 2       ;
; count_to_zero:COUNT_INTS|int_count[6]                                     ; 2       ;
; count_to_zero:COUNT_INTS|int_count[5]                                     ; 2       ;
; count_to_zero:COUNT_INTS|int_count[4]                                     ; 2       ;
; count_to_zero:COUNT_INTS|int_count[3]                                     ; 2       ;
; count_to_zero:COUNT_INTS|int_count[2]                                     ; 2       ;
; count_to_zero:COUNT_INTS|int_count[1]                                     ; 2       ;
; count_to_zero:COUNT_INTS|int_count[0]                                     ; 3       ;
; count_to_zero:COUNT_STROBES|int_count[3]                                  ; 2       ;
; count_to_zero:COUNT_STROBES|int_count[2]                                  ; 2       ;
; count_to_zero:COUNT_STROBES|int_count[1]                                  ; 2       ;
; count_to_zero:COUNT_STROBES|int_count[0]                                  ; 3       ;
; gosof80:SOUNDBOARD|DFPlayer_Mini_CMD:DFP_send|\DFPLAYR_Mini:bitcounter[0] ; 9       ;
; gosof80:SOUNDBOARD|DFPlayer_Mini_CMD:DFP_send|\DFPLAYR_Mini:bitcounter[5] ; 5       ;
; gosof80:SOUNDBOARD|DFPlayer_Mini_CMD:DFP_send|\DFPLAYR_Mini:bitcounter[1] ; 12      ;
; gosof80:SOUNDBOARD|DFPlayer_Mini_CMD:DFP_send|\DFPLAYR_Mini:bitcounter[6] ; 3       ;
; T65:U1|MCycle[0]                                                          ; 62      ;
; T65:U1|WRn_i                                                              ; 23      ;
; gosof80:SOUNDBOARD|attract:Attract_S|\attract:attract_sound[5]            ; 2       ;
; gosof80:SOUNDBOARD|attract:Attract_S|\attract:attract_sound[1]            ; 2       ;
; T65:U1|RstCycle                                                           ; 5       ;
; gosof80:SOUNDBOARD|T65:CPU|WRn_i                                          ; 12      ;
; gosof80:SOUNDBOARD|T65:CPU|MCycle[0]                                      ; 58      ;
; gosof80:SOUNDBOARD|T65:CPU|RstCycle                                       ; 6       ;
; gosof80:SOUNDBOARD|SC01:SC01_Simu|AR                                      ; 5       ;
; gosof80:SOUNDBOARD|ma490_irq_n                                            ; 1       ;
; Total number of inverted registers = 36                                   ;         ;
+---------------------------------------------------------------------------+---------+


+------------------------------------------------------------------------------------------------------------------------------------------------------------------------------------------------+
; Multiplexer Restructuring Statistics (Restructuring Performed)                                                                                                                                 ;
+--------------------+-----------+---------------+----------------------+------------------------+------------+----------------------------------------------------------------------------------+
; Multiplexer Inputs ; Bus Width ; Baseline Area ; Area if Restructured ; Saving if Restructured ; Registered ; Example Multiplexer Output                                                       ;
+--------------------+-----------+---------------+----------------------+------------------------+------------+----------------------------------------------------------------------------------+
; 3:1                ; 6 bits    ; 12 LEs        ; 6 LEs                ; 6 LEs                  ; Yes        ; |SYS80|EEprom:EEprom|SPI_Master:EEPROM_CMD|tx_reg[7]                             ;
; 3:1                ; 7 bits    ; 14 LEs        ; 7 LEs                ; 7 LEs                  ; Yes        ; |SYS80|EEprom:EEprom|SPI_Master:EEPROM_STAT|tx_reg[9]                            ;
; 3:1                ; 11 bits   ; 22 LEs        ; 11 LEs               ; 11 LEs                 ; Yes        ; |SYS80|EEprom:EEprom|SPI_Master:EEPROM_READ|tx_reg[23]                           ;
; 3:1                ; 12 bits   ; 24 LEs        ; 12 LEs               ; 12 LEs                 ; Yes        ; |SYS80|EEprom:EEprom|SPI_Master:EEPROM_READ|tx_reg[12]                           ;
; 3:1                ; 11 bits   ; 22 LEs        ; 11 LEs               ; 11 LEs                 ; Yes        ; |SYS80|EEprom:EEprom|SPI_Master:EEPROM_WRITE|tx_reg[24]                          ;
; 3:1                ; 20 bits   ; 40 LEs        ; 20 LEs               ; 20 LEs                 ; Yes        ; |SYS80|EEprom:EEprom|SPI_Master:EEPROM_WRITE|tx_reg[15]                          ;
; 3:1                ; 7 bits    ; 14 LEs        ; 7 LEs                ; 7 LEs                  ; Yes        ; |SYS80|SD_Card:SD_CARD|SPI_Master:SD_CARD_READ|tx_reg[3]                         ;
; 3:1                ; 67 bits   ; 134 LEs       ; 67 LEs               ; 67 LEs                 ; Yes        ; |SYS80|SD_Card:SD_CARD|SPI_Master:SD_CARD_ACCESS|tx_reg[29]                      ;
; 3:1                ; 44 bits   ; 88 LEs        ; 44 LEs               ; 44 LEs                 ; Yes        ; |SYS80|SD_Card:SD_CARD|SPI_Master:SD_CARD_ACCESS|tx_reg[70]                      ;
; 3:1                ; 25 bits   ; 50 LEs        ; 25 LEs               ; 25 LEs                 ; Yes        ; |SYS80|detect_sw:detect_test_sw|closed_counter[6]                                ;
; 3:1                ; 25 bits   ; 50 LEs        ; 25 LEs               ; 25 LEs                 ; Yes        ; |SYS80|detect_sw:detect_credit_sw|closed_counter[16]                             ;
; 3:1                ; 26 bits   ; 52 LEs        ; 26 LEs               ; 26 LEs                 ; Yes        ; |SYS80|detect_sw_trigger:detect_credit_sw_trigger|counter[16]                    ;
; 3:1                ; 15 bits   ; 30 LEs        ; 15 LEs               ; 15 LEs                 ; Yes        ; |SYS80|boot_message:BM|count[14]                                                 ;
; 3:1                ; 8 bits    ; 16 LEs        ; 8 LEs                ; 8 LEs                  ; Yes        ; |SYS80|gosof80:SOUNDBOARD|T65:CPU|S[8]                                           ;
; 3:1                ; 8 bits    ; 16 LEs        ; 8 LEs                ; 8 LEs                  ; Yes        ; |SYS80|T65:U1|S[13]                                                              ;
; 3:1                ; 22 bits   ; 44 LEs        ; 22 LEs               ; 22 LEs                 ; Yes        ; |SYS80|gosof80:SOUNDBOARD|attract:Attract_S|counter[6]                           ;
; 3:1                ; 2 bits    ; 4 LEs         ; 2 LEs                ; 2 LEs                  ; Yes        ; |SYS80|R6532:U4_IO|s_irq_pa7_en                                                  ;
; 3:1                ; 2 bits    ; 4 LEs         ; 2 LEs                ; 2 LEs                  ; Yes        ; |SYS80|R6532:U5_IO|s_irq_pa7_en                                                  ;
; 3:1                ; 2 bits    ; 4 LEs         ; 2 LEs                ; 2 LEs                  ; Yes        ; |SYS80|gosof80:SOUNDBOARD|R6532:RIOT|s_edge                                      ;
; 3:1                ; 5 bits    ; 10 LEs        ; 5 LEs                ; 5 LEs                  ; Yes        ; |SYS80|EEprom:EEprom|SPI_Master:EEPROM_CMD|delay[0]                              ;
; 3:1                ; 5 bits    ; 10 LEs        ; 5 LEs                ; 5 LEs                  ; Yes        ; |SYS80|EEprom:EEprom|SPI_Master:EEPROM_STAT|delay[1]                             ;
; 3:1                ; 5 bits    ; 10 LEs        ; 5 LEs                ; 5 LEs                  ; Yes        ; |SYS80|EEprom:EEprom|SPI_Master:EEPROM_READ|delay[4]                             ;
; 3:1                ; 5 bits    ; 10 LEs        ; 5 LEs                ; 5 LEs                  ; Yes        ; |SYS80|EEprom:EEprom|SPI_Master:EEPROM_WRITE|delay[1]                            ;
; 3:1                ; 6 bits    ; 12 LEs        ; 6 LEs                ; 6 LEs                  ; Yes        ; |SYS80|SD_Card:SD_CARD|SPI_Master:SD_CARD_READ|delay[0]                          ;
; 3:1                ; 6 bits    ; 12 LEs        ; 6 LEs                ; 6 LEs                  ; Yes        ; |SYS80|SD_Card:SD_CARD|SPI_Master:SD_CARD_ACCESS|delay[4]                        ;
; 3:1                ; 4 bits    ; 8 LEs         ; 4 LEs                ; 4 LEs                  ; Yes        ; |SYS80|anti_thunk:AT|count_ds[3]                                                 ;
; 3:1                ; 15 bits   ; 30 LEs        ; 15 LEs               ; 15 LEs                 ; Yes        ; |SYS80|anti_thunk:AT|count[1]                                                    ;
; 3:1                ; 8 bits    ; 16 LEs        ; 8 LEs                ; 8 LEs                  ; Yes        ; |SYS80|gosof80:SOUNDBOARD|T65:CPU|DL[5]                                          ;
; 3:1                ; 8 bits    ; 16 LEs        ; 8 LEs                ; 8 LEs                  ; Yes        ; |SYS80|T65:U1|DL[2]                                                              ;
; 5:1                ; 8 bits    ; 24 LEs        ; 16 LEs               ; 8 LEs                  ; Yes        ; |SYS80|gosof80:SOUNDBOARD|T65:CPU|PC[2]                                          ;
; 4:1                ; 8 bits    ; 16 LEs        ; 16 LEs               ; 0 LEs                  ; Yes        ; |SYS80|gosof80:SOUNDBOARD|T65:CPU|S[6]                                           ;
; 4:1                ; 8 bits    ; 16 LEs        ; 16 LEs               ; 0 LEs                  ; Yes        ; |SYS80|T65:U1|S[4]                                                               ;
; 4:1                ; 8 bits    ; 16 LEs        ; 16 LEs               ; 0 LEs                  ; Yes        ; |SYS80|gosof80:SOUNDBOARD|R6532:RIOT|s_timer[3]                                  ;
; 4:1                ; 10 bits   ; 20 LEs        ; 10 LEs               ; 10 LEs                 ; Yes        ; |SYS80|gosof80:SOUNDBOARD|R6532:RIOT|s_count[0]                                  ;
; 4:1                ; 3 bits    ; 6 LEs         ; 3 LEs                ; 3 LEs                  ; Yes        ; |SYS80|gosof80:SOUNDBOARD|R6532:RIOT|s_divider[6]                                ;
; 4:1                ; 8 bits    ; 16 LEs        ; 16 LEs               ; 0 LEs                  ; Yes        ; |SYS80|R6532:U4_IO|s_timer[4]                                                    ;
; 4:1                ; 10 bits   ; 20 LEs        ; 10 LEs               ; 10 LEs                 ; Yes        ; |SYS80|R6532:U4_IO|s_count[4]                                                    ;
; 4:1                ; 8 bits    ; 16 LEs        ; 16 LEs               ; 0 LEs                  ; Yes        ; |SYS80|R6532:U6_IO|s_timer[7]                                                    ;
; 4:1                ; 10 bits   ; 20 LEs        ; 10 LEs               ; 10 LEs                 ; Yes        ; |SYS80|R6532:U6_IO|s_count[8]                                                    ;
; 4:1                ; 8 bits    ; 16 LEs        ; 16 LEs               ; 0 LEs                  ; Yes        ; |SYS80|R6532:U5_IO|s_timer[2]                                                    ;
; 4:1                ; 10 bits   ; 20 LEs        ; 10 LEs               ; 10 LEs                 ; Yes        ; |SYS80|R6532:U5_IO|s_count[8]                                                    ;
; 4:1                ; 3 bits    ; 6 LEs         ; 3 LEs                ; 3 LEs                  ; Yes        ; |SYS80|R6532:U4_IO|s_divider[0]                                                  ;
; 4:1                ; 3 bits    ; 6 LEs         ; 3 LEs                ; 3 LEs                  ; Yes        ; |SYS80|R6532:U6_IO|s_divider[0]                                                  ;
; 4:1                ; 3 bits    ; 6 LEs         ; 3 LEs                ; 3 LEs                  ; Yes        ; |SYS80|R6532:U5_IO|s_divider[3]                                                  ;
; 4:1                ; 8 bits    ; 16 LEs        ; 16 LEs               ; 0 LEs                  ; Yes        ; |SYS80|gosof80:SOUNDBOARD|T65:CPU|BAH[4]                                         ;
; 4:1                ; 8 bits    ; 16 LEs        ; 8 LEs                ; 8 LEs                  ; Yes        ; |SYS80|R6532:U4_IO|s_orb[5]                                                      ;
; 4:1                ; 8 bits    ; 16 LEs        ; 8 LEs                ; 8 LEs                  ; Yes        ; |SYS80|R6532:U5_IO|s_orb[0]                                                      ;
; 4:1                ; 8 bits    ; 16 LEs        ; 8 LEs                ; 8 LEs                  ; Yes        ; |SYS80|R6532:U6_IO|s_orb[3]                                                      ;
; 4:1                ; 8 bits    ; 16 LEs        ; 8 LEs                ; 8 LEs                  ; Yes        ; |SYS80|R6532:U4_IO|s_ddrb[6]                                                     ;
; 4:1                ; 8 bits    ; 16 LEs        ; 8 LEs                ; 8 LEs                  ; Yes        ; |SYS80|R6532:U5_IO|s_ddrb[1]                                                     ;
; 4:1                ; 8 bits    ; 16 LEs        ; 8 LEs                ; 8 LEs                  ; Yes        ; |SYS80|R6532:U6_IO|s_ddrb[5]                                                     ;
; 4:1                ; 8 bits    ; 16 LEs        ; 8 LEs                ; 8 LEs                  ; Yes        ; |SYS80|R6532:U4_IO|s_ddra[5]                                                     ;
; 4:1                ; 8 bits    ; 16 LEs        ; 8 LEs                ; 8 LEs                  ; Yes        ; |SYS80|R6532:U5_IO|s_ddra[1]                                                     ;
; 4:1                ; 8 bits    ; 16 LEs        ; 8 LEs                ; 8 LEs                  ; Yes        ; |SYS80|R6532:U6_IO|s_ddra[6]                                                     ;
; 4:1                ; 8 bits    ; 16 LEs        ; 16 LEs               ; 0 LEs                  ; Yes        ; |SYS80|T65:U1|BAH[0]                                                             ;
; 4:1                ; 8 bits    ; 16 LEs        ; 8 LEs                ; 8 LEs                  ; Yes        ; |SYS80|gosof80:SOUNDBOARD|R6532:RIOT|s_ddra[6]                                   ;
; 4:1                ; 8 bits    ; 16 LEs        ; 8 LEs                ; 8 LEs                  ; Yes        ; |SYS80|gosof80:SOUNDBOARD|R6532:RIOT|s_orb[5]                                    ;
; 4:1                ; 8 bits    ; 16 LEs        ; 8 LEs                ; 8 LEs                  ; Yes        ; |SYS80|gosof80:SOUNDBOARD|R6532:RIOT|s_ddrb[3]                                   ;
; 5:1                ; 8 bits    ; 24 LEs        ; 16 LEs               ; 8 LEs                  ; Yes        ; |SYS80|T65:U1|PC[0]                                                              ;
; 4:1                ; 8 bits    ; 16 LEs        ; 8 LEs                ; 8 LEs                  ; Yes        ; |SYS80|R6532:U4_IO|s_ora[2]                                                      ;
; 4:1                ; 8 bits    ; 16 LEs        ; 8 LEs                ; 8 LEs                  ; Yes        ; |SYS80|R6532:U5_IO|s_ora[5]                                                      ;
; 4:1                ; 8 bits    ; 16 LEs        ; 8 LEs                ; 8 LEs                  ; Yes        ; |SYS80|R6532:U6_IO|s_ora[0]                                                      ;
; 4:1                ; 8 bits    ; 16 LEs        ; 8 LEs                ; 8 LEs                  ; Yes        ; |SYS80|gosof80:SOUNDBOARD|R6532:RIOT|s_ora[1]                                    ;
; 4:1                ; 4 bits    ; 8 LEs         ; 8 LEs                ; 0 LEs                  ; Yes        ; |SYS80|byte_to_ascii:CONVS|bytetoconvert[4]                                      ;
; 4:1                ; 2 bits    ; 4 LEs         ; 4 LEs                ; 0 LEs                  ; Yes        ; |SYS80|byte_to_ascii:CONVS|bytetoconvert[2]                                      ;
; 4:1                ; 2 bits    ; 4 LEs         ; 4 LEs                ; 0 LEs                  ; Yes        ; |SYS80|byte_to_ascii:CONVO|bytetoconvert[7]                                      ;
; 4:1                ; 4 bits    ; 8 LEs         ; 8 LEs                ; 0 LEs                  ; Yes        ; |SYS80|byte_to_ascii:CONVO|bytetoconvert[4]                                      ;
; 4:1                ; 5 bits    ; 10 LEs        ; 10 LEs               ; 0 LEs                  ; Yes        ; |SYS80|byte_to_ascii:CONVG|bytetoconvert[3]                                      ;
; 4:1                ; 3 bits    ; 6 LEs         ; 3 LEs                ; 3 LEs                  ; Yes        ; |SYS80|gosof80:SOUNDBOARD|DFPlayer_Mini_CMD:DFP_send|\DFPLAYR_Mini:bitcounter[2] ;
; 4:1                ; 3 bits    ; 6 LEs         ; 3 LEs                ; 3 LEs                  ; Yes        ; |SYS80|SD_Card:SD_CARD|SPI_Master:SD_CARD_ACCESS|bitcounter[4]                   ;
; 5:1                ; 8 bits    ; 24 LEs        ; 16 LEs               ; 8 LEs                  ; Yes        ; |SYS80|T65:U1|AD[1]                                                              ;
; 5:1                ; 8 bits    ; 24 LEs        ; 16 LEs               ; 8 LEs                  ; Yes        ; |SYS80|gosof80:SOUNDBOARD|T65:CPU|AD[2]                                          ;
; 4:1                ; 25 bits   ; 50 LEs        ; 25 LEs               ; 25 LEs                 ; Yes        ; |SYS80|detect_sw:detect_test_sw|check_counter[14]                                ;
; 4:1                ; 25 bits   ; 50 LEs        ; 25 LEs               ; 25 LEs                 ; Yes        ; |SYS80|detect_sw:detect_credit_sw|check_counter[14]                              ;
; 6:1                ; 5 bits    ; 20 LEs        ; 10 LEs               ; 10 LEs                 ; Yes        ; |SYS80|gosof80:SOUNDBOARD|T65:CPU|BAL[7]                                         ;
; 6:1                ; 2 bits    ; 8 LEs         ; 4 LEs                ; 4 LEs                  ; Yes        ; |SYS80|gosof80:SOUNDBOARD|T65:CPU|BAL[0]                                         ;
; 6:1                ; 5 bits    ; 20 LEs        ; 10 LEs               ; 10 LEs                 ; Yes        ; |SYS80|T65:U1|BAL[4]                                                             ;
; 6:1                ; 2 bits    ; 8 LEs         ; 4 LEs                ; 4 LEs                  ; Yes        ; |SYS80|T65:U1|BAL[0]                                                             ;
; 5:1                ; 8 bits    ; 24 LEs        ; 0 LEs                ; 24 LEs                 ; Yes        ; |SYS80|SD_Card:SD_CARD|data_sd_card[6]                                           ;
; 32:1               ; 8 bits    ; 168 LEs       ; 48 LEs               ; 120 LEs                ; Yes        ; |SYS80|SD_Card:SD_CARD|TX_Data_A[70]                                             ;
; 6:1                ; 8 bits    ; 32 LEs        ; 16 LEs               ; 16 LEs                 ; Yes        ; |SYS80|gosof80:SOUNDBOARD|T65:CPU|PC[13]                                         ;
; 5:1                ; 29 bits   ; 87 LEs        ; 29 LEs               ; 58 LEs                 ; Yes        ; |SYS80|EEprom:EEprom|c_count[28]                                                 ;
; 6:1                ; 8 bits    ; 32 LEs        ; 16 LEs               ; 16 LEs                 ; Yes        ; |SYS80|T65:U1|PC[11]                                                             ;
; 6:1                ; 14 bits   ; 56 LEs        ; 14 LEs               ; 42 LEs                 ; Yes        ; |SYS80|SD_Card:SD_CARD|address_sd_card[0]                                        ;
; 6:1                ; 24 bits   ; 96 LEs        ; 24 LEs               ; 72 LEs                 ; Yes        ; |SYS80|gosof80:SOUNDBOARD|SC01:SC01_Simu|\SC01:counter[22]                       ;
; 6:1                ; 7 bits    ; 28 LEs        ; 7 LEs                ; 21 LEs                 ; Yes        ; |SYS80|EEprom:EEprom|address_eeprom[1]                                           ;
; 8:1                ; 7 bits    ; 35 LEs        ; 28 LEs               ; 7 LEs                  ; Yes        ; |SYS80|R6532:U6_IO|s_dout[1]                                                     ;
; 8:1                ; 6 bits    ; 30 LEs        ; 24 LEs               ; 6 LEs                  ; Yes        ; |SYS80|R6532:U5_IO|s_dout[5]                                                     ;
; 7:1                ; 4 bits    ; 16 LEs        ; 0 LEs                ; 16 LEs                 ; Yes        ; |SYS80|EEprom:EEprom|old_w_trigger[0]                                            ;
; 8:1                ; 10 bits   ; 50 LEs        ; 10 LEs               ; 40 LEs                 ; Yes        ; |SYS80|SD_Card:SD_CARD|byte_count[9]                                             ;
; 10:1               ; 27 bits   ; 162 LEs       ; 27 LEs               ; 135 LEs                ; Yes        ; |SYS80|SD_Card:SD_CARD|counter[18]                                               ;
; 38:1               ; 13 bits   ; 325 LEs       ; 13 LEs               ; 312 LEs                ; Yes        ; |SYS80|SD_Card:SD_CARD|attempts[12]                                              ;
; 40:1               ; 5 bits    ; 130 LEs       ; 20 LEs               ; 110 LEs                ; Yes        ; |SYS80|SD_Card:SD_CARD|cmd_count[4]                                              ;
; 15:1               ; 2 bits    ; 20 LEs        ; 12 LEs               ; 8 LEs                  ; Yes        ; |SYS80|boot_message:BM|Din_Seg_A[5]                                              ;
; 15:1               ; 4 bits    ; 40 LEs        ; 24 LEs               ; 16 LEs                 ; Yes        ; |SYS80|boot_message:BM|Din_Seg_A[0]                                              ;
; 19:1               ; 4 bits    ; 48 LEs        ; 32 LEs               ; 16 LEs                 ; Yes        ; |SYS80|boot_message:BM|Din_Seg_B[0]                                              ;
; 4:1                ; 4 bits    ; 8 LEs         ; 4 LEs                ; 4 LEs                  ; Yes        ; |SYS80|gosof80:SOUNDBOARD|DFPlayer_Mini_CMD:DFP_send|\DFPLAYR_Mini:bitcounter[6] ;
; 3:1                ; 7 bits    ; 14 LEs        ; 14 LEs               ; 0 LEs                  ; No         ; |SYS80|disp_segments                                                             ;
; 3:1                ; 8 bits    ; 16 LEs        ; 16 LEs               ; 0 LEs                  ; No         ; |SYS80|disp_segments                                                             ;
; 3:1                ; 3 bits    ; 6 LEs         ; 6 LEs                ; 0 LEs                  ; No         ; |SYS80|gosof80:SOUNDBOARD|T65:CPU|T65_ALU:alu|Q[5]                               ;
; 3:1                ; 3 bits    ; 6 LEs         ; 6 LEs                ; 0 LEs                  ; No         ; |SYS80|gosof80:SOUNDBOARD|T65:CPU|T65_ALU:alu|Q[1]                               ;
; 3:1                ; 3 bits    ; 6 LEs         ; 6 LEs                ; 0 LEs                  ; No         ; |SYS80|T65:U1|T65_ALU:alu|Q[5]                                                   ;
; 3:1                ; 3 bits    ; 6 LEs         ; 6 LEs                ; 0 LEs                  ; No         ; |SYS80|T65:U1|T65_ALU:alu|Q[1]                                                   ;
; 4:1                ; 8 bits    ; 16 LEs        ; 16 LEs               ; 0 LEs                  ; No         ; |SYS80|gosof80:SOUNDBOARD|T65:CPU|Selector24                                     ;
; 4:1                ; 8 bits    ; 16 LEs        ; 16 LEs               ; 0 LEs                  ; No         ; |SYS80|T65:U1|Selector30                                                         ;
; 10:1               ; 2 bits    ; 12 LEs        ; 12 LEs               ; 0 LEs                  ; No         ; |SYS80|disp_segments                                                             ;
; 10:1               ; 2 bits    ; 12 LEs        ; 12 LEs               ; 0 LEs                  ; No         ; |SYS80|disp_segments                                                             ;
; 10:1               ; 2 bits    ; 12 LEs        ; 12 LEs               ; 0 LEs                  ; No         ; |SYS80|disp_segments                                                             ;
; 6:1                ; 8 bits    ; 32 LEs        ; 24 LEs               ; 8 LEs                  ; No         ; |SYS80|gosof80:SOUNDBOARD|cpu_din[2]                                             ;
; 5:1                ; 3 bits    ; 9 LEs         ; 6 LEs                ; 3 LEs                  ; No         ; |SYS80|detect_sw_trigger:detect_credit_sw_trigger|Selector0                      ;
; 6:1                ; 3 bits    ; 12 LEs        ; 6 LEs                ; 6 LEs                  ; No         ; |SYS80|detect_sw:detect_test_sw|Selector2                                        ;
; 6:1                ; 3 bits    ; 12 LEs        ; 6 LEs                ; 6 LEs                  ; No         ; |SYS80|detect_sw:detect_credit_sw|Selector0                                      ;
; 6:1                ; 3 bits    ; 12 LEs        ; 6 LEs                ; 6 LEs                  ; No         ; |SYS80|EEprom:EEprom|SPI_Master:EEPROM_CMD|Selector9                             ;
; 6:1                ; 3 bits    ; 12 LEs        ; 6 LEs                ; 6 LEs                  ; No         ; |SYS80|EEprom:EEprom|SPI_Master:EEPROM_STAT|Selector10                           ;
; 6:1                ; 3 bits    ; 12 LEs        ; 6 LEs                ; 6 LEs                  ; No         ; |SYS80|EEprom:EEprom|SPI_Master:EEPROM_WRITE|Selector10                          ;
; 6:1                ; 3 bits    ; 12 LEs        ; 6 LEs                ; 6 LEs                  ; No         ; |SYS80|EEprom:EEprom|SPI_Master:EEPROM_READ|Selector11                           ;
; 6:1                ; 3 bits    ; 12 LEs        ; 6 LEs                ; 6 LEs                  ; No         ; |SYS80|SD_Card:SD_CARD|SPI_Master:SD_CARD_READ|Selector9                         ;
; 6:1                ; 3 bits    ; 12 LEs        ; 6 LEs                ; 6 LEs                  ; No         ; |SYS80|SD_Card:SD_CARD|SPI_Master:SD_CARD_ACCESS|Selector10                      ;
; 8:1                ; 2 bits    ; 10 LEs        ; 8 LEs                ; 2 LEs                  ; No         ; |SYS80|CLK                                                                       ;
; 7:1                ; 2 bits    ; 8 LEs         ; 6 LEs                ; 2 LEs                  ; No         ; |SYS80|gosof80:SOUNDBOARD|DFPlayer_Mini_CMD:DFP_send|Selector10                  ;
; 7:1                ; 2 bits    ; 8 LEs         ; 6 LEs                ; 2 LEs                  ; No         ; |SYS80|gosof80:SOUNDBOARD|DFPlayer_Mini_CMD:DFP_send|Selector9                   ;
; 10:1               ; 4 bits    ; 24 LEs        ; 20 LEs               ; 4 LEs                  ; No         ; |SYS80|gosof80:SOUNDBOARD|T65:CPU|T65_MCode:mcode|Mux337                         ;
; 10:1               ; 4 bits    ; 24 LEs        ; 4 LEs                ; 20 LEs                 ; No         ; |SYS80|gosof80:SOUNDBOARD|T65:CPU|T65_MCode:mcode|Mux342                         ;
; 10:1               ; 4 bits    ; 24 LEs        ; 20 LEs               ; 4 LEs                  ; No         ; |SYS80|T65:U1|T65_MCode:mcode|Mux334                                             ;
; 10:1               ; 4 bits    ; 24 LEs        ; 4 LEs                ; 20 LEs                 ; No         ; |SYS80|T65:U1|T65_MCode:mcode|Mux345                                             ;
; 8:1                ; 6 bits    ; 30 LEs        ; 30 LEs               ; 0 LEs                  ; No         ; |SYS80|gosof80:SOUNDBOARD|T65:CPU|Selector5                                      ;
; 8:1                ; 6 bits    ; 30 LEs        ; 30 LEs               ; 0 LEs                  ; No         ; |SYS80|T65:U1|Selector4                                                          ;
; 9:1                ; 2 bits    ; 12 LEs        ; 10 LEs               ; 2 LEs                  ; No         ; |SYS80|gosof80:SOUNDBOARD|T65:CPU|Selector3                                      ;
; 9:1                ; 2 bits    ; 12 LEs        ; 10 LEs               ; 2 LEs                  ; No         ; |SYS80|T65:U1|Selector3                                                          ;
; 11:1               ; 7 bits    ; 49 LEs        ; 49 LEs               ; 0 LEs                  ; No         ; |SYS80|gosof80:SOUNDBOARD|T65:CPU|Selector38                                     ;
; 11:1               ; 7 bits    ; 49 LEs        ; 49 LEs               ; 0 LEs                  ; No         ; |SYS80|T65:U1|Selector39                                                         ;
; 60:1               ; 2 bits    ; 80 LEs        ; 4 LEs                ; 76 LEs                 ; No         ; |SYS80|gosof80:SOUNDBOARD|T65:CPU|T65_MCode:mcode|Mux251                         ;
; 60:1               ; 2 bits    ; 80 LEs        ; 4 LEs                ; 76 LEs                 ; No         ; |SYS80|T65:U1|T65_MCode:mcode|Mux251                                             ;
; 70:1               ; 8 bits    ; 368 LEs       ; 64 LEs               ; 304 LEs                ; No         ; |SYS80|cpu_din[1]                                                                ;
; 14:1               ; 2 bits    ; 18 LEs        ; 16 LEs               ; 2 LEs                  ; No         ; |SYS80|gosof80:SOUNDBOARD|T65:CPU|T65_ALU:alu|Selector1                          ;
; 14:1               ; 3 bits    ; 27 LEs        ; 24 LEs               ; 3 LEs                  ; No         ; |SYS80|gosof80:SOUNDBOARD|T65:CPU|T65_ALU:alu|Selector4                          ;
; 14:1               ; 2 bits    ; 18 LEs        ; 16 LEs               ; 2 LEs                  ; No         ; |SYS80|T65:U1|T65_ALU:alu|Selector1                                              ;
; 14:1               ; 3 bits    ; 27 LEs        ; 24 LEs               ; 3 LEs                  ; No         ; |SYS80|T65:U1|T65_ALU:alu|Selector5                                              ;
; 17:1               ; 3 bits    ; 33 LEs        ; 9 LEs                ; 24 LEs                 ; No         ; |SYS80|SD_Card:SD_CARD|state_A                                                   ;
; 19:1               ; 2 bits    ; 24 LEs        ; 6 LEs                ; 18 LEs                 ; No         ; |SYS80|SD_Card:SD_CARD|state_A                                                   ;
; 23:1               ; 7 bits    ; 105 LEs       ; 35 LEs               ; 70 LEs                 ; No         ; |SYS80|EEprom:EEprom|Selector12                                                  ;
; 24:1               ; 2 bits    ; 32 LEs        ; 4 LEs                ; 28 LEs                 ; No         ; |SYS80|EEprom:EEprom|Selector17                                                  ;
; 24:1               ; 2 bits    ; 32 LEs        ; 6 LEs                ; 26 LEs                 ; No         ; |SYS80|EEprom:EEprom|Selector7                                                   ;
; 8:1                ; 2 bits    ; 10 LEs        ; 2 LEs                ; 8 LEs                  ; No         ; |SYS80|gosof80:SOUNDBOARD|T65:CPU|T65_MCode:mcode|Mux247                         ;
; 8:1                ; 2 bits    ; 10 LEs        ; 2 LEs                ; 8 LEs                  ; No         ; |SYS80|gosof80:SOUNDBOARD|T65:CPU|T65_MCode:mcode|Mux253                         ;
; 8:1                ; 2 bits    ; 10 LEs        ; 2 LEs                ; 8 LEs                  ; No         ; |SYS80|T65:U1|T65_MCode:mcode|Mux247                                             ;
; 8:1                ; 2 bits    ; 10 LEs        ; 2 LEs                ; 8 LEs                  ; No         ; |SYS80|T65:U1|T65_MCode:mcode|Mux252                                             ;
; 8:1                ; 2 bits    ; 10 LEs        ; 2 LEs                ; 8 LEs                  ; No         ; |SYS80|gosof80:SOUNDBOARD|T65:CPU|T65_MCode:mcode|Mux248                         ;
; 8:1                ; 2 bits    ; 10 LEs        ; 2 LEs                ; 8 LEs                  ; No         ; |SYS80|T65:U1|T65_MCode:mcode|Mux255                                             ;
+--------------------+-----------+---------------+----------------------+------------------------+------------+----------------------------------------------------------------------------------+


+------------------------------------------------------------------------------------------------+
; Source assignments for R5101:Z5|altsyncram:altsyncram_component|altsyncram_qpq3:auto_generated ;
+---------------------------------+--------------------+------+----------------------------------+
; Assignment                      ; Value              ; From ; To                               ;
+---------------------------------+--------------------+------+----------------------------------+
; OPTIMIZE_POWER_DURING_SYNTHESIS ; NORMAL_COMPILATION ; -    ; -                                ;
+---------------------------------+--------------------+------+----------------------------------+


+-------------------------------------------------------------------------------------------------------+
; Source assignments for RIOT_RAM:U4_RAM|altsyncram:altsyncram_component|altsyncram_b8p3:auto_generated ;
+---------------------------------+--------------------+------+-----------------------------------------+
; Assignment                      ; Value              ; From ; To                                      ;
+---------------------------------+--------------------+------+-----------------------------------------+
; OPTIMIZE_POWER_DURING_SYNTHESIS ; NORMAL_COMPILATION ; -    ; -                                       ;
+---------------------------------+--------------------+------+-----------------------------------------+


+-------------------------------------------------------------------------------------------------------+
; Source assignments for RIOT_RAM:U5_RAM|altsyncram:altsyncram_component|altsyncram_b8p3:auto_generated ;
+---------------------------------+--------------------+------+-----------------------------------------+
; Assignment                      ; Value              ; From ; To                                      ;
+---------------------------------+--------------------+------+-----------------------------------------+
; OPTIMIZE_POWER_DURING_SYNTHESIS ; NORMAL_COMPILATION ; -    ; -                                       ;
+---------------------------------+--------------------+------+-----------------------------------------+


+-------------------------------------------------------------------------------------------------------+
; Source assignments for RIOT_RAM:U6_RAM|altsyncram:altsyncram_component|altsyncram_b8p3:auto_generated ;
+---------------------------------+--------------------+------+-----------------------------------------+
; Assignment                      ; Value              ; From ; To                                      ;
+---------------------------------+--------------------+------+-----------------------------------------+
; OPTIMIZE_POWER_DURING_SYNTHESIS ; NORMAL_COMPILATION ; -    ; -                                       ;
+---------------------------------+--------------------+------+-----------------------------------------+


+-----------------------------------------------------------------------------------------------------+
; Source assignments for GAME_ROM:GAME|altsyncram:altsyncram_component|altsyncram_r1q3:auto_generated ;
+---------------------------------+--------------------+------+---------------------------------------+
; Assignment                      ; Value              ; From ; To                                    ;
+---------------------------------+--------------------+------+---------------------------------------+
; OPTIMIZE_POWER_DURING_SYNTHESIS ; NORMAL_COMPILATION ; -    ; -                                     ;
+---------------------------------+--------------------+------+---------------------------------------+


+------------------------------------------------------------------------------------------------------+
; Source assignments for GAME_ROM:GAME2|altsyncram:altsyncram_component|altsyncram_r1q3:auto_generated ;
+---------------------------------+--------------------+------+----------------------------------------+
; Assignment                      ; Value              ; From ; To                                     ;
+---------------------------------+--------------------+------+----------------------------------------+
; OPTIMIZE_POWER_DURING_SYNTHESIS ; NORMAL_COMPILATION ; -    ; -                                      ;
+---------------------------------+--------------------+------+----------------------------------------+


+---------------------------------------------------------------------------------------------------------+
; Source assignments for SYSTEM_ROM:SYSTEM|altsyncram:altsyncram_component|altsyncram_32q3:auto_generated ;
+---------------------------------+--------------------+------+-------------------------------------------+
; Assignment                      ; Value              ; From ; To                                        ;
+---------------------------------+--------------------+------+-------------------------------------------+
; OPTIMIZE_POWER_DURING_SYNTHESIS ; NORMAL_COMPILATION ; -    ; -                                         ;
+---------------------------------+--------------------+------+-------------------------------------------+


+----------------------------------------------------------------------------------------------------------+
; Source assignments for GAME_ROM:SOUNDROM1|altsyncram:altsyncram_component|altsyncram_r1q3:auto_generated ;
+---------------------------------+--------------------+------+--------------------------------------------+
; Assignment                      ; Value              ; From ; To                                         ;
+---------------------------------+--------------------+------+--------------------------------------------+
; OPTIMIZE_POWER_DURING_SYNTHESIS ; NORMAL_COMPILATION ; -    ; -                                          ;
+---------------------------------+--------------------+------+--------------------------------------------+


+----------------------------------------------------------------------------------------------------------+
; Source assignments for GAME_ROM:SOUNDROM2|altsyncram:altsyncram_component|altsyncram_r1q3:auto_generated ;
+---------------------------------+--------------------+------+--------------------------------------------+
; Assignment                      ; Value              ; From ; To                                         ;
+---------------------------------+--------------------+------+--------------------------------------------+
; OPTIMIZE_POWER_DURING_SYNTHESIS ; NORMAL_COMPILATION ; -    ; -                                          ;
+---------------------------------+--------------------+------+--------------------------------------------+


+--------------------------------------------------------------------------------------------------------------------------+
; Source assignments for gosof80:SOUNDBOARD|SB_RAM:RIOT_RAM|altsyncram:altsyncram_component|altsyncram_88p3:auto_generated ;
+---------------------------------+--------------------+------+------------------------------------------------------------+
; Assignment                      ; Value              ; From ; To                                                         ;
+---------------------------------+--------------------+------+------------------------------------------------------------+
; OPTIMIZE_POWER_DURING_SYNTHESIS ; NORMAL_COMPILATION ; -    ; -                                                          ;
+---------------------------------+--------------------+------+------------------------------------------------------------+


+----------------------------------------------------------------------------------------+
; Parameter Settings for User Entity Instance: SD_Card:SD_CARD|SPI_Master:SD_CARD_ACCESS ;
+--------------------+----------+--------------------------------------------------------+
; Parameter Name     ; Value    ; Type                                                   ;
+--------------------+----------+--------------------------------------------------------+
; quarz_taktfrequenz ; 50000000 ; Signed Integer                                         ;
; spi_taktfrequenz   ; 400000   ; Signed Integer                                         ;
; laenge             ; 112      ; Signed Integer                                         ;
+--------------------+----------+--------------------------------------------------------+
Note: In order to hide this table in the UI and the text report file, please set the "Show Parameter Settings in Synthesis Report" option in "Analysis and Synthesis Settings -> More Settings" to "Off".


+--------------------------------------------------------------------------------------+
; Parameter Settings for User Entity Instance: SD_Card:SD_CARD|SPI_Master:SD_CARD_READ ;
+--------------------+----------+------------------------------------------------------+
; Parameter Name     ; Value    ; Type                                                 ;
+--------------------+----------+------------------------------------------------------+
; quarz_taktfrequenz ; 50000000 ; Signed Integer                                       ;
; spi_taktfrequenz   ; 400000   ; Signed Integer                                       ;
; laenge             ; 8        ; Signed Integer                                       ;
+--------------------+----------+------------------------------------------------------+
Note: In order to hide this table in the UI and the text report file, please set the "Show Parameter Settings in Synthesis Report" option in "Analysis and Synthesis Settings -> More Settings" to "Off".


+------------------------------------------------------------------------------------+
; Parameter Settings for User Entity Instance: EEprom:EEprom|SPI_Master:EEPROM_WRITE ;
+--------------------+----------+----------------------------------------------------+
; Parameter Name     ; Value    ; Type                                               ;
+--------------------+----------+----------------------------------------------------+
; quarz_taktfrequenz ; 50000000 ; Signed Integer                                     ;
; spi_taktfrequenz   ; 1000000  ; Signed Integer                                     ;
; laenge             ; 32       ; Signed Integer                                     ;
+--------------------+----------+----------------------------------------------------+
Note: In order to hide this table in the UI and the text report file, please set the "Show Parameter Settings in Synthesis Report" option in "Analysis and Synthesis Settings -> More Settings" to "Off".


+-----------------------------------------------------------------------------------+
; Parameter Settings for User Entity Instance: EEprom:EEprom|SPI_Master:EEPROM_READ ;
+--------------------+----------+---------------------------------------------------+
; Parameter Name     ; Value    ; Type                                              ;
+--------------------+----------+---------------------------------------------------+
; quarz_taktfrequenz ; 50000000 ; Signed Integer                                    ;
; spi_taktfrequenz   ; 1000000  ; Signed Integer                                    ;
; laenge             ; 32       ; Signed Integer                                    ;
+--------------------+----------+---------------------------------------------------+
Note: In order to hide this table in the UI and the text report file, please set the "Show Parameter Settings in Synthesis Report" option in "Analysis and Synthesis Settings -> More Settings" to "Off".


+-----------------------------------------------------------------------------------+
; Parameter Settings for User Entity Instance: EEprom:EEprom|SPI_Master:EEPROM_STAT ;
+--------------------+----------+---------------------------------------------------+
; Parameter Name     ; Value    ; Type                                              ;
+--------------------+----------+---------------------------------------------------+
; quarz_taktfrequenz ; 50000000 ; Signed Integer                                    ;
; spi_taktfrequenz   ; 1000000  ; Signed Integer                                    ;
; laenge             ; 16       ; Signed Integer                                    ;
+--------------------+----------+---------------------------------------------------+
Note: In order to hide this table in the UI and the text report file, please set the "Show Parameter Settings in Synthesis Report" option in "Analysis and Synthesis Settings -> More Settings" to "Off".


+----------------------------------------------------------------------------------+
; Parameter Settings for User Entity Instance: EEprom:EEprom|SPI_Master:EEPROM_CMD ;
+--------------------+----------+--------------------------------------------------+
; Parameter Name     ; Value    ; Type                                             ;
+--------------------+----------+--------------------------------------------------+
; quarz_taktfrequenz ; 50000000 ; Signed Integer                                   ;
; spi_taktfrequenz   ; 1000000  ; Signed Integer                                   ;
; laenge             ; 8        ; Signed Integer                                   ;
+--------------------+----------+--------------------------------------------------+
Note: In order to hide this table in the UI and the text report file, please set the "Show Parameter Settings in Synthesis Report" option in "Analysis and Synthesis Settings -> More Settings" to "Off".


+---------------------------------------------------------------------------------------+
; Parameter Settings for User Entity Instance: R5101:Z5|altsyncram:altsyncram_component ;
+------------------------------------+----------------------+---------------------------+
; Parameter Name                     ; Value                ; Type                      ;
+------------------------------------+----------------------+---------------------------+
; BYTE_SIZE_BLOCK                    ; 8                    ; Untyped                   ;
; AUTO_CARRY_CHAINS                  ; ON                   ; AUTO_CARRY                ;
; IGNORE_CARRY_BUFFERS               ; OFF                  ; IGNORE_CARRY              ;
; AUTO_CASCADE_CHAINS                ; ON                   ; AUTO_CASCADE              ;
; IGNORE_CASCADE_BUFFERS             ; OFF                  ; IGNORE_CASCADE            ;
; WIDTH_BYTEENA                      ; 1                    ; Untyped                   ;
; OPERATION_MODE                     ; BIDIR_DUAL_PORT      ; Untyped                   ;
; WIDTH_A                            ; 4                    ; Signed Integer            ;
; WIDTHAD_A                          ; 8                    ; Signed Integer            ;
; NUMWORDS_A                         ; 256                  ; Signed Integer            ;
; OUTDATA_REG_A                      ; UNREGISTERED         ; Untyped                   ;
; ADDRESS_ACLR_A                     ; NONE                 ; Untyped                   ;
; OUTDATA_ACLR_A                     ; NONE                 ; Untyped                   ;
; WRCONTROL_ACLR_A                   ; NONE                 ; Untyped                   ;
; INDATA_ACLR_A                      ; NONE                 ; Untyped                   ;
; BYTEENA_ACLR_A                     ; NONE                 ; Untyped                   ;
; WIDTH_B                            ; 8                    ; Signed Integer            ;
; WIDTHAD_B                          ; 7                    ; Signed Integer            ;
; NUMWORDS_B                         ; 128                  ; Signed Integer            ;
; INDATA_REG_B                       ; CLOCK0               ; Untyped                   ;
; WRCONTROL_WRADDRESS_REG_B          ; CLOCK0               ; Untyped                   ;
; RDCONTROL_REG_B                    ; CLOCK1               ; Untyped                   ;
; ADDRESS_REG_B                      ; CLOCK0               ; Untyped                   ;
; OUTDATA_REG_B                      ; UNREGISTERED         ; Untyped                   ;
; BYTEENA_REG_B                      ; CLOCK1               ; Untyped                   ;
; INDATA_ACLR_B                      ; NONE                 ; Untyped                   ;
; WRCONTROL_ACLR_B                   ; NONE                 ; Untyped                   ;
; ADDRESS_ACLR_B                     ; NONE                 ; Untyped                   ;
; OUTDATA_ACLR_B                     ; NONE                 ; Untyped                   ;
; RDCONTROL_ACLR_B                   ; NONE                 ; Untyped                   ;
; BYTEENA_ACLR_B                     ; NONE                 ; Untyped                   ;
; WIDTH_BYTEENA_A                    ; 1                    ; Signed Integer            ;
; WIDTH_BYTEENA_B                    ; 1                    ; Signed Integer            ;
; RAM_BLOCK_TYPE                     ; AUTO                 ; Untyped                   ;
; BYTE_SIZE                          ; 8                    ; Signed Integer            ;
; READ_DURING_WRITE_MODE_MIXED_PORTS ; DONT_CARE            ; Untyped                   ;
; READ_DURING_WRITE_MODE_PORT_A      ; NEW_DATA_NO_NBE_READ ; Untyped                   ;
; READ_DURING_WRITE_MODE_PORT_B      ; NEW_DATA_NO_NBE_READ ; Untyped                   ;
; INIT_FILE                          ; UNUSED               ; Untyped                   ;
; INIT_FILE_LAYOUT                   ; PORT_A               ; Untyped                   ;
; MAXIMUM_DEPTH                      ; 0                    ; Signed Integer            ;
; CLOCK_ENABLE_INPUT_A               ; BYPASS               ; Untyped                   ;
; CLOCK_ENABLE_INPUT_B               ; BYPASS               ; Untyped                   ;
; CLOCK_ENABLE_OUTPUT_A              ; BYPASS               ; Untyped                   ;
; CLOCK_ENABLE_OUTPUT_B              ; BYPASS               ; Untyped                   ;
; CLOCK_ENABLE_CORE_A                ; USE_INPUT_CLKEN      ; Untyped                   ;
; CLOCK_ENABLE_CORE_B                ; USE_INPUT_CLKEN      ; Untyped                   ;
; ENABLE_ECC                         ; FALSE                ; Untyped                   ;
; ECC_PIPELINE_STAGE_ENABLED         ; FALSE                ; Untyped                   ;
; WIDTH_ECCSTATUS                    ; 3                    ; Signed Integer            ;
; DEVICE_FAMILY                      ; Cyclone IV E         ; Untyped                   ;
; CBXI_PARAMETER                     ; altsyncram_qpq3      ; Untyped                   ;
+------------------------------------+----------------------+---------------------------+
Note: In order to hide this table in the UI and the text report file, please set the "Show Parameter Settings in Synthesis Report" option in "Analysis and Synthesis Settings -> More Settings" to "Off".


+----------------------------------------------------------------------------------------------+
; Parameter Settings for User Entity Instance: RIOT_RAM:U4_RAM|altsyncram:altsyncram_component ;
+------------------------------------+----------------------+----------------------------------+
; Parameter Name                     ; Value                ; Type                             ;
+------------------------------------+----------------------+----------------------------------+
; BYTE_SIZE_BLOCK                    ; 8                    ; Untyped                          ;
; AUTO_CARRY_CHAINS                  ; ON                   ; AUTO_CARRY                       ;
; IGNORE_CARRY_BUFFERS               ; OFF                  ; IGNORE_CARRY                     ;
; AUTO_CASCADE_CHAINS                ; ON                   ; AUTO_CASCADE                     ;
; IGNORE_CASCADE_BUFFERS             ; OFF                  ; IGNORE_CASCADE                   ;
; WIDTH_BYTEENA                      ; 1                    ; Untyped                          ;
; OPERATION_MODE                     ; SINGLE_PORT          ; Untyped                          ;
; WIDTH_A                            ; 8                    ; Signed Integer                   ;
; WIDTHAD_A                          ; 8                    ; Signed Integer                   ;
; NUMWORDS_A                         ; 256                  ; Signed Integer                   ;
; OUTDATA_REG_A                      ; CLOCK0               ; Untyped                          ;
; ADDRESS_ACLR_A                     ; NONE                 ; Untyped                          ;
; OUTDATA_ACLR_A                     ; NONE                 ; Untyped                          ;
; WRCONTROL_ACLR_A                   ; NONE                 ; Untyped                          ;
; INDATA_ACLR_A                      ; NONE                 ; Untyped                          ;
; BYTEENA_ACLR_A                     ; NONE                 ; Untyped                          ;
; WIDTH_B                            ; 1                    ; Signed Integer                   ;
; WIDTHAD_B                          ; 1                    ; Signed Integer                   ;
; NUMWORDS_B                         ; 0                    ; Signed Integer                   ;
; INDATA_REG_B                       ; CLOCK1               ; Untyped                          ;
; WRCONTROL_WRADDRESS_REG_B          ; CLOCK1               ; Untyped                          ;
; RDCONTROL_REG_B                    ; CLOCK1               ; Untyped                          ;
; ADDRESS_REG_B                      ; CLOCK1               ; Untyped                          ;
; OUTDATA_REG_B                      ; UNREGISTERED         ; Untyped                          ;
; BYTEENA_REG_B                      ; CLOCK1               ; Untyped                          ;
; INDATA_ACLR_B                      ; NONE                 ; Untyped                          ;
; WRCONTROL_ACLR_B                   ; NONE                 ; Untyped                          ;
; ADDRESS_ACLR_B                     ; NONE                 ; Untyped                          ;
; OUTDATA_ACLR_B                     ; NONE                 ; Untyped                          ;
; RDCONTROL_ACLR_B                   ; NONE                 ; Untyped                          ;
; BYTEENA_ACLR_B                     ; NONE                 ; Untyped                          ;
; WIDTH_BYTEENA_A                    ; 1                    ; Signed Integer                   ;
; WIDTH_BYTEENA_B                    ; 1                    ; Signed Integer                   ;
; RAM_BLOCK_TYPE                     ; AUTO                 ; Untyped                          ;
; BYTE_SIZE                          ; 8                    ; Signed Integer                   ;
; READ_DURING_WRITE_MODE_MIXED_PORTS ; DONT_CARE            ; Untyped                          ;
; READ_DURING_WRITE_MODE_PORT_A      ; NEW_DATA_NO_NBE_READ ; Untyped                          ;
; READ_DURING_WRITE_MODE_PORT_B      ; NEW_DATA_NO_NBE_READ ; Untyped                          ;
; INIT_FILE                          ; UNUSED               ; Untyped                          ;
; INIT_FILE_LAYOUT                   ; PORT_A               ; Untyped                          ;
; MAXIMUM_DEPTH                      ; 0                    ; Signed Integer                   ;
; CLOCK_ENABLE_INPUT_A               ; BYPASS               ; Untyped                          ;
; CLOCK_ENABLE_INPUT_B               ; NORMAL               ; Untyped                          ;
; CLOCK_ENABLE_OUTPUT_A              ; BYPASS               ; Untyped                          ;
; CLOCK_ENABLE_OUTPUT_B              ; NORMAL               ; Untyped                          ;
; CLOCK_ENABLE_CORE_A                ; USE_INPUT_CLKEN      ; Untyped                          ;
; CLOCK_ENABLE_CORE_B                ; USE_INPUT_CLKEN      ; Untyped                          ;
; ENABLE_ECC                         ; FALSE                ; Untyped                          ;
; ECC_PIPELINE_STAGE_ENABLED         ; FALSE                ; Untyped                          ;
; WIDTH_ECCSTATUS                    ; 3                    ; Signed Integer                   ;
; DEVICE_FAMILY                      ; Cyclone IV E         ; Untyped                          ;
; CBXI_PARAMETER                     ; altsyncram_b8p3      ; Untyped                          ;
+------------------------------------+----------------------+----------------------------------+
Note: In order to hide this table in the UI and the text report file, please set the "Show Parameter Settings in Synthesis Report" option in "Analysis and Synthesis Settings -> More Settings" to "Off".


+----------------------------------------------------------------------------------------------+
; Parameter Settings for User Entity Instance: RIOT_RAM:U5_RAM|altsyncram:altsyncram_component ;
+------------------------------------+----------------------+----------------------------------+
; Parameter Name                     ; Value                ; Type                             ;
+------------------------------------+----------------------+----------------------------------+
; BYTE_SIZE_BLOCK                    ; 8                    ; Untyped                          ;
; AUTO_CARRY_CHAINS                  ; ON                   ; AUTO_CARRY                       ;
; IGNORE_CARRY_BUFFERS               ; OFF                  ; IGNORE_CARRY                     ;
; AUTO_CASCADE_CHAINS                ; ON                   ; AUTO_CASCADE                     ;
; IGNORE_CASCADE_BUFFERS             ; OFF                  ; IGNORE_CASCADE                   ;
; WIDTH_BYTEENA                      ; 1                    ; Untyped                          ;
; OPERATION_MODE                     ; SINGLE_PORT          ; Untyped                          ;
; WIDTH_A                            ; 8                    ; Signed Integer                   ;
; WIDTHAD_A                          ; 8                    ; Signed Integer                   ;
; NUMWORDS_A                         ; 256                  ; Signed Integer                   ;
; OUTDATA_REG_A                      ; CLOCK0               ; Untyped                          ;
; ADDRESS_ACLR_A                     ; NONE                 ; Untyped                          ;
; OUTDATA_ACLR_A                     ; NONE                 ; Untyped                          ;
; WRCONTROL_ACLR_A                   ; NONE                 ; Untyped                          ;
; INDATA_ACLR_A                      ; NONE                 ; Untyped                          ;
; BYTEENA_ACLR_A                     ; NONE                 ; Untyped                          ;
; WIDTH_B                            ; 1                    ; Signed Integer                   ;
; WIDTHAD_B                          ; 1                    ; Signed Integer                   ;
; NUMWORDS_B                         ; 0                    ; Signed Integer                   ;
; INDATA_REG_B                       ; CLOCK1               ; Untyped                          ;
; WRCONTROL_WRADDRESS_REG_B          ; CLOCK1               ; Untyped                          ;
; RDCONTROL_REG_B                    ; CLOCK1               ; Untyped                          ;
; ADDRESS_REG_B                      ; CLOCK1               ; Untyped                          ;
; OUTDATA_REG_B                      ; UNREGISTERED         ; Untyped                          ;
; BYTEENA_REG_B                      ; CLOCK1               ; Untyped                          ;
; INDATA_ACLR_B                      ; NONE                 ; Untyped                          ;
; WRCONTROL_ACLR_B                   ; NONE                 ; Untyped                          ;
; ADDRESS_ACLR_B                     ; NONE                 ; Untyped                          ;
; OUTDATA_ACLR_B                     ; NONE                 ; Untyped                          ;
; RDCONTROL_ACLR_B                   ; NONE                 ; Untyped                          ;
; BYTEENA_ACLR_B                     ; NONE                 ; Untyped                          ;
; WIDTH_BYTEENA_A                    ; 1                    ; Signed Integer                   ;
; WIDTH_BYTEENA_B                    ; 1                    ; Signed Integer                   ;
; RAM_BLOCK_TYPE                     ; AUTO                 ; Untyped                          ;
; BYTE_SIZE                          ; 8                    ; Signed Integer                   ;
; READ_DURING_WRITE_MODE_MIXED_PORTS ; DONT_CARE            ; Untyped                          ;
; READ_DURING_WRITE_MODE_PORT_A      ; NEW_DATA_NO_NBE_READ ; Untyped                          ;
; READ_DURING_WRITE_MODE_PORT_B      ; NEW_DATA_NO_NBE_READ ; Untyped                          ;
; INIT_FILE                          ; UNUSED               ; Untyped                          ;
; INIT_FILE_LAYOUT                   ; PORT_A               ; Untyped                          ;
; MAXIMUM_DEPTH                      ; 0                    ; Signed Integer                   ;
; CLOCK_ENABLE_INPUT_A               ; BYPASS               ; Untyped                          ;
; CLOCK_ENABLE_INPUT_B               ; NORMAL               ; Untyped                          ;
; CLOCK_ENABLE_OUTPUT_A              ; BYPASS               ; Untyped                          ;
; CLOCK_ENABLE_OUTPUT_B              ; NORMAL               ; Untyped                          ;
; CLOCK_ENABLE_CORE_A                ; USE_INPUT_CLKEN      ; Untyped                          ;
; CLOCK_ENABLE_CORE_B                ; USE_INPUT_CLKEN      ; Untyped                          ;
; ENABLE_ECC                         ; FALSE                ; Untyped                          ;
; ECC_PIPELINE_STAGE_ENABLED         ; FALSE                ; Untyped                          ;
; WIDTH_ECCSTATUS                    ; 3                    ; Signed Integer                   ;
; DEVICE_FAMILY                      ; Cyclone IV E         ; Untyped                          ;
; CBXI_PARAMETER                     ; altsyncram_b8p3      ; Untyped                          ;
+------------------------------------+----------------------+----------------------------------+
Note: In order to hide this table in the UI and the text report file, please set the "Show Parameter Settings in Synthesis Report" option in "Analysis and Synthesis Settings -> More Settings" to "Off".


+----------------------------------------------------------------------------------------------+
; Parameter Settings for User Entity Instance: RIOT_RAM:U6_RAM|altsyncram:altsyncram_component ;
+------------------------------------+----------------------+----------------------------------+
; Parameter Name                     ; Value                ; Type                             ;
+------------------------------------+----------------------+----------------------------------+
; BYTE_SIZE_BLOCK                    ; 8                    ; Untyped                          ;
; AUTO_CARRY_CHAINS                  ; ON                   ; AUTO_CARRY                       ;
; IGNORE_CARRY_BUFFERS               ; OFF                  ; IGNORE_CARRY                     ;
; AUTO_CASCADE_CHAINS                ; ON                   ; AUTO_CASCADE                     ;
; IGNORE_CASCADE_BUFFERS             ; OFF                  ; IGNORE_CASCADE                   ;
; WIDTH_BYTEENA                      ; 1                    ; Untyped                          ;
; OPERATION_MODE                     ; SINGLE_PORT          ; Untyped                          ;
; WIDTH_A                            ; 8                    ; Signed Integer                   ;
; WIDTHAD_A                          ; 8                    ; Signed Integer                   ;
; NUMWORDS_A                         ; 256                  ; Signed Integer                   ;
; OUTDATA_REG_A                      ; CLOCK0               ; Untyped                          ;
; ADDRESS_ACLR_A                     ; NONE                 ; Untyped                          ;
; OUTDATA_ACLR_A                     ; NONE                 ; Untyped                          ;
; WRCONTROL_ACLR_A                   ; NONE                 ; Untyped                          ;
; INDATA_ACLR_A                      ; NONE                 ; Untyped                          ;
; BYTEENA_ACLR_A                     ; NONE                 ; Untyped                          ;
; WIDTH_B                            ; 1                    ; Signed Integer                   ;
; WIDTHAD_B                          ; 1                    ; Signed Integer                   ;
; NUMWORDS_B                         ; 0                    ; Signed Integer                   ;
; INDATA_REG_B                       ; CLOCK1               ; Untyped                          ;
; WRCONTROL_WRADDRESS_REG_B          ; CLOCK1               ; Untyped                          ;
; RDCONTROL_REG_B                    ; CLOCK1               ; Untyped                          ;
; ADDRESS_REG_B                      ; CLOCK1               ; Untyped                          ;
; OUTDATA_REG_B                      ; UNREGISTERED         ; Untyped                          ;
; BYTEENA_REG_B                      ; CLOCK1               ; Untyped                          ;
; INDATA_ACLR_B                      ; NONE                 ; Untyped                          ;
; WRCONTROL_ACLR_B                   ; NONE                 ; Untyped                          ;
; ADDRESS_ACLR_B                     ; NONE                 ; Untyped                          ;
; OUTDATA_ACLR_B                     ; NONE                 ; Untyped                          ;
; RDCONTROL_ACLR_B                   ; NONE                 ; Untyped                          ;
; BYTEENA_ACLR_B                     ; NONE                 ; Untyped                          ;
; WIDTH_BYTEENA_A                    ; 1                    ; Signed Integer                   ;
; WIDTH_BYTEENA_B                    ; 1                    ; Signed Integer                   ;
; RAM_BLOCK_TYPE                     ; AUTO                 ; Untyped                          ;
; BYTE_SIZE                          ; 8                    ; Signed Integer                   ;
; READ_DURING_WRITE_MODE_MIXED_PORTS ; DONT_CARE            ; Untyped                          ;
; READ_DURING_WRITE_MODE_PORT_A      ; NEW_DATA_NO_NBE_READ ; Untyped                          ;
; READ_DURING_WRITE_MODE_PORT_B      ; NEW_DATA_NO_NBE_READ ; Untyped                          ;
; INIT_FILE                          ; UNUSED               ; Untyped                          ;
; INIT_FILE_LAYOUT                   ; PORT_A               ; Untyped                          ;
; MAXIMUM_DEPTH                      ; 0                    ; Signed Integer                   ;
; CLOCK_ENABLE_INPUT_A               ; BYPASS               ; Untyped                          ;
; CLOCK_ENABLE_INPUT_B               ; NORMAL               ; Untyped                          ;
; CLOCK_ENABLE_OUTPUT_A              ; BYPASS               ; Untyped                          ;
; CLOCK_ENABLE_OUTPUT_B              ; NORMAL               ; Untyped                          ;
; CLOCK_ENABLE_CORE_A                ; USE_INPUT_CLKEN      ; Untyped                          ;
; CLOCK_ENABLE_CORE_B                ; USE_INPUT_CLKEN      ; Untyped                          ;
; ENABLE_ECC                         ; FALSE                ; Untyped                          ;
; ECC_PIPELINE_STAGE_ENABLED         ; FALSE                ; Untyped                          ;
; WIDTH_ECCSTATUS                    ; 3                    ; Signed Integer                   ;
; DEVICE_FAMILY                      ; Cyclone IV E         ; Untyped                          ;
; CBXI_PARAMETER                     ; altsyncram_b8p3      ; Untyped                          ;
+------------------------------------+----------------------+----------------------------------+
Note: In order to hide this table in the UI and the text report file, please set the "Show Parameter Settings in Synthesis Report" option in "Analysis and Synthesis Settings -> More Settings" to "Off".


+--------------------------------------------------------------------------------------------+
; Parameter Settings for User Entity Instance: GAME_ROM:GAME|altsyncram:altsyncram_component ;
+------------------------------------+----------------------+--------------------------------+
; Parameter Name                     ; Value                ; Type                           ;
+------------------------------------+----------------------+--------------------------------+
; BYTE_SIZE_BLOCK                    ; 8                    ; Untyped                        ;
; AUTO_CARRY_CHAINS                  ; ON                   ; AUTO_CARRY                     ;
; IGNORE_CARRY_BUFFERS               ; OFF                  ; IGNORE_CARRY                   ;
; AUTO_CASCADE_CHAINS                ; ON                   ; AUTO_CASCADE                   ;
; IGNORE_CASCADE_BUFFERS             ; OFF                  ; IGNORE_CASCADE                 ;
; WIDTH_BYTEENA                      ; 1                    ; Untyped                        ;
; OPERATION_MODE                     ; SINGLE_PORT          ; Untyped                        ;
; WIDTH_A                            ; 8                    ; Signed Integer                 ;
; WIDTHAD_A                          ; 11                   ; Signed Integer                 ;
; NUMWORDS_A                         ; 2048                 ; Signed Integer                 ;
; OUTDATA_REG_A                      ; UNREGISTERED         ; Untyped                        ;
; ADDRESS_ACLR_A                     ; NONE                 ; Untyped                        ;
; OUTDATA_ACLR_A                     ; NONE                 ; Untyped                        ;
; WRCONTROL_ACLR_A                   ; NONE                 ; Untyped                        ;
; INDATA_ACLR_A                      ; NONE                 ; Untyped                        ;
; BYTEENA_ACLR_A                     ; NONE                 ; Untyped                        ;
; WIDTH_B                            ; 1                    ; Signed Integer                 ;
; WIDTHAD_B                          ; 1                    ; Signed Integer                 ;
; NUMWORDS_B                         ; 0                    ; Signed Integer                 ;
; INDATA_REG_B                       ; CLOCK1               ; Untyped                        ;
; WRCONTROL_WRADDRESS_REG_B          ; CLOCK1               ; Untyped                        ;
; RDCONTROL_REG_B                    ; CLOCK1               ; Untyped                        ;
; ADDRESS_REG_B                      ; CLOCK1               ; Untyped                        ;
; OUTDATA_REG_B                      ; UNREGISTERED         ; Untyped                        ;
; BYTEENA_REG_B                      ; CLOCK1               ; Untyped                        ;
; INDATA_ACLR_B                      ; NONE                 ; Untyped                        ;
; WRCONTROL_ACLR_B                   ; NONE                 ; Untyped                        ;
; ADDRESS_ACLR_B                     ; NONE                 ; Untyped                        ;
; OUTDATA_ACLR_B                     ; NONE                 ; Untyped                        ;
; RDCONTROL_ACLR_B                   ; NONE                 ; Untyped                        ;
; BYTEENA_ACLR_B                     ; NONE                 ; Untyped                        ;
; WIDTH_BYTEENA_A                    ; 1                    ; Signed Integer                 ;
; WIDTH_BYTEENA_B                    ; 1                    ; Signed Integer                 ;
; RAM_BLOCK_TYPE                     ; AUTO                 ; Untyped                        ;
; BYTE_SIZE                          ; 8                    ; Signed Integer                 ;
; READ_DURING_WRITE_MODE_MIXED_PORTS ; DONT_CARE            ; Untyped                        ;
; READ_DURING_WRITE_MODE_PORT_A      ; NEW_DATA_NO_NBE_READ ; Untyped                        ;
; READ_DURING_WRITE_MODE_PORT_B      ; NEW_DATA_NO_NBE_READ ; Untyped                        ;
; INIT_FILE                          ; UNUSED               ; Untyped                        ;
; INIT_FILE_LAYOUT                   ; PORT_A               ; Untyped                        ;
; MAXIMUM_DEPTH                      ; 0                    ; Signed Integer                 ;
; CLOCK_ENABLE_INPUT_A               ; BYPASS               ; Untyped                        ;
; CLOCK_ENABLE_INPUT_B               ; NORMAL               ; Untyped                        ;
; CLOCK_ENABLE_OUTPUT_A              ; BYPASS               ; Untyped                        ;
; CLOCK_ENABLE_OUTPUT_B              ; NORMAL               ; Untyped                        ;
; CLOCK_ENABLE_CORE_A                ; USE_INPUT_CLKEN      ; Untyped                        ;
; CLOCK_ENABLE_CORE_B                ; USE_INPUT_CLKEN      ; Untyped                        ;
; ENABLE_ECC                         ; FALSE                ; Untyped                        ;
; ECC_PIPELINE_STAGE_ENABLED         ; FALSE                ; Untyped                        ;
; WIDTH_ECCSTATUS                    ; 3                    ; Signed Integer                 ;
; DEVICE_FAMILY                      ; Cyclone IV E         ; Untyped                        ;
; CBXI_PARAMETER                     ; altsyncram_r1q3      ; Untyped                        ;
+------------------------------------+----------------------+--------------------------------+
Note: In order to hide this table in the UI and the text report file, please set the "Show Parameter Settings in Synthesis Report" option in "Analysis and Synthesis Settings -> More Settings" to "Off".


+---------------------------------------------------------------------------------------------+
; Parameter Settings for User Entity Instance: GAME_ROM:GAME2|altsyncram:altsyncram_component ;
+------------------------------------+----------------------+---------------------------------+
; Parameter Name                     ; Value                ; Type                            ;
+------------------------------------+----------------------+---------------------------------+
; BYTE_SIZE_BLOCK                    ; 8                    ; Untyped                         ;
; AUTO_CARRY_CHAINS                  ; ON                   ; AUTO_CARRY                      ;
; IGNORE_CARRY_BUFFERS               ; OFF                  ; IGNORE_CARRY                    ;
; AUTO_CASCADE_CHAINS                ; ON                   ; AUTO_CASCADE                    ;
; IGNORE_CASCADE_BUFFERS             ; OFF                  ; IGNORE_CASCADE                  ;
; WIDTH_BYTEENA                      ; 1                    ; Untyped                         ;
; OPERATION_MODE                     ; SINGLE_PORT          ; Untyped                         ;
; WIDTH_A                            ; 8                    ; Signed Integer                  ;
; WIDTHAD_A                          ; 11                   ; Signed Integer                  ;
; NUMWORDS_A                         ; 2048                 ; Signed Integer                  ;
; OUTDATA_REG_A                      ; UNREGISTERED         ; Untyped                         ;
; ADDRESS_ACLR_A                     ; NONE                 ; Untyped                         ;
; OUTDATA_ACLR_A                     ; NONE                 ; Untyped                         ;
; WRCONTROL_ACLR_A                   ; NONE                 ; Untyped                         ;
; INDATA_ACLR_A                      ; NONE                 ; Untyped                         ;
; BYTEENA_ACLR_A                     ; NONE                 ; Untyped                         ;
; WIDTH_B                            ; 1                    ; Signed Integer                  ;
; WIDTHAD_B                          ; 1                    ; Signed Integer                  ;
; NUMWORDS_B                         ; 0                    ; Signed Integer                  ;
; INDATA_REG_B                       ; CLOCK1               ; Untyped                         ;
; WRCONTROL_WRADDRESS_REG_B          ; CLOCK1               ; Untyped                         ;
; RDCONTROL_REG_B                    ; CLOCK1               ; Untyped                         ;
; ADDRESS_REG_B                      ; CLOCK1               ; Untyped                         ;
; OUTDATA_REG_B                      ; UNREGISTERED         ; Untyped                         ;
; BYTEENA_REG_B                      ; CLOCK1               ; Untyped                         ;
; INDATA_ACLR_B                      ; NONE                 ; Untyped                         ;
; WRCONTROL_ACLR_B                   ; NONE                 ; Untyped                         ;
; ADDRESS_ACLR_B                     ; NONE                 ; Untyped                         ;
; OUTDATA_ACLR_B                     ; NONE                 ; Untyped                         ;
; RDCONTROL_ACLR_B                   ; NONE                 ; Untyped                         ;
; BYTEENA_ACLR_B                     ; NONE                 ; Untyped                         ;
; WIDTH_BYTEENA_A                    ; 1                    ; Signed Integer                  ;
; WIDTH_BYTEENA_B                    ; 1                    ; Signed Integer                  ;
; RAM_BLOCK_TYPE                     ; AUTO                 ; Untyped                         ;
; BYTE_SIZE                          ; 8                    ; Signed Integer                  ;
; READ_DURING_WRITE_MODE_MIXED_PORTS ; DONT_CARE            ; Untyped                         ;
; READ_DURING_WRITE_MODE_PORT_A      ; NEW_DATA_NO_NBE_READ ; Untyped                         ;
; READ_DURING_WRITE_MODE_PORT_B      ; NEW_DATA_NO_NBE_READ ; Untyped                         ;
; INIT_FILE                          ; UNUSED               ; Untyped                         ;
; INIT_FILE_LAYOUT                   ; PORT_A               ; Untyped                         ;
; MAXIMUM_DEPTH                      ; 0                    ; Signed Integer                  ;
; CLOCK_ENABLE_INPUT_A               ; BYPASS               ; Untyped                         ;
; CLOCK_ENABLE_INPUT_B               ; NORMAL               ; Untyped                         ;
; CLOCK_ENABLE_OUTPUT_A              ; BYPASS               ; Untyped                         ;
; CLOCK_ENABLE_OUTPUT_B              ; NORMAL               ; Untyped                         ;
; CLOCK_ENABLE_CORE_A                ; USE_INPUT_CLKEN      ; Untyped                         ;
; CLOCK_ENABLE_CORE_B                ; USE_INPUT_CLKEN      ; Untyped                         ;
; ENABLE_ECC                         ; FALSE                ; Untyped                         ;
; ECC_PIPELINE_STAGE_ENABLED         ; FALSE                ; Untyped                         ;
; WIDTH_ECCSTATUS                    ; 3                    ; Signed Integer                  ;
; DEVICE_FAMILY                      ; Cyclone IV E         ; Untyped                         ;
; CBXI_PARAMETER                     ; altsyncram_r1q3      ; Untyped                         ;
+------------------------------------+----------------------+---------------------------------+
Note: In order to hide this table in the UI and the text report file, please set the "Show Parameter Settings in Synthesis Report" option in "Analysis and Synthesis Settings -> More Settings" to "Off".


+------------------------------------------------------------------------------------------------+
; Parameter Settings for User Entity Instance: SYSTEM_ROM:SYSTEM|altsyncram:altsyncram_component ;
+------------------------------------+----------------------+------------------------------------+
; Parameter Name                     ; Value                ; Type                               ;
+------------------------------------+----------------------+------------------------------------+
; BYTE_SIZE_BLOCK                    ; 8                    ; Untyped                            ;
; AUTO_CARRY_CHAINS                  ; ON                   ; AUTO_CARRY                         ;
; IGNORE_CARRY_BUFFERS               ; OFF                  ; IGNORE_CARRY                       ;
; AUTO_CASCADE_CHAINS                ; ON                   ; AUTO_CASCADE                       ;
; IGNORE_CASCADE_BUFFERS             ; OFF                  ; IGNORE_CASCADE                     ;
; WIDTH_BYTEENA                      ; 1                    ; Untyped                            ;
; OPERATION_MODE                     ; SINGLE_PORT          ; Untyped                            ;
; WIDTH_A                            ; 8                    ; Signed Integer                     ;
; WIDTHAD_A                          ; 13                   ; Signed Integer                     ;
; NUMWORDS_A                         ; 8192                 ; Signed Integer                     ;
; OUTDATA_REG_A                      ; UNREGISTERED         ; Untyped                            ;
; ADDRESS_ACLR_A                     ; NONE                 ; Untyped                            ;
; OUTDATA_ACLR_A                     ; NONE                 ; Untyped                            ;
; WRCONTROL_ACLR_A                   ; NONE                 ; Untyped                            ;
; INDATA_ACLR_A                      ; NONE                 ; Untyped                            ;
; BYTEENA_ACLR_A                     ; NONE                 ; Untyped                            ;
; WIDTH_B                            ; 1                    ; Signed Integer                     ;
; WIDTHAD_B                          ; 1                    ; Signed Integer                     ;
; NUMWORDS_B                         ; 0                    ; Signed Integer                     ;
; INDATA_REG_B                       ; CLOCK1               ; Untyped                            ;
; WRCONTROL_WRADDRESS_REG_B          ; CLOCK1               ; Untyped                            ;
; RDCONTROL_REG_B                    ; CLOCK1               ; Untyped                            ;
; ADDRESS_REG_B                      ; CLOCK1               ; Untyped                            ;
; OUTDATA_REG_B                      ; UNREGISTERED         ; Untyped                            ;
; BYTEENA_REG_B                      ; CLOCK1               ; Untyped                            ;
; INDATA_ACLR_B                      ; NONE                 ; Untyped                            ;
; WRCONTROL_ACLR_B                   ; NONE                 ; Untyped                            ;
; ADDRESS_ACLR_B                     ; NONE                 ; Untyped                            ;
; OUTDATA_ACLR_B                     ; NONE                 ; Untyped                            ;
; RDCONTROL_ACLR_B                   ; NONE                 ; Untyped                            ;
; BYTEENA_ACLR_B                     ; NONE                 ; Untyped                            ;
; WIDTH_BYTEENA_A                    ; 1                    ; Signed Integer                     ;
; WIDTH_BYTEENA_B                    ; 1                    ; Signed Integer                     ;
; RAM_BLOCK_TYPE                     ; AUTO                 ; Untyped                            ;
; BYTE_SIZE                          ; 8                    ; Signed Integer                     ;
; READ_DURING_WRITE_MODE_MIXED_PORTS ; DONT_CARE            ; Untyped                            ;
; READ_DURING_WRITE_MODE_PORT_A      ; NEW_DATA_NO_NBE_READ ; Untyped                            ;
; READ_DURING_WRITE_MODE_PORT_B      ; NEW_DATA_NO_NBE_READ ; Untyped                            ;
; INIT_FILE                          ; UNUSED               ; Untyped                            ;
; INIT_FILE_LAYOUT                   ; PORT_A               ; Untyped                            ;
; MAXIMUM_DEPTH                      ; 0                    ; Signed Integer                     ;
; CLOCK_ENABLE_INPUT_A               ; BYPASS               ; Untyped                            ;
; CLOCK_ENABLE_INPUT_B               ; NORMAL               ; Untyped                            ;
; CLOCK_ENABLE_OUTPUT_A              ; BYPASS               ; Untyped                            ;
; CLOCK_ENABLE_OUTPUT_B              ; NORMAL               ; Untyped                            ;
; CLOCK_ENABLE_CORE_A                ; USE_INPUT_CLKEN      ; Untyped                            ;
; CLOCK_ENABLE_CORE_B                ; USE_INPUT_CLKEN      ; Untyped                            ;
; ENABLE_ECC                         ; FALSE                ; Untyped                            ;
; ECC_PIPELINE_STAGE_ENABLED         ; FALSE                ; Untyped                            ;
; WIDTH_ECCSTATUS                    ; 3                    ; Signed Integer                     ;
; DEVICE_FAMILY                      ; Cyclone IV E         ; Untyped                            ;
; CBXI_PARAMETER                     ; altsyncram_32q3      ; Untyped                            ;
+------------------------------------+----------------------+------------------------------------+
Note: In order to hide this table in the UI and the text report file, please set the "Show Parameter Settings in Synthesis Report" option in "Analysis and Synthesis Settings -> More Settings" to "Off".


+-------------------------------------------------------------------------------------------------+
; Parameter Settings for User Entity Instance: GAME_ROM:SOUNDROM1|altsyncram:altsyncram_component ;
+------------------------------------+----------------------+-------------------------------------+
; Parameter Name                     ; Value                ; Type                                ;
+------------------------------------+----------------------+-------------------------------------+
; BYTE_SIZE_BLOCK                    ; 8                    ; Untyped                             ;
; AUTO_CARRY_CHAINS                  ; ON                   ; AUTO_CARRY                          ;
; IGNORE_CARRY_BUFFERS               ; OFF                  ; IGNORE_CARRY                        ;
; AUTO_CASCADE_CHAINS                ; ON                   ; AUTO_CASCADE                        ;
; IGNORE_CASCADE_BUFFERS             ; OFF                  ; IGNORE_CASCADE                      ;
; WIDTH_BYTEENA                      ; 1                    ; Untyped                             ;
; OPERATION_MODE                     ; SINGLE_PORT          ; Untyped                             ;
; WIDTH_A                            ; 8                    ; Signed Integer                      ;
; WIDTHAD_A                          ; 11                   ; Signed Integer                      ;
; NUMWORDS_A                         ; 2048                 ; Signed Integer                      ;
; OUTDATA_REG_A                      ; UNREGISTERED         ; Untyped                             ;
; ADDRESS_ACLR_A                     ; NONE                 ; Untyped                             ;
; OUTDATA_ACLR_A                     ; NONE                 ; Untyped                             ;
; WRCONTROL_ACLR_A                   ; NONE                 ; Untyped                             ;
; INDATA_ACLR_A                      ; NONE                 ; Untyped                             ;
; BYTEENA_ACLR_A                     ; NONE                 ; Untyped                             ;
; WIDTH_B                            ; 1                    ; Signed Integer                      ;
; WIDTHAD_B                          ; 1                    ; Signed Integer                      ;
; NUMWORDS_B                         ; 0                    ; Signed Integer                      ;
; INDATA_REG_B                       ; CLOCK1               ; Untyped                             ;
; WRCONTROL_WRADDRESS_REG_B          ; CLOCK1               ; Untyped                             ;
; RDCONTROL_REG_B                    ; CLOCK1               ; Untyped                             ;
; ADDRESS_REG_B                      ; CLOCK1               ; Untyped                             ;
; OUTDATA_REG_B                      ; UNREGISTERED         ; Untyped                             ;
; BYTEENA_REG_B                      ; CLOCK1               ; Untyped                             ;
; INDATA_ACLR_B                      ; NONE                 ; Untyped                             ;
; WRCONTROL_ACLR_B                   ; NONE                 ; Untyped                             ;
; ADDRESS_ACLR_B                     ; NONE                 ; Untyped                             ;
; OUTDATA_ACLR_B                     ; NONE                 ; Untyped                             ;
; RDCONTROL_ACLR_B                   ; NONE                 ; Untyped                             ;
; BYTEENA_ACLR_B                     ; NONE                 ; Untyped                             ;
; WIDTH_BYTEENA_A                    ; 1                    ; Signed Integer                      ;
; WIDTH_BYTEENA_B                    ; 1                    ; Signed Integer                      ;
; RAM_BLOCK_TYPE                     ; AUTO                 ; Untyped                             ;
; BYTE_SIZE                          ; 8                    ; Signed Integer                      ;
; READ_DURING_WRITE_MODE_MIXED_PORTS ; DONT_CARE            ; Untyped                             ;
; READ_DURING_WRITE_MODE_PORT_A      ; NEW_DATA_NO_NBE_READ ; Untyped                             ;
; READ_DURING_WRITE_MODE_PORT_B      ; NEW_DATA_NO_NBE_READ ; Untyped                             ;
; INIT_FILE                          ; UNUSED               ; Untyped                             ;
; INIT_FILE_LAYOUT                   ; PORT_A               ; Untyped                             ;
; MAXIMUM_DEPTH                      ; 0                    ; Signed Integer                      ;
; CLOCK_ENABLE_INPUT_A               ; BYPASS               ; Untyped                             ;
; CLOCK_ENABLE_INPUT_B               ; NORMAL               ; Untyped                             ;
; CLOCK_ENABLE_OUTPUT_A              ; BYPASS               ; Untyped                             ;
; CLOCK_ENABLE_OUTPUT_B              ; NORMAL               ; Untyped                             ;
; CLOCK_ENABLE_CORE_A                ; USE_INPUT_CLKEN      ; Untyped                             ;
; CLOCK_ENABLE_CORE_B                ; USE_INPUT_CLKEN      ; Untyped                             ;
; ENABLE_ECC                         ; FALSE                ; Untyped                             ;
; ECC_PIPELINE_STAGE_ENABLED         ; FALSE                ; Untyped                             ;
; WIDTH_ECCSTATUS                    ; 3                    ; Signed Integer                      ;
; DEVICE_FAMILY                      ; Cyclone IV E         ; Untyped                             ;
; CBXI_PARAMETER                     ; altsyncram_r1q3      ; Untyped                             ;
+------------------------------------+----------------------+-------------------------------------+
Note: In order to hide this table in the UI and the text report file, please set the "Show Parameter Settings in Synthesis Report" option in "Analysis and Synthesis Settings -> More Settings" to "Off".


+-------------------------------------------------------------------------------------------------+
; Parameter Settings for User Entity Instance: GAME_ROM:SOUNDROM2|altsyncram:altsyncram_component ;
+------------------------------------+----------------------+-------------------------------------+
; Parameter Name                     ; Value                ; Type                                ;
+------------------------------------+----------------------+-------------------------------------+
; BYTE_SIZE_BLOCK                    ; 8                    ; Untyped                             ;
; AUTO_CARRY_CHAINS                  ; ON                   ; AUTO_CARRY                          ;
; IGNORE_CARRY_BUFFERS               ; OFF                  ; IGNORE_CARRY                        ;
; AUTO_CASCADE_CHAINS                ; ON                   ; AUTO_CASCADE                        ;
; IGNORE_CASCADE_BUFFERS             ; OFF                  ; IGNORE_CASCADE                      ;
; WIDTH_BYTEENA                      ; 1                    ; Untyped                             ;
; OPERATION_MODE                     ; SINGLE_PORT          ; Untyped                             ;
; WIDTH_A                            ; 8                    ; Signed Integer                      ;
; WIDTHAD_A                          ; 11                   ; Signed Integer                      ;
; NUMWORDS_A                         ; 2048                 ; Signed Integer                      ;
; OUTDATA_REG_A                      ; UNREGISTERED         ; Untyped                             ;
; ADDRESS_ACLR_A                     ; NONE                 ; Untyped                             ;
; OUTDATA_ACLR_A                     ; NONE                 ; Untyped                             ;
; WRCONTROL_ACLR_A                   ; NONE                 ; Untyped                             ;
; INDATA_ACLR_A                      ; NONE                 ; Untyped                             ;
; BYTEENA_ACLR_A                     ; NONE                 ; Untyped                             ;
; WIDTH_B                            ; 1                    ; Signed Integer                      ;
; WIDTHAD_B                          ; 1                    ; Signed Integer                      ;
; NUMWORDS_B                         ; 0                    ; Signed Integer                      ;
; INDATA_REG_B                       ; CLOCK1               ; Untyped                             ;
; WRCONTROL_WRADDRESS_REG_B          ; CLOCK1               ; Untyped                             ;
; RDCONTROL_REG_B                    ; CLOCK1               ; Untyped                             ;
; ADDRESS_REG_B                      ; CLOCK1               ; Untyped                             ;
; OUTDATA_REG_B                      ; UNREGISTERED         ; Untyped                             ;
; BYTEENA_REG_B                      ; CLOCK1               ; Untyped                             ;
; INDATA_ACLR_B                      ; NONE                 ; Untyped                             ;
; WRCONTROL_ACLR_B                   ; NONE                 ; Untyped                             ;
; ADDRESS_ACLR_B                     ; NONE                 ; Untyped                             ;
; OUTDATA_ACLR_B                     ; NONE                 ; Untyped                             ;
; RDCONTROL_ACLR_B                   ; NONE                 ; Untyped                             ;
; BYTEENA_ACLR_B                     ; NONE                 ; Untyped                             ;
; WIDTH_BYTEENA_A                    ; 1                    ; Signed Integer                      ;
; WIDTH_BYTEENA_B                    ; 1                    ; Signed Integer                      ;
; RAM_BLOCK_TYPE                     ; AUTO                 ; Untyped                             ;
; BYTE_SIZE                          ; 8                    ; Signed Integer                      ;
; READ_DURING_WRITE_MODE_MIXED_PORTS ; DONT_CARE            ; Untyped                             ;
; READ_DURING_WRITE_MODE_PORT_A      ; NEW_DATA_NO_NBE_READ ; Untyped                             ;
; READ_DURING_WRITE_MODE_PORT_B      ; NEW_DATA_NO_NBE_READ ; Untyped                             ;
; INIT_FILE                          ; UNUSED               ; Untyped                             ;
; INIT_FILE_LAYOUT                   ; PORT_A               ; Untyped                             ;
; MAXIMUM_DEPTH                      ; 0                    ; Signed Integer                      ;
; CLOCK_ENABLE_INPUT_A               ; BYPASS               ; Untyped                             ;
; CLOCK_ENABLE_INPUT_B               ; NORMAL               ; Untyped                             ;
; CLOCK_ENABLE_OUTPUT_A              ; BYPASS               ; Untyped                             ;
; CLOCK_ENABLE_OUTPUT_B              ; NORMAL               ; Untyped                             ;
; CLOCK_ENABLE_CORE_A                ; USE_INPUT_CLKEN      ; Untyped                             ;
; CLOCK_ENABLE_CORE_B                ; USE_INPUT_CLKEN      ; Untyped                             ;
; ENABLE_ECC                         ; FALSE                ; Untyped                             ;
; ECC_PIPELINE_STAGE_ENABLED         ; FALSE                ; Untyped                             ;
; WIDTH_ECCSTATUS                    ; 3                    ; Signed Integer                      ;
; DEVICE_FAMILY                      ; Cyclone IV E         ; Untyped                             ;
; CBXI_PARAMETER                     ; altsyncram_r1q3      ; Untyped                             ;
+------------------------------------+----------------------+-------------------------------------+
Note: In order to hide this table in the UI and the text report file, please set the "Show Parameter Settings in Synthesis Report" option in "Analysis and Synthesis Settings -> More Settings" to "Off".


+--------------------------------------------------------------------------------------------+
; Parameter Settings for User Entity Instance: gosof80:SOUNDBOARD|DFPlayer_Mini_CMD:DFP_send ;
+----------------+-------+-------------------------------------------------------------------+
; Parameter Name ; Value ; Type                                                              ;
+----------------+-------+-------------------------------------------------------------------+
; g_clks_per_bit ; 5208  ; Signed Integer                                                    ;
+----------------+-------+-------------------------------------------------------------------+
Note: In order to hide this table in the UI and the text report file, please set the "Show Parameter Settings in Synthesis Report" option in "Analysis and Synthesis Settings -> More Settings" to "Off".


+-----------------------------------------------------------------------------------------------------------------+
; Parameter Settings for User Entity Instance: gosof80:SOUNDBOARD|SB_RAM:RIOT_RAM|altsyncram:altsyncram_component ;
+------------------------------------+----------------------+-----------------------------------------------------+
; Parameter Name                     ; Value                ; Type                                                ;
+------------------------------------+----------------------+-----------------------------------------------------+
; BYTE_SIZE_BLOCK                    ; 8                    ; Untyped                                             ;
; AUTO_CARRY_CHAINS                  ; ON                   ; AUTO_CARRY                                          ;
; IGNORE_CARRY_BUFFERS               ; OFF                  ; IGNORE_CARRY                                        ;
; AUTO_CASCADE_CHAINS                ; ON                   ; AUTO_CASCADE                                        ;
; IGNORE_CASCADE_BUFFERS             ; OFF                  ; IGNORE_CASCADE                                      ;
; WIDTH_BYTEENA                      ; 1                    ; Untyped                                             ;
; OPERATION_MODE                     ; SINGLE_PORT          ; Untyped                                             ;
; WIDTH_A                            ; 8                    ; Signed Integer                                      ;
; WIDTHAD_A                          ; 7                    ; Signed Integer                                      ;
; NUMWORDS_A                         ; 128                  ; Signed Integer                                      ;
; OUTDATA_REG_A                      ; CLOCK0               ; Untyped                                             ;
; ADDRESS_ACLR_A                     ; NONE                 ; Untyped                                             ;
; OUTDATA_ACLR_A                     ; NONE                 ; Untyped                                             ;
; WRCONTROL_ACLR_A                   ; NONE                 ; Untyped                                             ;
; INDATA_ACLR_A                      ; NONE                 ; Untyped                                             ;
; BYTEENA_ACLR_A                     ; NONE                 ; Untyped                                             ;
; WIDTH_B                            ; 1                    ; Signed Integer                                      ;
; WIDTHAD_B                          ; 1                    ; Signed Integer                                      ;
; NUMWORDS_B                         ; 0                    ; Signed Integer                                      ;
; INDATA_REG_B                       ; CLOCK1               ; Untyped                                             ;
; WRCONTROL_WRADDRESS_REG_B          ; CLOCK1               ; Untyped                                             ;
; RDCONTROL_REG_B                    ; CLOCK1               ; Untyped                                             ;
; ADDRESS_REG_B                      ; CLOCK1               ; Untyped                                             ;
; OUTDATA_REG_B                      ; UNREGISTERED         ; Untyped                                             ;
; BYTEENA_REG_B                      ; CLOCK1               ; Untyped                                             ;
; INDATA_ACLR_B                      ; NONE                 ; Untyped                                             ;
; WRCONTROL_ACLR_B                   ; NONE                 ; Untyped                                             ;
; ADDRESS_ACLR_B                     ; NONE                 ; Untyped                                             ;
; OUTDATA_ACLR_B                     ; NONE                 ; Untyped                                             ;
; RDCONTROL_ACLR_B                   ; NONE                 ; Untyped                                             ;
; BYTEENA_ACLR_B                     ; NONE                 ; Untyped                                             ;
; WIDTH_BYTEENA_A                    ; 1                    ; Signed Integer                                      ;
; WIDTH_BYTEENA_B                    ; 1                    ; Signed Integer                                      ;
; RAM_BLOCK_TYPE                     ; AUTO                 ; Untyped                                             ;
; BYTE_SIZE                          ; 8                    ; Signed Integer                                      ;
; READ_DURING_WRITE_MODE_MIXED_PORTS ; DONT_CARE            ; Untyped                                             ;
; READ_DURING_WRITE_MODE_PORT_A      ; NEW_DATA_NO_NBE_READ ; Untyped                                             ;
; READ_DURING_WRITE_MODE_PORT_B      ; NEW_DATA_NO_NBE_READ ; Untyped                                             ;
; INIT_FILE                          ; UNUSED               ; Untyped                                             ;
; INIT_FILE_LAYOUT                   ; PORT_A               ; Untyped                                             ;
; MAXIMUM_DEPTH                      ; 0                    ; Signed Integer                                      ;
; CLOCK_ENABLE_INPUT_A               ; BYPASS               ; Untyped                                             ;
; CLOCK_ENABLE_INPUT_B               ; NORMAL               ; Untyped                                             ;
; CLOCK_ENABLE_OUTPUT_A              ; BYPASS               ; Untyped                                             ;
; CLOCK_ENABLE_OUTPUT_B              ; NORMAL               ; Untyped                                             ;
; CLOCK_ENABLE_CORE_A                ; USE_INPUT_CLKEN      ; Untyped                                             ;
; CLOCK_ENABLE_CORE_B                ; USE_INPUT_CLKEN      ; Untyped                                             ;
; ENABLE_ECC                         ; FALSE                ; Untyped                                             ;
; ECC_PIPELINE_STAGE_ENABLED         ; FALSE                ; Untyped                                             ;
; WIDTH_ECCSTATUS                    ; 3                    ; Signed Integer                                      ;
; DEVICE_FAMILY                      ; Cyclone IV E         ; Untyped                                             ;
; CBXI_PARAMETER                     ; altsyncram_88p3      ; Untyped                                             ;
+------------------------------------+----------------------+-----------------------------------------------------+
Note: In order to hide this table in the UI and the text report file, please set the "Show Parameter Settings in Synthesis Report" option in "Analysis and Synthesis Settings -> More Settings" to "Off".


+-------------------------------------------------------------------------------+
; Parameter Settings for User Entity Instance: gosof80:SOUNDBOARD|dac:Audio_DAC ;
+----------------+-------+------------------------------------------------------+
; Parameter Name ; Value ; Type                                                 ;
+----------------+-------+------------------------------------------------------+
; msbi_g         ; 7     ; Signed Integer                                       ;
+----------------+-------+------------------------------------------------------+
Note: In order to hide this table in the UI and the text report file, please set the "Show Parameter Settings in Synthesis Report" option in "Analysis and Synthesis Settings -> More Settings" to "Off".


+--------------------------------------------------------------------------------------+
; Parameter Settings for Inferred Entity Instance: byte_to_ascii:CONVS|lpm_divide:Div1 ;
+------------------------+----------------+--------------------------------------------+
; Parameter Name         ; Value          ; Type                                       ;
+------------------------+----------------+--------------------------------------------+
; LPM_WIDTHN             ; 8              ; Untyped                                    ;
; LPM_WIDTHD             ; 4              ; Untyped                                    ;
; LPM_NREPRESENTATION    ; UNSIGNED       ; Untyped                                    ;
; LPM_DREPRESENTATION    ; UNSIGNED       ; Untyped                                    ;
; LPM_PIPELINE           ; 0              ; Untyped                                    ;
; LPM_REMAINDERPOSITIVE  ; TRUE           ; Untyped                                    ;
; MAXIMIZE_SPEED         ; 5              ; Untyped                                    ;
; CBXI_PARAMETER         ; lpm_divide_jhm ; Untyped                                    ;
; CARRY_CHAIN            ; MANUAL         ; Untyped                                    ;
; OPTIMIZE_FOR_SPEED     ; 5              ; Untyped                                    ;
; AUTO_CARRY_CHAINS      ; ON             ; AUTO_CARRY                                 ;
; IGNORE_CARRY_BUFFERS   ; OFF            ; IGNORE_CARRY                               ;
; AUTO_CASCADE_CHAINS    ; ON             ; AUTO_CASCADE                               ;
; IGNORE_CASCADE_BUFFERS ; OFF            ; IGNORE_CASCADE                             ;
+------------------------+----------------+--------------------------------------------+
Note: In order to hide this table in the UI and the text report file, please set the "Show Parameter Settings in Synthesis Report" option in "Analysis and Synthesis Settings -> More Settings" to "Off".


+--------------------------------------------------------------------------------------+
; Parameter Settings for Inferred Entity Instance: byte_to_ascii:CONVO|lpm_divide:Div1 ;
+------------------------+----------------+--------------------------------------------+
; Parameter Name         ; Value          ; Type                                       ;
+------------------------+----------------+--------------------------------------------+
; LPM_WIDTHN             ; 8              ; Untyped                                    ;
; LPM_WIDTHD             ; 4              ; Untyped                                    ;
; LPM_NREPRESENTATION    ; UNSIGNED       ; Untyped                                    ;
; LPM_DREPRESENTATION    ; UNSIGNED       ; Untyped                                    ;
; LPM_PIPELINE           ; 0              ; Untyped                                    ;
; LPM_REMAINDERPOSITIVE  ; TRUE           ; Untyped                                    ;
; MAXIMIZE_SPEED         ; 5              ; Untyped                                    ;
; CBXI_PARAMETER         ; lpm_divide_jhm ; Untyped                                    ;
; CARRY_CHAIN            ; MANUAL         ; Untyped                                    ;
; OPTIMIZE_FOR_SPEED     ; 5              ; Untyped                                    ;
; AUTO_CARRY_CHAINS      ; ON             ; AUTO_CARRY                                 ;
; IGNORE_CARRY_BUFFERS   ; OFF            ; IGNORE_CARRY                               ;
; AUTO_CASCADE_CHAINS    ; ON             ; AUTO_CASCADE                               ;
; IGNORE_CASCADE_BUFFERS ; OFF            ; IGNORE_CASCADE                             ;
+------------------------+----------------+--------------------------------------------+
Note: In order to hide this table in the UI and the text report file, please set the "Show Parameter Settings in Synthesis Report" option in "Analysis and Synthesis Settings -> More Settings" to "Off".


+--------------------------------------------------------------------------------------+
; Parameter Settings for Inferred Entity Instance: byte_to_ascii:CONVG|lpm_divide:Div1 ;
+------------------------+----------------+--------------------------------------------+
; Parameter Name         ; Value          ; Type                                       ;
+------------------------+----------------+--------------------------------------------+
; LPM_WIDTHN             ; 8              ; Untyped                                    ;
; LPM_WIDTHD             ; 4              ; Untyped                                    ;
; LPM_NREPRESENTATION    ; UNSIGNED       ; Untyped                                    ;
; LPM_DREPRESENTATION    ; UNSIGNED       ; Untyped                                    ;
; LPM_PIPELINE           ; 0              ; Untyped                                    ;
; LPM_REMAINDERPOSITIVE  ; TRUE           ; Untyped                                    ;
; MAXIMIZE_SPEED         ; 5              ; Untyped                                    ;
; CBXI_PARAMETER         ; lpm_divide_jhm ; Untyped                                    ;
; CARRY_CHAIN            ; MANUAL         ; Untyped                                    ;
; OPTIMIZE_FOR_SPEED     ; 5              ; Untyped                                    ;
; AUTO_CARRY_CHAINS      ; ON             ; AUTO_CARRY                                 ;
; IGNORE_CARRY_BUFFERS   ; OFF            ; IGNORE_CARRY                               ;
; AUTO_CASCADE_CHAINS    ; ON             ; AUTO_CASCADE                               ;
; IGNORE_CASCADE_BUFFERS ; OFF            ; IGNORE_CASCADE                             ;
+------------------------+----------------+--------------------------------------------+
Note: In order to hide this table in the UI and the text report file, please set the "Show Parameter Settings in Synthesis Report" option in "Analysis and Synthesis Settings -> More Settings" to "Off".


+--------------------------------------------------------------------------------------+
; Parameter Settings for Inferred Entity Instance: byte_to_ascii:CONVG|lpm_divide:Div0 ;
+------------------------+----------------+--------------------------------------------+
; Parameter Name         ; Value          ; Type                                       ;
+------------------------+----------------+--------------------------------------------+
; LPM_WIDTHN             ; 8              ; Untyped                                    ;
; LPM_WIDTHD             ; 7              ; Untyped                                    ;
; LPM_NREPRESENTATION    ; UNSIGNED       ; Untyped                                    ;
; LPM_DREPRESENTATION    ; UNSIGNED       ; Untyped                                    ;
; LPM_PIPELINE           ; 0              ; Untyped                                    ;
; LPM_REMAINDERPOSITIVE  ; TRUE           ; Untyped                                    ;
; MAXIMIZE_SPEED         ; 5              ; Untyped                                    ;
; CBXI_PARAMETER         ; lpm_divide_mhm ; Untyped                                    ;
; CARRY_CHAIN            ; MANUAL         ; Untyped                                    ;
; OPTIMIZE_FOR_SPEED     ; 5              ; Untyped                                    ;
; AUTO_CARRY_CHAINS      ; ON             ; AUTO_CARRY                                 ;
; IGNORE_CARRY_BUFFERS   ; OFF            ; IGNORE_CARRY                               ;
; AUTO_CASCADE_CHAINS    ; ON             ; AUTO_CASCADE                               ;
; IGNORE_CASCADE_BUFFERS ; OFF            ; IGNORE_CASCADE                             ;
+------------------------+----------------+--------------------------------------------+
Note: In order to hide this table in the UI and the text report file, please set the "Show Parameter Settings in Synthesis Report" option in "Analysis and Synthesis Settings -> More Settings" to "Off".


+-------------------------------------------------------------------------------------+
; Parameter Settings for Inferred Entity Instance: byte_to_ascii:CONVS|lpm_mult:Mult0 ;
+------------------------------------------------+--------------+---------------------+
; Parameter Name                                 ; Value        ; Type                ;
+------------------------------------------------+--------------+---------------------+
; AUTO_CARRY_CHAINS                              ; ON           ; AUTO_CARRY          ;
; IGNORE_CARRY_BUFFERS                           ; OFF          ; IGNORE_CARRY        ;
; AUTO_CASCADE_CHAINS                            ; ON           ; AUTO_CASCADE        ;
; IGNORE_CASCADE_BUFFERS                         ; OFF          ; IGNORE_CASCADE      ;
; LPM_WIDTHA                                     ; 7            ; Untyped             ;
; LPM_WIDTHB                                     ; 4            ; Untyped             ;
; LPM_WIDTHP                                     ; 11           ; Untyped             ;
; LPM_WIDTHR                                     ; 11           ; Untyped             ;
; LPM_WIDTHS                                     ; 1            ; Untyped             ;
; LPM_REPRESENTATION                             ; UNSIGNED     ; Untyped             ;
; LPM_PIPELINE                                   ; 0            ; Untyped             ;
; LATENCY                                        ; 0            ; Untyped             ;
; INPUT_A_IS_CONSTANT                            ; YES          ; Untyped             ;
; INPUT_B_IS_CONSTANT                            ; NO           ; Untyped             ;
; USE_EAB                                        ; OFF          ; Untyped             ;
; MAXIMIZE_SPEED                                 ; 5            ; Untyped             ;
; DEVICE_FAMILY                                  ; Cyclone IV E ; Untyped             ;
; CARRY_CHAIN                                    ; MANUAL       ; Untyped             ;
; APEX20K_TECHNOLOGY_MAPPER                      ; LUT          ; TECH_MAPPER_APEX20K ;
; DEDICATED_MULTIPLIER_CIRCUITRY                 ; AUTO         ; Untyped             ;
; DEDICATED_MULTIPLIER_MIN_INPUT_WIDTH_FOR_AUTO  ; 0            ; Untyped             ;
; DEDICATED_MULTIPLIER_MIN_OUTPUT_WIDTH_FOR_AUTO ; 0            ; Untyped             ;
; CBXI_PARAMETER                                 ; NOTHING      ; Untyped             ;
; INPUT_A_FIXED_VALUE                            ; Bx           ; Untyped             ;
; INPUT_B_FIXED_VALUE                            ; Bx           ; Untyped             ;
; USE_AHDL_IMPLEMENTATION                        ; OFF          ; Untyped             ;
+------------------------------------------------+--------------+---------------------+
Note: In order to hide this table in the UI and the text report file, please set the "Show Parameter Settings in Synthesis Report" option in "Analysis and Synthesis Settings -> More Settings" to "Off".


+-------------------------------------------------------------------------------------+
; Parameter Settings for Inferred Entity Instance: byte_to_ascii:CONVO|lpm_mult:Mult0 ;
+------------------------------------------------+--------------+---------------------+
; Parameter Name                                 ; Value        ; Type                ;
+------------------------------------------------+--------------+---------------------+
; AUTO_CARRY_CHAINS                              ; ON           ; AUTO_CARRY          ;
; IGNORE_CARRY_BUFFERS                           ; OFF          ; IGNORE_CARRY        ;
; AUTO_CASCADE_CHAINS                            ; ON           ; AUTO_CASCADE        ;
; IGNORE_CASCADE_BUFFERS                         ; OFF          ; IGNORE_CASCADE      ;
; LPM_WIDTHA                                     ; 7            ; Untyped             ;
; LPM_WIDTHB                                     ; 4            ; Untyped             ;
; LPM_WIDTHP                                     ; 11           ; Untyped             ;
; LPM_WIDTHR                                     ; 11           ; Untyped             ;
; LPM_WIDTHS                                     ; 1            ; Untyped             ;
; LPM_REPRESENTATION                             ; UNSIGNED     ; Untyped             ;
; LPM_PIPELINE                                   ; 0            ; Untyped             ;
; LATENCY                                        ; 0            ; Untyped             ;
; INPUT_A_IS_CONSTANT                            ; YES          ; Untyped             ;
; INPUT_B_IS_CONSTANT                            ; NO           ; Untyped             ;
; USE_EAB                                        ; OFF          ; Untyped             ;
; MAXIMIZE_SPEED                                 ; 5            ; Untyped             ;
; DEVICE_FAMILY                                  ; Cyclone IV E ; Untyped             ;
; CARRY_CHAIN                                    ; MANUAL       ; Untyped             ;
; APEX20K_TECHNOLOGY_MAPPER                      ; LUT          ; TECH_MAPPER_APEX20K ;
; DEDICATED_MULTIPLIER_CIRCUITRY                 ; AUTO         ; Untyped             ;
; DEDICATED_MULTIPLIER_MIN_INPUT_WIDTH_FOR_AUTO  ; 0            ; Untyped             ;
; DEDICATED_MULTIPLIER_MIN_OUTPUT_WIDTH_FOR_AUTO ; 0            ; Untyped             ;
; CBXI_PARAMETER                                 ; NOTHING      ; Untyped             ;
; INPUT_A_FIXED_VALUE                            ; Bx           ; Untyped             ;
; INPUT_B_FIXED_VALUE                            ; Bx           ; Untyped             ;
; USE_AHDL_IMPLEMENTATION                        ; OFF          ; Untyped             ;
+------------------------------------------------+--------------+---------------------+
Note: In order to hide this table in the UI and the text report file, please set the "Show Parameter Settings in Synthesis Report" option in "Analysis and Synthesis Settings -> More Settings" to "Off".


+-------------------------------------------------------------------------------------+
; Parameter Settings for Inferred Entity Instance: byte_to_ascii:CONVG|lpm_mult:Mult0 ;
+------------------------------------------------+--------------+---------------------+
; Parameter Name                                 ; Value        ; Type                ;
+------------------------------------------------+--------------+---------------------+
; AUTO_CARRY_CHAINS                              ; ON           ; AUTO_CARRY          ;
; IGNORE_CARRY_BUFFERS                           ; OFF          ; IGNORE_CARRY        ;
; AUTO_CASCADE_CHAINS                            ; ON           ; AUTO_CASCADE        ;
; IGNORE_CASCADE_BUFFERS                         ; OFF          ; IGNORE_CASCADE      ;
; LPM_WIDTHA                                     ; 7            ; Untyped             ;
; LPM_WIDTHB                                     ; 4            ; Untyped             ;
; LPM_WIDTHP                                     ; 11           ; Untyped             ;
; LPM_WIDTHR                                     ; 11           ; Untyped             ;
; LPM_WIDTHS                                     ; 1            ; Untyped             ;
; LPM_REPRESENTATION                             ; UNSIGNED     ; Untyped             ;
; LPM_PIPELINE                                   ; 0            ; Untyped             ;
; LATENCY                                        ; 0            ; Untyped             ;
; INPUT_A_IS_CONSTANT                            ; YES          ; Untyped             ;
; INPUT_B_IS_CONSTANT                            ; NO           ; Untyped             ;
; USE_EAB                                        ; OFF          ; Untyped             ;
; MAXIMIZE_SPEED                                 ; 5            ; Untyped             ;
; DEVICE_FAMILY                                  ; Cyclone IV E ; Untyped             ;
; CARRY_CHAIN                                    ; MANUAL       ; Untyped             ;
; APEX20K_TECHNOLOGY_MAPPER                      ; LUT          ; TECH_MAPPER_APEX20K ;
; DEDICATED_MULTIPLIER_CIRCUITRY                 ; AUTO         ; Untyped             ;
; DEDICATED_MULTIPLIER_MIN_INPUT_WIDTH_FOR_AUTO  ; 0            ; Untyped             ;
; DEDICATED_MULTIPLIER_MIN_OUTPUT_WIDTH_FOR_AUTO ; 0            ; Untyped             ;
; CBXI_PARAMETER                                 ; NOTHING      ; Untyped             ;
; INPUT_A_FIXED_VALUE                            ; Bx           ; Untyped             ;
; INPUT_B_FIXED_VALUE                            ; Bx           ; Untyped             ;
; USE_AHDL_IMPLEMENTATION                        ; OFF          ; Untyped             ;
+------------------------------------------------+--------------+---------------------+
Note: In order to hide this table in the UI and the text report file, please set the "Show Parameter Settings in Synthesis Report" option in "Analysis and Synthesis Settings -> More Settings" to "Off".


+--------------------------------------------------------------------------------------+
; Parameter Settings for Inferred Entity Instance: byte_to_ascii:CONVS|lpm_divide:Div0 ;
+------------------------+----------------+--------------------------------------------+
; Parameter Name         ; Value          ; Type                                       ;
+------------------------+----------------+--------------------------------------------+
; LPM_WIDTHN             ; 8              ; Untyped                                    ;
; LPM_WIDTHD             ; 7              ; Untyped                                    ;
; LPM_NREPRESENTATION    ; UNSIGNED       ; Untyped                                    ;
; LPM_DREPRESENTATION    ; UNSIGNED       ; Untyped                                    ;
; LPM_PIPELINE           ; 0              ; Untyped                                    ;
; LPM_REMAINDERPOSITIVE  ; TRUE           ; Untyped                                    ;
; MAXIMIZE_SPEED         ; 5              ; Untyped                                    ;
; CBXI_PARAMETER         ; lpm_divide_mhm ; Untyped                                    ;
; CARRY_CHAIN            ; MANUAL         ; Untyped                                    ;
; OPTIMIZE_FOR_SPEED     ; 5              ; Untyped                                    ;
; AUTO_CARRY_CHAINS      ; ON             ; AUTO_CARRY                                 ;
; IGNORE_CARRY_BUFFERS   ; OFF            ; IGNORE_CARRY                               ;
; AUTO_CASCADE_CHAINS    ; ON             ; AUTO_CASCADE                               ;
; IGNORE_CASCADE_BUFFERS ; OFF            ; IGNORE_CASCADE                             ;
+------------------------+----------------+--------------------------------------------+
Note: In order to hide this table in the UI and the text report file, please set the "Show Parameter Settings in Synthesis Report" option in "Analysis and Synthesis Settings -> More Settings" to "Off".


+--------------------------------------------------------------------------------------+
; Parameter Settings for Inferred Entity Instance: byte_to_ascii:CONVO|lpm_divide:Div0 ;
+------------------------+----------------+--------------------------------------------+
; Parameter Name         ; Value          ; Type                                       ;
+------------------------+----------------+--------------------------------------------+
; LPM_WIDTHN             ; 8              ; Untyped                                    ;
; LPM_WIDTHD             ; 7              ; Untyped                                    ;
; LPM_NREPRESENTATION    ; UNSIGNED       ; Untyped                                    ;
; LPM_DREPRESENTATION    ; UNSIGNED       ; Untyped                                    ;
; LPM_PIPELINE           ; 0              ; Untyped                                    ;
; LPM_REMAINDERPOSITIVE  ; TRUE           ; Untyped                                    ;
; MAXIMIZE_SPEED         ; 5              ; Untyped                                    ;
; CBXI_PARAMETER         ; lpm_divide_mhm ; Untyped                                    ;
; CARRY_CHAIN            ; MANUAL         ; Untyped                                    ;
; OPTIMIZE_FOR_SPEED     ; 5              ; Untyped                                    ;
; AUTO_CARRY_CHAINS      ; ON             ; AUTO_CARRY                                 ;
; IGNORE_CARRY_BUFFERS   ; OFF            ; IGNORE_CARRY                               ;
; AUTO_CASCADE_CHAINS    ; ON             ; AUTO_CASCADE                               ;
; IGNORE_CASCADE_BUFFERS ; OFF            ; IGNORE_CASCADE                             ;
+------------------------+----------------+--------------------------------------------+
Note: In order to hide this table in the UI and the text report file, please set the "Show Parameter Settings in Synthesis Report" option in "Analysis and Synthesis Settings -> More Settings" to "Off".


+---------------------------------------------------------------------------------------------------+
; Parameter Settings for Inferred Entity Instance: gosof80:SOUNDBOARD|SC01:SC01_Simu|lpm_mult:Mult0 ;
+------------------------------------------------+--------------+-----------------------------------+
; Parameter Name                                 ; Value        ; Type                              ;
+------------------------------------------------+--------------+-----------------------------------+
; AUTO_CARRY_CHAINS                              ; ON           ; AUTO_CARRY                        ;
; IGNORE_CARRY_BUFFERS                           ; OFF          ; IGNORE_CARRY                      ;
; AUTO_CASCADE_CHAINS                            ; ON           ; AUTO_CASCADE                      ;
; IGNORE_CASCADE_BUFFERS                         ; OFF          ; IGNORE_CASCADE                    ;
; LPM_WIDTHA                                     ; 8            ; Untyped                           ;
; LPM_WIDTHB                                     ; 16           ; Untyped                           ;
; LPM_WIDTHP                                     ; 24           ; Untyped                           ;
; LPM_WIDTHR                                     ; 24           ; Untyped                           ;
; LPM_WIDTHS                                     ; 1            ; Untyped                           ;
; LPM_REPRESENTATION                             ; UNSIGNED     ; Untyped                           ;
; LPM_PIPELINE                                   ; 0            ; Untyped                           ;
; LATENCY                                        ; 0            ; Untyped                           ;
; INPUT_A_IS_CONSTANT                            ; NO           ; Untyped                           ;
; INPUT_B_IS_CONSTANT                            ; YES          ; Untyped                           ;
; USE_EAB                                        ; OFF          ; Untyped                           ;
; MAXIMIZE_SPEED                                 ; 6            ; Untyped                           ;
; DEVICE_FAMILY                                  ; Cyclone IV E ; Untyped                           ;
; CARRY_CHAIN                                    ; MANUAL       ; Untyped                           ;
; APEX20K_TECHNOLOGY_MAPPER                      ; LUT          ; TECH_MAPPER_APEX20K               ;
; DEDICATED_MULTIPLIER_CIRCUITRY                 ; AUTO         ; Untyped                           ;
; DEDICATED_MULTIPLIER_MIN_INPUT_WIDTH_FOR_AUTO  ; 0            ; Untyped                           ;
; DEDICATED_MULTIPLIER_MIN_OUTPUT_WIDTH_FOR_AUTO ; 0            ; Untyped                           ;
; CBXI_PARAMETER                                 ; NOTHING      ; Untyped                           ;
; INPUT_A_FIXED_VALUE                            ; Bx           ; Untyped                           ;
; INPUT_B_FIXED_VALUE                            ; Bx           ; Untyped                           ;
; USE_AHDL_IMPLEMENTATION                        ; OFF          ; Untyped                           ;
+------------------------------------------------+--------------+-----------------------------------+
Note: In order to hide this table in the UI and the text report file, please set the "Show Parameter Settings in Synthesis Report" option in "Analysis and Synthesis Settings -> More Settings" to "Off".


+----------------------------------------------------------------------------------------------------------------+
; altsyncram Parameter Settings by Entity Instance                                                               ;
+-------------------------------------------+--------------------------------------------------------------------+
; Name                                      ; Value                                                              ;
+-------------------------------------------+--------------------------------------------------------------------+
; Number of entity instances                ; 10                                                                 ;
; Entity Instance                           ; R5101:Z5|altsyncram:altsyncram_component                           ;
;     -- OPERATION_MODE                     ; BIDIR_DUAL_PORT                                                    ;
;     -- WIDTH_A                            ; 4                                                                  ;
;     -- NUMWORDS_A                         ; 256                                                                ;
;     -- OUTDATA_REG_A                      ; UNREGISTERED                                                       ;
;     -- WIDTH_B                            ; 8                                                                  ;
;     -- NUMWORDS_B                         ; 128                                                                ;
;     -- ADDRESS_REG_B                      ; CLOCK0                                                             ;
;     -- OUTDATA_REG_B                      ; UNREGISTERED                                                       ;
;     -- RAM_BLOCK_TYPE                     ; AUTO                                                               ;
;     -- READ_DURING_WRITE_MODE_MIXED_PORTS ; DONT_CARE                                                          ;
; Entity Instance                           ; RIOT_RAM:U4_RAM|altsyncram:altsyncram_component                    ;
;     -- OPERATION_MODE                     ; SINGLE_PORT                                                        ;
;     -- WIDTH_A                            ; 8                                                                  ;
;     -- NUMWORDS_A                         ; 256                                                                ;
;     -- OUTDATA_REG_A                      ; CLOCK0                                                             ;
;     -- WIDTH_B                            ; 1                                                                  ;
;     -- NUMWORDS_B                         ; 0                                                                  ;
;     -- ADDRESS_REG_B                      ; CLOCK1                                                             ;
;     -- OUTDATA_REG_B                      ; UNREGISTERED                                                       ;
;     -- RAM_BLOCK_TYPE                     ; AUTO                                                               ;
;     -- READ_DURING_WRITE_MODE_MIXED_PORTS ; DONT_CARE                                                          ;
; Entity Instance                           ; RIOT_RAM:U5_RAM|altsyncram:altsyncram_component                    ;
;     -- OPERATION_MODE                     ; SINGLE_PORT                                                        ;
;     -- WIDTH_A                            ; 8                                                                  ;
;     -- NUMWORDS_A                         ; 256                                                                ;
;     -- OUTDATA_REG_A                      ; CLOCK0                                                             ;
;     -- WIDTH_B                            ; 1                                                                  ;
;     -- NUMWORDS_B                         ; 0                                                                  ;
;     -- ADDRESS_REG_B                      ; CLOCK1                                                             ;
;     -- OUTDATA_REG_B                      ; UNREGISTERED                                                       ;
;     -- RAM_BLOCK_TYPE                     ; AUTO                                                               ;
;     -- READ_DURING_WRITE_MODE_MIXED_PORTS ; DONT_CARE                                                          ;
; Entity Instance                           ; RIOT_RAM:U6_RAM|altsyncram:altsyncram_component                    ;
;     -- OPERATION_MODE                     ; SINGLE_PORT                                                        ;
;     -- WIDTH_A                            ; 8                                                                  ;
;     -- NUMWORDS_A                         ; 256                                                                ;
;     -- OUTDATA_REG_A                      ; CLOCK0                                                             ;
;     -- WIDTH_B                            ; 1                                                                  ;
;     -- NUMWORDS_B                         ; 0                                                                  ;
;     -- ADDRESS_REG_B                      ; CLOCK1                                                             ;
;     -- OUTDATA_REG_B                      ; UNREGISTERED                                                       ;
;     -- RAM_BLOCK_TYPE                     ; AUTO                                                               ;
;     -- READ_DURING_WRITE_MODE_MIXED_PORTS ; DONT_CARE                                                          ;
; Entity Instance                           ; GAME_ROM:GAME|altsyncram:altsyncram_component                      ;
;     -- OPERATION_MODE                     ; SINGLE_PORT                                                        ;
;     -- WIDTH_A                            ; 8                                                                  ;
;     -- NUMWORDS_A                         ; 2048                                                               ;
;     -- OUTDATA_REG_A                      ; UNREGISTERED                                                       ;
;     -- WIDTH_B                            ; 1                                                                  ;
;     -- NUMWORDS_B                         ; 0                                                                  ;
;     -- ADDRESS_REG_B                      ; CLOCK1                                                             ;
;     -- OUTDATA_REG_B                      ; UNREGISTERED                                                       ;
;     -- RAM_BLOCK_TYPE                     ; AUTO                                                               ;
;     -- READ_DURING_WRITE_MODE_MIXED_PORTS ; DONT_CARE                                                          ;
; Entity Instance                           ; GAME_ROM:GAME2|altsyncram:altsyncram_component                     ;
;     -- OPERATION_MODE                     ; SINGLE_PORT                                                        ;
;     -- WIDTH_A                            ; 8                                                                  ;
;     -- NUMWORDS_A                         ; 2048                                                               ;
;     -- OUTDATA_REG_A                      ; UNREGISTERED                                                       ;
;     -- WIDTH_B                            ; 1                                                                  ;
;     -- NUMWORDS_B                         ; 0                                                                  ;
;     -- ADDRESS_REG_B                      ; CLOCK1                                                             ;
;     -- OUTDATA_REG_B                      ; UNREGISTERED                                                       ;
;     -- RAM_BLOCK_TYPE                     ; AUTO                                                               ;
;     -- READ_DURING_WRITE_MODE_MIXED_PORTS ; DONT_CARE                                                          ;
; Entity Instance                           ; SYSTEM_ROM:SYSTEM|altsyncram:altsyncram_component                  ;
;     -- OPERATION_MODE                     ; SINGLE_PORT                                                        ;
;     -- WIDTH_A                            ; 8                                                                  ;
;     -- NUMWORDS_A                         ; 8192                                                               ;
;     -- OUTDATA_REG_A                      ; UNREGISTERED                                                       ;
;     -- WIDTH_B                            ; 1                                                                  ;
;     -- NUMWORDS_B                         ; 0                                                                  ;
;     -- ADDRESS_REG_B                      ; CLOCK1                                                             ;
;     -- OUTDATA_REG_B                      ; UNREGISTERED                                                       ;
;     -- RAM_BLOCK_TYPE                     ; AUTO                                                               ;
;     -- READ_DURING_WRITE_MODE_MIXED_PORTS ; DONT_CARE                                                          ;
; Entity Instance                           ; GAME_ROM:SOUNDROM1|altsyncram:altsyncram_component                 ;
;     -- OPERATION_MODE                     ; SINGLE_PORT                                                        ;
;     -- WIDTH_A                            ; 8                                                                  ;
;     -- NUMWORDS_A                         ; 2048                                                               ;
;     -- OUTDATA_REG_A                      ; UNREGISTERED                                                       ;
;     -- WIDTH_B                            ; 1                                                                  ;
;     -- NUMWORDS_B                         ; 0                                                                  ;
;     -- ADDRESS_REG_B                      ; CLOCK1                                                             ;
;     -- OUTDATA_REG_B                      ; UNREGISTERED                                                       ;
;     -- RAM_BLOCK_TYPE                     ; AUTO                                                               ;
;     -- READ_DURING_WRITE_MODE_MIXED_PORTS ; DONT_CARE                                                          ;
; Entity Instance                           ; GAME_ROM:SOUNDROM2|altsyncram:altsyncram_component                 ;
;     -- OPERATION_MODE                     ; SINGLE_PORT                                                        ;
;     -- WIDTH_A                            ; 8                                                                  ;
;     -- NUMWORDS_A                         ; 2048                                                               ;
;     -- OUTDATA_REG_A                      ; UNREGISTERED                                                       ;
;     -- WIDTH_B                            ; 1                                                                  ;
;     -- NUMWORDS_B                         ; 0                                                                  ;
;     -- ADDRESS_REG_B                      ; CLOCK1                                                             ;
;     -- OUTDATA_REG_B                      ; UNREGISTERED                                                       ;
;     -- RAM_BLOCK_TYPE                     ; AUTO                                                               ;
;     -- READ_DURING_WRITE_MODE_MIXED_PORTS ; DONT_CARE                                                          ;
; Entity Instance                           ; gosof80:SOUNDBOARD|SB_RAM:RIOT_RAM|altsyncram:altsyncram_component ;
;     -- OPERATION_MODE                     ; SINGLE_PORT                                                        ;
;     -- WIDTH_A                            ; 8                                                                  ;
;     -- NUMWORDS_A                         ; 128                                                                ;
;     -- OUTDATA_REG_A                      ; CLOCK0                                                             ;
;     -- WIDTH_B                            ; 1                                                                  ;
;     -- NUMWORDS_B                         ; 0                                                                  ;
;     -- ADDRESS_REG_B                      ; CLOCK1                                                             ;
;     -- OUTDATA_REG_B                      ; UNREGISTERED                                                       ;
;     -- RAM_BLOCK_TYPE                     ; AUTO                                                               ;
;     -- READ_DURING_WRITE_MODE_MIXED_PORTS ; DONT_CARE                                                          ;
+-------------------------------------------+--------------------------------------------------------------------+


+------------------------------------------------------------------------------------------+
; lpm_mult Parameter Settings by Entity Instance                                           ;
+---------------------------------------+--------------------------------------------------+
; Name                                  ; Value                                            ;
+---------------------------------------+--------------------------------------------------+
; Number of entity instances            ; 4                                                ;
; Entity Instance                       ; byte_to_ascii:CONVS|lpm_mult:Mult0               ;
;     -- LPM_WIDTHA                     ; 7                                                ;
;     -- LPM_WIDTHB                     ; 4                                                ;
;     -- LPM_WIDTHP                     ; 11                                               ;
;     -- LPM_REPRESENTATION             ; UNSIGNED                                         ;
;     -- INPUT_A_IS_CONSTANT            ; YES                                              ;
;     -- INPUT_B_IS_CONSTANT            ; NO                                               ;
;     -- USE_EAB                        ; OFF                                              ;
;     -- DEDICATED_MULTIPLIER_CIRCUITRY ; AUTO                                             ;
;     -- INPUT_A_FIXED_VALUE            ; Bx                                               ;
;     -- INPUT_B_FIXED_VALUE            ; Bx                                               ;
; Entity Instance                       ; byte_to_ascii:CONVO|lpm_mult:Mult0               ;
;     -- LPM_WIDTHA                     ; 7                                                ;
;     -- LPM_WIDTHB                     ; 4                                                ;
;     -- LPM_WIDTHP                     ; 11                                               ;
;     -- LPM_REPRESENTATION             ; UNSIGNED                                         ;
;     -- INPUT_A_IS_CONSTANT            ; YES                                              ;
;     -- INPUT_B_IS_CONSTANT            ; NO                                               ;
;     -- USE_EAB                        ; OFF                                              ;
;     -- DEDICATED_MULTIPLIER_CIRCUITRY ; AUTO                                             ;
;     -- INPUT_A_FIXED_VALUE            ; Bx                                               ;
;     -- INPUT_B_FIXED_VALUE            ; Bx                                               ;
; Entity Instance                       ; byte_to_ascii:CONVG|lpm_mult:Mult0               ;
;     -- LPM_WIDTHA                     ; 7                                                ;
;     -- LPM_WIDTHB                     ; 4                                                ;
;     -- LPM_WIDTHP                     ; 11                                               ;
;     -- LPM_REPRESENTATION             ; UNSIGNED                                         ;
;     -- INPUT_A_IS_CONSTANT            ; YES                                              ;
;     -- INPUT_B_IS_CONSTANT            ; NO                                               ;
;     -- USE_EAB                        ; OFF                                              ;
;     -- DEDICATED_MULTIPLIER_CIRCUITRY ; AUTO                                             ;
;     -- INPUT_A_FIXED_VALUE            ; Bx                                               ;
;     -- INPUT_B_FIXED_VALUE            ; Bx                                               ;
; Entity Instance                       ; gosof80:SOUNDBOARD|SC01:SC01_Simu|lpm_mult:Mult0 ;
;     -- LPM_WIDTHA                     ; 8                                                ;
;     -- LPM_WIDTHB                     ; 16                                               ;
;     -- LPM_WIDTHP                     ; 24                                               ;
;     -- LPM_REPRESENTATION             ; UNSIGNED                                         ;
;     -- INPUT_A_IS_CONSTANT            ; NO                                               ;
;     -- INPUT_B_IS_CONSTANT            ; YES                                              ;
;     -- USE_EAB                        ; OFF                                              ;
;     -- DEDICATED_MULTIPLIER_CIRCUITRY ; AUTO                                             ;
;     -- INPUT_A_FIXED_VALUE            ; Bx                                               ;
;     -- INPUT_B_FIXED_VALUE            ; Bx                                               ;
+---------------------------------------+--------------------------------------------------+


+------------------------------------------------------------------------------------------------------------------------+
; Port Connectivity Checks: "gosof80:SOUNDBOARD|R6532:RIOT"                                                              ;
+--------------+--------+----------+-------------------------------------------------------------------------------------+
; Port         ; Type   ; Severity ; Details                                                                             ;
+--------------+--------+----------+-------------------------------------------------------------------------------------+
; pa_in[6..5]  ; Input  ; Info     ; Stuck at GND                                                                        ;
; pb_out[5..0] ; Output ; Info     ; Connected to dangling logic. Logic that only feeds a dangling port will be removed. ;
; pb_out[7]    ; Output ; Info     ; Connected to dangling logic. Logic that only feeds a dangling port will be removed. ;
+--------------+--------+----------+-------------------------------------------------------------------------------------+


+---------------------------------------------------------------------------------------------------------------------+
; Port Connectivity Checks: "gosof80:SOUNDBOARD|T65:CPU"                                                              ;
+-----------+--------+----------+-------------------------------------------------------------------------------------+
; Port      ; Type   ; Severity ; Details                                                                             ;
+-----------+--------+----------+-------------------------------------------------------------------------------------+
; mode      ; Input  ; Info     ; Stuck at GND                                                                        ;
; enable    ; Input  ; Info     ; Stuck at VCC                                                                        ;
; rdy       ; Input  ; Info     ; Stuck at VCC                                                                        ;
; abort_n   ; Input  ; Info     ; Stuck at VCC                                                                        ;
; so_n      ; Input  ; Info     ; Stuck at VCC                                                                        ;
; sync      ; Output ; Info     ; Connected to dangling logic. Logic that only feeds a dangling port will be removed. ;
; ef        ; Output ; Info     ; Connected to dangling logic. Logic that only feeds a dangling port will be removed. ;
; mf        ; Output ; Info     ; Connected to dangling logic. Logic that only feeds a dangling port will be removed. ;
; xf        ; Output ; Info     ; Connected to dangling logic. Logic that only feeds a dangling port will be removed. ;
; ml_n      ; Output ; Info     ; Connected to dangling logic. Logic that only feeds a dangling port will be removed. ;
; vp_n      ; Output ; Info     ; Connected to dangling logic. Logic that only feeds a dangling port will be removed. ;
; vda       ; Output ; Info     ; Connected to dangling logic. Logic that only feeds a dangling port will be removed. ;
; vpa       ; Output ; Info     ; Connected to dangling logic. Logic that only feeds a dangling port will be removed. ;
; a[23..15] ; Output ; Info     ; Connected to dangling logic. Logic that only feeds a dangling port will be removed. ;
; debug     ; Output ; Info     ; Connected to dangling logic. Logic that only feeds a dangling port will be removed. ;
+-----------+--------+----------+-------------------------------------------------------------------------------------+


+---------------------------------------------------------------------------+
; Port Connectivity Checks: "gosof80:SOUNDBOARD|DFPlayer_Mini_CMD:DFP_send" ;
+------------------+-------+----------+-------------------------------------+
; Port             ; Type  ; Severity ; Details                             ;
+------------------+-------+----------+-------------------------------------+
; dfcmd_cmd[3..0]  ; Input ; Info     ; Stuck at VCC                        ;
; dfcmd_cmd[7..4]  ; Input ; Info     ; Stuck at GND                        ;
; dfcmd_par1[7..6] ; Input ; Info     ; Stuck at GND                        ;
+------------------+-------+----------+-------------------------------------+


+------------------------------------------------------------------+
; Port Connectivity Checks: "gosof80:SOUNDBOARD|attract:Attract_S" ;
+-------------------+-------+----------+---------------------------+
; Port              ; Type  ; Severity ; Details                   ;
+-------------------+-------+----------+---------------------------+
; num_sounds[31..2] ; Input ; Info     ; Stuck at GND              ;
+-------------------+-------+----------+---------------------------+


+------------------------------------------------+
; Port Connectivity Checks: "gosof80:SOUNDBOARD" ;
+------+-------+----------+----------------------+
; Port ; Type  ; Severity ; Details              ;
+------+-------+----------+----------------------+
; test ; Input ; Info     ; Stuck at VCC         ;
+------+-------+----------+----------------------+


+-------------------------------------------------------------------------------------------------------------------+
; Port Connectivity Checks: "sn74175:sn74175_Sound16"                                                               ;
+---------+--------+----------+-------------------------------------------------------------------------------------+
; Port    ; Type   ; Severity ; Details                                                                             ;
+---------+--------+----------+-------------------------------------------------------------------------------------+
; clear   ; Input  ; Info     ; Stuck at VCC                                                                        ;
; q[3..2] ; Output ; Info     ; Connected to dangling logic. Logic that only feeds a dangling port will be removed. ;
; q[0]    ; Output ; Info     ; Connected to dangling logic. Logic that only feeds a dangling port will be removed. ;
; qn      ; Output ; Info     ; Connected to dangling logic. Logic that only feeds a dangling port will be removed. ;
+---------+--------+----------+-------------------------------------------------------------------------------------+


+-----------------------------------------+
; Port Connectivity Checks: "R6532:U6_IO" ;
+-------+-------+----------+--------------+
; Port  ; Type  ; Severity ; Details      ;
+-------+-------+----------+--------------+
; pa_in ; Input ; Info     ; Stuck at GND ;
; pb_in ; Input ; Info     ; Stuck at GND ;
+-------+-------+----------+--------------+


+-----------------------------------------------------------------------------------------------------------------------+
; Port Connectivity Checks: "R6532:U5_IO"                                                                               ;
+-------------+--------+----------+-------------------------------------------------------------------------------------+
; Port        ; Type   ; Severity ; Details                                                                             ;
+-------------+--------+----------+-------------------------------------------------------------------------------------+
; pa_in[6..0] ; Input  ; Info     ; Stuck at GND                                                                        ;
; pa_out[7]   ; Output ; Info     ; Connected to dangling logic. Logic that only feeds a dangling port will be removed. ;
; pb_in       ; Input  ; Info     ; Stuck at GND                                                                        ;
+-------------+--------+----------+-------------------------------------------------------------------------------------+


+------------------------------------------------------------------------------------------------------------------+
; Port Connectivity Checks: "R6532:U4_IO"                                                                          ;
+--------+--------+----------+-------------------------------------------------------------------------------------+
; Port   ; Type   ; Severity ; Details                                                                             ;
+--------+--------+----------+-------------------------------------------------------------------------------------+
; pa_out ; Output ; Info     ; Connected to dangling logic. Logic that only feeds a dangling port will be removed. ;
; pb_in  ; Input  ; Info     ; Stuck at GND                                                                        ;
+--------+--------+----------+-------------------------------------------------------------------------------------+


+-----------------------------------------------------------------------------------------------------------------------------+
; Port Connectivity Checks: "EEprom:EEprom|SPI_Master:EEPROM_CMD"                                                             ;
+-------------------+--------+----------+-------------------------------------------------------------------------------------+
; Port              ; Type   ; Severity ; Details                                                                             ;
+-------------------+--------+----------+-------------------------------------------------------------------------------------+
; rx_data           ; Output ; Info     ; Connected to dangling logic. Logic that only feeds a dangling port will be removed. ;
; do_not_disable_ss ; Input  ; Info     ; Stuck at GND                                                                        ;
; do_not_enable_ss  ; Input  ; Info     ; Stuck at GND                                                                        ;
+-------------------+--------+----------+-------------------------------------------------------------------------------------+


+-----------------------------------------------------------------------------------------------------------------------------+
; Port Connectivity Checks: "EEprom:EEprom|SPI_Master:EEPROM_STAT"                                                            ;
+-------------------+--------+----------+-------------------------------------------------------------------------------------+
; Port              ; Type   ; Severity ; Details                                                                             ;
+-------------------+--------+----------+-------------------------------------------------------------------------------------+
; rx_data[15..1]    ; Output ; Info     ; Connected to dangling logic. Logic that only feeds a dangling port will be removed. ;
; do_not_disable_ss ; Input  ; Info     ; Stuck at GND                                                                        ;
; do_not_enable_ss  ; Input  ; Info     ; Stuck at GND                                                                        ;
+-------------------+--------+----------+-------------------------------------------------------------------------------------+


+-----------------------------------------------------------------------------------------------------------------------------+
; Port Connectivity Checks: "EEprom:EEprom|SPI_Master:EEPROM_READ"                                                            ;
+-------------------+--------+----------+-------------------------------------------------------------------------------------+
; Port              ; Type   ; Severity ; Details                                                                             ;
+-------------------+--------+----------+-------------------------------------------------------------------------------------+
; tx_data[7..0]     ; Input  ; Info     ; Stuck at GND                                                                        ;
; rx_data[31..8]    ; Output ; Info     ; Connected to dangling logic. Logic that only feeds a dangling port will be removed. ;
; do_not_disable_ss ; Input  ; Info     ; Stuck at GND                                                                        ;
; do_not_enable_ss  ; Input  ; Info     ; Stuck at GND                                                                        ;
+-------------------+--------+----------+-------------------------------------------------------------------------------------+


+-----------------------------------------------------------------------------------------------------------------------------+
; Port Connectivity Checks: "EEprom:EEprom|SPI_Master:EEPROM_WRITE"                                                           ;
+-------------------+--------+----------+-------------------------------------------------------------------------------------+
; Port              ; Type   ; Severity ; Details                                                                             ;
+-------------------+--------+----------+-------------------------------------------------------------------------------------+
; rx_data           ; Output ; Info     ; Connected to dangling logic. Logic that only feeds a dangling port will be removed. ;
; do_not_disable_ss ; Input  ; Info     ; Stuck at GND                                                                        ;
; do_not_enable_ss  ; Input  ; Info     ; Stuck at GND                                                                        ;
+-------------------+--------+----------+-------------------------------------------------------------------------------------+


+---------------------------------------------------------------------------------------------------------------------+
; Port Connectivity Checks: "EEprom:EEprom"                                                                           ;
+-----------+--------+----------+-------------------------------------------------------------------------------------+
; Port      ; Type   ; Severity ; Details                                                                             ;
+-----------+--------+----------+-------------------------------------------------------------------------------------+
; is_active ; Output ; Info     ; Connected to dangling logic. Logic that only feeds a dangling port will be removed. ;
+-----------+--------+----------+-------------------------------------------------------------------------------------+


+-----------------------------------------------------------------------------------------------------------------------+
; Port Connectivity Checks: "T65:U1|T65_ALU:alu"                                                                        ;
+-------------+--------+----------+-------------------------------------------------------------------------------------+
; Port        ; Type   ; Severity ; Details                                                                             ;
+-------------+--------+----------+-------------------------------------------------------------------------------------+
; p_out[5..4] ; Output ; Info     ; Connected to dangling logic. Logic that only feeds a dangling port will be removed. ;
+-------------+--------+----------+-------------------------------------------------------------------------------------+


+---------------------------------------------------------------------------------------------------------------------+
; Port Connectivity Checks: "T65:U1"                                                                                  ;
+-----------+--------+----------+-------------------------------------------------------------------------------------+
; Port      ; Type   ; Severity ; Details                                                                             ;
+-----------+--------+----------+-------------------------------------------------------------------------------------+
; mode      ; Input  ; Info     ; Stuck at GND                                                                        ;
; enable    ; Input  ; Info     ; Stuck at VCC                                                                        ;
; rdy       ; Input  ; Info     ; Stuck at VCC                                                                        ;
; abort_n   ; Input  ; Info     ; Stuck at VCC                                                                        ;
; nmi_n     ; Input  ; Info     ; Stuck at VCC                                                                        ;
; so_n      ; Input  ; Info     ; Stuck at VCC                                                                        ;
; sync      ; Output ; Info     ; Connected to dangling logic. Logic that only feeds a dangling port will be removed. ;
; ef        ; Output ; Info     ; Connected to dangling logic. Logic that only feeds a dangling port will be removed. ;
; mf        ; Output ; Info     ; Connected to dangling logic. Logic that only feeds a dangling port will be removed. ;
; xf        ; Output ; Info     ; Connected to dangling logic. Logic that only feeds a dangling port will be removed. ;
; ml_n      ; Output ; Info     ; Connected to dangling logic. Logic that only feeds a dangling port will be removed. ;
; vp_n      ; Output ; Info     ; Connected to dangling logic. Logic that only feeds a dangling port will be removed. ;
; vda       ; Output ; Info     ; Connected to dangling logic. Logic that only feeds a dangling port will be removed. ;
; vpa       ; Output ; Info     ; Connected to dangling logic. Logic that only feeds a dangling port will be removed. ;
; a[23..16] ; Output ; Info     ; Connected to dangling logic. Logic that only feeds a dangling port will be removed. ;
; a[14]     ; Output ; Info     ; Connected to dangling logic. Logic that only feeds a dangling port will be removed. ;
; debug     ; Output ; Info     ; Connected to dangling logic. Logic that only feeds a dangling port will be removed. ;
+-----------+--------+----------+-------------------------------------------------------------------------------------+


+-----------------------------------------------------------------------------------------------------------------+
; Port Connectivity Checks: "sn74175:sn74175_80_3"                                                                ;
+-------+--------+----------+-------------------------------------------------------------------------------------+
; Port  ; Type   ; Severity ; Details                                                                             ;
+-------+--------+----------+-------------------------------------------------------------------------------------+
; clear ; Input  ; Info     ; Stuck at VCC                                                                        ;
; q     ; Output ; Info     ; Connected to dangling logic. Logic that only feeds a dangling port will be removed. ;
+-------+--------+----------+-------------------------------------------------------------------------------------+


+-----------------------------------------------------------------------------------------------------------------+
; Port Connectivity Checks: "sn74175:sn74175_80_2"                                                                ;
+-------+--------+----------+-------------------------------------------------------------------------------------+
; Port  ; Type   ; Severity ; Details                                                                             ;
+-------+--------+----------+-------------------------------------------------------------------------------------+
; clear ; Input  ; Info     ; Stuck at VCC                                                                        ;
; q     ; Output ; Info     ; Connected to dangling logic. Logic that only feeds a dangling port will be removed. ;
+-------+--------+----------+-------------------------------------------------------------------------------------+


+-----------------------------------------------------------------------------------------------------------------+
; Port Connectivity Checks: "sn74175:sn74175_80_1"                                                                ;
+-------+--------+----------+-------------------------------------------------------------------------------------+
; Port  ; Type   ; Severity ; Details                                                                             ;
+-------+--------+----------+-------------------------------------------------------------------------------------+
; clear ; Input  ; Info     ; Stuck at VCC                                                                        ;
; q     ; Output ; Info     ; Connected to dangling logic. Logic that only feeds a dangling port will be removed. ;
+-------+--------+----------+-------------------------------------------------------------------------------------+


+----------------------------------------------------------------------------------------------------------------+
; Port Connectivity Checks: "sn74175:sn74175_80B_2"                                                              ;
+------+--------+----------+-------------------------------------------------------------------------------------+
; Port ; Type   ; Severity ; Details                                                                             ;
+------+--------+----------+-------------------------------------------------------------------------------------+
; q    ; Output ; Info     ; Connected to dangling logic. Logic that only feeds a dangling port will be removed. ;
+------+--------+----------+-------------------------------------------------------------------------------------+


+----------------------------------------------------------------------------------------------------------------+
; Port Connectivity Checks: "sn74175:sn74175_80B_1"                                                              ;
+------+--------+----------+-------------------------------------------------------------------------------------+
; Port ; Type   ; Severity ; Details                                                                             ;
+------+--------+----------+-------------------------------------------------------------------------------------+
; q    ; Output ; Info     ; Connected to dangling logic. Logic that only feeds a dangling port will be removed. ;
+------+--------+----------+-------------------------------------------------------------------------------------+


+---------------------------------------------------------+
; Port Connectivity Checks: "count_to_zero:COUNT_STROBES" ;
+-------------+-------+----------+------------------------+
; Port        ; Type  ; Severity ; Details                ;
+-------------+-------+----------+------------------------+
; count[3..0] ; Input ; Info     ; Stuck at VCC           ;
; count[7..4] ; Input ; Info     ; Stuck at GND           ;
+-------------+-------+----------+------------------------+


+---------------------------------------------------------------------------------------------------------------------+
; Port Connectivity Checks: "detect_sw:detect_test_sw"                                                                ;
+-----------+--------+----------+-------------------------------------------------------------------------------------+
; Port      ; Type   ; Severity ; Details                                                                             ;
+-----------+--------+----------+-------------------------------------------------------------------------------------+
; long_push ; Output ; Info     ; Connected to dangling logic. Logic that only feeds a dangling port will be removed. ;
+-----------+--------+----------+-------------------------------------------------------------------------------------+


+----------------------------------------------------------------------------------------------------------------------+
; Port Connectivity Checks: "detect_sw:detect_credit_sw"                                                               ;
+------------+--------+----------+-------------------------------------------------------------------------------------+
; Port       ; Type   ; Severity ; Details                                                                             ;
+------------+--------+----------+-------------------------------------------------------------------------------------+
; short_push ; Output ; Info     ; Connected to dangling logic. Logic that only feeds a dangling port will be removed. ;
+------------+--------+----------+-------------------------------------------------------------------------------------+


+----------------------------------------------------------------------------------------------------------------+
; Port Connectivity Checks: "SD_Card:SD_CARD|SPI_Master:SD_CARD_READ"                                            ;
+------+--------+----------+-------------------------------------------------------------------------------------+
; Port ; Type   ; Severity ; Details                                                                             ;
+------+--------+----------+-------------------------------------------------------------------------------------+
; ss   ; Output ; Info     ; Connected to dangling logic. Logic that only feeds a dangling port will be removed. ;
+------+--------+----------+-------------------------------------------------------------------------------------+


+----------------------------------------------------------------------------------------------------------------------------+
; Port Connectivity Checks: "SD_Card:SD_CARD|SPI_Master:SD_CARD_ACCESS"                                                      ;
+------------------+--------+----------+-------------------------------------------------------------------------------------+
; Port             ; Type   ; Severity ; Details                                                                             ;
+------------------+--------+----------+-------------------------------------------------------------------------------------+
; rx_data[111..48] ; Output ; Info     ; Connected to dangling logic. Logic that only feeds a dangling port will be removed. ;
; rx_data[31..16]  ; Output ; Info     ; Connected to dangling logic. Logic that only feeds a dangling port will be removed. ;
; rx_data[7..0]    ; Output ; Info     ; Connected to dangling logic. Logic that only feeds a dangling port will be removed. ;
+------------------+--------+----------+-------------------------------------------------------------------------------------+


+------------------------------------------------+
; Port Connectivity Checks: "SD_Card:SD_CARD"    ;
+--------------+-------+----------+--------------+
; Port         ; Type  ; Severity ; Details      ;
+--------------+-------+----------+--------------+
; selection[7] ; Input ; Info     ; Stuck at GND ;
+--------------+-------+----------+--------------+


+--------------------------------------------------------------------------------------------------------------------+
; Port Connectivity Checks: "sn74175:sn74175_Game_O"                                                                 ;
+----------+--------+----------+-------------------------------------------------------------------------------------+
; Port     ; Type   ; Severity ; Details                                                                             ;
+----------+--------+----------+-------------------------------------------------------------------------------------+
; clear    ; Input  ; Info     ; Stuck at VCC                                                                        ;
; q        ; Output ; Info     ; Connected to dangling logic. Logic that only feeds a dangling port will be removed. ;
; qn[3..1] ; Output ; Info     ; Connected to dangling logic. Logic that only feeds a dangling port will be removed. ;
+----------+--------+----------+-------------------------------------------------------------------------------------+


+------------------------------------------------------+
; Port Connectivity Checks: "count_to_zero:COUNT_INTS" ;
+-------+-------+----------+---------------------------+
; Port  ; Type  ; Severity ; Details                   ;
+-------+-------+----------+---------------------------+
; count ; Input ; Info     ; Stuck at VCC              ;
+-------+-------+----------+---------------------------+


+-------------------------------------------------+
; Port Connectivity Checks: "byte_to_ascii:CONVS" ;
+--------------+-------+----------+---------------+
; Port         ; Type  ; Severity ; Details       ;
+--------------+-------+----------+---------------+
; mybyte[7..4] ; Input ; Info     ; Stuck at VCC  ;
+--------------+-------+----------+---------------+


+-------------------------------------------------+
; Port Connectivity Checks: "byte_to_ascii:CONVO" ;
+--------------+-------+----------+---------------+
; Port         ; Type  ; Severity ; Details       ;
+--------------+-------+----------+---------------+
; mybyte[7..6] ; Input ; Info     ; Stuck at VCC  ;
+--------------+-------+----------+---------------+


+-------------------------------------------------+
; Port Connectivity Checks: "byte_to_ascii:CONVG" ;
+-----------+-------+----------+------------------+
; Port      ; Type  ; Severity ; Details          ;
+-----------+-------+----------+------------------+
; mybyte[7] ; Input ; Info     ; Stuck at VCC     ;
+-----------+-------+----------+------------------+


+-----------------------------------------------------+
; Post-Synthesis Netlist Statistics for Top Partition ;
+-----------------------+-----------------------------+
; Type                  ; Count                       ;
+-----------------------+-----------------------------+
; boundary_port         ; 84                          ;
; cycloneiii_ff         ; 1861                        ;
;     CLR               ; 183                         ;
;     CLR SCLR          ; 1                           ;
;     CLR SLD           ; 7                           ;
;     ENA               ; 804                         ;
;     ENA CLR           ; 143                         ;
;     ENA CLR SCLR      ; 197                         ;
;     ENA CLR SLD       ; 48                          ;
;     ENA SCLR          ; 104                         ;
;     ENA SCLR SLD      ; 4                           ;
;     ENA SLD           ; 13                          ;
;     SCLR              ; 125                         ;
;     SLD               ; 34                          ;
;     plain             ; 198                         ;
; cycloneiii_lcell_comb ; 4876                        ;
;     arith             ; 948                         ;
;         2 data inputs ; 693                         ;
;         3 data inputs ; 255                         ;
;     normal            ; 3928                        ;
;         0 data inputs ; 34                          ;
;         1 data inputs ; 125                         ;
;         2 data inputs ; 480                         ;
;         3 data inputs ; 744                         ;
;         4 data inputs ; 2545                        ;
; cycloneiii_ram_block  ; 76                          ;
;                       ;                             ;
; Max LUT depth         ; 17.80                       ;
; Average LUT depth     ; 5.75                        ;
+-----------------------+-----------------------------+


+-------------------------------+
; Elapsed Time Per Partition    ;
+----------------+--------------+
; Partition Name ; Elapsed Time ;
+----------------+--------------+
; Top            ; 00:00:09     ;
+----------------+--------------+


+-------------------------------+
; Analysis & Synthesis Messages ;
+-------------------------------+
Info: *******************************************************************
Info: Running Quartus Prime Analysis & Synthesis
    Info: Version 22.1std.2 Build 922 07/20/2023 SC Lite Edition
    Info: Processing started: Fri Sep 12 10:01:17 2025
Info: Command: quartus_map --read_settings_files=on --write_settings_files=off SYS80 -c SYS80
Warning (18236): Number of processors has not been specified which may cause overloading on shared machines.  Set the global assignment NUM_PARALLEL_PROCESSORS in your QSF to an appropriate value for best performance.
Info (20030): Parallel compilation is enabled and will use 14 of the 14 processors detected
Info (12021): Found 2 design units, including 1 entities, in source file /projekte/fpga system80/fpga_source/lib_common/uart_clk_gen.vhd
    Info (12022): Found design unit 1: uart_clk_gen-Behavioral File: N:/Projekte/FPGA System80/FPGA_source/lib_common/uart_clk_gen.vhd Line: 15
    Info (12023): Found entity 1: uart_clk_gen File: N:/Projekte/FPGA System80/FPGA_source/lib_common/uart_clk_gen.vhd Line: 8
Info (12021): Found 2 design units, including 1 entities, in source file /projekte/fpga system80/fpga_source/lib_common/attract.vhd
    Info (12022): Found design unit 1: attract-Behavioral File: N:/Projekte/FPGA System80/FPGA_source/lib_common/attract.vhd Line: 23
    Info (12023): Found entity 1: attract File: N:/Projekte/FPGA System80/FPGA_source/lib_common/attract.vhd Line: 10
Info (12021): Found 2 design units, including 1 entities, in source file /projekte/fpga system80/fpga_source/lib_common/dac.vhd
    Info (12022): Found design unit 1: dac-rtl File: N:/Projekte/FPGA System80/FPGA_source/lib_common/dac.vhd Line: 39
    Info (12023): Found entity 1: dac File: N:/Projekte/FPGA System80/FPGA_source/lib_common/dac.vhd Line: 22
Info (12021): Found 2 design units, including 1 entities, in source file /projekte/fpga system80/fpga_source/lib_common/votrax-sc01.vhd
    Info (12022): Found design unit 1: SC01-Behavioral File: N:/Projekte/FPGA System80/FPGA_source/lib_common/Votrax-SC01.vhd Line: 29
    Info (12023): Found entity 1: SC01 File: N:/Projekte/FPGA System80/FPGA_source/lib_common/Votrax-SC01.vhd Line: 19
Info (12021): Found 2 design units, including 1 entities, in source file /projekte/fpga system80/fpga_source/lib_common/dfplayer_mini_cmd.vhd
    Info (12022): Found design unit 1: DFPlayer_Mini_CMD-Behavioral File: N:/Projekte/FPGA System80/FPGA_source/lib_common/DFPlayer_Mini_CMD.vhd Line: 73
    Info (12023): Found entity 1: DFPlayer_Mini_CMD File: N:/Projekte/FPGA System80/FPGA_source/lib_common/DFPlayer_Mini_CMD.vhd Line: 60
Info (12021): Found 2 design units, including 1 entities, in source file /projekte/fpga system80/fpga_source/lib_common/gosof80.vhd
    Info (12022): Found design unit 1: gosof80-rtl File: N:/Projekte/FPGA System80/FPGA_source/lib_common/GOSOF80.vhd Line: 41
    Info (12023): Found entity 1: gosof80 File: N:/Projekte/FPGA System80/FPGA_source/lib_common/GOSOF80.vhd Line: 10
Info (12021): Found 2 design units, including 1 entities, in source file /projekte/fpga system80/fpga_source/lib_common/anti_thunk.vhd
    Info (12022): Found design unit 1: anti_thunk-Behavioral File: N:/Projekte/FPGA System80/FPGA_source/lib_common/anti_thunk.vhd Line: 21
    Info (12023): Found entity 1: anti_thunk File: N:/Projekte/FPGA System80/FPGA_source/lib_common/anti_thunk.vhd Line: 12
Info (12021): Found 2 design units, including 1 entities, in source file /projekte/fpga system80/fpga_source/lib_common/eeprom.vhd
    Info (12022): Found design unit 1: EEprom-Behavioral File: N:/Projekte/FPGA System80/FPGA_source/lib_common/EEprom.vhd Line: 52
    Info (12023): Found entity 1: EEprom File: N:/Projekte/FPGA System80/FPGA_source/lib_common/EEprom.vhd Line: 26
Info (12021): Found 2 design units, including 0 entities, in source file /projekte/fpga system80/fpga_source/lib_common/t65/t65_pack.vhd
    Info (12022): Found design unit 1: T65_Pack File: N:/Projekte/FPGA System80/FPGA_source/lib_common/T65/T65_Pack.vhd Line: 55
    Info (12022): Found design unit 2: T65_Pack-body File: N:/Projekte/FPGA System80/FPGA_source/lib_common/T65/T65_Pack.vhd Line: 154
Info (12021): Found 2 design units, including 1 entities, in source file /projekte/fpga system80/fpga_source/lib_common/t65/t65_mcode.vhd
    Info (12022): Found design unit 1: T65_MCode-rtl File: N:/Projekte/FPGA System80/FPGA_source/lib_common/T65/T65_MCode.vhd Line: 92
    Info (12023): Found entity 1: T65_MCode File: N:/Projekte/FPGA System80/FPGA_source/lib_common/T65/T65_MCode.vhd Line: 58
Info (12021): Found 2 design units, including 1 entities, in source file /projekte/fpga system80/fpga_source/lib_common/t65/t65_alu.vhd
    Info (12022): Found design unit 1: T65_ALU-rtl File: N:/Projekte/FPGA System80/FPGA_source/lib_common/T65/T65_ALU.vhd Line: 69
    Info (12023): Found entity 1: T65_ALU File: N:/Projekte/FPGA System80/FPGA_source/lib_common/T65/T65_ALU.vhd Line: 57
Info (12021): Found 2 design units, including 1 entities, in source file /projekte/fpga system80/fpga_source/lib_common/t65/t65.vhd
    Info (12022): Found design unit 1: T65-rtl File: N:/Projekte/FPGA System80/FPGA_source/lib_common/T65/T65.vhd Line: 157
    Info (12023): Found entity 1: T65 File: N:/Projekte/FPGA System80/FPGA_source/lib_common/T65/T65.vhd Line: 130
Info (12021): Found 2 design units, including 1 entities, in source file /projekte/fpga system80/fpga_source/lib_common/spi_master.vhd
    Info (12022): Found design unit 1: SPI_Master-Behavioral File: N:/Projekte/FPGA System80/FPGA_source/lib_common/SPI_Master.vhd Line: 42
    Info (12023): Found entity 1: SPI_Master File: N:/Projekte/FPGA System80/FPGA_source/lib_common/SPI_Master.vhd Line: 23
Info (12021): Found 2 design units, including 1 entities, in source file /projekte/fpga system80/fpga_source/lib_common/sn74175.vhd
    Info (12022): Found design unit 1: sn74175-Behavioral File: N:/Projekte/FPGA System80/FPGA_source/lib_common/SN74175.vhd Line: 19
    Info (12023): Found entity 1: sn74175 File: N:/Projekte/FPGA System80/FPGA_source/lib_common/SN74175.vhd Line: 8
Info (12021): Found 2 design units, including 1 entities, in source file /projekte/fpga system80/fpga_source/lib_common/sn7448_gtb.vhd
    Info (12022): Found design unit 1: sn7448_gtb-Behavioral File: N:/Projekte/FPGA System80/FPGA_source/lib_common/SN7448_GTB.vhd Line: 18
    Info (12023): Found entity 1: sn7448_gtb File: N:/Projekte/FPGA System80/FPGA_source/lib_common/SN7448_GTB.vhd Line: 10
Info (12021): Found 2 design units, including 1 entities, in source file /projekte/fpga system80/fpga_source/lib_common/sn7448.vhd
    Info (12022): Found design unit 1: sn7448-Behavioral File: N:/Projekte/FPGA System80/FPGA_source/lib_common/SN7448.vhd Line: 16
    Info (12023): Found entity 1: sn7448 File: N:/Projekte/FPGA System80/FPGA_source/lib_common/SN7448.vhd Line: 8
Info (12021): Found 2 design units, including 1 entities, in source file /projekte/fpga system80/fpga_source/lib_common/slow_to_fast_clock_bus.vhd
    Info (12022): Found design unit 1: Cross_Slow_To_Fast_Clock_Bus-Behavioral File: N:/Projekte/FPGA System80/FPGA_source/lib_common/slow_to_fast_clock_bus.vhd Line: 14
    Info (12023): Found entity 1: Cross_Slow_To_Fast_Clock_Bus File: N:/Projekte/FPGA System80/FPGA_source/lib_common/slow_to_fast_clock_bus.vhd Line: 7
Info (12021): Found 2 design units, including 1 entities, in source file /projekte/fpga system80/fpga_source/lib_common/slow_to_fast_clock.vhd
    Info (12022): Found design unit 1: Cross_Slow_To_Fast_Clock-Behavioral File: N:/Projekte/FPGA System80/FPGA_source/lib_common/slow_to_fast_clock.vhd Line: 14
    Info (12023): Found entity 1: Cross_Slow_To_Fast_Clock File: N:/Projekte/FPGA System80/FPGA_source/lib_common/slow_to_fast_clock.vhd Line: 7
Info (12021): Found 2 design units, including 1 entities, in source file /projekte/fpga system80/fpga_source/lib_common/sd_card.vhd
    Info (12022): Found design unit 1: SD_Card-Behavioral File: N:/Projekte/FPGA System80/FPGA_source/lib_common/SD_Card.vhd Line: 39
    Info (12023): Found entity 1: SD_Card File: N:/Projekte/FPGA System80/FPGA_source/lib_common/SD_Card.vhd Line: 16
Info (12021): Found 2 design units, including 1 entities, in source file /projekte/fpga system80/fpga_source/lib_common/read_the_dips.vhd
    Info (12022): Found design unit 1: read_the_dips-Behavioral File: N:/Projekte/FPGA System80/FPGA_source/lib_common/read_the_dips.vhd Line: 33
    Info (12023): Found entity 1: read_the_dips File: N:/Projekte/FPGA System80/FPGA_source/lib_common/read_the_dips.vhd Line: 15
Info (12021): Found 2 design units, including 1 entities, in source file /projekte/fpga system80/fpga_source/lib_common/r6532.vhd
    Info (12022): Found design unit 1: R6532-RTL File: N:/Projekte/FPGA System80/FPGA_source/lib_common/R6532.vhd Line: 59
    Info (12023): Found entity 1: R6532 File: N:/Projekte/FPGA System80/FPGA_source/lib_common/R6532.vhd Line: 40
Info (12021): Found 2 design units, including 1 entities, in source file /projekte/fpga system80/fpga_source/lib_common/detect_sw_trigger.vhd
    Info (12022): Found design unit 1: detect_sw_trigger-Behavioral File: N:/Projekte/FPGA System80/FPGA_source/lib_common/detect_sw_trigger.vhd Line: 24
    Info (12023): Found entity 1: detect_sw_trigger File: N:/Projekte/FPGA System80/FPGA_source/lib_common/detect_sw_trigger.vhd Line: 14
Info (12021): Found 2 design units, including 1 entities, in source file /projekte/fpga system80/fpga_source/lib_common/detect_sw.vhd
    Info (12022): Found design unit 1: detect_sw-Behavioral File: N:/Projekte/FPGA System80/FPGA_source/lib_common/detect_sw.vhd Line: 25
    Info (12023): Found entity 1: detect_sw File: N:/Projekte/FPGA System80/FPGA_source/lib_common/detect_sw.vhd Line: 14
Info (12021): Found 2 design units, including 1 entities, in source file /projekte/fpga system80/fpga_source/lib_common/cpu_clk_gen.vhd
    Info (12022): Found design unit 1: cpu_clk_gen-Behavioral File: N:/Projekte/FPGA System80/FPGA_source/lib_common/cpu_clk_gen.vhd Line: 17
    Info (12023): Found entity 1: cpu_clk_gen File: N:/Projekte/FPGA System80/FPGA_source/lib_common/cpu_clk_gen.vhd Line: 10
Info (12021): Found 2 design units, including 1 entities, in source file /projekte/fpga system80/fpga_source/lib_common/count_to_zero.vhd
    Info (12022): Found design unit 1: count_to_zero-Behavioral File: N:/Projekte/FPGA System80/FPGA_source/lib_common/count_to_zero.vhd Line: 19
    Info (12023): Found entity 1: count_to_zero File: N:/Projekte/FPGA System80/FPGA_source/lib_common/count_to_zero.vhd Line: 9
Info (12021): Found 2 design units, including 1 entities, in source file /projekte/fpga system80/fpga_source/lib_common/byte_to_ascii.vhd
    Info (12022): Found design unit 1: byte_to_ascii-Behavioral File: N:/Projekte/FPGA System80/FPGA_source/lib_common/byte_to_ascii.vhd Line: 20
    Info (12023): Found entity 1: byte_to_ascii File: N:/Projekte/FPGA System80/FPGA_source/lib_common/byte_to_ascii.vhd Line: 10
Info (12021): Found 2 design units, including 1 entities, in source file /projekte/fpga system80/fpga_source/lib_common/boot_message.vhd
    Info (12022): Found design unit 1: boot_message-Behavioral File: N:/Projekte/FPGA System80/FPGA_source/lib_common/boot_message.vhd Line: 33
    Info (12023): Found entity 1: boot_message File: N:/Projekte/FPGA System80/FPGA_source/lib_common/boot_message.vhd Line: 15
Info (12021): Found 2 design units, including 1 entities, in source file /projekte/fpga system80/fpga_source/lib_cyclone_iv/system_rom.vhd
    Info (12022): Found design unit 1: system_rom-SYN File: N:/Projekte/FPGA System80/FPGA_source/lib_cyclone_IV/SYSTEM_ROM.vhd Line: 55
    Info (12023): Found entity 1: SYSTEM_ROM File: N:/Projekte/FPGA System80/FPGA_source/lib_cyclone_IV/SYSTEM_ROM.vhd Line: 43
Info (12021): Found 2 design units, including 1 entities, in source file /projekte/fpga system80/fpga_source/lib_cyclone_iv/sb_ram.vhd
    Info (12022): Found design unit 1: sb_ram-SYN File: N:/Projekte/FPGA System80/FPGA_source/lib_cyclone_IV/SB_RAM.vhd Line: 55
    Info (12023): Found entity 1: SB_RAM File: N:/Projekte/FPGA System80/FPGA_source/lib_cyclone_IV/SB_RAM.vhd Line: 43
Info (12021): Found 2 design units, including 1 entities, in source file /projekte/fpga system80/fpga_source/lib_cyclone_iv/riot_ram.vhd
    Info (12022): Found design unit 1: riot_ram-SYN File: N:/Projekte/FPGA System80/FPGA_source/lib_cyclone_IV/RIOT_RAM.vhd Line: 55
    Info (12023): Found entity 1: RIOT_RAM File: N:/Projekte/FPGA System80/FPGA_source/lib_cyclone_IV/RIOT_RAM.vhd Line: 43
Info (12021): Found 2 design units, including 1 entities, in source file /projekte/fpga system80/fpga_source/lib_cyclone_iv/r5101.vhd
    Info (12022): Found design unit 1: r5101-SYN File: N:/Projekte/FPGA System80/FPGA_source/lib_cyclone_IV/R5101.vhd Line: 59
    Info (12023): Found entity 1: R5101 File: N:/Projekte/FPGA System80/FPGA_source/lib_cyclone_IV/R5101.vhd Line: 43
Info (12021): Found 2 design units, including 1 entities, in source file /projekte/fpga system80/fpga_source/lib_cyclone_iv/game_rom.vhd
    Info (12022): Found design unit 1: game_rom-SYN File: N:/Projekte/FPGA System80/FPGA_source/lib_cyclone_IV/GAME_ROM.vhd Line: 55
    Info (12023): Found entity 1: GAME_ROM File: N:/Projekte/FPGA System80/FPGA_source/lib_cyclone_IV/GAME_ROM.vhd Line: 43
Info (12021): Found 2 design units, including 1 entities, in source file sys80.vhd
    Info (12022): Found design unit 1: SYS80-rtl File: N:/Projekte/FPGA System80/FPGA_source/GottFA80_PLuS_HW21x_Cyclone_IV_v4/SYS80.vhd Line: 77
    Info (12023): Found entity 1: SYS80 File: N:/Projekte/FPGA System80/FPGA_source/GottFA80_PLuS_HW21x_Cyclone_IV_v4/SYS80.vhd Line: 29
Info (12127): Elaborating entity "SYS80" for the top level hierarchy
Warning (10541): VHDL Signal Declaration warning at SYS80.vhd(71): used implicit default value for signal "Debug" because signal was never assigned a value or an explicit default value. Use of implicit default value may introduce unintended design optimizations. File: N:/Projekte/FPGA System80/FPGA_source/GottFA80_PLuS_HW21x_Cyclone_IV_v4/SYS80.vhd Line: 71
Warning (10036): Verilog HDL or VHDL warning at SYS80.vhd(177): object "EEprom_active" assigned a value but never read File: N:/Projekte/FPGA System80/FPGA_source/GottFA80_PLuS_HW21x_Cyclone_IV_v4/SYS80.vhd Line: 177
Critical Warning (10920): VHDL Incomplete Partial Association warning at SYS80.vhd(362): port or argument "Qn" has 3/4 unassociated elements File: N:/Projekte/FPGA System80/FPGA_source/GottFA80_PLuS_HW21x_Cyclone_IV_v4/SYS80.vhd Line: 362
Critical Warning (10920): VHDL Incomplete Partial Association warning at SYS80.vhd(683): port or argument "A" has 8/24 unassociated elements File: N:/Projekte/FPGA System80/FPGA_source/GottFA80_PLuS_HW21x_Cyclone_IV_v4/SYS80.vhd Line: 683
Critical Warning (10920): VHDL Incomplete Partial Association warning at SYS80.vhd(897): port or argument "Q" has 3/4 unassociated elements File: N:/Projekte/FPGA System80/FPGA_source/GottFA80_PLuS_HW21x_Cyclone_IV_v4/SYS80.vhd Line: 897
Warning (10873): Using initial value X (don't care) for net "segments_80B[3..5]" at SYS80.vhd(133) File: N:/Projekte/FPGA System80/FPGA_source/GottFA80_PLuS_HW21x_Cyclone_IV_v4/SYS80.vhd Line: 133
Warning (10873): Using initial value X (don't care) for net "segments_80B[11..13]" at SYS80.vhd(133) File: N:/Projekte/FPGA System80/FPGA_source/GottFA80_PLuS_HW21x_Cyclone_IV_v4/SYS80.vhd Line: 133
Warning (10873): Using initial value X (don't care) for net "segments_80B[17..23]" at SYS80.vhd(133) File: N:/Projekte/FPGA System80/FPGA_source/GottFA80_PLuS_HW21x_Cyclone_IV_v4/SYS80.vhd Line: 133
Info (12128): Elaborating entity "boot_message" for hierarchy "boot_message:BM" File: N:/Projekte/FPGA System80/FPGA_source/GottFA80_PLuS_HW21x_Cyclone_IV_v4/SYS80.vhd Line: 249
Warning (10036): Verilog HDL or VHDL warning at boot_message.vhd(37): object "Din_Seg_C" assigned a value but never read File: N:/Projekte/FPGA System80/FPGA_source/lib_common/boot_message.vhd Line: 37
Info (12128): Elaborating entity "sn7448_gtb" for hierarchy "boot_message:BM|sn7448_gtb:sn7448_gtb_1" File: N:/Projekte/FPGA System80/FPGA_source/lib_common/boot_message.vhd Line: 41
Info (12128): Elaborating entity "anti_thunk" for hierarchy "anti_thunk:AT" File: N:/Projekte/FPGA System80/FPGA_source/GottFA80_PLuS_HW21x_Cyclone_IV_v4/SYS80.vhd Line: 270
Info (12128): Elaborating entity "read_the_dips" for hierarchy "read_the_dips:RDIPS" File: N:/Projekte/FPGA System80/FPGA_source/GottFA80_PLuS_HW21x_Cyclone_IV_v4/SYS80.vhd Line: 282
Info (12128): Elaborating entity "byte_to_ascii" for hierarchy "byte_to_ascii:CONVG" File: N:/Projekte/FPGA System80/FPGA_source/GottFA80_PLuS_HW21x_Cyclone_IV_v4/SYS80.vhd Line: 298
Info (12128): Elaborating entity "count_to_zero" for hierarchy "count_to_zero:COUNT_INTS" File: N:/Projekte/FPGA System80/FPGA_source/GottFA80_PLuS_HW21x_Cyclone_IV_v4/SYS80.vhd Line: 348
Info (12128): Elaborating entity "sn74175" for hierarchy "sn74175:sn74175_Game_O" File: N:/Projekte/FPGA System80/FPGA_source/GottFA80_PLuS_HW21x_Cyclone_IV_v4/SYS80.vhd Line: 362
Info (12128): Elaborating entity "SD_Card" for hierarchy "SD_Card:SD_CARD" File: N:/Projekte/FPGA System80/FPGA_source/GottFA80_PLuS_HW21x_Cyclone_IV_v4/SYS80.vhd Line: 376
Warning (10036): Verilog HDL or VHDL warning at SD_Card.vhd(61): object "SS_R" assigned a value but never read File: N:/Projekte/FPGA System80/FPGA_source/lib_common/SD_Card.vhd Line: 61
Info (12128): Elaborating entity "SPI_Master" for hierarchy "SD_Card:SD_CARD|SPI_Master:SD_CARD_ACCESS" File: N:/Projekte/FPGA System80/FPGA_source/lib_common/SD_Card.vhd Line: 97
Info (12128): Elaborating entity "SPI_Master" for hierarchy "SD_Card:SD_CARD|SPI_Master:SD_CARD_READ" File: N:/Projekte/FPGA System80/FPGA_source/lib_common/SD_Card.vhd Line: 115
Info (12128): Elaborating entity "Cross_Slow_To_Fast_Clock_Bus" for hierarchy "Cross_Slow_To_Fast_Clock_Bus:META2" File: N:/Projekte/FPGA System80/FPGA_source/GottFA80_PLuS_HW21x_Cyclone_IV_v4/SYS80.vhd Line: 497
Info (12128): Elaborating entity "detect_sw_trigger" for hierarchy "detect_sw_trigger:detect_credit_sw_trigger" File: N:/Projekte/FPGA System80/FPGA_source/GottFA80_PLuS_HW21x_Cyclone_IV_v4/SYS80.vhd Line: 518
Info (12128): Elaborating entity "detect_sw" for hierarchy "detect_sw:detect_credit_sw" File: N:/Projekte/FPGA System80/FPGA_source/GottFA80_PLuS_HW21x_Cyclone_IV_v4/SYS80.vhd Line: 528
Info (12128): Elaborating entity "sn7448" for hierarchy "sn7448:sn7448_1" File: N:/Projekte/FPGA System80/FPGA_source/GottFA80_PLuS_HW21x_Cyclone_IV_v4/SYS80.vhd Line: 645
Info (12128): Elaborating entity "cpu_clk_gen" for hierarchy "cpu_clk_gen:clock_gen" File: N:/Projekte/FPGA System80/FPGA_source/GottFA80_PLuS_HW21x_Cyclone_IV_v4/SYS80.vhd Line: 676
Info (12128): Elaborating entity "T65" for hierarchy "T65:U1" File: N:/Projekte/FPGA System80/FPGA_source/GottFA80_PLuS_HW21x_Cyclone_IV_v4/SYS80.vhd Line: 683
Warning (10036): Verilog HDL or VHDL warning at T65.vhd(160): object "D" assigned a value but never read File: N:/Projekte/FPGA System80/FPGA_source/lib_common/T65/T65.vhd Line: 160
Warning (10492): VHDL Process Statement warning at T65.vhd(307): signal "Res_n" is read inside the Process Statement but isn't in the Process Statement's sensitivity list File: N:/Projekte/FPGA System80/FPGA_source/lib_common/T65/T65.vhd Line: 307
Info (12128): Elaborating entity "T65_MCode" for hierarchy "T65:U1|T65_MCode:mcode" File: N:/Projekte/FPGA System80/FPGA_source/lib_common/T65/T65.vhd Line: 257
Info (12128): Elaborating entity "T65_ALU" for hierarchy "T65:U1|T65_ALU:alu" File: N:/Projekte/FPGA System80/FPGA_source/lib_common/T65/T65.vhd Line: 292
Warning (10492): VHDL Process Statement warning at T65_ALU.vhd(206): signal "SBX_Q" is read inside the Process Statement but isn't in the Process Statement's sensitivity list File: N:/Projekte/FPGA System80/FPGA_source/lib_common/T65/T65_ALU.vhd Line: 206
Warning (10631): VHDL Process Statement warning at T65_ALU.vhd(181): inferring latch(es) for signal or variable "Q2_t", which holds its previous value in one or more paths through the process File: N:/Projekte/FPGA System80/FPGA_source/lib_common/T65/T65_ALU.vhd Line: 181
Info (10041): Inferred latch for "Q2_t[0]" at T65_ALU.vhd(181) File: N:/Projekte/FPGA System80/FPGA_source/lib_common/T65/T65_ALU.vhd Line: 181
Info (10041): Inferred latch for "Q2_t[1]" at T65_ALU.vhd(181) File: N:/Projekte/FPGA System80/FPGA_source/lib_common/T65/T65_ALU.vhd Line: 181
Info (10041): Inferred latch for "Q2_t[2]" at T65_ALU.vhd(181) File: N:/Projekte/FPGA System80/FPGA_source/lib_common/T65/T65_ALU.vhd Line: 181
Info (10041): Inferred latch for "Q2_t[3]" at T65_ALU.vhd(181) File: N:/Projekte/FPGA System80/FPGA_source/lib_common/T65/T65_ALU.vhd Line: 181
Info (10041): Inferred latch for "Q2_t[4]" at T65_ALU.vhd(181) File: N:/Projekte/FPGA System80/FPGA_source/lib_common/T65/T65_ALU.vhd Line: 181
Info (10041): Inferred latch for "Q2_t[5]" at T65_ALU.vhd(181) File: N:/Projekte/FPGA System80/FPGA_source/lib_common/T65/T65_ALU.vhd Line: 181
Info (10041): Inferred latch for "Q2_t[6]" at T65_ALU.vhd(181) File: N:/Projekte/FPGA System80/FPGA_source/lib_common/T65/T65_ALU.vhd Line: 181
Info (10041): Inferred latch for "Q2_t[7]" at T65_ALU.vhd(181) File: N:/Projekte/FPGA System80/FPGA_source/lib_common/T65/T65_ALU.vhd Line: 181
Info (12128): Elaborating entity "EEprom" for hierarchy "EEprom:EEprom" File: N:/Projekte/FPGA System80/FPGA_source/GottFA80_PLuS_HW21x_Cyclone_IV_v4/SYS80.vhd Line: 704
Warning (10036): Verilog HDL or VHDL warning at EEprom.vhd(64): object "RX_Data_W" assigned a value but never read File: N:/Projekte/FPGA System80/FPGA_source/lib_common/EEprom.vhd Line: 64
Warning (10036): Verilog HDL or VHDL warning at EEprom.vhd(88): object "RX_Data_Cmd" assigned a value but never read File: N:/Projekte/FPGA System80/FPGA_source/lib_common/EEprom.vhd Line: 88
Warning (10873): Using initial value X (don't care) for net "TX_Data_R[7..0]" at EEprom.vhd(71) File: N:/Projekte/FPGA System80/FPGA_source/lib_common/EEprom.vhd Line: 71
Info (12128): Elaborating entity "SPI_Master" for hierarchy "EEprom:EEprom|SPI_Master:EEPROM_WRITE" File: N:/Projekte/FPGA System80/FPGA_source/lib_common/EEprom.vhd Line: 127
Info (12128): Elaborating entity "SPI_Master" for hierarchy "EEprom:EEprom|SPI_Master:EEPROM_STAT" File: N:/Projekte/FPGA System80/FPGA_source/lib_common/EEprom.vhd Line: 161
Info (12128): Elaborating entity "SPI_Master" for hierarchy "EEprom:EEprom|SPI_Master:EEPROM_CMD" File: N:/Projekte/FPGA System80/FPGA_source/lib_common/EEprom.vhd Line: 178
Info (12128): Elaborating entity "R5101" for hierarchy "R5101:Z5" File: N:/Projekte/FPGA System80/FPGA_source/GottFA80_PLuS_HW21x_Cyclone_IV_v4/SYS80.vhd Line: 735
Info (12128): Elaborating entity "altsyncram" for hierarchy "R5101:Z5|altsyncram:altsyncram_component" File: N:/Projekte/FPGA System80/FPGA_source/lib_cyclone_IV/R5101.vhd Line: 68
Info (12130): Elaborated megafunction instantiation "R5101:Z5|altsyncram:altsyncram_component" File: N:/Projekte/FPGA System80/FPGA_source/lib_cyclone_IV/R5101.vhd Line: 68
Info (12133): Instantiated megafunction "R5101:Z5|altsyncram:altsyncram_component" with the following parameter: File: N:/Projekte/FPGA System80/FPGA_source/lib_cyclone_IV/R5101.vhd Line: 68
    Info (12134): Parameter "address_aclr_a" = "UNUSED"
    Info (12134): Parameter "address_aclr_b" = "NONE"
    Info (12134): Parameter "address_reg_b" = "CLOCK0"
    Info (12134): Parameter "byte_size" = "8"
    Info (12134): Parameter "byteena_aclr_a" = "UNUSED"
    Info (12134): Parameter "byteena_aclr_b" = "NONE"
    Info (12134): Parameter "byteena_reg_b" = "CLOCK1"
    Info (12134): Parameter "clock_enable_core_a" = "USE_INPUT_CLKEN"
    Info (12134): Parameter "clock_enable_core_b" = "USE_INPUT_CLKEN"
    Info (12134): Parameter "clock_enable_input_a" = "BYPASS"
    Info (12134): Parameter "clock_enable_input_b" = "BYPASS"
    Info (12134): Parameter "clock_enable_output_a" = "BYPASS"
    Info (12134): Parameter "clock_enable_output_b" = "BYPASS"
    Info (12134): Parameter "intended_device_family" = "Cyclone IV E"
    Info (12134): Parameter "ecc_pipeline_stage_enabled" = "FALSE"
    Info (12134): Parameter "enable_ecc" = "FALSE"
    Info (12134): Parameter "implement_in_les" = "OFF"
    Info (12134): Parameter "indata_aclr_a" = "UNUSED"
    Info (12134): Parameter "indata_aclr_b" = "NONE"
    Info (12134): Parameter "indata_reg_b" = "CLOCK0"
    Info (12134): Parameter "init_file" = "UNUSED"
    Info (12134): Parameter "init_file_layout" = "PORT_A"
    Info (12134): Parameter "maximum_depth" = "0"
    Info (12134): Parameter "numwords_a" = "256"
    Info (12134): Parameter "numwords_b" = "128"
    Info (12134): Parameter "operation_mode" = "BIDIR_DUAL_PORT"
    Info (12134): Parameter "outdata_aclr_a" = "NONE"
    Info (12134): Parameter "outdata_aclr_b" = "NONE"
    Info (12134): Parameter "outdata_reg_a" = "UNREGISTERED"
    Info (12134): Parameter "outdata_reg_b" = "UNREGISTERED"
    Info (12134): Parameter "power_up_uninitialized" = "FALSE"
    Info (12134): Parameter "ram_block_type" = "AUTO"
    Info (12134): Parameter "rdcontrol_aclr_b" = "NONE"
    Info (12134): Parameter "rdcontrol_reg_b" = "CLOCK1"
    Info (12134): Parameter "read_during_write_mode_mixed_ports" = "DONT_CARE"
    Info (12134): Parameter "read_during_write_mode_port_a" = "NEW_DATA_NO_NBE_READ"
    Info (12134): Parameter "read_during_write_mode_port_b" = "NEW_DATA_NO_NBE_READ"
    Info (12134): Parameter "stratixiv_m144k_allow_dual_clocks" = "ON"
    Info (12134): Parameter "width_a" = "4"
    Info (12134): Parameter "width_b" = "8"
    Info (12134): Parameter "width_byteena_a" = "1"
    Info (12134): Parameter "width_byteena_b" = "1"
    Info (12134): Parameter "width_eccstatus" = "3"
    Info (12134): Parameter "widthad_a" = "8"
    Info (12134): Parameter "widthad_b" = "7"
    Info (12134): Parameter "wrcontrol_aclr_a" = "UNUSED"
    Info (12134): Parameter "wrcontrol_aclr_b" = "NONE"
    Info (12134): Parameter "wrcontrol_wraddress_reg_b" = "CLOCK0"
    Info (12134): Parameter "lpm_hint" = "UNUSED"
    Info (12134): Parameter "lpm_type" = "altsyncram"
Info (12021): Found 1 design units, including 1 entities, in source file db/altsyncram_qpq3.tdf
    Info (12023): Found entity 1: altsyncram_qpq3 File: N:/Projekte/FPGA System80/FPGA_source/GottFA80_PLuS_HW21x_Cyclone_IV_v4/db/altsyncram_qpq3.tdf Line: 28
Info (12128): Elaborating entity "altsyncram_qpq3" for hierarchy "R5101:Z5|altsyncram:altsyncram_component|altsyncram_qpq3:auto_generated" File: c:/intelfpga_lite/22.1std/quartus/libraries/megafunctions/altsyncram.tdf Line: 792
Info (12128): Elaborating entity "RIOT_RAM" for hierarchy "RIOT_RAM:U4_RAM" File: N:/Projekte/FPGA System80/FPGA_source/GottFA80_PLuS_HW21x_Cyclone_IV_v4/SYS80.vhd Line: 749
Info (12128): Elaborating entity "altsyncram" for hierarchy "RIOT_RAM:U4_RAM|altsyncram:altsyncram_component" File: N:/Projekte/FPGA System80/FPGA_source/lib_cyclone_IV/RIOT_RAM.vhd Line: 62
Info (12130): Elaborated megafunction instantiation "RIOT_RAM:U4_RAM|altsyncram:altsyncram_component" File: N:/Projekte/FPGA System80/FPGA_source/lib_cyclone_IV/RIOT_RAM.vhd Line: 62
Info (12133): Instantiated megafunction "RIOT_RAM:U4_RAM|altsyncram:altsyncram_component" with the following parameter: File: N:/Projekte/FPGA System80/FPGA_source/lib_cyclone_IV/RIOT_RAM.vhd Line: 62
    Info (12134): Parameter "address_aclr_a" = "UNUSED"
    Info (12134): Parameter "address_aclr_b" = "NONE"
    Info (12134): Parameter "address_reg_b" = "CLOCK1"
    Info (12134): Parameter "byte_size" = "8"
    Info (12134): Parameter "byteena_aclr_a" = "UNUSED"
    Info (12134): Parameter "byteena_aclr_b" = "NONE"
    Info (12134): Parameter "byteena_reg_b" = "CLOCK1"
    Info (12134): Parameter "clock_enable_core_a" = "USE_INPUT_CLKEN"
    Info (12134): Parameter "clock_enable_core_b" = "USE_INPUT_CLKEN"
    Info (12134): Parameter "clock_enable_input_a" = "BYPASS"
    Info (12134): Parameter "clock_enable_input_b" = "NORMAL"
    Info (12134): Parameter "clock_enable_output_a" = "BYPASS"
    Info (12134): Parameter "clock_enable_output_b" = "NORMAL"
    Info (12134): Parameter "intended_device_family" = "Cyclone IV E"
    Info (12134): Parameter "ecc_pipeline_stage_enabled" = "FALSE"
    Info (12134): Parameter "enable_ecc" = "FALSE"
    Info (12134): Parameter "implement_in_les" = "OFF"
    Info (12134): Parameter "indata_aclr_a" = "UNUSED"
    Info (12134): Parameter "indata_aclr_b" = "NONE"
    Info (12134): Parameter "indata_reg_b" = "CLOCK1"
    Info (12134): Parameter "init_file" = "UNUSED"
    Info (12134): Parameter "init_file_layout" = "PORT_A"
    Info (12134): Parameter "maximum_depth" = "0"
    Info (12134): Parameter "numwords_a" = "256"
    Info (12134): Parameter "numwords_b" = "0"
    Info (12134): Parameter "operation_mode" = "SINGLE_PORT"
    Info (12134): Parameter "outdata_aclr_a" = "NONE"
    Info (12134): Parameter "outdata_aclr_b" = "NONE"
    Info (12134): Parameter "outdata_reg_a" = "CLOCK0"
    Info (12134): Parameter "outdata_reg_b" = "UNREGISTERED"
    Info (12134): Parameter "power_up_uninitialized" = "FALSE"
    Info (12134): Parameter "ram_block_type" = "AUTO"
    Info (12134): Parameter "rdcontrol_aclr_b" = "NONE"
    Info (12134): Parameter "rdcontrol_reg_b" = "CLOCK1"
    Info (12134): Parameter "read_during_write_mode_mixed_ports" = "DONT_CARE"
    Info (12134): Parameter "read_during_write_mode_port_a" = "NEW_DATA_NO_NBE_READ"
    Info (12134): Parameter "read_during_write_mode_port_b" = "NEW_DATA_NO_NBE_READ"
    Info (12134): Parameter "stratixiv_m144k_allow_dual_clocks" = "ON"
    Info (12134): Parameter "width_a" = "8"
    Info (12134): Parameter "width_b" = "1"
    Info (12134): Parameter "width_byteena_a" = "1"
    Info (12134): Parameter "width_byteena_b" = "1"
    Info (12134): Parameter "width_eccstatus" = "3"
    Info (12134): Parameter "widthad_a" = "8"
    Info (12134): Parameter "widthad_b" = "1"
    Info (12134): Parameter "wrcontrol_aclr_a" = "UNUSED"
    Info (12134): Parameter "wrcontrol_aclr_b" = "NONE"
    Info (12134): Parameter "wrcontrol_wraddress_reg_b" = "CLOCK1"
    Info (12134): Parameter "lpm_hint" = "ENABLE_RUNTIME_MOD=NO"
    Info (12134): Parameter "lpm_type" = "altsyncram"
Info (12021): Found 1 design units, including 1 entities, in source file db/altsyncram_b8p3.tdf
    Info (12023): Found entity 1: altsyncram_b8p3 File: N:/Projekte/FPGA System80/FPGA_source/GottFA80_PLuS_HW21x_Cyclone_IV_v4/db/altsyncram_b8p3.tdf Line: 28
Info (12128): Elaborating entity "altsyncram_b8p3" for hierarchy "RIOT_RAM:U4_RAM|altsyncram:altsyncram_component|altsyncram_b8p3:auto_generated" File: c:/intelfpga_lite/22.1std/quartus/libraries/megafunctions/altsyncram.tdf Line: 792
Info (12128): Elaborating entity "R6532" for hierarchy "R6532:U4_IO" File: N:/Projekte/FPGA System80/FPGA_source/GottFA80_PLuS_HW21x_Cyclone_IV_v4/SYS80.vhd Line: 757
Info (12128): Elaborating entity "GAME_ROM" for hierarchy "GAME_ROM:GAME" File: N:/Projekte/FPGA System80/FPGA_source/GottFA80_PLuS_HW21x_Cyclone_IV_v4/SYS80.vhd Line: 827
Info (12128): Elaborating entity "altsyncram" for hierarchy "GAME_ROM:GAME|altsyncram:altsyncram_component" File: N:/Projekte/FPGA System80/FPGA_source/lib_cyclone_IV/GAME_ROM.vhd Line: 62
Info (12130): Elaborated megafunction instantiation "GAME_ROM:GAME|altsyncram:altsyncram_component" File: N:/Projekte/FPGA System80/FPGA_source/lib_cyclone_IV/GAME_ROM.vhd Line: 62
Info (12133): Instantiated megafunction "GAME_ROM:GAME|altsyncram:altsyncram_component" with the following parameter: File: N:/Projekte/FPGA System80/FPGA_source/lib_cyclone_IV/GAME_ROM.vhd Line: 62
    Info (12134): Parameter "address_aclr_a" = "UNUSED"
    Info (12134): Parameter "address_aclr_b" = "NONE"
    Info (12134): Parameter "address_reg_b" = "CLOCK1"
    Info (12134): Parameter "byte_size" = "8"
    Info (12134): Parameter "byteena_aclr_a" = "UNUSED"
    Info (12134): Parameter "byteena_aclr_b" = "NONE"
    Info (12134): Parameter "byteena_reg_b" = "CLOCK1"
    Info (12134): Parameter "clock_enable_core_a" = "USE_INPUT_CLKEN"
    Info (12134): Parameter "clock_enable_core_b" = "USE_INPUT_CLKEN"
    Info (12134): Parameter "clock_enable_input_a" = "BYPASS"
    Info (12134): Parameter "clock_enable_input_b" = "NORMAL"
    Info (12134): Parameter "clock_enable_output_a" = "BYPASS"
    Info (12134): Parameter "clock_enable_output_b" = "NORMAL"
    Info (12134): Parameter "intended_device_family" = "Cyclone IV E"
    Info (12134): Parameter "ecc_pipeline_stage_enabled" = "FALSE"
    Info (12134): Parameter "enable_ecc" = "FALSE"
    Info (12134): Parameter "implement_in_les" = "OFF"
    Info (12134): Parameter "indata_aclr_a" = "UNUSED"
    Info (12134): Parameter "indata_aclr_b" = "NONE"
    Info (12134): Parameter "indata_reg_b" = "CLOCK1"
    Info (12134): Parameter "init_file" = "UNUSED"
    Info (12134): Parameter "init_file_layout" = "PORT_A"
    Info (12134): Parameter "maximum_depth" = "0"
    Info (12134): Parameter "numwords_a" = "2048"
    Info (12134): Parameter "numwords_b" = "0"
    Info (12134): Parameter "operation_mode" = "SINGLE_PORT"
    Info (12134): Parameter "outdata_aclr_a" = "NONE"
    Info (12134): Parameter "outdata_aclr_b" = "NONE"
    Info (12134): Parameter "outdata_reg_a" = "UNREGISTERED"
    Info (12134): Parameter "outdata_reg_b" = "UNREGISTERED"
    Info (12134): Parameter "power_up_uninitialized" = "FALSE"
    Info (12134): Parameter "ram_block_type" = "AUTO"
    Info (12134): Parameter "rdcontrol_aclr_b" = "NONE"
    Info (12134): Parameter "rdcontrol_reg_b" = "CLOCK1"
    Info (12134): Parameter "read_during_write_mode_mixed_ports" = "DONT_CARE"
    Info (12134): Parameter "read_during_write_mode_port_a" = "NEW_DATA_NO_NBE_READ"
    Info (12134): Parameter "read_during_write_mode_port_b" = "NEW_DATA_NO_NBE_READ"
    Info (12134): Parameter "stratixiv_m144k_allow_dual_clocks" = "ON"
    Info (12134): Parameter "width_a" = "8"
    Info (12134): Parameter "width_b" = "1"
    Info (12134): Parameter "width_byteena_a" = "1"
    Info (12134): Parameter "width_byteena_b" = "1"
    Info (12134): Parameter "width_eccstatus" = "3"
    Info (12134): Parameter "widthad_a" = "11"
    Info (12134): Parameter "widthad_b" = "1"
    Info (12134): Parameter "wrcontrol_aclr_a" = "UNUSED"
    Info (12134): Parameter "wrcontrol_aclr_b" = "NONE"
    Info (12134): Parameter "wrcontrol_wraddress_reg_b" = "CLOCK1"
    Info (12134): Parameter "lpm_hint" = "ENABLE_RUNTIME_MOD=NO"
    Info (12134): Parameter "lpm_type" = "altsyncram"
Info (12021): Found 1 design units, including 1 entities, in source file db/altsyncram_r1q3.tdf
    Info (12023): Found entity 1: altsyncram_r1q3 File: N:/Projekte/FPGA System80/FPGA_source/GottFA80_PLuS_HW21x_Cyclone_IV_v4/db/altsyncram_r1q3.tdf Line: 28
Info (12128): Elaborating entity "altsyncram_r1q3" for hierarchy "GAME_ROM:GAME|altsyncram:altsyncram_component|altsyncram_r1q3:auto_generated" File: c:/intelfpga_lite/22.1std/quartus/libraries/megafunctions/altsyncram.tdf Line: 792
Info (12128): Elaborating entity "SYSTEM_ROM" for hierarchy "SYSTEM_ROM:SYSTEM" File: N:/Projekte/FPGA System80/FPGA_source/GottFA80_PLuS_HW21x_Cyclone_IV_v4/SYS80.vhd Line: 845
Info (12128): Elaborating entity "altsyncram" for hierarchy "SYSTEM_ROM:SYSTEM|altsyncram:altsyncram_component" File: N:/Projekte/FPGA System80/FPGA_source/lib_cyclone_IV/SYSTEM_ROM.vhd Line: 62
Info (12130): Elaborated megafunction instantiation "SYSTEM_ROM:SYSTEM|altsyncram:altsyncram_component" File: N:/Projekte/FPGA System80/FPGA_source/lib_cyclone_IV/SYSTEM_ROM.vhd Line: 62
Info (12133): Instantiated megafunction "SYSTEM_ROM:SYSTEM|altsyncram:altsyncram_component" with the following parameter: File: N:/Projekte/FPGA System80/FPGA_source/lib_cyclone_IV/SYSTEM_ROM.vhd Line: 62
    Info (12134): Parameter "address_aclr_a" = "UNUSED"
    Info (12134): Parameter "address_aclr_b" = "NONE"
    Info (12134): Parameter "address_reg_b" = "CLOCK1"
    Info (12134): Parameter "byte_size" = "8"
    Info (12134): Parameter "byteena_aclr_a" = "UNUSED"
    Info (12134): Parameter "byteena_aclr_b" = "NONE"
    Info (12134): Parameter "byteena_reg_b" = "CLOCK1"
    Info (12134): Parameter "clock_enable_core_a" = "USE_INPUT_CLKEN"
    Info (12134): Parameter "clock_enable_core_b" = "USE_INPUT_CLKEN"
    Info (12134): Parameter "clock_enable_input_a" = "BYPASS"
    Info (12134): Parameter "clock_enable_input_b" = "NORMAL"
    Info (12134): Parameter "clock_enable_output_a" = "BYPASS"
    Info (12134): Parameter "clock_enable_output_b" = "NORMAL"
    Info (12134): Parameter "intended_device_family" = "Cyclone IV E"
    Info (12134): Parameter "ecc_pipeline_stage_enabled" = "FALSE"
    Info (12134): Parameter "enable_ecc" = "FALSE"
    Info (12134): Parameter "implement_in_les" = "OFF"
    Info (12134): Parameter "indata_aclr_a" = "UNUSED"
    Info (12134): Parameter "indata_aclr_b" = "NONE"
    Info (12134): Parameter "indata_reg_b" = "CLOCK1"
    Info (12134): Parameter "init_file" = "UNUSED"
    Info (12134): Parameter "init_file_layout" = "PORT_A"
    Info (12134): Parameter "maximum_depth" = "0"
    Info (12134): Parameter "numwords_a" = "8192"
    Info (12134): Parameter "numwords_b" = "0"
    Info (12134): Parameter "operation_mode" = "SINGLE_PORT"
    Info (12134): Parameter "outdata_aclr_a" = "NONE"
    Info (12134): Parameter "outdata_aclr_b" = "NONE"
    Info (12134): Parameter "outdata_reg_a" = "UNREGISTERED"
    Info (12134): Parameter "outdata_reg_b" = "UNREGISTERED"
    Info (12134): Parameter "power_up_uninitialized" = "FALSE"
    Info (12134): Parameter "ram_block_type" = "AUTO"
    Info (12134): Parameter "rdcontrol_aclr_b" = "NONE"
    Info (12134): Parameter "rdcontrol_reg_b" = "CLOCK1"
    Info (12134): Parameter "read_during_write_mode_mixed_ports" = "DONT_CARE"
    Info (12134): Parameter "read_during_write_mode_port_a" = "NEW_DATA_NO_NBE_READ"
    Info (12134): Parameter "read_during_write_mode_port_b" = "NEW_DATA_NO_NBE_READ"
    Info (12134): Parameter "stratixiv_m144k_allow_dual_clocks" = "ON"
    Info (12134): Parameter "width_a" = "8"
    Info (12134): Parameter "width_b" = "1"
    Info (12134): Parameter "width_byteena_a" = "1"
    Info (12134): Parameter "width_byteena_b" = "1"
    Info (12134): Parameter "width_eccstatus" = "3"
    Info (12134): Parameter "widthad_a" = "13"
    Info (12134): Parameter "widthad_b" = "1"
    Info (12134): Parameter "wrcontrol_aclr_a" = "UNUSED"
    Info (12134): Parameter "wrcontrol_aclr_b" = "NONE"
    Info (12134): Parameter "wrcontrol_wraddress_reg_b" = "CLOCK1"
    Info (12134): Parameter "lpm_hint" = "ENABLE_RUNTIME_MOD=NO"
    Info (12134): Parameter "lpm_type" = "altsyncram"
Info (12021): Found 1 design units, including 1 entities, in source file db/altsyncram_32q3.tdf
    Info (12023): Found entity 1: altsyncram_32q3 File: N:/Projekte/FPGA System80/FPGA_source/GottFA80_PLuS_HW21x_Cyclone_IV_v4/db/altsyncram_32q3.tdf Line: 28
Info (12128): Elaborating entity "altsyncram_32q3" for hierarchy "SYSTEM_ROM:SYSTEM|altsyncram:altsyncram_component|altsyncram_32q3:auto_generated" File: c:/intelfpga_lite/22.1std/quartus/libraries/megafunctions/altsyncram.tdf Line: 792
Info (12128): Elaborating entity "Cross_Slow_To_Fast_Clock" for hierarchy "Cross_Slow_To_Fast_Clock:META1" File: N:/Projekte/FPGA System80/FPGA_source/GottFA80_PLuS_HW21x_Cyclone_IV_v4/SYS80.vhd Line: 877
Info (12128): Elaborating entity "gosof80" for hierarchy "gosof80:SOUNDBOARD" File: N:/Projekte/FPGA System80/FPGA_source/GottFA80_PLuS_HW21x_Cyclone_IV_v4/SYS80.vhd Line: 908
Warning (10036): Verilog HDL or VHDL warning at GOSOF80.vhd(84): object "DAC_latch_speech" assigned a value but never read File: N:/Projekte/FPGA System80/FPGA_source/lib_common/GOSOF80.vhd Line: 84
Critical Warning (10920): VHDL Incomplete Partial Association warning at GOSOF80.vhd(333): port or argument "A" has 8/24 unassociated elements File: N:/Projekte/FPGA System80/FPGA_source/lib_common/GOSOF80.vhd Line: 333
Info (12128): Elaborating entity "attract" for hierarchy "gosof80:SOUNDBOARD|attract:Attract_S" File: N:/Projekte/FPGA System80/FPGA_source/lib_common/GOSOF80.vhd Line: 146
Info (12128): Elaborating entity "DFPlayer_Mini_CMD" for hierarchy "gosof80:SOUNDBOARD|DFPlayer_Mini_CMD:DFP_send" File: N:/Projekte/FPGA System80/FPGA_source/lib_common/GOSOF80.vhd Line: 160
Info (12128): Elaborating entity "SC01" for hierarchy "gosof80:SOUNDBOARD|SC01:SC01_Simu" File: N:/Projekte/FPGA System80/FPGA_source/lib_common/GOSOF80.vhd Line: 171
Warning (10540): VHDL Signal Declaration warning at Votrax-SC01.vhd(34): used explicit default value for signal "time_map" because signal was never assigned a value File: N:/Projekte/FPGA System80/FPGA_source/lib_common/Votrax-SC01.vhd Line: 34
Info (12128): Elaborating entity "SB_RAM" for hierarchy "gosof80:SOUNDBOARD|SB_RAM:RIOT_RAM" File: N:/Projekte/FPGA System80/FPGA_source/lib_common/GOSOF80.vhd Line: 322
Info (12128): Elaborating entity "altsyncram" for hierarchy "gosof80:SOUNDBOARD|SB_RAM:RIOT_RAM|altsyncram:altsyncram_component" File: N:/Projekte/FPGA System80/FPGA_source/lib_cyclone_IV/SB_RAM.vhd Line: 62
Info (12130): Elaborated megafunction instantiation "gosof80:SOUNDBOARD|SB_RAM:RIOT_RAM|altsyncram:altsyncram_component" File: N:/Projekte/FPGA System80/FPGA_source/lib_cyclone_IV/SB_RAM.vhd Line: 62
Info (12133): Instantiated megafunction "gosof80:SOUNDBOARD|SB_RAM:RIOT_RAM|altsyncram:altsyncram_component" with the following parameter: File: N:/Projekte/FPGA System80/FPGA_source/lib_cyclone_IV/SB_RAM.vhd Line: 62
    Info (12134): Parameter "address_aclr_a" = "UNUSED"
    Info (12134): Parameter "address_aclr_b" = "NONE"
    Info (12134): Parameter "address_reg_b" = "CLOCK1"
    Info (12134): Parameter "byte_size" = "8"
    Info (12134): Parameter "byteena_aclr_a" = "UNUSED"
    Info (12134): Parameter "byteena_aclr_b" = "NONE"
    Info (12134): Parameter "byteena_reg_b" = "CLOCK1"
    Info (12134): Parameter "clock_enable_core_a" = "USE_INPUT_CLKEN"
    Info (12134): Parameter "clock_enable_core_b" = "USE_INPUT_CLKEN"
    Info (12134): Parameter "clock_enable_input_a" = "BYPASS"
    Info (12134): Parameter "clock_enable_input_b" = "NORMAL"
    Info (12134): Parameter "clock_enable_output_a" = "BYPASS"
    Info (12134): Parameter "clock_enable_output_b" = "NORMAL"
    Info (12134): Parameter "intended_device_family" = "Cyclone IV E"
    Info (12134): Parameter "ecc_pipeline_stage_enabled" = "FALSE"
    Info (12134): Parameter "enable_ecc" = "FALSE"
    Info (12134): Parameter "implement_in_les" = "OFF"
    Info (12134): Parameter "indata_aclr_a" = "UNUSED"
    Info (12134): Parameter "indata_aclr_b" = "NONE"
    Info (12134): Parameter "indata_reg_b" = "CLOCK1"
    Info (12134): Parameter "init_file" = "UNUSED"
    Info (12134): Parameter "init_file_layout" = "PORT_A"
    Info (12134): Parameter "maximum_depth" = "0"
    Info (12134): Parameter "numwords_a" = "128"
    Info (12134): Parameter "numwords_b" = "0"
    Info (12134): Parameter "operation_mode" = "SINGLE_PORT"
    Info (12134): Parameter "outdata_aclr_a" = "NONE"
    Info (12134): Parameter "outdata_aclr_b" = "NONE"
    Info (12134): Parameter "outdata_reg_a" = "CLOCK0"
    Info (12134): Parameter "outdata_reg_b" = "UNREGISTERED"
    Info (12134): Parameter "power_up_uninitialized" = "FALSE"
    Info (12134): Parameter "ram_block_type" = "AUTO"
    Info (12134): Parameter "rdcontrol_aclr_b" = "NONE"
    Info (12134): Parameter "rdcontrol_reg_b" = "CLOCK1"
    Info (12134): Parameter "read_during_write_mode_mixed_ports" = "DONT_CARE"
    Info (12134): Parameter "read_during_write_mode_port_a" = "NEW_DATA_NO_NBE_READ"
    Info (12134): Parameter "read_during_write_mode_port_b" = "NEW_DATA_NO_NBE_READ"
    Info (12134): Parameter "stratixiv_m144k_allow_dual_clocks" = "ON"
    Info (12134): Parameter "width_a" = "8"
    Info (12134): Parameter "width_b" = "1"
    Info (12134): Parameter "width_byteena_a" = "1"
    Info (12134): Parameter "width_byteena_b" = "1"
    Info (12134): Parameter "width_eccstatus" = "3"
    Info (12134): Parameter "widthad_a" = "7"
    Info (12134): Parameter "widthad_b" = "1"
    Info (12134): Parameter "wrcontrol_aclr_a" = "UNUSED"
    Info (12134): Parameter "wrcontrol_aclr_b" = "NONE"
    Info (12134): Parameter "wrcontrol_wraddress_reg_b" = "CLOCK1"
    Info (12134): Parameter "lpm_hint" = "ENABLE_RUNTIME_MOD=NO"
    Info (12134): Parameter "lpm_type" = "altsyncram"
Info (12021): Found 1 design units, including 1 entities, in source file db/altsyncram_88p3.tdf
    Info (12023): Found entity 1: altsyncram_88p3 File: N:/Projekte/FPGA System80/FPGA_source/GottFA80_PLuS_HW21x_Cyclone_IV_v4/db/altsyncram_88p3.tdf Line: 28
Info (12128): Elaborating entity "altsyncram_88p3" for hierarchy "gosof80:SOUNDBOARD|SB_RAM:RIOT_RAM|altsyncram:altsyncram_component|altsyncram_88p3:auto_generated" File: c:/intelfpga_lite/22.1std/quartus/libraries/megafunctions/altsyncram.tdf Line: 792
Info (12128): Elaborating entity "dac" for hierarchy "gosof80:SOUNDBOARD|dac:Audio_DAC" File: N:/Projekte/FPGA System80/FPGA_source/lib_common/GOSOF80.vhd Line: 392
Info (12128): Elaborating entity "uart_clk_gen" for hierarchy "gosof80:SOUNDBOARD|uart_clk_gen:uart_gen" File: N:/Projekte/FPGA System80/FPGA_source/lib_common/GOSOF80.vhd Line: 403
Warning (19016): Clock multiplexers are found and protected
    Warning (19017): Found clock multiplexer gosof80:SOUNDBOARD|riot_pb_i[3] File: N:/Projekte/FPGA System80/FPGA_source/lib_common/GOSOF80.vhd Line: 67
    Warning (19017): Found clock multiplexer gosof80:SOUNDBOARD|riot_pb_i[2] File: N:/Projekte/FPGA System80/FPGA_source/lib_common/GOSOF80.vhd Line: 67
    Warning (19017): Found clock multiplexer gosof80:SOUNDBOARD|riot_pb_i[1] File: N:/Projekte/FPGA System80/FPGA_source/lib_common/GOSOF80.vhd Line: 67
Warning (19016): Clock multiplexers are found and protected
    Warning (19017): Found clock multiplexer gosof80:SOUNDBOARD|process_0~0
Info (278001): Inferred 10 megafunctions from design logic
    Info (278004): Inferred divider/modulo megafunction ("lpm_divide") from the following logic: "byte_to_ascii:CONVS|Div1" File: N:/Projekte/FPGA System80/FPGA_source/lib_common/byte_to_ascii.vhd Line: 49
    Info (278004): Inferred divider/modulo megafunction ("lpm_divide") from the following logic: "byte_to_ascii:CONVO|Div1" File: N:/Projekte/FPGA System80/FPGA_source/lib_common/byte_to_ascii.vhd Line: 49
    Info (278004): Inferred divider/modulo megafunction ("lpm_divide") from the following logic: "byte_to_ascii:CONVG|Div1" File: N:/Projekte/FPGA System80/FPGA_source/lib_common/byte_to_ascii.vhd Line: 49
    Info (278004): Inferred divider/modulo megafunction ("lpm_divide") from the following logic: "byte_to_ascii:CONVG|Div0" File: N:/Projekte/FPGA System80/FPGA_source/lib_common/byte_to_ascii.vhd Line: 41
    Info (278003): Inferred multiplier megafunction ("lpm_mult") from the following logic: "byte_to_ascii:CONVS|Mult0" File: N:/Projekte/FPGA System80/FPGA_source/lib_common/byte_to_ascii.vhd Line: 45
    Info (278003): Inferred multiplier megafunction ("lpm_mult") from the following logic: "byte_to_ascii:CONVO|Mult0" File: N:/Projekte/FPGA System80/FPGA_source/lib_common/byte_to_ascii.vhd Line: 45
    Info (278003): Inferred multiplier megafunction ("lpm_mult") from the following logic: "byte_to_ascii:CONVG|Mult0" File: N:/Projekte/FPGA System80/FPGA_source/lib_common/byte_to_ascii.vhd Line: 45
    Info (278004): Inferred divider/modulo megafunction ("lpm_divide") from the following logic: "byte_to_ascii:CONVS|Div0" File: N:/Projekte/FPGA System80/FPGA_source/lib_common/byte_to_ascii.vhd Line: 41
    Info (278004): Inferred divider/modulo megafunction ("lpm_divide") from the following logic: "byte_to_ascii:CONVO|Div0" File: N:/Projekte/FPGA System80/FPGA_source/lib_common/byte_to_ascii.vhd Line: 41
    Info (278003): Inferred multiplier megafunction ("lpm_mult") from the following logic: "gosof80:SOUNDBOARD|SC01:SC01_Simu|Mult0" File: N:/Projekte/FPGA System80/FPGA_source/lib_common/Votrax-SC01.vhd Line: 65
Info (12130): Elaborated megafunction instantiation "byte_to_ascii:CONVS|lpm_divide:Div1" File: N:/Projekte/FPGA System80/FPGA_source/lib_common/byte_to_ascii.vhd Line: 49
Info (12133): Instantiated megafunction "byte_to_ascii:CONVS|lpm_divide:Div1" with the following parameter: File: N:/Projekte/FPGA System80/FPGA_source/lib_common/byte_to_ascii.vhd Line: 49
    Info (12134): Parameter "LPM_WIDTHN" = "8"
    Info (12134): Parameter "LPM_WIDTHD" = "4"
    Info (12134): Parameter "LPM_NREPRESENTATION" = "UNSIGNED"
    Info (12134): Parameter "LPM_DREPRESENTATION" = "UNSIGNED"
Info (12021): Found 1 design units, including 1 entities, in source file db/lpm_divide_jhm.tdf
    Info (12023): Found entity 1: lpm_divide_jhm File: N:/Projekte/FPGA System80/FPGA_source/GottFA80_PLuS_HW21x_Cyclone_IV_v4/db/lpm_divide_jhm.tdf Line: 25
Info (12021): Found 1 design units, including 1 entities, in source file db/sign_div_unsign_bkh.tdf
    Info (12023): Found entity 1: sign_div_unsign_bkh File: N:/Projekte/FPGA System80/FPGA_source/GottFA80_PLuS_HW21x_Cyclone_IV_v4/db/sign_div_unsign_bkh.tdf Line: 25
Info (12021): Found 1 design units, including 1 entities, in source file db/alt_u_div_a4f.tdf
    Info (12023): Found entity 1: alt_u_div_a4f File: N:/Projekte/FPGA System80/FPGA_source/GottFA80_PLuS_HW21x_Cyclone_IV_v4/db/alt_u_div_a4f.tdf Line: 27
Info (12021): Found 1 design units, including 1 entities, in source file db/add_sub_7pc.tdf
    Info (12023): Found entity 1: add_sub_7pc File: N:/Projekte/FPGA System80/FPGA_source/GottFA80_PLuS_HW21x_Cyclone_IV_v4/db/add_sub_7pc.tdf Line: 23
Info (12021): Found 1 design units, including 1 entities, in source file db/add_sub_8pc.tdf
    Info (12023): Found entity 1: add_sub_8pc File: N:/Projekte/FPGA System80/FPGA_source/GottFA80_PLuS_HW21x_Cyclone_IV_v4/db/add_sub_8pc.tdf Line: 23
Info (12130): Elaborated megafunction instantiation "byte_to_ascii:CONVG|lpm_divide:Div0" File: N:/Projekte/FPGA System80/FPGA_source/lib_common/byte_to_ascii.vhd Line: 41
Info (12133): Instantiated megafunction "byte_to_ascii:CONVG|lpm_divide:Div0" with the following parameter: File: N:/Projekte/FPGA System80/FPGA_source/lib_common/byte_to_ascii.vhd Line: 41
    Info (12134): Parameter "LPM_WIDTHN" = "8"
    Info (12134): Parameter "LPM_WIDTHD" = "7"
    Info (12134): Parameter "LPM_NREPRESENTATION" = "UNSIGNED"
    Info (12134): Parameter "LPM_DREPRESENTATION" = "UNSIGNED"
Info (12021): Found 1 design units, including 1 entities, in source file db/lpm_divide_mhm.tdf
    Info (12023): Found entity 1: lpm_divide_mhm File: N:/Projekte/FPGA System80/FPGA_source/GottFA80_PLuS_HW21x_Cyclone_IV_v4/db/lpm_divide_mhm.tdf Line: 25
Info (12021): Found 1 design units, including 1 entities, in source file db/sign_div_unsign_ekh.tdf
    Info (12023): Found entity 1: sign_div_unsign_ekh File: N:/Projekte/FPGA System80/FPGA_source/GottFA80_PLuS_HW21x_Cyclone_IV_v4/db/sign_div_unsign_ekh.tdf Line: 25
Info (12021): Found 1 design units, including 1 entities, in source file db/alt_u_div_g4f.tdf
    Info (12023): Found entity 1: alt_u_div_g4f File: N:/Projekte/FPGA System80/FPGA_source/GottFA80_PLuS_HW21x_Cyclone_IV_v4/db/alt_u_div_g4f.tdf Line: 27
Info (12130): Elaborated megafunction instantiation "byte_to_ascii:CONVS|lpm_mult:Mult0" File: N:/Projekte/FPGA System80/FPGA_source/lib_common/byte_to_ascii.vhd Line: 45
Info (12133): Instantiated megafunction "byte_to_ascii:CONVS|lpm_mult:Mult0" with the following parameter: File: N:/Projekte/FPGA System80/FPGA_source/lib_common/byte_to_ascii.vhd Line: 45
    Info (12134): Parameter "LPM_WIDTHA" = "7"
    Info (12134): Parameter "LPM_WIDTHB" = "4"
    Info (12134): Parameter "LPM_WIDTHP" = "11"
    Info (12134): Parameter "LPM_WIDTHR" = "11"
    Info (12134): Parameter "LPM_WIDTHS" = "1"
    Info (12134): Parameter "LPM_REPRESENTATION" = "UNSIGNED"
    Info (12134): Parameter "INPUT_A_IS_CONSTANT" = "YES"
    Info (12134): Parameter "INPUT_B_IS_CONSTANT" = "NO"
    Info (12134): Parameter "MAXIMIZE_SPEED" = "5"
Info (12131): Elaborated megafunction instantiation "byte_to_ascii:CONVS|lpm_mult:Mult0|multcore:mult_core", which is child of megafunction instantiation "byte_to_ascii:CONVS|lpm_mult:Mult0" File: c:/intelfpga_lite/22.1std/quartus/libraries/megafunctions/lpm_mult.tdf Line: 309
Info (12131): Elaborated megafunction instantiation "byte_to_ascii:CONVS|lpm_mult:Mult0|multcore:mult_core|mpar_add:padder", which is child of megafunction instantiation "byte_to_ascii:CONVS|lpm_mult:Mult0" File: c:/intelfpga_lite/22.1std/quartus/libraries/megafunctions/multcore.tdf Line: 229
Info (12131): Elaborated megafunction instantiation "byte_to_ascii:CONVS|lpm_mult:Mult0|altshift:external_latency_ffs", which is child of megafunction instantiation "byte_to_ascii:CONVS|lpm_mult:Mult0" File: c:/intelfpga_lite/22.1std/quartus/libraries/megafunctions/lpm_mult.tdf Line: 352
Info (12130): Elaborated megafunction instantiation "gosof80:SOUNDBOARD|SC01:SC01_Simu|lpm_mult:Mult0" File: N:/Projekte/FPGA System80/FPGA_source/lib_common/Votrax-SC01.vhd Line: 65
Info (12133): Instantiated megafunction "gosof80:SOUNDBOARD|SC01:SC01_Simu|lpm_mult:Mult0" with the following parameter: File: N:/Projekte/FPGA System80/FPGA_source/lib_common/Votrax-SC01.vhd Line: 65
    Info (12134): Parameter "LPM_WIDTHA" = "8"
    Info (12134): Parameter "LPM_WIDTHB" = "16"
    Info (12134): Parameter "LPM_WIDTHP" = "24"
    Info (12134): Parameter "LPM_WIDTHR" = "24"
    Info (12134): Parameter "LPM_WIDTHS" = "1"
    Info (12134): Parameter "LPM_REPRESENTATION" = "UNSIGNED"
    Info (12134): Parameter "INPUT_A_IS_CONSTANT" = "NO"
    Info (12134): Parameter "INPUT_B_IS_CONSTANT" = "YES"
    Info (12134): Parameter "MAXIMIZE_SPEED" = "6"
Info (12131): Elaborated megafunction instantiation "gosof80:SOUNDBOARD|SC01:SC01_Simu|lpm_mult:Mult0|multcore:mult_core", which is child of megafunction instantiation "gosof80:SOUNDBOARD|SC01:SC01_Simu|lpm_mult:Mult0" File: c:/intelfpga_lite/22.1std/quartus/libraries/megafunctions/lpm_mult.tdf Line: 309
Info (12131): Elaborated megafunction instantiation "gosof80:SOUNDBOARD|SC01:SC01_Simu|lpm_mult:Mult0|multcore:mult_core|mpar_add:padder", which is child of megafunction instantiation "gosof80:SOUNDBOARD|SC01:SC01_Simu|lpm_mult:Mult0" File: c:/intelfpga_lite/22.1std/quartus/libraries/megafunctions/multcore.tdf Line: 229
Info (12131): Elaborated megafunction instantiation "gosof80:SOUNDBOARD|SC01:SC01_Simu|lpm_mult:Mult0|multcore:mult_core|mpar_add:padder|lpm_add_sub:adder[0]", which is child of megafunction instantiation "gosof80:SOUNDBOARD|SC01:SC01_Simu|lpm_mult:Mult0" File: c:/intelfpga_lite/22.1std/quartus/libraries/megafunctions/mpar_add.tdf Line: 78
Info (12021): Found 1 design units, including 1 entities, in source file db/add_sub_kgh.tdf
    Info (12023): Found entity 1: add_sub_kgh File: N:/Projekte/FPGA System80/FPGA_source/GottFA80_PLuS_HW21x_Cyclone_IV_v4/db/add_sub_kgh.tdf Line: 23
Info (12131): Elaborated megafunction instantiation "gosof80:SOUNDBOARD|SC01:SC01_Simu|lpm_mult:Mult0|altshift:external_latency_ffs", which is child of megafunction instantiation "gosof80:SOUNDBOARD|SC01:SC01_Simu|lpm_mult:Mult0" File: c:/intelfpga_lite/22.1std/quartus/libraries/megafunctions/lpm_mult.tdf Line: 352
Info (13000): Registers with preset signals will power-up high File: N:/Projekte/FPGA System80/FPGA_source/lib_common/SN74175.vhd Line: 25
Info (13003): DEV_CLRn pin will set, and not reset, register with preset signal due to NOT Gate Push-Back
Warning (13024): Output pins are stuck at VCC or GND
    Warning (13410): Pin "LED_ON" is stuck at GND File: N:/Projekte/FPGA System80/FPGA_source/GottFA80_PLuS_HW21x_Cyclone_IV_v4/SYS80.vhd Line: 36
    Warning (13410): Pin "Debug" is stuck at GND File: N:/Projekte/FPGA System80/FPGA_source/GottFA80_PLuS_HW21x_Cyclone_IV_v4/SYS80.vhd Line: 71
Info (286030): Timing-Driven Synthesis is running
Info (17049): 26 registers lost all their fanouts during netlist optimizations.
Info (16010): Generating hard_block partition "hard_block:auto_generated_inst"
    Info (16011): Adding 0 node(s), including 0 DDIO, 0 PLL, 0 transceiver and 0 LCELL
Info (21057): Implemented 5580 device resources after synthesis - the final resource count might be different
    Info (21058): Implemented 17 input pins
    Info (21059): Implemented 67 output pins
    Info (21061): Implemented 5420 logic cells
    Info (21064): Implemented 76 RAM segments
Info: Quartus Prime Analysis & Synthesis was successful. 0 errors, 30 warnings
    Info: Peak virtual memory: 5020 megabytes
    Info: Processing ended: Fri Sep 12 10:01:37 2025
    Info: Elapsed time: 00:00:20
    Info: Total CPU time (on all processors): 00:00:22


